{"type":"FeatureCollection","metadata":{"generated":1786879451000,"url":"https://earthquake.usgs.gov/earthquakes/feed/v1.0/summary/all_day.geojson","title":"USGS All Earthquakes, Past Day","status":200,"api":"2.7.0","count":205},"features":[{"type":"Feature","properties":{"mag":1.9,"place":"8 km ESE of Cloverdale, CA","time":1786878882040,"updated":1786879132770,"tz":null,"url":"https://earthquake.usgs.gov/earthquakes/eventpage/nc75419397","detail":"https://earthquake.usgs.gov/earthquakes/feed/v1.0/detail/nc75419397.geojson","felt":null,"cdi":null,"mmi":null,"alert":null,"status":"automatic","tsunami":0,"sig":56,"net":"nc","code":"75419397","ids":",nc75419397,","sources":",nc,","types":",focal-mechanism,nearby-cities,origin,phase-data,","nst":47,"dmin":0.06218,"rms":0.06,"gap":46,"magType":"md","type":"earthquake","title":"M 1.9 - 8 km ESE of Cloverdale, CA"},"geometry":{"type":"Point","coordinates":[-122.935333251953,38.7685012817383,7.05999994277954]},"id":"nc75419397"},
{"type":"Feature","properties":{"mag":1.37,"place":"7 km NE of Imperial, CA","time":1786878648050,"updated":1786878855584,"tz":null,"url":"https://earthquake.usgs.gov/earthquakes/eventpage/ci40673786","detail":"https://earthquake.usgs.gov/earthquakes/feed/v1.0/detail/ci40673786.geojson","felt":null,"cdi":null,"mmi":null,"alert":null,"status":"automatic","tsunami":0,"sig":29,"net":"ci","code":"40673786","ids":",ci40673786,","sources":",ci,","types":",nearby-cities,origin,phase-data,scitech-link,","nst":31,"dmin":0.04222,"rms":0.29,"gap":36,"magType":"ml","type":"earthquake","title":"M 1.4 - 7 km NE of Imperial, CA"},"geometry":{"type":"Point","coordinates":[-115.513333333333,32.8875,7.65]},"id":"ci40673786"},
{"type":"Feature","properties":{"mag":1.28,"place":"17 km NNE of Indio, CA","time":1786877965360,"updated":1786878623320,"tz":null,"url":"https://earthquake.usgs.gov/earthquakes/eventpage/ci40673778","detail":"https://earthquake.usgs.gov/earthquakes/feed/v1.0/detail/ci40673778.geojson","felt":null,"cdi":null,"mmi":null,"alert":null,"status":"automatic","tsunami":0,"sig":25,"net":"ci","code":"40673778","ids":",ci40673778,","sources":",ci,","types":",focal-mechanism,nearby-cities,origin,phase-data,","nst":60,"dmin":0.05634,"rms":0.18,"gap":38,"magType":"ml","type":"earthquake","title":"M 1.3 - 17 km NNE of Indio, CA"},"geometry":{"type":"Point","coordinates":[-116.167666666667,33.8691666666667,4.23]},"id":"ci40673778"},
{"type":"Feature","properties":{"mag":5.3,"place":"105 km ESE of Madang, Papua New Guinea","time":1786877952836,"updated":1786878974040,"tz":null,"url":"https://earthquake.usgs.gov/earthquakes/eventpage/usd0015e7p","detail":"https://earthquake.usgs.gov/earthquakes/feed/v1.0/detail/usd0015e7p.geojson","felt":null,"cdi":null,"mmi":null,"alert":null,"status":"reviewed","tsunami":0,"sig":432,"net":"us","code":"d0015e7p","ids":",usd0015e7p,","sources":",us,","types":",origin,phase-data,","nst":83,"dmin":3.557,"rms":0.56,"gap":28,"magType":"mb","type":"earthquake","title":"M 5.3 - 105 km ESE of Madang, Papua New Guinea"},"geometry":{"type":"Point","coordinates":[146.6791,-5.557,162.555]},"id":"usd0015e7p"},
{"type":"Feature","properties":{"mag":3.5,"place":"49 km SW of Hughes, Alaska","time":1786877765904,"updated":1786877862031,"tz":null,"url":"https://earthquake.usgs.gov/earthquakes/eventpage/aka2026qectoa","detail":"https://earthquake.usgs.gov/earthquakes/feed/v1.0/detail/aka2026qectoa.geojson","felt":null,"cdi":null,"mmi":null,"alert":null,"status":"automatic","tsunami":0,"sig":188,"net":"ak","code":"a2026qectoa","ids":",aka2026qectoa,","sources":",ak,","types":",origin,phase-data,","nst":34,"dmin":0.2,"rms":0.8,"gap":69,"magType":"ml","type":"earthquake","title":"M 3.5 - 49 km SW of Hughes, Alaska"},"geometry":{"type":"Point","coordinates":[-154.861,65.683,2.9]},"id":"aka2026qectoa"},
{"type":"Feature","properties":{"mag":5.1,"place":"81 km N of Ruteng, Indonesia","time":1786876294822,"updated":1786877440040,"tz":null,"url":"https://earthquake.usgs.gov/earthquakes/eventpage/usd0015e7k","detail":"https://earthquake.usgs.gov/earthquakes/feed/v1.0/detail/usd0015e7k.geojson","felt":null,"cdi":null,"mmi":null,"alert":null,"status":"reviewed","tsunami":0,"sig":400,"net":"us","code":"d0015e7k","ids":",usd0015e7k,","sources":",us,","types":",origin,phase-data,","nst":54,"dmin":2.955,"rms":0.94,"gap":64,"magType":"mb","type":"earthquake","title":"M 5.1 - 81 km N of Ruteng, Indonesia"},"geometry":{"type":"Point","coordinates":[120.5504,-7.8791,10]},"id":"usd0015e7k"},
{"type":"Feature","properties":{"mag":1.22,"place":"6 km ENE of Imperial, CA","time":1786875510380,"updated":1786875716256,"tz":null,"url":"https://earthquake.usgs.gov/earthquakes/eventpage/ci40673770","detail":"https://earthquake.usgs.gov/earthquakes/feed/v1.0/detail/ci40673770.geojson","felt":null,"cdi":null,"mmi":null,"alert":null,"status":"automatic","tsunami":0,"sig":23,"net":"ci","code":"40673770","ids":",ci40673770,","sources":",ci,","types":",nearby-cities,origin,phase-data,scitech-link,","nst":26,"dmin":0.0499,"rms":0.23,"gap":65,"magType":"ml","type":"earthquake","title":"M 1.2 - 6 km ENE of Imperial, CA"},"geometry":{"type":"Point","coordinates":[-115.511666666667,32.8733333333333,5.81]},"id":"ci40673770"},
{"type":"Feature","properties":{"mag":0.44,"place":"9 km NW of The Geysers, CA","time":1786875306590,"updated":1786877245779,"tz":null,"url":"https://earthquake.usgs.gov/earthquakes/eventpage/nc75419387","detail":"https://earthquake.usgs.gov/earthquakes/feed/v1.0/detail/nc75419387.geojson","felt":null,"cdi":null,"mmi":null,"alert":null,"status":"automatic","tsunami":0,"sig":3,"net":"nc","code":"75419387","ids":",nc75419387,","sources":",nc,","types":",nearby-cities,origin,phase-data,scitech-link,","nst":13,"dmin":0.007547,"rms":0.01,"gap":102,"magType":"md","type":"earthquake","title":"M 0.4 - 9 km NW of The Geysers, CA"},"geometry":{"type":"Point","coordinates":[-122.844329833984,38.8251647949219,2.10999989509583]},"id":"nc75419387"},
{"type":"Feature","properties":{"mag":5.3,"place":"75 km NNE of Ruteng, Indonesia","time":1786875276343,"updated":1786876888040,"tz":null,"url":"https://earthquake.usgs.gov/earthquakes/eventpage/usd0015e7j","detail":"https://earthquake.usgs.gov/earthquakes/feed/v1.0/detail/usd0015e7j.geojson","felt":null,"cdi":null,"mmi":4.425,"alert":null,"status":"reviewed","tsunami":0,"sig":432,"net":"us","code":"d0015e7j","ids":",usd0015e7j,","sources":",us,","types":",origin,phase-data,shakemap,","nst":91,"dmin":3.026,"rms":0.76,"gap":41,"magType":"mww","type":"earthquake","title":"M 5.3 - 75 km NNE of Ruteng, Indonesia"},"geometry":{"type":"Point","coordinates":[120.5995,-7.9399,10]},"id":"usd0015e7j"},
{"type":"Feature","properties":{"mag":0.66,"place":"22 km NE of Pine Valley, CA","time":1786875122460,"updated":1786875323372,"tz":null,"url":"https://earthquake.usgs.gov/earthquakes/eventpage/ci40673762","detail":"https://earthquake.usgs.gov/earthquakes/feed/v1.0/detail/ci40673762.geojson","felt":null,"cdi":null,"mmi":null,"alert":null,"status":"automatic","tsunami":0,"sig":7,"net":"ci","code":"40673762","ids":",ci40673762,","sources":",ci,","types":",nearby-cities,origin,phase-data,","nst":33,"dmin":0.0731,"rms":0.15,"gap":47,"magType":"ml","type":"earthquake","title":"M 0.7 - 22 km NE of Pine Valley, CA"},"geometry":{"type":"Point","coordinates":[-116.335,32.9356666666667,8.22]},"id":"ci40673762"},
{"type":"Feature","properties":{"mag":0.64,"place":"6 km W of Cobb, CA","time":1786874931970,"updated":1786876339680,"tz":null,"url":"https://earthquake.usgs.gov/earthquakes/eventpage/nc75419382","detail":"https://earthquake.usgs.gov/earthquakes/feed/v1.0/detail/nc75419382.geojson","felt":null,"cdi":null,"mmi":null,"alert":null,"status":"automatic","tsunami":0,"sig":6,"net":"nc","code":"75419382","ids":",nc75419382,","sources":",nc,","types":",nearby-cities,origin,phase-data,scitech-link,","nst":8,"dmin":0.01249,"rms":0.03,"gap":110,"magType":"md","type":"earthquake","title":"M 0.6 - 6 km W of Cobb, CA"},"geometry":{"type":"Point","coordinates":[-122.794166564941,38.8246650695801,2.0699999332428]},"id":"nc75419382"},
{"type":"Feature","properties":{"mag":0.55,"place":"16 km W of Searles Valley, CA","time":1786874452650,"updated":1786874657271,"tz":null,"url":"https://earthquake.usgs.gov/earthquakes/eventpage/ci40673754","detail":"https://earthquake.usgs.gov/earthquakes/feed/v1.0/detail/ci40673754.geojson","felt":null,"cdi":null,"mmi":null,"alert":null,"status":"automatic","tsunami":0,"sig":5,"net":"ci","code":"40673754","ids":",ci40673754,","sources":",ci,","types":",nearby-cities,origin,phase-data,","nst":17,"dmin":0.05485,"rms":0.11,"gap":116,"magType":"ml","type":"earthquake","title":"M 0.6 - 16 km W of Searles Valley, CA"},"geometry":{"type":"Point","coordinates":[-117.577166666667,35.7633333333333,7.14]},"id":"ci40673754"},
{"type":"Feature","properties":{"mag":2.1,"place":"27 km SSE of Whites City, New Mexico","time":1786874388857,"updated":1786874659549,"tz":null,"url":"https://earthquake.usgs.gov/earthquakes/eventpage/tx2026qblsrc","detail":"https://earthquake.usgs.gov/earthquakes/feed/v1.0/detail/tx2026qblsrc.geojson","felt":null,"cdi":null,"mmi":null,"alert":null,"status":"automatic","tsunami":0,"sig":68,"net":"tx","code":"2026qblsrc","ids":",tx2026qblsrc,","sources":",tx,","types":",origin,phase-data,","nst":7,"dmin":0.2,"rms":0.7,"gap":228,"magType":"ml","type":"earthquake","title":"M 2.1 - 27 km SSE of Whites City, New Mexico"},"geometry":{"type":"Point","coordinates":[-104.268,31.948,0]},"id":"tx2026qblsrc"},
{"type":"Feature","properties":{"mag":1.58,"place":"15 km WNW of Nelson, Nevada","time":1786874352827,"updated":1786874600457,"tz":null,"url":"https://earthquake.usgs.gov/earthquakes/eventpage/nn00923371","detail":"https://earthquake.usgs.gov/earthquakes/feed/v1.0/detail/nn00923371.geojson","felt":null,"cdi":null,"mmi":null,"alert":null,"status":"automatic","tsunami":0,"sig":38,"net":"nn","code":"00923371","ids":",nn00923371,","sources":",nn,","types":",origin,phase-data,","nst":14,"dmin":0.116,"rms":0.3737,"gap":186,"magType":"ml","type":"earthquake","title":"M 1.6 - 15 km WNW of Nelson, Nevada"},"geometry":{"type":"Point","coordinates":[-114.9801,35.7764,15.7126]},"id":"nn00923371"},
{"type":"Feature","properties":{"mag":4,"place":"30 km ESE of Agua Prieta, Mexico","time":1786874258788,"updated":1786875522357,"tz":null,"url":"https://earthquake.usgs.gov/earthquakes/eventpage/usd0015e7e","detail":"https://earthquake.usgs.gov/earthquakes/feed/v1.0/detail/usd0015e7e.geojson","felt":null,"cdi":null,"mmi":3.843,"alert":null,"status":"reviewed","tsunami":0,"sig":246,"net":"us","code":"d0015e7e","ids":",usd0015e7e,","sources":",us,","types":",origin,phase-data,shakemap,","nst":37,"dmin":0.174,"rms":0.96,"gap":118,"magType":"mb","type":"earthquake","title":"M 4.0 - 30 km ESE of Agua Prieta, Mexico"},"geometry":{"type":"Point","coordinates":[-109.2716,31.2009,16.424]},"id":"usd0015e7e"},
{"type":"Feature","properties":{"mag":0.39,"place":"14 km ENE of Ridgecrest, CA","time":1786873938590,"updated":1786874142928,"tz":null,"url":"https://earthquake.usgs.gov/earthquakes/eventpage/ci40673738","detail":"https://earthquake.usgs.gov/earthquakes/feed/v1.0/detail/ci40673738.geojson","felt":null,"cdi":null,"mmi":null,"alert":null,"status":"automatic","tsunami":0,"sig":2,"net":"ci","code":"40673738","ids":",ci40673738,","sources":",ci,","types":",nearby-cities,origin,phase-data,","nst":16,"dmin":0.09491,"rms":0.14,"gap":91,"magType":"ml","type":"earthquake","title":"M 0.4 - 14 km ENE of Ridgecrest, CA"},"geometry":{"type":"Point","coordinates":[-117.539166666667,35.6781666666667,2.54]},"id":"ci40673738"},
{"type":"Feature","properties":{"mag":0.54,"place":"17 km W of Searles Valley, CA","time":1786873734880,"updated":1786873946161,"tz":null,"url":"https://earthquake.usgs.gov/earthquakes/eventpage/ci40673730","detail":"https://earthquake.usgs.gov/earthquakes/feed/v1.0/detail/ci40673730.geojson","felt":null,"cdi":null,"mmi":null,"alert":null,"status":"automatic","tsunami":0,"sig":4,"net":"ci","code":"40673730","ids":",ci40673730,","sources":",ci,","types":",nearby-cities,origin,phase-data,","nst":20,"dmin":0.04863,"rms":0.16,"gap":62,"magType":"ml","type":"earthquake","title":"M 0.5 - 17 km W of Searles Valley, CA"},"geometry":{"type":"Point","coordinates":[-117.587666666667,35.7676666666667,6.86]},"id":"ci40673730"},
{"type":"Feature","properties":{"mag":0.84,"place":"6 km W of Cobb, CA","time":1786873649190,"updated":1786874841506,"tz":null,"url":"https://earthquake.usgs.gov/earthquakes/eventpage/nc75419372","detail":"https://earthquake.usgs.gov/earthquakes/feed/v1.0/detail/nc75419372.geojson","felt":null,"cdi":null,"mmi":null,"alert":null,"status":"automatic","tsunami":0,"sig":11,"net":"nc","code":"75419372","ids":",nc75419372,","sources":",nc,","types":",nearby-cities,origin,phase-data,scitech-link,","nst":7,"dmin":0.01289,"rms":0.01,"gap":119,"magType":"md","type":"earthquake","title":"M 0.8 - 6 km W of Cobb, CA"},"geometry":{"type":"Point","coordinates":[-122.790664672852,38.8255004882812,2.11999988555908]},"id":"nc75419372"},
{"type":"Feature","properties":{"mag":1,"place":"4 km SSE of Fox, Alaska","time":1786872706366,"updated":1786872782085,"tz":null,"url":"https://earthquake.usgs.gov/earthquakes/eventpage/aka2026qeaats","detail":"https://earthquake.usgs.gov/earthquakes/feed/v1.0/detail/aka2026qeaats.geojson","felt":null,"cdi":null,"mmi":null,"alert":null,"status":"automatic","tsunami":0,"sig":15,"net":"ak","code":"a2026qeaats","ids":",aka2026qeaats,","sources":",ak,","types":",origin,phase-data,","nst":13,"dmin":0.1,"rms":0.6,"gap":53,"magType":"ml","type":"earthquake","title":"M 1.0 - 4 km SSE of Fox, Alaska"},"geometry":{"type":"Point","coordinates":[-147.578,64.922,5]},"id":"aka2026qeaats"},
{"type":"Feature","properties":{"mag":1.5,"place":"54 km S of Whites City, New Mexico","time":1786872267730,"updated":1786872473569,"tz":null,"url":"https://earthquake.usgs.gov/earthquakes/eventpage/tx2026qbkntm","detail":"https://earthquake.usgs.gov/earthquakes/feed/v1.0/detail/tx2026qbkntm.geojson","felt":null,"cdi":null,"mmi":null,"alert":null,"status":"automatic","tsunami":0,"sig":35,"net":"tx","code":"2026qbkntm","ids":",tx2026qbkntm,","sources":",tx,","types":",origin,phase-data,","nst":24,"dmin":0,"rms":0.6,"gap":69,"magType":"ml","type":"earthquake","title":"M 1.5 - 54 km S of Whites City, New Mexico"},"geometry":{"type":"Point","coordinates":[-104.412,31.684,8.5814]},"id":"tx2026qbkntm"},
{"type":"Feature","properties":{"mag":0.89,"place":"10 km ENE of Coso Junction, CA","time":1786872179830,"updated":1786872392277,"tz":null,"url":"https://earthquake.usgs.gov/earthquakes/eventpage/ci40673722","detail":"https://earthquake.usgs.gov/earthquakes/feed/v1.0/detail/ci40673722.geojson","felt":null,"cdi":null,"mmi":null,"alert":null,"status":"automatic","tsunami":0,"sig":12,"net":"ci","code":"40673722","ids":",ci40673722,","sources":",ci,","types":",nearby-cities,origin,phase-data,","nst":22,"dmin":0.05311,"rms":0.13,"gap":66,"magType":"ml","type":"earthquake","title":"M 0.9 - 10 km ENE of Coso Junction, CA"},"geometry":{"type":"Point","coordinates":[-117.841333333333,36.0655,2.67]},"id":"ci40673722"},
{"type":"Feature","properties":{"mag":1.32,"place":"7 km SW of Atascadero, CA","time":1786871782520,"updated":1786873645381,"tz":null,"url":"https://earthquake.usgs.gov/earthquakes/eventpage/nc75419367","detail":"https://earthquake.usgs.gov/earthquakes/feed/v1.0/detail/nc75419367.geojson","felt":null,"cdi":null,"mmi":null,"alert":null,"status":"automatic","tsunami":0,"sig":27,"net":"nc","code":"75419367","ids":",nc75419367,","sources":",nc,","types":",nearby-cities,origin,phase-data,scitech-link,","nst":14,"dmin":0.04612,"rms":0.06,"gap":56,"magType":"md","type":"earthquake","title":"M 1.3 - 7 km SW of Atascadero, CA"},"geometry":{"type":"Point","coordinates":[-120.719329833984,35.4378318786621,7.01000022888184]},"id":"nc75419367"},
{"type":"Feature","properties":{"mag":0.59,"place":"10 km ENE of Coso Junction, CA","time":1786870656850,"updated":1786870867136,"tz":null,"url":"https://earthquake.usgs.gov/earthquakes/eventpage/ci40673706","detail":"https://earthquake.usgs.gov/earthquakes/feed/v1.0/detail/ci40673706.geojson","felt":null,"cdi":null,"mmi":null,"alert":null,"status":"automatic","tsunami":0,"sig":5,"net":"ci","code":"40673706","ids":",ci40673706,","sources":",ci,","types":",nearby-cities,origin,phase-data,","nst":19,"dmin":0.05463,"rms":0.13,"gap":65,"magType":"ml","type":"earthquake","title":"M 0.6 - 10 km ENE of Coso Junction, CA"},"geometry":{"type":"Point","coordinates":[-117.841,36.064,2.65]},"id":"ci40673706"},
{"type":"Feature","properties":{"mag":1.7,"place":"57 km N of Chickaloon, Alaska","time":1786868693530,"updated":1786868761794,"tz":null,"url":"https://earthquake.usgs.gov/earthquakes/eventpage/aka2026qdxuty","detail":"https://earthquake.usgs.gov/earthquakes/feed/v1.0/detail/aka2026qdxuty.geojson","felt":null,"cdi":null,"mmi":null,"alert":null,"status":"automatic","tsunami":0,"sig":44,"net":"ak","code":"a2026qdxuty","ids":",aka2026qdxuty,","sources":",ak,","types":",origin,phase-data,","nst":14,"dmin":0.5,"rms":0.7,"gap":74,"magType":"ml","type":"earthquake","title":"M 1.7 - 57 km N of Chickaloon, Alaska"},"geometry":{"type":"Point","coordinates":[-148.626,62.311,31.3]},"id":"aka2026qdxuty"},
{"type":"Feature","properties":{"mag":3,"place":"77 km WSW of Karluk, Alaska","time":1786868383702,"updated":1786868532754,"tz":null,"url":"https://earthquake.usgs.gov/earthquakes/eventpage/aka2026qdxqmy","detail":"https://earthquake.usgs.gov/earthquakes/feed/v1.0/detail/aka2026qdxqmy.geojson","felt":null,"cdi":null,"mmi":null,"alert":null,"status":"automatic","tsunami":0,"sig":138,"net":"ak","code":"a2026qdxqmy","ids":",aka2026qdxqmy,","sources":",ak,","types":",origin,phase-data,","nst":38,"dmin":0.7,"rms":0.6,"gap":110,"magType":"ml","type":"earthquake","title":"M 3.0 - 77 km WSW of Karluk, Alaska"},"geometry":{"type":"Point","coordinates":[-155.585,57.24,72]},"id":"aka2026qdxqmy"},
{"type":"Feature","properties":{"mag":0.65,"place":"5 km SW of Redlands, CA","time":1786868239110,"updated":1786868453591,"tz":null,"url":"https://earthquake.usgs.gov/earthquakes/eventpage/ci40673698","detail":"https://earthquake.usgs.gov/earthquakes/feed/v1.0/detail/ci40673698.geojson","felt":null,"cdi":null,"mmi":null,"alert":null,"status":"automatic","tsunami":0,"sig":6,"net":"ci","code":"40673698","ids":",ci40673698,","sources":",ci,","types":",nearby-cities,origin,phase-data,","nst":41,"dmin":0.0839,"rms":0.17,"gap":72,"magType":"ml","type":"earthquake","title":"M 0.7 - 5 km SW of Redlands, CA"},"geometry":{"type":"Point","coordinates":[-117.211666666667,34.0198333333333,13.82]},"id":"ci40673698"},
{"type":"Feature","properties":{"mag":0.72,"place":"7 km NW of The Geysers, CA","time":1786867915290,"updated":1786871240127,"tz":null,"url":"https://earthquake.usgs.gov/earthquakes/eventpage/nc75419352","detail":"https://earthquake.usgs.gov/earthquakes/feed/v1.0/detail/nc75419352.geojson","felt":null,"cdi":null,"mmi":null,"alert":null,"status":"automatic","tsunami":0,"sig":8,"net":"nc","code":"75419352","ids":",nc75419352,","sources":",nc,","types":",nearby-cities,origin,phase-data,scitech-link,","nst":8,"dmin":0.007811,"rms":0.01,"gap":113,"magType":"md","type":"earthquake","title":"M 0.7 - 7 km NW of The Geysers, CA"},"geometry":{"type":"Point","coordinates":[-122.81583404541,38.8170013427734,3.75999999046326]},"id":"nc75419352"},
{"type":"Feature","properties":{"mag":-0.01,"place":"12 km W of Anza, CA","time":1786867842980,"updated":1786868044681,"tz":null,"url":"https://earthquake.usgs.gov/earthquakes/eventpage/ci40673690","detail":"https://earthquake.usgs.gov/earthquakes/feed/v1.0/detail/ci40673690.geojson","felt":null,"cdi":null,"mmi":null,"alert":null,"status":"automatic","tsunami":0,"sig":0,"net":"ci","code":"40673690","ids":",ci40673690,","sources":",ci,","types":",nearby-cities,origin,phase-data,","nst":24,"dmin":0.03907,"rms":0.11,"gap":68,"magType":"ml","type":"earthquake","title":"M 0.0 - 12 km W of Anza, CA"},"geometry":{"type":"Point","coordinates":[-116.802666666667,33.5715,6.16]},"id":"ci40673690"},
{"type":"Feature","properties":{"mag":0.93,"place":"9 km WNW of The Geysers, CA","time":1786867622910,"updated":1786870044006,"tz":null,"url":"https://earthquake.usgs.gov/earthquakes/eventpage/nc75419347","detail":"https://earthquake.usgs.gov/earthquakes/feed/v1.0/detail/nc75419347.geojson","felt":null,"cdi":null,"mmi":null,"alert":null,"status":"automatic","tsunami":0,"sig":13,"net":"nc","code":"75419347","ids":",nc75419347,","sources":",nc,","types":",nearby-cities,origin,phase-data,scitech-link,","nst":11,"dmin":0.009278,"rms":0.02,"gap":108,"magType":"md","type":"earthquake","title":"M 0.9 - 9 km WNW of The Geysers, CA"},"geometry":{"type":"Point","coordinates":[-122.847503662109,38.821834564209,2.03999996185303]},"id":"nc75419347"},
{"type":"Feature","properties":{"mag":4.6,"place":"68 km ESE of Madang, Papua New Guinea","time":1786867610468,"updated":1786869586040,"tz":null,"url":"https://earthquake.usgs.gov/earthquakes/eventpage/usd0015e6s","detail":"https://earthquake.usgs.gov/earthquakes/feed/v1.0/detail/usd0015e6s.geojson","felt":null,"cdi":null,"mmi":null,"alert":null,"status":"reviewed","tsunami":0,"sig":326,"net":"us","code":"d0015e6s","ids":",usd0015e6s,","sources":",us,","types":",origin,phase-data,","nst":68,"dmin":3.615,"rms":0.64,"gap":51,"magType":"mb","type":"earthquake","title":"M 4.6 - 68 km ESE of Madang, Papua New Guinea"},"geometry":{"type":"Point","coordinates":[146.3275,-5.5296,130.097]},"id":"usd0015e6s"},
{"type":"Feature","properties":{"mag":3.6,"place":"59 km SE of Perryville, Alaska","time":1786867539480,"updated":1786867919449,"tz":null,"url":"https://earthquake.usgs.gov/earthquakes/eventpage/aka2026qdxfcm","detail":"https://earthquake.usgs.gov/earthquakes/feed/v1.0/detail/aka2026qdxfcm.geojson","felt":null,"cdi":null,"mmi":2.505,"alert":null,"status":"automatic","tsunami":0,"sig":199,"net":"ak","code":"a2026qdxfcm","ids":",aka2026qdxfcm,","sources":",ak,","types":",origin,phase-data,shakemap,","nst":41,"dmin":0.8,"rms":0.7,"gap":270,"magType":"ml","type":"earthquake","title":"M 3.6 - 59 km SE of Perryville, Alaska"},"geometry":{"type":"Point","coordinates":[-158.491,55.524,27.2]},"id":"aka2026qdxfcm"},
{"type":"Feature","properties":{"mag":0.54,"place":"10 km ENE of Coso Junction, CA","time":1786867476480,"updated":1786867680206,"tz":null,"url":"https://earthquake.usgs.gov/earthquakes/eventpage/ci40673682","detail":"https://earthquake.usgs.gov/earthquakes/feed/v1.0/detail/ci40673682.geojson","felt":null,"cdi":null,"mmi":null,"alert":null,"status":"automatic","tsunami":0,"sig":4,"net":"ci","code":"40673682","ids":",ci40673682,","sources":",ci,","types":",nearby-cities,origin,phase-data,","nst":17,"dmin":0.05242,"rms":0.1,"gap":65,"magType":"ml","type":"earthquake","title":"M 0.5 - 10 km ENE of Coso Junction, CA"},"geometry":{"type":"Point","coordinates":[-117.840666666667,36.0663333333333,2.72]},"id":"ci40673682"},
{"type":"Feature","properties":{"mag":2.6,"place":"64 km SE of Denali National Park, Alaska","time":1786867179369,"updated":1786867289704,"tz":null,"url":"https://earthquake.usgs.gov/earthquakes/eventpage/aka2026qdwywz","detail":"https://earthquake.usgs.gov/earthquakes/feed/v1.0/detail/aka2026qdwywz.geojson","felt":null,"cdi":null,"mmi":null,"alert":null,"status":"automatic","tsunami":0,"sig":104,"net":"ak","code":"a2026qdwywz","ids":",aka2026qdwywz,","sources":",ak,","types":",origin,phase-data,","nst":76,"dmin":0.6,"rms":0.6,"gap":37,"magType":"ml","type":"earthquake","title":"M 2.6 - 64 km SE of Denali National Park, Alaska"},"geometry":{"type":"Point","coordinates":[-150.853,63.109,130.9]},"id":"aka2026qdwywz"},
{"type":"Feature","properties":{"mag":1.06,"place":"2 km W of Silver Lake, CA","time":1786867005140,"updated":1786867212067,"tz":null,"url":"https://earthquake.usgs.gov/earthquakes/eventpage/ci40673674","detail":"https://earthquake.usgs.gov/earthquakes/feed/v1.0/detail/ci40673674.geojson","felt":null,"cdi":null,"mmi":null,"alert":null,"status":"automatic","tsunami":0,"sig":17,"net":"ci","code":"40673674","ids":",ci40673674,","sources":",ci,","types":",nearby-cities,origin,phase-data,","nst":34,"dmin":0.02981,"rms":0.15,"gap":101,"magType":"ml","type":"earthquake","title":"M 1.1 - 2 km W of Silver Lake, CA"},"geometry":{"type":"Point","coordinates":[-118.284833333333,34.0911666666667,7.98]},"id":"ci40673674"},
{"type":"Feature","properties":{"mag":0.55,"place":"10 km E of Ridgecrest, CA","time":1786866372060,"updated":1786866577955,"tz":null,"url":"https://earthquake.usgs.gov/earthquakes/eventpage/ci40673666","detail":"https://earthquake.usgs.gov/earthquakes/feed/v1.0/detail/ci40673666.geojson","felt":null,"cdi":null,"mmi":null,"alert":null,"status":"automatic","tsunami":0,"sig":5,"net":"ci","code":"40673666","ids":",ci40673666,","sources":",ci,","types":",nearby-cities,origin,phase-data,scitech-link,","nst":21,"dmin":0.1226,"rms":0.14,"gap":65,"magType":"ml","type":"earthquake","title":"M 0.6 - 10 km E of Ridgecrest, CA"},"geometry":{"type":"Point","coordinates":[-117.568,35.6301666666667,4.42]},"id":"ci40673666"},
{"type":"Feature","properties":{"mag":1.7,"place":"62 km ESE of Denali National Park, Alaska","time":1786865799449,"updated":1786865881466,"tz":null,"url":"https://earthquake.usgs.gov/earthquakes/eventpage/aka2026qdwezh","detail":"https://earthquake.usgs.gov/earthquakes/feed/v1.0/detail/aka2026qdwezh.geojson","felt":null,"cdi":null,"mmi":null,"alert":null,"status":"automatic","tsunami":0,"sig":44,"net":"ak","code":"a2026qdwezh","ids":",aka2026qdwezh,","sources":",ak,","types":",origin,phase-data,","nst":11,"dmin":0.7,"rms":0.5,"gap":122,"magType":"ml","type":"earthquake","title":"M 1.7 - 62 km ESE of Denali National Park, Alaska"},"geometry":{"type":"Point","coordinates":[-150.502,63.429,5]},"id":"aka2026qdwezh"},
{"type":"Feature","properties":{"mag":1.47,"place":"8 km ESE of Cloverdale, CA","time":1786865779160,"updated":1786869442939,"tz":null,"url":"https://earthquake.usgs.gov/earthquakes/eventpage/nc75419342","detail":"https://earthquake.usgs.gov/earthquakes/feed/v1.0/detail/nc75419342.geojson","felt":null,"cdi":null,"mmi":null,"alert":null,"status":"automatic","tsunami":0,"sig":33,"net":"nc","code":"75419342","ids":",nc75419342,","sources":",nc,","types":",nearby-cities,origin,phase-data,scitech-link,","nst":24,"dmin":0.06153,"rms":0.04,"gap":81,"magType":"md","type":"earthquake","title":"M 1.5 - 8 km ESE of Cloverdale, CA"},"geometry":{"type":"Point","coordinates":[-122.934501647949,38.7771682739258,3.63000011444092]},"id":"nc75419342"},
{"type":"Feature","properties":{"mag":1.08,"place":"3 km SE of The Geysers, CA","time":1786865715100,"updated":1786865809599,"tz":null,"url":"https://earthquake.usgs.gov/earthquakes/eventpage/nc75419337","detail":"https://earthquake.usgs.gov/earthquakes/feed/v1.0/detail/nc75419337.geojson","felt":null,"cdi":null,"mmi":null,"alert":null,"status":"automatic","tsunami":0,"sig":18,"net":"nc","code":"75419337","ids":",nc75419337,","sources":",nc,","types":",nearby-cities,origin,phase-data,","nst":11,"dmin":0.002739,"rms":0.03,"gap":112,"magType":"md","type":"earthquake","title":"M 1.1 - 3 km SE of The Geysers, CA"},"geometry":{"type":"Point","coordinates":[-122.725997924805,38.7589988708496,2.26999998092651]},"id":"nc75419337"},
{"type":"Feature","properties":{"mag":1.11,"place":"10 km ENE of Coso Junction, CA","time":1786865546120,"updated":1786865747144,"tz":null,"url":"https://earthquake.usgs.gov/earthquakes/eventpage/ci40673658","detail":"https://earthquake.usgs.gov/earthquakes/feed/v1.0/detail/ci40673658.geojson","felt":null,"cdi":null,"mmi":null,"alert":null,"status":"automatic","tsunami":0,"sig":19,"net":"ci","code":"40673658","ids":",ci40673658,","sources":",ci,","types":",nearby-cities,origin,phase-data,","nst":24,"dmin":0.05307,"rms":0.13,"gap":65,"magType":"ml","type":"earthquake","title":"M 1.1 - 10 km ENE of Coso Junction, CA"},"geometry":{"type":"Point","coordinates":[-117.840666666667,36.0656666666667,2.6]},"id":"ci40673658"},
{"type":"Feature","properties":{"mag":0.78,"place":"10 km ENE of Coso Junction, CA","time":1786865355670,"updated":1786865566410,"tz":null,"url":"https://earthquake.usgs.gov/earthquakes/eventpage/ci40673650","detail":"https://earthquake.usgs.gov/earthquakes/feed/v1.0/detail/ci40673650.geojson","felt":null,"cdi":null,"mmi":null,"alert":null,"status":"automatic","tsunami":0,"sig":9,"net":"ci","code":"40673650","ids":",ci40673650,","sources":",ci,","types":",nearby-cities,origin,phase-data,","nst":19,"dmin":0.05282,"rms":0.12,"gap":65,"magType":"ml","type":"earthquake","title":"M 0.8 - 10 km ENE of Coso Junction, CA"},"geometry":{"type":"Point","coordinates":[-117.841166666667,36.0658333333333,2.69]},"id":"ci40673650"},
{"type":"Feature","properties":{"mag":1.47,"place":"10 km NW of The Geysers, CA","time":1786865189370,"updated":1786868540845,"tz":null,"url":"https://earthquake.usgs.gov/earthquakes/eventpage/nc75419332","detail":"https://earthquake.usgs.gov/earthquakes/feed/v1.0/detail/nc75419332.geojson","felt":null,"cdi":null,"mmi":null,"alert":null,"status":"automatic","tsunami":0,"sig":33,"net":"nc","code":"75419332","ids":",nc75419332,","sources":",nc,","types":",nearby-cities,origin,phase-data,scitech-link,","nst":22,"dmin":0.002815,"rms":0.02,"gap":63,"magType":"md","type":"earthquake","title":"M 1.5 - 10 km NW of The Geysers, CA"},"geometry":{"type":"Point","coordinates":[-122.853668212891,38.8288345336914,1.9099999666214]},"id":"nc75419332"},
{"type":"Feature","properties":{"mag":1.9,"place":"23 km WSW of Ivanof Bay, Alaska","time":1786864866844,"updated":1786864940461,"tz":null,"url":"https://earthquake.usgs.gov/earthquakes/eventpage/aka2026qdvrlu","detail":"https://earthquake.usgs.gov/earthquakes/feed/v1.0/detail/aka2026qdvrlu.geojson","felt":null,"cdi":null,"mmi":null,"alert":null,"status":"automatic","tsunami":0,"sig":56,"net":"ak","code":"a2026qdvrlu","ids":",aka2026qdvrlu,","sources":",ak,","types":",origin,phase-data,","nst":12,"dmin":0.3,"rms":0.6,"gap":195,"magType":"ml","type":"earthquake","title":"M 1.9 - 23 km WSW of Ivanof Bay, Alaska"},"geometry":{"type":"Point","coordinates":[-159.8,55.791,5]},"id":"aka2026qdvrlu"},
{"type":"Feature","properties":{"mag":0.76,"place":"6 km W of Cobb, CA","time":1786864430310,"updated":1786864528424,"tz":null,"url":"https://earthquake.usgs.gov/earthquakes/eventpage/nc75419327","detail":"https://earthquake.usgs.gov/earthquakes/feed/v1.0/detail/nc75419327.geojson","felt":null,"cdi":null,"mmi":null,"alert":null,"status":"automatic","tsunami":0,"sig":9,"net":"nc","code":"75419327","ids":",nc75419327,","sources":",nc,","types":",nearby-cities,origin,phase-data,","nst":10,"dmin":0.01275,"rms":0.03,"gap":75,"magType":"md","type":"earthquake","title":"M 0.8 - 6 km W of Cobb, CA"},"geometry":{"type":"Point","coordinates":[-122.793167114258,38.8258323669434,1.26999998092651]},"id":"nc75419327"},
{"type":"Feature","properties":{"mag":1.36,"place":"7 km SW of Atascadero, CA","time":1786863927610,"updated":1786867942768,"tz":null,"url":"https://earthquake.usgs.gov/earthquakes/eventpage/nc75419322","detail":"https://earthquake.usgs.gov/earthquakes/feed/v1.0/detail/nc75419322.geojson","felt":null,"cdi":null,"mmi":null,"alert":null,"status":"automatic","tsunami":0,"sig":28,"net":"nc","code":"75419322","ids":",nc75419322,","sources":",nc,","types":",nearby-cities,origin,phase-data,scitech-link,","nst":16,"dmin":0.04661,"rms":0.06,"gap":84,"magType":"md","type":"earthquake","title":"M 1.4 - 7 km SW of Atascadero, CA"},"geometry":{"type":"Point","coordinates":[-120.718330383301,35.4384994506836,7.1399998664856]},"id":"nc75419322"},
{"type":"Feature","properties":{"mag":0.89,"place":"10 km ENE of Coso Junction, CA","time":1786863768120,"updated":1786863981550,"tz":null,"url":"https://earthquake.usgs.gov/earthquakes/eventpage/ci40673642","detail":"https://earthquake.usgs.gov/earthquakes/feed/v1.0/detail/ci40673642.geojson","felt":null,"cdi":null,"mmi":null,"alert":null,"status":"automatic","tsunami":0,"sig":12,"net":"ci","code":"40673642","ids":",ci40673642,","sources":",ci,","types":",nearby-cities,origin,phase-data,","nst":21,"dmin":0.0526,"rms":0.14,"gap":64,"magType":"ml","type":"earthquake","title":"M 0.9 - 10 km ENE of Coso Junction, CA"},"geometry":{"type":"Point","coordinates":[-117.839666666667,36.0663333333333,2.65]},"id":"ci40673642"},
{"type":"Feature","properties":{"mag":0.49,"place":"10 km ENE of Coso Junction, CA","time":1786863497860,"updated":1786863708591,"tz":null,"url":"https://earthquake.usgs.gov/earthquakes/eventpage/ci40673634","detail":"https://earthquake.usgs.gov/earthquakes/feed/v1.0/detail/ci40673634.geojson","felt":null,"cdi":null,"mmi":null,"alert":null,"status":"automatic","tsunami":0,"sig":4,"net":"ci","code":"40673634","ids":",ci40673634,","sources":",ci,","types":",nearby-cities,origin,phase-data,","nst":18,"dmin":0.05057,"rms":0.1,"gap":63,"magType":"ml","type":"earthquake","title":"M 0.5 - 10 km ENE of Coso Junction, CA"},"geometry":{"type":"Point","coordinates":[-117.839333333333,36.0685,2.58]},"id":"ci40673634"},
{"type":"Feature","properties":{"mag":2.3,"place":"10 km ENE of Coso Junction, CA","time":1786863252760,"updated":1786864407690,"tz":null,"url":"https://earthquake.usgs.gov/earthquakes/eventpage/ci40673626","detail":"https://earthquake.usgs.gov/earthquakes/feed/v1.0/detail/ci40673626.geojson","felt":null,"cdi":null,"mmi":null,"alert":null,"status":"automatic","tsunami":0,"sig":81,"net":"ci","code":"40673626","ids":",ci40673626,","sources":",ci,","types":",focal-mechanism,nearby-cities,origin,phase-data,scitech-link,","nst":30,"dmin":0.05231,"rms":0.14,"gap":41,"magType":"ml","type":"earthquake","title":"M 2.3 - 10 km ENE of Coso Junction, CA"},"geometry":{"type":"Point","coordinates":[-117.840333333333,36.0665,2.65]},"id":"ci40673626"},
{"type":"Feature","properties":{"mag":1.28,"place":"10 km ENE of Coso Junction, CA","time":1786863149900,"updated":1786863359697,"tz":null,"url":"https://earthquake.usgs.gov/earthquakes/eventpage/ci40673618","detail":"https://earthquake.usgs.gov/earthquakes/feed/v1.0/detail/ci40673618.geojson","felt":null,"cdi":null,"mmi":null,"alert":null,"status":"automatic","tsunami":0,"sig":25,"net":"ci","code":"40673618","ids":",ci40673618,","sources":",ci,","types":",nearby-cities,origin,phase-data,","nst":26,"dmin":0.0523,"rms":0.12,"gap":50,"magType":"ml","type":"earthquake","title":"M 1.3 - 10 km ENE of Coso Junction, CA"},"geometry":{"type":"Point","coordinates":[-117.841333333333,36.0663333333333,2.79]},"id":"ci40673618"},
{"type":"Feature","properties":{"mag":5.5,"place":"76 km N of Ruteng, Indonesia","time":1786863107338,"updated":1786870496049,"tz":null,"url":"https://earthquake.usgs.gov/earthquakes/eventpage/us6000tl6a","detail":"https://earthquake.usgs.gov/earthquakes/feed/v1.0/detail/us6000tl6a.geojson","felt":null,"cdi":null,"mmi":4.443,"alert":"green","status":"reviewed","tsunami":0,"sig":465,"net":"us","code":"6000tl6a","ids":",us6000tl6a,","sources":",us,","types":",losspager,origin,phase-data,shakemap,","nst":62,"dmin":3.015,"rms":0.87,"gap":46,"magType":"mww","type":"earthquake","title":"M 5.5 - 76 km N of Ruteng, Indonesia"},"geometry":{"type":"Point","coordinates":[120.5855,-7.9322,10]},"id":"us6000tl6a"},
{"type":"Feature","properties":{"mag":1.1,"place":"7 km W of Cobb, CA","time":1786862987440,"updated":1786877244779,"tz":null,"url":"https://earthquake.usgs.gov/earthquakes/eventpage/nc75419302","detail":"https://earthquake.usgs.gov/earthquakes/feed/v1.0/detail/nc75419302.geojson","felt":null,"cdi":null,"mmi":null,"alert":null,"status":"automatic","tsunami":0,"sig":19,"net":"nc","code":"75419302","ids":",nc75419302,","sources":",nc,","types":",nearby-cities,origin,phase-data,scitech-link,","nst":15,"dmin":0.01084,"rms":0.01,"gap":63,"magType":"md","type":"earthquake","title":"M 1.1 - 7 km W of Cobb, CA"},"geometry":{"type":"Point","coordinates":[-122.802833557129,38.833667755127,1.91999995708466]},"id":"nc75419302"},
{"type":"Feature","properties":{"mag":2.66,"place":"10 km ENE of Coso Junction, CA","time":1786862973320,"updated":1786865203040,"tz":null,"url":"https://earthquake.usgs.gov/earthquakes/eventpage/ci40673610","detail":"https://earthquake.usgs.gov/earthquakes/feed/v1.0/detail/ci40673610.geojson","felt":null,"cdi":null,"mmi":null,"alert":null,"status":"automatic","tsunami":0,"sig":109,"net":"ci","code":"40673610","ids":",ci40673610,usd0015e69,","sources":",ci,us,","types":",nearby-cities,origin,phase-data,scitech-link,","nst":33,"dmin":0.05406,"rms":0.15,"gap":41,"magType":"ml","type":"earthquake","title":"M 2.7 - 10 km ENE of Coso Junction, CA"},"geometry":{"type":"Point","coordinates":[-117.839666666667,36.0648333333333,2.53]},"id":"ci40673610"},
{"type":"Feature","properties":{"mag":1.8,"place":"8 km ESE of Pearsall, Texas","time":1786862897691,"updated":1786875265882,"tz":null,"url":"https://earthquake.usgs.gov/earthquakes/eventpage/tx2026qbfjqi","detail":"https://earthquake.usgs.gov/earthquakes/feed/v1.0/detail/tx2026qbfjqi.geojson","felt":null,"cdi":null,"mmi":null,"alert":null,"status":"automatic","tsunami":0,"sig":50,"net":"tx","code":"2026qbfjqi","ids":",tx2026qbfjqi,","sources":",tx,","types":",origin,phase-data,","nst":13,"dmin":0.1,"rms":0.5,"gap":83,"magType":"ml","type":"earthquake","title":"M 1.8 - 8 km ESE of Pearsall, Texas"},"geometry":{"type":"Point","coordinates":[-99.02,28.859,5.4967]},"id":"tx2026qbfjqi"},
{"type":"Feature","properties":{"mag":2.58,"place":"7 km SW of Atascadero, CA","time":1786862497560,"updated":1786874840506,"tz":null,"url":"https://earthquake.usgs.gov/earthquakes/eventpage/nc75419292","detail":"https://earthquake.usgs.gov/earthquakes/feed/v1.0/detail/nc75419292.geojson","felt":48,"cdi":2.6,"mmi":null,"alert":null,"status":"automatic","tsunami":0,"sig":115,"net":"nc","code":"75419292","ids":",nc75419292,","sources":",nc,","types":",dyfi,focal-mechanism,nearby-cities,origin,phase-data,scitech-link,","nst":47,"dmin":0.04865,"rms":0.05,"gap":55,"magType":"md","type":"earthquake","title":"M 2.6 - 7 km SW of Atascadero, CA"},"geometry":{"type":"Point","coordinates":[-120.720832824707,35.4401664733887,6.6399998664856]},"id":"nc75419292"},
{"type":"Feature","properties":{"mag":0.87,"place":"28 km SSW of Ocotillo Wells, CA","time":1786861951850,"updated":1786862164734,"tz":null,"url":"https://earthquake.usgs.gov/earthquakes/eventpage/ci40673594","detail":"https://earthquake.usgs.gov/earthquakes/feed/v1.0/detail/ci40673594.geojson","felt":null,"cdi":null,"mmi":null,"alert":null,"status":"automatic","tsunami":0,"sig":12,"net":"ci","code":"40673594","ids":",ci40673594,","sources":",ci,","types":",nearby-cities,origin,phase-data,","nst":39,"dmin":0.06613,"rms":0.19,"gap":46,"magType":"ml","type":"earthquake","title":"M 0.9 - 28 km SSW of Ocotillo Wells, CA"},"geometry":{"type":"Point","coordinates":[-116.241666666667,32.9135,6.56]},"id":"ci40673594"},
{"type":"Feature","properties":{"mag":1.26,"place":"3 km SE of The Geysers, CA","time":1786861910470,"updated":1786873644381,"tz":null,"url":"https://earthquake.usgs.gov/earthquakes/eventpage/nc75419287","detail":"https://earthquake.usgs.gov/earthquakes/feed/v1.0/detail/nc75419287.geojson","felt":null,"cdi":null,"mmi":null,"alert":null,"status":"automatic","tsunami":0,"sig":24,"net":"nc","code":"75419287","ids":",nc75419287,","sources":",nc,","types":",nearby-cities,origin,phase-data,scitech-link,","nst":10,"dmin":0.007859,"rms":0.02,"gap":106,"magType":"md","type":"earthquake","title":"M 1.3 - 3 km SE of The Geysers, CA"},"geometry":{"type":"Point","coordinates":[-122.735832214355,38.7566680908203,1.60000002384186]},"id":"nc75419287"},
{"type":"Feature","properties":{"mag":1.8,"place":"85 km NW of Karluk, Alaska","time":1786861679731,"updated":1786861719513,"tz":null,"url":"https://earthquake.usgs.gov/earthquakes/eventpage/aka2026qdtxky","detail":"https://earthquake.usgs.gov/earthquakes/feed/v1.0/detail/aka2026qdtxky.geojson","felt":null,"cdi":null,"mmi":null,"alert":null,"status":"automatic","tsunami":0,"sig":50,"net":"ak","code":"a2026qdtxky","ids":",aka2026qdtxky,","sources":",ak,","types":",origin,phase-data,","nst":9,"dmin":0,"rms":0.2,"gap":73,"magType":"ml","type":"earthquake","title":"M 1.8 - 85 km NW of Karluk, Alaska"},"geometry":{"type":"Point","coordinates":[-155.292,58.192,5]},"id":"aka2026qdtxky"},
{"type":"Feature","properties":{"mag":1.16,"place":"10 km ENE of Coso Junction, CA","time":1786861036520,"updated":1786861242630,"tz":null,"url":"https://earthquake.usgs.gov/earthquakes/eventpage/ci40673586","detail":"https://earthquake.usgs.gov/earthquakes/feed/v1.0/detail/ci40673586.geojson","felt":null,"cdi":null,"mmi":null,"alert":null,"status":"automatic","tsunami":0,"sig":21,"net":"ci","code":"40673586","ids":",ci40673586,","sources":",ci,","types":",nearby-cities,origin,phase-data,","nst":25,"dmin":0.05034,"rms":0.14,"gap":50,"magType":"ml","type":"earthquake","title":"M 1.2 - 10 km ENE of Coso Junction, CA"},"geometry":{"type":"Point","coordinates":[-117.842333333333,36.0681666666667,2.67]},"id":"ci40673586"},
{"type":"Feature","properties":{"mag":0.82,"place":"29 km N of Kernville, CA","time":1786860897140,"updated":1786861106251,"tz":null,"url":"https://earthquake.usgs.gov/earthquakes/eventpage/ci40673578","detail":"https://earthquake.usgs.gov/earthquakes/feed/v1.0/detail/ci40673578.geojson","felt":null,"cdi":null,"mmi":null,"alert":null,"status":"automatic","tsunami":0,"sig":10,"net":"ci","code":"40673578","ids":",ci40673578,","sources":",ci,","types":",nearby-cities,origin,phase-data,scitech-link,","nst":25,"dmin":0.1549,"rms":0.2,"gap":60,"magType":"ml","type":"earthquake","title":"M 0.8 - 29 km N of Kernville, CA"},"geometry":{"type":"Point","coordinates":[-118.390333333333,36.01,3.65]},"id":"ci40673578"},
{"type":"Feature","properties":{"mag":1.5,"place":"4 km NW of Point MacKenzie, Alaska","time":1786860824719,"updated":1786861466503,"tz":null,"url":"https://earthquake.usgs.gov/earthquakes/eventpage/aka2026qdtlcg","detail":"https://earthquake.usgs.gov/earthquakes/feed/v1.0/detail/aka2026qdtlcg.geojson","felt":null,"cdi":null,"mmi":null,"alert":null,"status":"reviewed","tsunami":0,"sig":35,"net":"ak","code":"a2026qdtlcg","ids":",aka2026qdtlcg,","sources":",ak,","types":",origin,phase-data,","nst":21,"dmin":0.3,"rms":0.7,"gap":70,"magType":"ml","type":"earthquake","title":"M 1.5 - 4 km NW of Point MacKenzie, Alaska"},"geometry":{"type":"Point","coordinates":[-150.034,61.385,44.6]},"id":"aka2026qdtlcg"},
{"type":"Feature","properties":{"mag":2.46,"place":"19 km SW of Toms Place, CA","time":1786860087090,"updated":1786870343040,"tz":null,"url":"https://earthquake.usgs.gov/earthquakes/eventpage/nc75419277","detail":"https://earthquake.usgs.gov/earthquakes/feed/v1.0/detail/nc75419277.geojson","felt":null,"cdi":null,"mmi":null,"alert":null,"status":"automatic","tsunami":0,"sig":93,"net":"nc","code":"75419277","ids":",nc75419277,","sources":",nc,","types":",nearby-cities,origin,phase-data,scitech-link,","nst":12,"dmin":0.1693,"rms":0.07,"gap":98,"magType":"md","type":"earthquake","title":"M 2.5 - 19 km SW of Toms Place, CA"},"geometry":{"type":"Point","coordinates":[-118.84033203125,37.4503326416016,1.9099999666214]},"id":"nc75419277"},
{"type":"Feature","properties":{"mag":0.96,"place":"7 km W of Cobb, CA","time":1786859638610,"updated":1786862847225,"tz":null,"url":"https://earthquake.usgs.gov/earthquakes/eventpage/nc75419267","detail":"https://earthquake.usgs.gov/earthquakes/feed/v1.0/detail/nc75419267.geojson","felt":null,"cdi":null,"mmi":null,"alert":null,"status":"automatic","tsunami":0,"sig":14,"net":"nc","code":"75419267","ids":",nc75419267,","sources":",nc,","types":",nearby-cities,origin,phase-data,scitech-link,","nst":10,"dmin":0.01142,"rms":0.02,"gap":103,"magType":"md","type":"earthquake","title":"M 1.0 - 7 km W of Cobb, CA"},"geometry":{"type":"Point","coordinates":[-122.803833007812,38.8339996337891,1.60000002384186]},"id":"nc75419267"},
{"type":"Feature","properties":{"mag":1.48,"place":"7 km W of Cobb, CA","time":1786859418660,"updated":1786864645415,"tz":null,"url":"https://earthquake.usgs.gov/earthquakes/eventpage/nc75419252","detail":"https://earthquake.usgs.gov/earthquakes/feed/v1.0/detail/nc75419252.geojson","felt":null,"cdi":null,"mmi":null,"alert":null,"status":"automatic","tsunami":0,"sig":34,"net":"nc","code":"75419252","ids":",nc75419252,","sources":",nc,","types":",nearby-cities,origin,phase-data,scitech-link,","nst":25,"dmin":0.01003,"rms":0.02,"gap":53,"magType":"md","type":"earthquake","title":"M 1.5 - 7 km W of Cobb, CA"},"geometry":{"type":"Point","coordinates":[-122.801666259766,38.833667755127,1.8400000333786]},"id":"nc75419252"},
{"type":"Feature","properties":{"mag":1.5,"place":"82 km NNW of Karluk, Alaska","time":1786859060208,"updated":1786859132069,"tz":null,"url":"https://earthquake.usgs.gov/earthquakes/eventpage/aka2026qdslov","detail":"https://earthquake.usgs.gov/earthquakes/feed/v1.0/detail/aka2026qdslov.geojson","felt":null,"cdi":null,"mmi":null,"alert":null,"status":"automatic","tsunami":0,"sig":35,"net":"ak","code":"a2026qdslov","ids":",aka2026qdslov,","sources":",ak,","types":",origin,phase-data,","nst":19,"dmin":0.1,"rms":0.4,"gap":68,"magType":"ml","type":"earthquake","title":"M 1.5 - 82 km NNW of Karluk, Alaska"},"geometry":{"type":"Point","coordinates":[-154.956,58.263,6.2]},"id":"aka2026qdslov"},
{"type":"Feature","properties":{"mag":2.6,"place":"4 km WNW of Point MacKenzie, Alaska","time":1786858205977,"updated":1786866577040,"tz":null,"url":"https://earthquake.usgs.gov/earthquakes/eventpage/aka2026qdrzfl","detail":"https://earthquake.usgs.gov/earthquakes/feed/v1.0/detail/aka2026qdrzfl.geojson","felt":3,"cdi":2.2,"mmi":null,"alert":null,"status":"automatic","tsunami":0,"sig":105,"net":"ak","code":"a2026qdrzfl","ids":",aka2026qdrzfl,us6000tl5n,","sources":",ak,us,","types":",dyfi,origin,phase-data,","nst":70,"dmin":0.3,"rms":0.9,"gap":39,"magType":"ml","type":"earthquake","title":"M 2.6 - 4 km WNW of Point MacKenzie, Alaska"},"geometry":{"type":"Point","coordinates":[-150.048,61.381,33]},"id":"aka2026qdrzfl"},
{"type":"Feature","properties":{"mag":1.4,"place":"44 km NW of Toyah, Texas","time":1786857807776,"updated":1786860327064,"tz":null,"url":"https://earthquake.usgs.gov/earthquakes/eventpage/tx2026qbclqd","detail":"https://earthquake.usgs.gov/earthquakes/feed/v1.0/detail/tx2026qbclqd.geojson","felt":null,"cdi":null,"mmi":null,"alert":null,"status":"automatic","tsunami":0,"sig":30,"net":"tx","code":"2026qbclqd","ids":",tx2026qbclqd,","sources":",tx,","types":",origin,phase-data,","nst":30,"dmin":0,"rms":0.4,"gap":52,"magType":"ml","type":"earthquake","title":"M 1.4 - 44 km NW of Toyah, Texas"},"geometry":{"type":"Point","coordinates":[-104.102,31.611,4.5009]},"id":"tx2026qbclqd"},
{"type":"Feature","properties":{"mag":1.91,"place":"2 km ENE of Magas Arriba, Puerto Rico","time":1786856869360,"updated":1786874962160,"tz":null,"url":"https://earthquake.usgs.gov/earthquakes/eventpage/pr71528653","detail":"https://earthquake.usgs.gov/earthquakes/feed/v1.0/detail/pr71528653.geojson","felt":null,"cdi":null,"mmi":null,"alert":null,"status":"reviewed","tsunami":0,"sig":56,"net":"pr","code":"71528653","ids":",pr71528653,","sources":",pr,","types":",origin,phase-data,","nst":9,"dmin":0.1311,"rms":0.2,"gap":165,"magType":"md","type":"earthquake","title":"M 1.9 - 2 km ENE of Magas Arriba, Puerto Rico"},"geometry":{"type":"Point","coordinates":[-66.7431666666667,18.0283333333333,13.64]},"id":"pr71528653"},
{"type":"Feature","properties":{"mag":1.21,"place":"3 km ENE of Ocotillo, CA","time":1786856822550,"updated":1786857033792,"tz":null,"url":"https://earthquake.usgs.gov/earthquakes/eventpage/ci40673570","detail":"https://earthquake.usgs.gov/earthquakes/feed/v1.0/detail/ci40673570.geojson","felt":null,"cdi":null,"mmi":null,"alert":null,"status":"automatic","tsunami":0,"sig":23,"net":"ci","code":"40673570","ids":",ci40673570,","sources":",ci,","types":",nearby-cities,origin,phase-data,","nst":6,"dmin":0.2411,"rms":0.19,"gap":217,"magType":"ml","type":"earthquake","title":"M 1.2 - 3 km ENE of Ocotillo, CA"},"geometry":{"type":"Point","coordinates":[-115.964666666667,32.7473333333333,20.68]},"id":"ci40673570"},
{"type":"Feature","properties":{"mag":0.53,"place":"15 km NNW of Warner Springs, CA","time":1786856056530,"updated":1786856266409,"tz":null,"url":"https://earthquake.usgs.gov/earthquakes/eventpage/ci40673562","detail":"https://earthquake.usgs.gov/earthquakes/feed/v1.0/detail/ci40673562.geojson","felt":null,"cdi":null,"mmi":null,"alert":null,"status":"automatic","tsunami":0,"sig":4,"net":"ci","code":"40673562","ids":",ci40673562,","sources":",ci,","types":",nearby-cities,origin,phase-data,","nst":16,"dmin":0.1522,"rms":0.16,"gap":212,"magType":"ml","type":"earthquake","title":"M 0.5 - 15 km NNW of Warner Springs, CA"},"geometry":{"type":"Point","coordinates":[-116.692666666667,33.408,10.79]},"id":"ci40673562"},
{"type":"Feature","properties":{"mag":1.02,"place":"18 km ESE of Julian, CA","time":1786856047690,"updated":1786856262451,"tz":null,"url":"https://earthquake.usgs.gov/earthquakes/eventpage/ci40673554","detail":"https://earthquake.usgs.gov/earthquakes/feed/v1.0/detail/ci40673554.geojson","felt":null,"cdi":null,"mmi":null,"alert":null,"status":"automatic","tsunami":0,"sig":16,"net":"ci","code":"40673554","ids":",ci40673554,","sources":",ci,","types":",nearby-cities,origin,phase-data,scitech-link,","nst":17,"dmin":0.361,"rms":0.24,"gap":198,"magType":"ml","type":"earthquake","title":"M 1.0 - 18 km ESE of Julian, CA"},"geometry":{"type":"Point","coordinates":[-116.434166666667,33.0058333333333,6.04]},"id":"ci40673554"},
{"type":"Feature","properties":{"mag":2.6,"place":"59 km SSW of Whites City, New Mexico","time":1786855831898,"updated":1786865198112,"tz":null,"url":"https://earthquake.usgs.gov/earthquakes/eventpage/tx2026qbbjvl","detail":"https://earthquake.usgs.gov/earthquakes/feed/v1.0/detail/tx2026qbbjvl.geojson","felt":1,"cdi":2,"mmi":null,"alert":null,"status":"automatic","tsunami":0,"sig":104,"net":"tx","code":"2026qbbjvl","ids":",tx2026qbbjvl,us6000tl5i,","sources":",tx,us,","types":",dyfi,origin,phase-data,","nst":34,"dmin":0,"rms":0.4,"gap":73,"magType":"ml","type":"earthquake","title":"M 2.6 - 59 km SSW of Whites City, New Mexico"},"geometry":{"type":"Point","coordinates":[-104.517,31.652,3.9563]},"id":"tx2026qbbjvl"},
{"type":"Feature","properties":{"mag":2.6,"place":"5 km N of Jackson, Wyoming","time":1786854845414,"updated":1786858199650,"tz":null,"url":"https://earthquake.usgs.gov/earthquakes/eventpage/us6000tl5f","detail":"https://earthquake.usgs.gov/earthquakes/feed/v1.0/detail/us6000tl5f.geojson","felt":36,"cdi":3.8,"mmi":null,"alert":null,"status":"reviewed","tsunami":0,"sig":118,"net":"us","code":"6000tl5f","ids":",us6000tl5f,","sources":",us,","types":",dyfi,origin,phase-data,","nst":46,"dmin":0.073,"rms":0.61,"gap":48,"magType":"ml","type":"earthquake","title":"M 2.6 - 5 km N of Jackson, Wyoming"},"geometry":{"type":"Point","coordinates":[-110.7645,43.5327,5.765]},"id":"us6000tl5f"},
{"type":"Feature","properties":{"mag":0.76,"place":"8 km NW of The Geysers, CA","time":1786853683720,"updated":1786861344062,"tz":null,"url":"https://earthquake.usgs.gov/earthquakes/eventpage/nc75419227","detail":"https://earthquake.usgs.gov/earthquakes/feed/v1.0/detail/nc75419227.geojson","felt":null,"cdi":null,"mmi":null,"alert":null,"status":"automatic","tsunami":0,"sig":9,"net":"nc","code":"75419227","ids":",nc75419227,","sources":",nc,","types":",nearby-cities,origin,phase-data,scitech-link,","nst":7,"dmin":0.01053,"rms":0.15,"gap":151,"magType":"md","type":"earthquake","title":"M 0.8 - 8 km NW of The Geysers, CA"},"geometry":{"type":"Point","coordinates":[-122.818168640137,38.8318328857422,-0.720000028610229]},"id":"nc75419227"},
{"type":"Feature","properties":{"mag":2.3,"place":"53 km ENE of Pedro Bay, Alaska","time":1786853049862,"updated":1786853583121,"tz":null,"url":"https://earthquake.usgs.gov/earthquakes/eventpage/aka2026qdpcsg","detail":"https://earthquake.usgs.gov/earthquakes/feed/v1.0/detail/aka2026qdpcsg.geojson","felt":null,"cdi":null,"mmi":null,"alert":null,"status":"automatic","tsunami":0,"sig":81,"net":"ak","code":"a2026qdpcsg","ids":",aka2026qdpcsg,","sources":",ak,","types":",origin,phase-data,","nst":63,"dmin":0,"rms":0.6,"gap":78,"magType":"ml","type":"earthquake","title":"M 2.3 - 53 km ENE of Pedro Bay, Alaska"},"geometry":{"type":"Point","coordinates":[-153.219,59.964,131.9]},"id":"aka2026qdpcsg"},
{"type":"Feature","properties":{"mag":0.82,"place":"2 km SW of Anderson Springs, CA","time":1786852909320,"updated":1786859541853,"tz":null,"url":"https://earthquake.usgs.gov/earthquakes/eventpage/nc75419222","detail":"https://earthquake.usgs.gov/earthquakes/feed/v1.0/detail/nc75419222.geojson","felt":null,"cdi":null,"mmi":null,"alert":null,"status":"automatic","tsunami":0,"sig":10,"net":"nc","code":"75419222","ids":",nc75419222,","sources":",nc,","types":",nearby-cities,origin,phase-data,scitech-link,","nst":9,"dmin":0.01008,"rms":0.02,"gap":118,"magType":"md","type":"earthquake","title":"M 0.8 - 2 km SW of Anderson Springs, CA"},"geometry":{"type":"Point","coordinates":[-122.71199798584,38.7608337402344,1.02999997138977]},"id":"nc75419222"},
{"type":"Feature","properties":{"mag":2.1,"place":"54 km W of Mentone, Texas","time":1786852541051,"updated":1786853154230,"tz":null,"url":"https://earthquake.usgs.gov/earthquakes/eventpage/tx2026qazqpe","detail":"https://earthquake.usgs.gov/earthquakes/feed/v1.0/detail/tx2026qazqpe.geojson","felt":null,"cdi":null,"mmi":null,"alert":null,"status":"automatic","tsunami":0,"sig":68,"net":"tx","code":"2026qazqpe","ids":",tx2026qazqpe,","sources":",tx,","types":",origin,phase-data,","nst":37,"dmin":0.1,"rms":0.3,"gap":60,"magType":"ml","type":"earthquake","title":"M 2.1 - 54 km W of Mentone, Texas"},"geometry":{"type":"Point","coordinates":[-104.179,31.704,4.5659]},"id":"tx2026qazqpe"},
{"type":"Feature","properties":{"mag":2.1,"place":"55 km W of Mentone, Texas","time":1786852541039,"updated":1786856753178,"tz":null,"url":"https://earthquake.usgs.gov/earthquakes/eventpage/tx2026qazpun","detail":"https://earthquake.usgs.gov/earthquakes/feed/v1.0/detail/tx2026qazpun.geojson","felt":null,"cdi":null,"mmi":null,"alert":null,"status":"automatic","tsunami":0,"sig":68,"net":"tx","code":"2026qazpun","ids":",tx2026qazpun,","sources":",tx,","types":",origin,phase-data,","nst":37,"dmin":0.1,"rms":0.3,"gap":60,"magType":"ml","type":"earthquake","title":"M 2.1 - 55 km W of Mentone, Texas"},"geometry":{"type":"Point","coordinates":[-104.18,31.704,4.5901]},"id":"tx2026qazpun"},
{"type":"Feature","properties":{"mag":1.55,"place":"8 km NW of Redwood Valley, CA","time":1786852292240,"updated":1786858042687,"tz":null,"url":"https://earthquake.usgs.gov/earthquakes/eventpage/nc75419207","detail":"https://earthquake.usgs.gov/earthquakes/feed/v1.0/detail/nc75419207.geojson","felt":null,"cdi":null,"mmi":null,"alert":null,"status":"automatic","tsunami":0,"sig":37,"net":"nc","code":"75419207","ids":",nc75419207,","sources":",nc,","types":",nearby-cities,origin,phase-data,scitech-link,","nst":11,"dmin":0.06014,"rms":0.05,"gap":89,"magType":"md","type":"earthquake","title":"M 1.6 - 8 km NW of Redwood Valley, CA"},"geometry":{"type":"Point","coordinates":[-123.273002624512,39.3183326721191,5.53000020980835]},"id":"nc75419207"},
{"type":"Feature","properties":{"mag":4.1,"place":"1 km NE of Sarzana, Italy","time":1786852165874,"updated":1786866887195,"tz":null,"url":"https://earthquake.usgs.gov/earthquakes/eventpage/us6000tl58","detail":"https://earthquake.usgs.gov/earthquakes/feed/v1.0/detail/us6000tl58.geojson","felt":15,"cdi":4.6,"mmi":null,"alert":null,"status":"reviewed","tsunami":0,"sig":266,"net":"us","code":"6000tl58","ids":",us6000tl58,","sources":",us,","types":",dyfi,origin,phase-data,","nst":30,"dmin":0.758,"rms":1.41,"gap":88,"magType":"mb","type":"earthquake","title":"M 4.1 - 1 km NE of Sarzana, Italy"},"geometry":{"type":"Point","coordinates":[9.9725,44.1198,10]},"id":"us6000tl58"},
{"type":"Feature","properties":{"mag":5,"place":"45 km NNW of Ende, Indonesia","time":1786851779885,"updated":1786852713040,"tz":null,"url":"https://earthquake.usgs.gov/earthquakes/eventpage/us6000tl55","detail":"https://earthquake.usgs.gov/earthquakes/feed/v1.0/detail/us6000tl55.geojson","felt":null,"cdi":null,"mmi":null,"alert":null,"status":"reviewed","tsunami":0,"sig":385,"net":"us","code":"6000tl55","ids":",us6000tl55,","sources":",us,","types":",origin,phase-data,","nst":28,"dmin":3.013,"rms":1.13,"gap":76,"magType":"mb","type":"earthquake","title":"M 5.0 - 45 km NNW of Ende, Indonesia"},"geometry":{"type":"Point","coordinates":[121.5082,-8.4615,10]},"id":"us6000tl55"},
{"type":"Feature","properties":{"mag":1.9,"place":"55 km W of Mentone, Texas","time":1786850972710,"updated":1786853142911,"tz":null,"url":"https://earthquake.usgs.gov/earthquakes/eventpage/tx2026qaytzq","detail":"https://earthquake.usgs.gov/earthquakes/feed/v1.0/detail/tx2026qaytzq.geojson","felt":null,"cdi":null,"mmi":null,"alert":null,"status":"automatic","tsunami":0,"sig":56,"net":"tx","code":"2026qaytzq","ids":",tx2026qaytzq,","sources":",tx,","types":",origin,phase-data,","nst":21,"dmin":0.1,"rms":0.3,"gap":65,"magType":"ml","type":"earthquake","title":"M 1.9 - 55 km W of Mentone, Texas"},"geometry":{"type":"Point","coordinates":[-104.182,31.706,3.5699]},"id":"tx2026qaytzq"},
{"type":"Feature","properties":{"mag":1.53,"place":"35 km SSE of Tecate, B.C., MX","time":1786850801250,"updated":1786851011977,"tz":null,"url":"https://earthquake.usgs.gov/earthquakes/eventpage/ci40673530","detail":"https://earthquake.usgs.gov/earthquakes/feed/v1.0/detail/ci40673530.geojson","felt":null,"cdi":null,"mmi":null,"alert":null,"status":"automatic","tsunami":0,"sig":36,"net":"ci","code":"40673530","ids":",ci40673530,","sources":",ci,","types":",nearby-cities,origin,phase-data,scitech-link,","nst":24,"dmin":0.1241,"rms":0.16,"gap":98,"magType":"ml","type":"earthquake","title":"M 1.5 - 35 km SSE of Tecate, B.C., MX"},"geometry":{"type":"Point","coordinates":[-116.531333333333,32.2596666666667,7.73]},"id":"ci40673530"},
{"type":"Feature","properties":{"mag":0.67,"place":"6 km ENE of Lytle Creek, CA","time":1786850483700,"updated":1786850694723,"tz":null,"url":"https://earthquake.usgs.gov/earthquakes/eventpage/ci40673514","detail":"https://earthquake.usgs.gov/earthquakes/feed/v1.0/detail/ci40673514.geojson","felt":null,"cdi":null,"mmi":null,"alert":null,"status":"automatic","tsunami":0,"sig":7,"net":"ci","code":"40673514","ids":",ci40673514,","sources":",ci,","types":",nearby-cities,origin,phase-data,","nst":25,"dmin":0.01887,"rms":0.15,"gap":115,"magType":"ml","type":"earthquake","title":"M 0.7 - 6 km ENE of Lytle Creek, CA"},"geometry":{"type":"Point","coordinates":[-117.443166666667,34.282,11.69]},"id":"ci40673514"},
{"type":"Feature","properties":{"mag":6.1,"place":"56 km NNE of Port-Olry, Vanuatu","time":1786850424373,"updated":1786858078262,"tz":null,"url":"https://earthquake.usgs.gov/earthquakes/eventpage/us6000tl4w","detail":"https://earthquake.usgs.gov/earthquakes/feed/v1.0/detail/us6000tl4w.geojson","felt":1,"cdi":3.4,"mmi":3.908,"alert":"green","status":"reviewed","tsunami":0,"sig":573,"net":"us","code":"6000tl4w","ids":",us6000tl4w,","sources":",us,","types":",dyfi,ground-failure,losspager,moment-tensor,origin,phase-data,shakemap,","nst":75,"dmin":6.582,"rms":0.73,"gap":53,"magType":"mww","type":"earthquake","title":"M 6.1 - 56 km NNE of Port-Olry, Vanuatu"},"geometry":{"type":"Point","coordinates":[167.1934,-14.5474,188.148]},"id":"us6000tl4w"},
{"type":"Feature","properties":{"mag":1.9,"place":"15 km SSE of Westbrook, Texas","time":1786850312848,"updated":1786879165867,"tz":null,"url":"https://earthquake.usgs.gov/earthquakes/eventpage/tx2026qaykwt","detail":"https://earthquake.usgs.gov/earthquakes/feed/v1.0/detail/tx2026qaykwt.geojson","felt":null,"cdi":null,"mmi":null,"alert":null,"status":"automatic","tsunami":0,"sig":56,"net":"tx","code":"2026qaykwt","ids":",tx2026qaykwt,","sources":",tx,","types":",origin,phase-data,","nst":43,"dmin":0.3,"rms":0.3,"gap":112,"magType":"ml","type":"earthquake","title":"M 1.9 - 15 km SSE of Westbrook, Texas"},"geometry":{"type":"Point","coordinates":[-100.98,32.221,1.9265]},"id":"tx2026qaykwt"},
{"type":"Feature","properties":{"mag":2.5,"place":"95 km S of False Pass, Alaska","time":1786849643582,"updated":1786858105900,"tz":null,"url":"https://earthquake.usgs.gov/earthquakes/eventpage/aka2026qdnfmv","detail":"https://earthquake.usgs.gov/earthquakes/feed/v1.0/detail/aka2026qdnfmv.geojson","felt":null,"cdi":null,"mmi":null,"alert":null,"status":"reviewed","tsunami":0,"sig":96,"net":"ak","code":"a2026qdnfmv","ids":",aka2026qdnfmv,","sources":",ak,","types":",origin,phase-data,","nst":13,"dmin":0.7,"rms":0.5,"gap":274,"magType":"ml","type":"earthquake","title":"M 2.5 - 95 km S of False Pass, Alaska"},"geometry":{"type":"Point","coordinates":[-163.168,54.012,19.5]},"id":"aka2026qdnfmv"},
{"type":"Feature","properties":{"mag":1.01,"place":"5 km NNE of Lake Henshaw, CA","time":1786849578560,"updated":1786849789518,"tz":null,"url":"https://earthquake.usgs.gov/earthquakes/eventpage/ci40673506","detail":"https://earthquake.usgs.gov/earthquakes/feed/v1.0/detail/ci40673506.geojson","felt":null,"cdi":null,"mmi":null,"alert":null,"status":"automatic","tsunami":0,"sig":16,"net":"ci","code":"40673506","ids":",ci40673506,","sources":",ci,","types":",nearby-cities,origin,phase-data,","nst":60,"dmin":0.05343,"rms":0.17,"gap":19,"magType":"ml","type":"earthquake","title":"M 1.0 - 5 km NNE of Lake Henshaw, CA"},"geometry":{"type":"Point","coordinates":[-116.746166666667,33.2885,12.12]},"id":"ci40673506"},
{"type":"Feature","properties":{"mag":1.3,"place":"31 km ESE of Minto, Alaska","time":1786848477628,"updated":1786848535752,"tz":null,"url":"https://earthquake.usgs.gov/earthquakes/eventpage/aka2026qdmoqo","detail":"https://earthquake.usgs.gov/earthquakes/feed/v1.0/detail/aka2026qdmoqo.geojson","felt":null,"cdi":null,"mmi":null,"alert":null,"status":"automatic","tsunami":0,"sig":26,"net":"ak","code":"a2026qdmoqo","ids":",aka2026qdmoqo,","sources":",ak,","types":",origin,phase-data,","nst":12,"dmin":0.2,"rms":0.3,"gap":78,"magType":"ml","type":"earthquake","title":"M 1.3 - 31 km ESE of Minto, Alaska"},"geometry":{"type":"Point","coordinates":[-148.715,65.059,6.2]},"id":"aka2026qdmoqo"},
{"type":"Feature","properties":{"mag":0.91,"place":"10 km ENE of Coso Junction, CA","time":1786847653590,"updated":1786847858213,"tz":null,"url":"https://earthquake.usgs.gov/earthquakes/eventpage/ci40673498","detail":"https://earthquake.usgs.gov/earthquakes/feed/v1.0/detail/ci40673498.geojson","felt":null,"cdi":null,"mmi":null,"alert":null,"status":"automatic","tsunami":0,"sig":13,"net":"ci","code":"40673498","ids":",ci40673498,","sources":",ci,","types":",nearby-cities,origin,phase-data,","nst":21,"dmin":0.05124,"rms":0.14,"gap":62,"magType":"ml","type":"earthquake","title":"M 0.9 - 10 km ENE of Coso Junction, CA"},"geometry":{"type":"Point","coordinates":[-117.837666666667,36.0681666666667,2.79]},"id":"ci40673498"},
{"type":"Feature","properties":{"mag":0.53,"place":"12 km NE of Julian, CA","time":1786847603660,"updated":1786847810434,"tz":null,"url":"https://earthquake.usgs.gov/earthquakes/eventpage/ci40673490","detail":"https://earthquake.usgs.gov/earthquakes/feed/v1.0/detail/ci40673490.geojson","felt":null,"cdi":null,"mmi":null,"alert":null,"status":"automatic","tsunami":0,"sig":4,"net":"ci","code":"40673490","ids":",ci40673490,","sources":",ci,","types":",nearby-cities,origin,phase-data,","nst":26,"dmin":0.1041,"rms":0.19,"gap":95,"magType":"ml","type":"earthquake","title":"M 0.5 - 12 km NE of Julian, CA"},"geometry":{"type":"Point","coordinates":[-116.5175,33.1606666666667,5.81]},"id":"ci40673490"},
{"type":"Feature","properties":{"mag":1.5,"place":"118 km SE of McCarthy, Alaska","time":1786847148757,"updated":1786847237400,"tz":null,"url":"https://earthquake.usgs.gov/earthquakes/eventpage/aka2026qdlvlg","detail":"https://earthquake.usgs.gov/earthquakes/feed/v1.0/detail/aka2026qdlvlg.geojson","felt":null,"cdi":null,"mmi":null,"alert":null,"status":"automatic","tsunami":0,"sig":35,"net":"ak","code":"a2026qdlvlg","ids":",aka2026qdlvlg,","sources":",ak,","types":",origin,phase-data,","nst":17,"dmin":0.2,"rms":1,"gap":104,"magType":"ml","type":"earthquake","title":"M 1.5 - 118 km SE of McCarthy, Alaska"},"geometry":{"type":"Point","coordinates":[-141.552,60.6,7.9]},"id":"aka2026qdlvlg"},
{"type":"Feature","properties":{"mag":2.05,"place":"3 km NW of Pinnacles, CA","time":1786846703470,"updated":1786854741341,"tz":null,"url":"https://earthquake.usgs.gov/earthquakes/eventpage/nc75419172","detail":"https://earthquake.usgs.gov/earthquakes/feed/v1.0/detail/nc75419172.geojson","felt":null,"cdi":null,"mmi":null,"alert":null,"status":"automatic","tsunami":0,"sig":65,"net":"nc","code":"75419172","ids":",nc75419172,","sources":",nc,","types":",focal-mechanism,nearby-cities,origin,phase-data,scitech-link,","nst":32,"dmin":0.02905,"rms":0.35,"gap":47,"magType":"md","type":"earthquake","title":"M 2.1 - 3 km NW of Pinnacles, CA"},"geometry":{"type":"Point","coordinates":[-121.166000366211,36.5471649169922,1.4099999666214]},"id":"nc75419172"},
{"type":"Feature","properties":{"mag":2.66,"place":"12 km SSW of Volcano, Hawaii","time":1786846542600,"updated":1786846756680,"tz":null,"url":"https://earthquake.usgs.gov/earthquakes/eventpage/hv75019392","detail":"https://earthquake.usgs.gov/earthquakes/feed/v1.0/detail/hv75019392.geojson","felt":null,"cdi":null,"mmi":null,"alert":null,"status":"automatic","tsunami":0,"sig":109,"net":"hv","code":"75019392","ids":",hv75019392,","sources":",hv,","types":",origin,phase-data,","nst":19,"dmin":0.02965,"rms":0.109999999,"gap":85,"magType":"md","type":"earthquake","title":"M 2.7 - 12 km SSW of Volcano, Hawaii"},"geometry":{"type":"Point","coordinates":[-155.269836425781,19.3330001831055,30.8700008392334]},"id":"hv75019392"},
{"type":"Feature","properties":{"mag":1.04,"place":"7 km W of Cobb, CA","time":1786846201770,"updated":1786848445601,"tz":null,"url":"https://earthquake.usgs.gov/earthquakes/eventpage/nc75419162","detail":"https://earthquake.usgs.gov/earthquakes/feed/v1.0/detail/nc75419162.geojson","felt":null,"cdi":null,"mmi":null,"alert":null,"status":"automatic","tsunami":0,"sig":17,"net":"nc","code":"75419162","ids":",nc75419162,","sources":",nc,","types":",nearby-cities,origin,phase-data,scitech-link,","nst":14,"dmin":0.007891,"rms":0.01,"gap":63,"magType":"md","type":"earthquake","title":"M 1.0 - 7 km W of Cobb, CA"},"geometry":{"type":"Point","coordinates":[-122.806663513184,38.8308334350586,2.0699999332428]},"id":"nc75419162"},
{"type":"Feature","properties":{"mag":1.75,"place":"10 km ENE of Coso Junction, CA","time":1786845375630,"updated":1786845584349,"tz":null,"url":"https://earthquake.usgs.gov/earthquakes/eventpage/ci40673482","detail":"https://earthquake.usgs.gov/earthquakes/feed/v1.0/detail/ci40673482.geojson","felt":null,"cdi":null,"mmi":null,"alert":null,"status":"automatic","tsunami":0,"sig":47,"net":"ci","code":"40673482","ids":",ci40673482,","sources":",ci,","types":",nearby-cities,origin,phase-data,scitech-link,","nst":29,"dmin":0.05244,"rms":0.15,"gap":50,"magType":"ml","type":"earthquake","title":"M 1.8 - 10 km ENE of Coso Junction, CA"},"geometry":{"type":"Point","coordinates":[-117.8415,36.0661666666667,2.48]},"id":"ci40673482"},
{"type":"Feature","properties":{"mag":2.68,"place":"3 km SW of Fuig, Puerto Rico","time":1786845246020,"updated":1786846041990,"tz":null,"url":"https://earthquake.usgs.gov/earthquakes/eventpage/pr71528643","detail":"https://earthquake.usgs.gov/earthquakes/feed/v1.0/detail/pr71528643.geojson","felt":null,"cdi":null,"mmi":null,"alert":null,"status":"reviewed","tsunami":0,"sig":110,"net":"pr","code":"71528643","ids":",pr71528643,","sources":",pr,","types":",origin,phase-data,","nst":15,"dmin":0.03357,"rms":0.09,"gap":184,"magType":"md","type":"earthquake","title":"M 2.7 - 3 km SW of Fuig, Puerto Rico"},"geometry":{"type":"Point","coordinates":[-66.9438333333333,17.9698333333333,11.19]},"id":"pr71528643"},
{"type":"Feature","properties":{"mag":1.2,"place":"10 km ENE of Coso Junction, CA","time":1786845180830,"updated":1786845380971,"tz":null,"url":"https://earthquake.usgs.gov/earthquakes/eventpage/ci40673474","detail":"https://earthquake.usgs.gov/earthquakes/feed/v1.0/detail/ci40673474.geojson","felt":null,"cdi":null,"mmi":null,"alert":null,"status":"automatic","tsunami":0,"sig":22,"net":"ci","code":"40673474","ids":",ci40673474,","sources":",ci,","types":",nearby-cities,origin,phase-data,","nst":23,"dmin":0.05209,"rms":0.13,"gap":50,"magType":"ml","type":"earthquake","title":"M 1.2 - 10 km ENE of Coso Junction, CA"},"geometry":{"type":"Point","coordinates":[-117.842666666667,36.0663333333333,2.49]},"id":"ci40673474"},
{"type":"Feature","properties":{"mag":1.42,"place":"27 km NNE of Montecito, CA","time":1786844690710,"updated":1786844896874,"tz":null,"url":"https://earthquake.usgs.gov/earthquakes/eventpage/ci40673466","detail":"https://earthquake.usgs.gov/earthquakes/feed/v1.0/detail/ci40673466.geojson","felt":null,"cdi":null,"mmi":null,"alert":null,"status":"automatic","tsunami":0,"sig":31,"net":"ci","code":"40673466","ids":",ci40673466,","sources":",ci,","types":",nearby-cities,origin,phase-data,scitech-link,","nst":34,"dmin":0.1365,"rms":0.19,"gap":47,"magType":"ml","type":"earthquake","title":"M 1.4 - 27 km NNE of Montecito, CA"},"geometry":{"type":"Point","coordinates":[-119.538166666667,34.6633333333333,2.27]},"id":"ci40673466"},
{"type":"Feature","properties":{"mag":2.85,"place":"4 km WSW of Guánica, Puerto Rico","time":1786844325770,"updated":1786845816890,"tz":null,"url":"https://earthquake.usgs.gov/earthquakes/eventpage/pr71528633","detail":"https://earthquake.usgs.gov/earthquakes/feed/v1.0/detail/pr71528633.geojson","felt":null,"cdi":null,"mmi":null,"alert":null,"status":"reviewed","tsunami":0,"sig":125,"net":"pr","code":"71528633","ids":",us6000tl4i,pr71528633,","sources":",us,pr,","types":",origin,phase-data,","nst":26,"dmin":0.03651,"rms":0.24,"gap":181,"magType":"md","type":"earthquake","title":"M 2.9 - 4 km WSW of Guánica, Puerto Rico"},"geometry":{"type":"Point","coordinates":[-66.9413333333333,17.953,13.55]},"id":"pr71528633"},
{"type":"Feature","properties":{"mag":3.01,"place":"12 km W of Volcano, Hawaii","time":1786840326750,"updated":1786869318372,"tz":null,"url":"https://earthquake.usgs.gov/earthquakes/eventpage/hv75019372","detail":"https://earthquake.usgs.gov/earthquakes/feed/v1.0/detail/hv75019372.geojson","felt":9,"cdi":2.5,"mmi":3.733,"alert":null,"status":"reviewed","tsunami":0,"sig":142,"net":"hv","code":"75019372","ids":",hv75019372,us6000tl4g,","sources":",hv,us,","types":",dyfi,origin,phase-data,shakemap,","nst":49,"dmin":0.05523,"rms":0.13,"gap":48,"magType":"ml","type":"earthquake","title":"M 3.0 - 12 km W of Volcano, Hawaii"},"geometry":{"type":"Point","coordinates":[-155.353166666667,19.4298333333333,7.98]},"id":"hv75019372"},
{"type":"Feature","properties":{"mag":4.2,"place":"11 km SSW of Piedecuesta, Colombia","time":1786839496411,"updated":1786850855040,"tz":null,"url":"https://earthquake.usgs.gov/earthquakes/eventpage/us6000tl4c","detail":"https://earthquake.usgs.gov/earthquakes/feed/v1.0/detail/us6000tl4c.geojson","felt":null,"cdi":null,"mmi":null,"alert":null,"status":"reviewed","tsunami":0,"sig":271,"net":"us","code":"6000tl4c","ids":",us6000tl4c,","sources":",us,","types":",origin,phase-data,","nst":29,"dmin":0.991,"rms":0.77,"gap":118,"magType":"mb","type":"earthquake","title":"M 4.2 - 11 km SSW of Piedecuesta, Colombia"},"geometry":{"type":"Point","coordinates":[-73.0936,6.8902,146.651]},"id":"us6000tl4c"},
{"type":"Feature","properties":{"mag":0.96,"place":"19 km ESE of Julian, CA","time":1786839364770,"updated":1786839574561,"tz":null,"url":"https://earthquake.usgs.gov/earthquakes/eventpage/ci40673458","detail":"https://earthquake.usgs.gov/earthquakes/feed/v1.0/detail/ci40673458.geojson","felt":null,"cdi":null,"mmi":null,"alert":null,"status":"automatic","tsunami":0,"sig":14,"net":"ci","code":"40673458","ids":",ci40673458,","sources":",ci,","types":",nearby-cities,origin,phase-data,","nst":42,"dmin":0.05275,"rms":0.18,"gap":62,"magType":"ml","type":"earthquake","title":"M 1.0 - 19 km ESE of Julian, CA"},"geometry":{"type":"Point","coordinates":[-116.407833333333,33.031,8.69]},"id":"ci40673458"},
{"type":"Feature","properties":{"mag":1.43,"place":"13 km WSW of Searles Valley, CA","time":1786838421620,"updated":1786838622990,"tz":null,"url":"https://earthquake.usgs.gov/earthquakes/eventpage/ci40673450","detail":"https://earthquake.usgs.gov/earthquakes/feed/v1.0/detail/ci40673450.geojson","felt":null,"cdi":null,"mmi":null,"alert":null,"status":"automatic","tsunami":0,"sig":31,"net":"ci","code":"40673450","ids":",ci40673450,","sources":",ci,","types":",nearby-cities,origin,phase-data,scitech-link,","nst":31,"dmin":0.08952,"rms":0.14,"gap":68,"magType":"ml","type":"earthquake","title":"M 1.4 - 13 km WSW of Searles Valley, CA"},"geometry":{"type":"Point","coordinates":[-117.5385,35.74,6.65]},"id":"ci40673450"},
{"type":"Feature","properties":{"mag":1.7,"place":"43 km NW of Toyah, Texas","time":1786837752097,"updated":1786838011012,"tz":null,"url":"https://earthquake.usgs.gov/earthquakes/eventpage/tx2026qarmkd","detail":"https://earthquake.usgs.gov/earthquakes/feed/v1.0/detail/tx2026qarmkd.geojson","felt":null,"cdi":null,"mmi":null,"alert":null,"status":"automatic","tsunami":0,"sig":44,"net":"tx","code":"2026qarmkd","ids":",tx2026qarmkd,","sources":",tx,","types":",origin,phase-data,","nst":38,"dmin":0,"rms":0.4,"gap":56,"magType":"ml","type":"earthquake","title":"M 1.7 - 43 km NW of Toyah, Texas"},"geometry":{"type":"Point","coordinates":[-104.097,31.612,4.8026]},"id":"tx2026qarmkd"},
{"type":"Feature","properties":{"mag":2.3,"place":"9 km ESE of Pearsall, Texas","time":1786836282070,"updated":1786875246795,"tz":null,"url":"https://earthquake.usgs.gov/earthquakes/eventpage/tx2026qaqrjz","detail":"https://earthquake.usgs.gov/earthquakes/feed/v1.0/detail/tx2026qaqrjz.geojson","felt":null,"cdi":null,"mmi":null,"alert":null,"status":"automatic","tsunami":0,"sig":81,"net":"tx","code":"2026qaqrjz","ids":",tx2026qaqrjz,","sources":",tx,","types":",origin,phase-data,","nst":10,"dmin":0.1,"rms":0.4,"gap":147,"magType":"ml","type":"earthquake","title":"M 2.3 - 9 km ESE of Pearsall, Texas"},"geometry":{"type":"Point","coordinates":[-98.998,28.872,9.2231]},"id":"tx2026qaqrjz"},
{"type":"Feature","properties":{"mag":0.77,"place":"13 km WSW of Salton City, CA","time":1786835818690,"updated":1786836026961,"tz":null,"url":"https://earthquake.usgs.gov/earthquakes/eventpage/ci40673426","detail":"https://earthquake.usgs.gov/earthquakes/feed/v1.0/detail/ci40673426.geojson","felt":null,"cdi":null,"mmi":null,"alert":null,"status":"automatic","tsunami":0,"sig":9,"net":"ci","code":"40673426","ids":",ci40673426,","sources":",ci,","types":",nearby-cities,origin,phase-data,","nst":34,"dmin":0.08341,"rms":0.23,"gap":63,"magType":"ml","type":"earthquake","title":"M 0.8 - 13 km WSW of Salton City, CA"},"geometry":{"type":"Point","coordinates":[-116.0785,33.2495,10.77]},"id":"ci40673426"},
{"type":"Feature","properties":{"mag":1.14,"place":"4 km NW of The Geysers, CA","time":1786835691470,"updated":1786839446616,"tz":null,"url":"https://earthquake.usgs.gov/earthquakes/eventpage/nc75419067","detail":"https://earthquake.usgs.gov/earthquakes/feed/v1.0/detail/nc75419067.geojson","felt":null,"cdi":null,"mmi":null,"alert":null,"status":"automatic","tsunami":0,"sig":20,"net":"nc","code":"75419067","ids":",nc75419067,","sources":",nc,","types":",nearby-cities,origin,phase-data,scitech-link,","nst":23,"dmin":0.009752,"rms":0.02,"gap":65,"magType":"md","type":"earthquake","title":"M 1.1 - 4 km NW of The Geysers, CA"},"geometry":{"type":"Point","coordinates":[-122.780166625977,38.8035011291504,3.21000003814697]},"id":"nc75419067"},
{"type":"Feature","properties":{"mag":5,"place":"80 km N of Ruteng, Indonesia","time":1786835574664,"updated":1786836915040,"tz":null,"url":"https://earthquake.usgs.gov/earthquakes/eventpage/us6000tl44","detail":"https://earthquake.usgs.gov/earthquakes/feed/v1.0/detail/us6000tl44.geojson","felt":null,"cdi":null,"mmi":null,"alert":null,"status":"reviewed","tsunami":0,"sig":385,"net":"us","code":"6000tl44","ids":",us6000tl44,","sources":",us,","types":",origin,phase-data,","nst":47,"dmin":2.955,"rms":1.4,"gap":64,"magType":"mb","type":"earthquake","title":"M 5.0 - 80 km N of Ruteng, Indonesia"},"geometry":{"type":"Point","coordinates":[120.5156,-7.8894,10]},"id":"us6000tl44"},
{"type":"Feature","properties":{"mag":1.18,"place":"5 km WNW of Cobb, CA","time":1786834802630,"updated":1786837939481,"tz":null,"url":"https://earthquake.usgs.gov/earthquakes/eventpage/nc75419062","detail":"https://earthquake.usgs.gov/earthquakes/feed/v1.0/detail/nc75419062.geojson","felt":null,"cdi":null,"mmi":null,"alert":null,"status":"automatic","tsunami":0,"sig":21,"net":"nc","code":"75419062","ids":",nc75419062,","sources":",nc,","types":",nearby-cities,origin,phase-data,scitech-link,","nst":24,"dmin":0.007904,"rms":0.03,"gap":78,"magType":"md","type":"earthquake","title":"M 1.2 - 5 km WNW of Cobb, CA"},"geometry":{"type":"Point","coordinates":[-122.781669616699,38.8343315124512,1.88999998569489]},"id":"nc75419062"},
{"type":"Feature","properties":{"mag":5.4,"place":"19 km NE of Colonia, Micronesia","time":1786834375761,"updated":1786857580147,"tz":null,"url":"https://earthquake.usgs.gov/earthquakes/eventpage/us6000tl43","detail":"https://earthquake.usgs.gov/earthquakes/feed/v1.0/detail/us6000tl43.geojson","felt":7,"cdi":4.8,"mmi":5.965,"alert":"green","status":"reviewed","tsunami":0,"sig":452,"net":"us","code":"6000tl43","ids":",us6000tl43,","sources":",us,","types":",dyfi,ground-failure,losspager,moment-tensor,origin,phase-data,shakemap,","nst":70,"dmin":9.236,"rms":1.13,"gap":102,"magType":"mww","type":"earthquake","title":"M 5.4 - 19 km NE of Colonia, Micronesia"},"geometry":{"type":"Point","coordinates":[138.224,9.6571,10]},"id":"us6000tl43"},
{"type":"Feature","properties":{"mag":4.4,"place":"83 km SSW of Puerto San José, Guatemala","time":1786833924028,"updated":1786849808040,"tz":null,"url":"https://earthquake.usgs.gov/earthquakes/eventpage/us6000tl40","detail":"https://earthquake.usgs.gov/earthquakes/feed/v1.0/detail/us6000tl40.geojson","felt":null,"cdi":null,"mmi":null,"alert":null,"status":"reviewed","tsunami":0,"sig":298,"net":"us","code":"6000tl40","ids":",us6000tl40,","sources":",us,","types":",origin,phase-data,","nst":53,"dmin":1.369,"rms":1.44,"gap":204,"magType":"mb","type":"earthquake","title":"M 4.4 - 83 km SSW of Puerto San José, Guatemala"},"geometry":{"type":"Point","coordinates":[-90.984,13.189,10]},"id":"us6000tl40"},
{"type":"Feature","properties":{"mag":3.6,"place":"22 km ENE of Point Possession, Alaska","time":1786833690827,"updated":1786849579415,"tz":null,"url":"https://earthquake.usgs.gov/earthquakes/eventpage/aka2026qdeiyi","detail":"https://earthquake.usgs.gov/earthquakes/feed/v1.0/detail/aka2026qdeiyi.geojson","felt":6,"cdi":2.2,"mmi":2.775,"alert":null,"status":"automatic","tsunami":0,"sig":201,"net":"ak","code":"a2026qdeiyi","ids":",aka2026qdeiyi,us6000tl3y,","sources":",ak,us,","types":",dyfi,origin,phase-data,shakemap,","nst":127,"dmin":0.2,"rms":0.8,"gap":64,"magType":"ml","type":"earthquake","title":"M 3.6 - 22 km ENE of Point Possession, Alaska"},"geometry":{"type":"Point","coordinates":[-150.288,60.97,47]},"id":"aka2026qdeiyi"},
{"type":"Feature","properties":{"mag":0.8,"place":"25 km W of Garden City, Texas","time":1786833474339,"updated":1786834671645,"tz":null,"url":"https://earthquake.usgs.gov/earthquakes/eventpage/tx2026qapdby","detail":"https://earthquake.usgs.gov/earthquakes/feed/v1.0/detail/tx2026qapdby.geojson","felt":null,"cdi":null,"mmi":null,"alert":null,"status":"automatic","tsunami":0,"sig":10,"net":"tx","code":"2026qapdby","ids":",tx2026qapdby,","sources":",tx,","types":",origin,phase-data,","nst":8,"dmin":0,"rms":0.6,"gap":175,"magType":"ml","type":"earthquake","title":"M 0.8 - 25 km W of Garden City, Texas"},"geometry":{"type":"Point","coordinates":[-101.746,31.876,0]},"id":"tx2026qapdby"},
{"type":"Feature","properties":{"mag":3.73,"place":"11 km SSW of Volcano, Hawaii","time":1786833125830,"updated":1786869319708,"tz":null,"url":"https://earthquake.usgs.gov/earthquakes/eventpage/hv75019342","detail":"https://earthquake.usgs.gov/earthquakes/feed/v1.0/detail/hv75019342.geojson","felt":65,"cdi":3.4,"mmi":3.626,"alert":null,"status":"reviewed","tsunami":0,"sig":236,"net":"hv","code":"75019342","ids":",hv75019342,us6000tl3w,","sources":",hv,us,","types":",dyfi,origin,phase-data,shakemap,","nst":59,"dmin":0.02549,"rms":0.12,"gap":73,"magType":"ml","type":"earthquake","title":"M 3.7 - 11 km SSW of Volcano, Hawaii"},"geometry":{"type":"Point","coordinates":[-155.275,19.3421666666667,30.64]},"id":"hv75019342"},
{"type":"Feature","properties":{"mag":1.16,"place":"10 km ENE of Coso Junction, CA","time":1786832654730,"updated":1786832860007,"tz":null,"url":"https://earthquake.usgs.gov/earthquakes/eventpage/ci40673418","detail":"https://earthquake.usgs.gov/earthquakes/feed/v1.0/detail/ci40673418.geojson","felt":null,"cdi":null,"mmi":null,"alert":null,"status":"automatic","tsunami":0,"sig":21,"net":"ci","code":"40673418","ids":",ci40673418,","sources":",ci,","types":",nearby-cities,origin,phase-data,","nst":22,"dmin":0.05184,"rms":0.12,"gap":50,"magType":"ml","type":"earthquake","title":"M 1.2 - 10 km ENE of Coso Junction, CA"},"geometry":{"type":"Point","coordinates":[-117.842166666667,36.0666666666667,2.88]},"id":"ci40673418"},
{"type":"Feature","properties":{"mag":2,"place":"10 km E of Pearsall, Texas","time":1786831967875,"updated":1786832130780,"tz":null,"url":"https://earthquake.usgs.gov/earthquakes/eventpage/tx2026qaohkr","detail":"https://earthquake.usgs.gov/earthquakes/feed/v1.0/detail/tx2026qaohkr.geojson","felt":null,"cdi":null,"mmi":null,"alert":null,"status":"automatic","tsunami":0,"sig":62,"net":"tx","code":"2026qaohkr","ids":",tx2026qaohkr,","sources":",tx,","types":",origin,phase-data,","nst":6,"dmin":0.2,"rms":0.3,"gap":161,"magType":"ml","type":"earthquake","title":"M 2.0 - 10 km E of Pearsall, Texas"},"geometry":{"type":"Point","coordinates":[-98.993,28.878,0]},"id":"tx2026qaohkr"},
{"type":"Feature","properties":{"mag":4.4,"place":"74 km ESE of Sarangani, Philippines","time":1786831803063,"updated":1786848242040,"tz":null,"url":"https://earthquake.usgs.gov/earthquakes/eventpage/us6000tl3u","detail":"https://earthquake.usgs.gov/earthquakes/feed/v1.0/detail/us6000tl3u.geojson","felt":null,"cdi":null,"mmi":null,"alert":null,"status":"reviewed","tsunami":0,"sig":298,"net":"us","code":"6000tl3u","ids":",us6000tl3u,","sources":",us,","types":",origin,phase-data,","nst":30,"dmin":1.952,"rms":0.93,"gap":114,"magType":"mb","type":"earthquake","title":"M 4.4 - 74 km ESE of Sarangani, Philippines"},"geometry":{"type":"Point","coordinates":[126.0929,5.173,93.165]},"id":"us6000tl3u"},
{"type":"Feature","properties":{"mag":1.39,"place":"7 km S of Palomar Observatory, CA","time":1786831651610,"updated":1786832318300,"tz":null,"url":"https://earthquake.usgs.gov/earthquakes/eventpage/ci40673410","detail":"https://earthquake.usgs.gov/earthquakes/feed/v1.0/detail/ci40673410.geojson","felt":null,"cdi":null,"mmi":null,"alert":null,"status":"automatic","tsunami":0,"sig":30,"net":"ci","code":"40673410","ids":",ci40673410,","sources":",ci,","types":",focal-mechanism,nearby-cities,origin,phase-data,","nst":69,"dmin":0.057,"rms":0.19,"gap":22,"magType":"ml","type":"earthquake","title":"M 1.4 - 7 km S of Palomar Observatory, CA"},"geometry":{"type":"Point","coordinates":[-116.8685,33.2966666666667,10.8]},"id":"ci40673410"},
{"type":"Feature","properties":{"mag":0.56,"place":"3 km ESE of Lake Henshaw, CA","time":1786829772540,"updated":1786829974171,"tz":null,"url":"https://earthquake.usgs.gov/earthquakes/eventpage/ci40673394","detail":"https://earthquake.usgs.gov/earthquakes/feed/v1.0/detail/ci40673394.geojson","felt":null,"cdi":null,"mmi":null,"alert":null,"status":"automatic","tsunami":0,"sig":5,"net":"ci","code":"40673394","ids":",ci40673394,","sources":",ci,","types":",nearby-cities,origin,phase-data,","nst":30,"dmin":0.01823,"rms":0.15,"gap":43,"magType":"ml","type":"earthquake","title":"M 0.6 - 3 km ESE of Lake Henshaw, CA"},"geometry":{"type":"Point","coordinates":[-116.737333333333,33.2328333333333,11.96]},"id":"ci40673394"},
{"type":"Feature","properties":{"mag":0.83,"place":"5 km WNW of The Geysers, CA","time":1786829328880,"updated":1786829424200,"tz":null,"url":"https://earthquake.usgs.gov/earthquakes/eventpage/nc75419027","detail":"https://earthquake.usgs.gov/earthquakes/feed/v1.0/detail/nc75419027.geojson","felt":null,"cdi":null,"mmi":null,"alert":null,"status":"automatic","tsunami":0,"sig":11,"net":"nc","code":"75419027","ids":",nc75419027,","sources":",nc,","types":",nearby-cities,origin,phase-data,","nst":17,"dmin":0.00819,"rms":0.02,"gap":85,"magType":"md","type":"earthquake","title":"M 0.8 - 5 km WNW of The Geysers, CA"},"geometry":{"type":"Point","coordinates":[-122.80916595459,38.7949981689453,3.69000005722046]},"id":"nc75419027"},
{"type":"Feature","properties":{"mag":0.92,"place":"10 km ENE of Ocotillo Wells, CA","time":1786829031740,"updated":1786829232929,"tz":null,"url":"https://earthquake.usgs.gov/earthquakes/eventpage/ci40673370","detail":"https://earthquake.usgs.gov/earthquakes/feed/v1.0/detail/ci40673370.geojson","felt":null,"cdi":null,"mmi":null,"alert":null,"status":"automatic","tsunami":0,"sig":13,"net":"ci","code":"40673370","ids":",ci40673370,","sources":",ci,","types":",nearby-cities,origin,phase-data,","nst":36,"dmin":0.04689,"rms":0.2,"gap":45,"magType":"ml","type":"earthquake","title":"M 0.9 - 10 km ENE of Ocotillo Wells, CA"},"geometry":{"type":"Point","coordinates":[-116.0325,33.183,4.88]},"id":"ci40673370"},
{"type":"Feature","properties":{"mag":4.7,"place":"86 km N of Ruteng, Indonesia","time":1786828112582,"updated":1786840365040,"tz":null,"url":"https://earthquake.usgs.gov/earthquakes/eventpage/us6000tl3n","detail":"https://earthquake.usgs.gov/earthquakes/feed/v1.0/detail/us6000tl3n.geojson","felt":null,"cdi":null,"mmi":null,"alert":null,"status":"reviewed","tsunami":0,"sig":340,"net":"us","code":"6000tl3n","ids":",us6000tl3n,","sources":",us,","types":",origin,phase-data,","nst":32,"dmin":2.896,"rms":1.03,"gap":73,"magType":"mb","type":"earthquake","title":"M 4.7 - 86 km N of Ruteng, Indonesia"},"geometry":{"type":"Point","coordinates":[120.5111,-7.8284,10]},"id":"us6000tl3n"},
{"type":"Feature","properties":{"mag":1.6,"place":"9 km SW of Lindsay, Texas","time":1786827921142,"updated":1786831273966,"tz":null,"url":"https://earthquake.usgs.gov/earthquakes/eventpage/tx2026qambhg","detail":"https://earthquake.usgs.gov/earthquakes/feed/v1.0/detail/tx2026qambhg.geojson","felt":null,"cdi":null,"mmi":null,"alert":null,"status":"automatic","tsunami":0,"sig":39,"net":"tx","code":"2026qambhg","ids":",tx2026qambhg,","sources":",tx,","types":",origin,phase-data,","nst":13,"dmin":0,"rms":0.7,"gap":111,"magType":"ml","type":"earthquake","title":"M 1.6 - 9 km SW of Lindsay, Texas"},"geometry":{"type":"Point","coordinates":[-103.599,31.296,4.8177]},"id":"tx2026qambhg"},
{"type":"Feature","properties":{"mag":2.13,"place":"5 km NNW of The Geysers, CA","time":1786826516040,"updated":1786842739980,"tz":null,"url":"https://earthquake.usgs.gov/earthquakes/eventpage/nc75418992","detail":"https://earthquake.usgs.gov/earthquakes/feed/v1.0/detail/nc75418992.geojson","felt":null,"cdi":null,"mmi":null,"alert":null,"status":"automatic","tsunami":0,"sig":70,"net":"nc","code":"75418992","ids":",nc75418992,","sources":",nc,","types":",focal-mechanism,nearby-cities,origin,phase-data,scitech-link,","nst":50,"dmin":0.008481,"rms":0.07,"gap":54,"magType":"md","type":"earthquake","title":"M 2.1 - 5 km NNW of The Geysers, CA"},"geometry":{"type":"Point","coordinates":[-122.789833068848,38.8178329467773,2.51999998092651]},"id":"nc75418992"},
{"type":"Feature","properties":{"mag":1.1,"place":"2 km N of The Geysers, CA","time":1786826368280,"updated":1786841842874,"tz":null,"url":"https://earthquake.usgs.gov/earthquakes/eventpage/nc75418982","detail":"https://earthquake.usgs.gov/earthquakes/feed/v1.0/detail/nc75418982.geojson","felt":null,"cdi":null,"mmi":null,"alert":null,"status":"automatic","tsunami":0,"sig":19,"net":"nc","code":"75418982","ids":",nc75418982,","sources":",nc,","types":",nearby-cities,origin,phase-data,scitech-link,","nst":15,"dmin":0.006296,"rms":0.03,"gap":74,"magType":"md","type":"earthquake","title":"M 1.1 - 2 km N of The Geysers, CA"},"geometry":{"type":"Point","coordinates":[-122.759162902832,38.7943344116211,1.13999998569489]},"id":"nc75418982"},
{"type":"Feature","properties":{"mag":0.51,"place":"6 km NNE of Lake Henshaw, CA","time":1786825805720,"updated":1786826004121,"tz":null,"url":"https://earthquake.usgs.gov/earthquakes/eventpage/ci40673362","detail":"https://earthquake.usgs.gov/earthquakes/feed/v1.0/detail/ci40673362.geojson","felt":null,"cdi":null,"mmi":null,"alert":null,"status":"automatic","tsunami":0,"sig":4,"net":"ci","code":"40673362","ids":",ci40673362,","sources":",ci,","types":",nearby-cities,origin,phase-data,","nst":33,"dmin":0.0558,"rms":0.19,"gap":34,"magType":"ml","type":"earthquake","title":"M 0.5 - 6 km NNE of Lake Henshaw, CA"},"geometry":{"type":"Point","coordinates":[-116.7375,33.289,13.26]},"id":"ci40673362"},
{"type":"Feature","properties":{"mag":4.5,"place":"63 km N of Ruteng, Indonesia","time":1786825784571,"updated":1786827960040,"tz":null,"url":"https://earthquake.usgs.gov/earthquakes/eventpage/us6000tl3k","detail":"https://earthquake.usgs.gov/earthquakes/feed/v1.0/detail/us6000tl3k.geojson","felt":null,"cdi":null,"mmi":null,"alert":null,"status":"reviewed","tsunami":0,"sig":312,"net":"us","code":"6000tl3k","ids":",us6000tl3k,","sources":",us,","types":",origin,phase-data,","nst":26,"dmin":3.09,"rms":1.2,"gap":90,"magType":"mb","type":"earthquake","title":"M 4.5 - 63 km N of Ruteng, Indonesia"},"geometry":{"type":"Point","coordinates":[120.4927,-8.0349,10]},"id":"us6000tl3k"},
{"type":"Feature","properties":{"mag":2.3,"place":"49 km E of Denali National Park, Alaska","time":1786825604276,"updated":1786825672744,"tz":null,"url":"https://earthquake.usgs.gov/earthquakes/eventpage/aka2026qczwcl","detail":"https://earthquake.usgs.gov/earthquakes/feed/v1.0/detail/aka2026qczwcl.geojson","felt":null,"cdi":null,"mmi":null,"alert":null,"status":"automatic","tsunami":0,"sig":81,"net":"ak","code":"a2026qczwcl","ids":",aka2026qczwcl,","sources":",ak,","types":",origin,phase-data,","nst":21,"dmin":0.5,"rms":0.7,"gap":47,"magType":"ml","type":"earthquake","title":"M 2.3 - 49 km E of Denali National Park, Alaska"},"geometry":{"type":"Point","coordinates":[-150.735,63.567,2.3]},"id":"aka2026qczwcl"},
{"type":"Feature","properties":{"mag":1.8,"place":"46 km SE of Balmorhea, Texas","time":1786825187110,"updated":1786825309813,"tz":null,"url":"https://earthquake.usgs.gov/earthquakes/eventpage/tx2026qakoan","detail":"https://earthquake.usgs.gov/earthquakes/feed/v1.0/detail/tx2026qakoan.geojson","felt":null,"cdi":null,"mmi":null,"alert":null,"status":"automatic","tsunami":0,"sig":50,"net":"tx","code":"2026qakoan","ids":",tx2026qakoan,","sources":",tx,","types":",origin,phase-data,","nst":7,"dmin":0.4,"rms":0.3,"gap":181,"magType":"ml","type":"earthquake","title":"M 1.8 - 46 km SE of Balmorhea, Texas"},"geometry":{"type":"Point","coordinates":[-103.365,30.729,1.1491]},"id":"tx2026qakoan"},
{"type":"Feature","properties":{"mag":0.69,"place":"12 km NE of Julian, CA","time":1786824896620,"updated":1786825099015,"tz":null,"url":"https://earthquake.usgs.gov/earthquakes/eventpage/ci40673330","detail":"https://earthquake.usgs.gov/earthquakes/feed/v1.0/detail/ci40673330.geojson","felt":null,"cdi":null,"mmi":null,"alert":null,"status":"automatic","tsunami":0,"sig":7,"net":"ci","code":"40673330","ids":",ci40673330,","sources":",ci,","types":",nearby-cities,origin,phase-data,","nst":38,"dmin":0.09953,"rms":0.2,"gap":42,"magType":"ml","type":"earthquake","title":"M 0.7 - 12 km NE of Julian, CA"},"geometry":{"type":"Point","coordinates":[-116.521166666667,33.1573333333333,6.07]},"id":"ci40673330"},
{"type":"Feature","properties":{"mag":0.55,"place":"14 km N of Borrego Springs, CA","time":1786824390600,"updated":1786824600816,"tz":null,"url":"https://earthquake.usgs.gov/earthquakes/eventpage/ci40673322","detail":"https://earthquake.usgs.gov/earthquakes/feed/v1.0/detail/ci40673322.geojson","felt":null,"cdi":null,"mmi":null,"alert":null,"status":"automatic","tsunami":0,"sig":5,"net":"ci","code":"40673322","ids":",ci40673322,","sources":",ci,","types":",nearby-cities,origin,phase-data,","nst":23,"dmin":0.05151,"rms":0.18,"gap":56,"magType":"ml","type":"earthquake","title":"M 0.6 - 14 km N of Borrego Springs, CA"},"geometry":{"type":"Point","coordinates":[-116.367166666667,33.3806666666667,7.45]},"id":"ci40673322"},
{"type":"Feature","properties":{"mag":1.9,"place":"55 km SSW of Whites City, New Mexico","time":1786824114585,"updated":1786827626141,"tz":null,"url":"https://earthquake.usgs.gov/earthquakes/eventpage/tx2026qajynf","detail":"https://earthquake.usgs.gov/earthquakes/feed/v1.0/detail/tx2026qajynf.geojson","felt":null,"cdi":null,"mmi":null,"alert":null,"status":"automatic","tsunami":0,"sig":56,"net":"tx","code":"2026qajynf","ids":",tx2026qajynf,","sources":",tx,","types":",origin,phase-data,","nst":19,"dmin":0,"rms":0.4,"gap":92,"magType":"ml","type":"earthquake","title":"M 1.9 - 55 km SSW of Whites City, New Mexico"},"geometry":{"type":"Point","coordinates":[-104.574,31.702,2.7379]},"id":"tx2026qajynf"},
{"type":"Feature","properties":{"mag":4.2,"place":"39 km N of Vallenar, Chile","time":1786823871472,"updated":1786827461309,"tz":null,"url":"https://earthquake.usgs.gov/earthquakes/eventpage/us6000tl3c","detail":"https://earthquake.usgs.gov/earthquakes/feed/v1.0/detail/us6000tl3c.geojson","felt":1,"cdi":1,"mmi":null,"alert":null,"status":"reviewed","tsunami":0,"sig":271,"net":"us","code":"6000tl3c","ids":",us6000tl3c,","sources":",us,","types":",dyfi,origin,phase-data,","nst":27,"dmin":0.792,"rms":0.86,"gap":140,"magType":"mb","type":"earthquake","title":"M 4.2 - 39 km N of Vallenar, Chile"},"geometry":{"type":"Point","coordinates":[-70.8181,-28.2225,86.361]},"id":"us6000tl3c"},
{"type":"Feature","properties":{"mag":1.76,"place":"16 km E of Seven Trees, CA","time":1786822511260,"updated":1786828043347,"tz":null,"url":"https://earthquake.usgs.gov/earthquakes/eventpage/nc75418942","detail":"https://earthquake.usgs.gov/earthquakes/feed/v1.0/detail/nc75418942.geojson","felt":null,"cdi":null,"mmi":null,"alert":null,"status":"automatic","tsunami":0,"sig":48,"net":"nc","code":"75418942","ids":",nc75418942,","sources":",nc,","types":",nearby-cities,origin,phase-data,scitech-link,","nst":28,"dmin":0.03395,"rms":0.07,"gap":53,"magType":"md","type":"earthquake","title":"M 1.8 - 16 km E of Seven Trees, CA"},"geometry":{"type":"Point","coordinates":[-121.661331176758,37.2916679382324,5.11999988555908]},"id":"nc75418942"},
{"type":"Feature","properties":{"mag":5.5,"place":"Volcano Islands, Japan region","time":1786822350371,"updated":1786829901742,"tz":null,"url":"https://earthquake.usgs.gov/earthquakes/eventpage/us6000tl36","detail":"https://earthquake.usgs.gov/earthquakes/feed/v1.0/detail/us6000tl36.geojson","felt":null,"cdi":null,"mmi":2.736,"alert":"green","status":"reviewed","tsunami":0,"sig":465,"net":"us","code":"6000tl36","ids":",us6000tl36,","sources":",us,","types":",losspager,moment-tensor,origin,phase-data,shakemap,","nst":119,"dmin":8.647,"rms":0.95,"gap":79,"magType":"mww","type":"earthquake","title":"M 5.5 - Volcano Islands, Japan region"},"geometry":{"type":"Point","coordinates":[142.7868,23.4461,39.954]},"id":"us6000tl36"},
{"type":"Feature","properties":{"mag":2,"place":"52 km E of Pedro Bay, Alaska","time":1786822215657,"updated":1786822402150,"tz":null,"url":"https://earthquake.usgs.gov/earthquakes/eventpage/aka2026qcxzda","detail":"https://earthquake.usgs.gov/earthquakes/feed/v1.0/detail/aka2026qcxzda.geojson","felt":null,"cdi":null,"mmi":null,"alert":null,"status":"automatic","tsunami":0,"sig":62,"net":"ak","code":"a2026qcxzda","ids":",aka2026qcxzda,","sources":",ak,","types":",origin,phase-data,","nst":82,"dmin":0.1,"rms":0.7,"gap":58,"magType":"ml","type":"earthquake","title":"M 2.0 - 52 km E of Pedro Bay, Alaska"},"geometry":{"type":"Point","coordinates":[-153.165,59.762,128.1]},"id":"aka2026qcxzda"},
{"type":"Feature","properties":{"mag":1.45,"place":"7 km SSW of Anderson Springs, CA","time":1786821450300,"updated":1786835240178,"tz":null,"url":"https://earthquake.usgs.gov/earthquakes/eventpage/nc75418937","detail":"https://earthquake.usgs.gov/earthquakes/feed/v1.0/detail/nc75418937.geojson","felt":null,"cdi":null,"mmi":null,"alert":null,"status":"automatic","tsunami":0,"sig":32,"net":"nc","code":"75418937","ids":",nc75418937,","sources":",nc,","types":",nearby-cities,origin,phase-data,scitech-link,","nst":5,"dmin":0.1133,"rms":0.17,"gap":192,"magType":"md","type":"earthquake","title":"M 1.5 - 7 km SSW of Anderson Springs, CA"},"geometry":{"type":"Point","coordinates":[-122.71866607666,38.7116661071777,1.75999999046326]},"id":"nc75418937"},
{"type":"Feature","properties":{"mag":4.2,"place":"48 km NNW of Ruteng, Indonesia","time":1786821353197,"updated":1786823744040,"tz":null,"url":"https://earthquake.usgs.gov/earthquakes/eventpage/us6000tl32","detail":"https://earthquake.usgs.gov/earthquakes/feed/v1.0/detail/us6000tl32.geojson","felt":null,"cdi":null,"mmi":null,"alert":null,"status":"reviewed","tsunami":0,"sig":271,"net":"us","code":"6000tl32","ids":",us6000tl32,","sources":",us,","types":",origin,phase-data,","nst":18,"dmin":3.218,"rms":1.06,"gap":76,"magType":"mb","type":"earthquake","title":"M 4.2 - 48 km NNW of Ruteng, Indonesia"},"geometry":{"type":"Point","coordinates":[120.2771,-8.2108,10]},"id":"us6000tl32"},
{"type":"Feature","properties":{"mag":3.43,"place":"97 km N of Culebra, Puerto Rico","time":1786820697720,"updated":1786822672520,"tz":null,"url":"https://earthquake.usgs.gov/earthquakes/eventpage/pr71528623","detail":"https://earthquake.usgs.gov/earthquakes/feed/v1.0/detail/pr71528623.geojson","felt":null,"cdi":null,"mmi":null,"alert":null,"status":"reviewed","tsunami":0,"sig":181,"net":"pr","code":"71528623","ids":",pr71528623,","sources":",pr,","types":",origin,phase-data,","nst":8,"dmin":0.872,"rms":0.22,"gap":248,"magType":"md","type":"earthquake","title":"M 3.4 - 97 km N of Culebra, Puerto Rico"},"geometry":{"type":"Point","coordinates":[-65.347,19.182,8.06]},"id":"pr71528623"},
{"type":"Feature","properties":{"mag":4.2,"place":"92 km SW of Puerto Madero, Mexico","time":1786820683241,"updated":1786821677040,"tz":null,"url":"https://earthquake.usgs.gov/earthquakes/eventpage/us6000tl30","detail":"https://earthquake.usgs.gov/earthquakes/feed/v1.0/detail/us6000tl30.geojson","felt":null,"cdi":null,"mmi":null,"alert":null,"status":"reviewed","tsunami":0,"sig":271,"net":"us","code":"6000tl30","ids":",us6000tl30,","sources":",us,","types":",origin,phase-data,","nst":53,"dmin":2.343,"rms":0.59,"gap":206,"magType":"mb","type":"earthquake","title":"M 4.2 - 92 km SW of Puerto Madero, Mexico"},"geometry":{"type":"Point","coordinates":[-92.9401,14.0581,10]},"id":"us6000tl30"},
{"type":"Feature","properties":{"mag":0.77,"place":"8 km NW of The Geysers, CA","time":1786820674550,"updated":1786820768945,"tz":null,"url":"https://earthquake.usgs.gov/earthquakes/eventpage/nc75418932","detail":"https://earthquake.usgs.gov/earthquakes/feed/v1.0/detail/nc75418932.geojson","felt":null,"cdi":null,"mmi":null,"alert":null,"status":"automatic","tsunami":0,"sig":9,"net":"nc","code":"75418932","ids":",nc75418932,","sources":",nc,","types":",nearby-cities,origin,phase-data,","nst":11,"dmin":0.009543,"rms":0.03,"gap":82,"magType":"md","type":"earthquake","title":"M 0.8 - 8 km NW of The Geysers, CA"},"geometry":{"type":"Point","coordinates":[-122.823165893555,38.8208351135254,2.24000000953674]},"id":"nc75418932"},
{"type":"Feature","properties":{"mag":1.33,"place":"4 km NNW of The Geysers, CA","time":1786820653590,"updated":1786831942795,"tz":null,"url":"https://earthquake.usgs.gov/earthquakes/eventpage/nc75418927","detail":"https://earthquake.usgs.gov/earthquakes/feed/v1.0/detail/nc75418927.geojson","felt":null,"cdi":null,"mmi":null,"alert":null,"status":"automatic","tsunami":0,"sig":27,"net":"nc","code":"75418927","ids":",nc75418927,","sources":",nc,","types":",nearby-cities,origin,phase-data,scitech-link,","nst":20,"dmin":0.006417,"rms":0.02,"gap":119,"magType":"md","type":"earthquake","title":"M 1.3 - 4 km NNW of The Geysers, CA"},"geometry":{"type":"Point","coordinates":[-122.773170471191,38.8106651306152,1.39999997615814]},"id":"nc75418927"},
{"type":"Feature","properties":{"mag":1.19,"place":"3 km NNE of San Leandro, CA","time":1786819421370,"updated":1786826242137,"tz":null,"url":"https://earthquake.usgs.gov/earthquakes/eventpage/nc75418912","detail":"https://earthquake.usgs.gov/earthquakes/feed/v1.0/detail/nc75418912.geojson","felt":null,"cdi":null,"mmi":null,"alert":null,"status":"automatic","tsunami":0,"sig":22,"net":"nc","code":"75418912","ids":",nc75418912,","sources":",nc,","types":",nearby-cities,origin,phase-data,scitech-link,","nst":14,"dmin":0.03279,"rms":0.06,"gap":83,"magType":"md","type":"earthquake","title":"M 1.2 - 3 km NNE of San Leandro, CA"},"geometry":{"type":"Point","coordinates":[-122.139831542969,37.7526664733887,4.57000017166138]},"id":"nc75418912"},
{"type":"Feature","properties":{"mag":4.4,"place":"45 km N of Ruteng, Indonesia","time":1786819385132,"updated":1786822582040,"tz":null,"url":"https://earthquake.usgs.gov/earthquakes/eventpage/us6000tl33","detail":"https://earthquake.usgs.gov/earthquakes/feed/v1.0/detail/us6000tl33.geojson","felt":null,"cdi":null,"mmi":null,"alert":null,"status":"reviewed","tsunami":0,"sig":298,"net":"us","code":"6000tl33","ids":",us6000tl33,","sources":",us,","types":",origin,phase-data,","nst":28,"dmin":3.263,"rms":0.36,"gap":76,"magType":"mb","type":"earthquake","title":"M 4.4 - 45 km N of Ruteng, Indonesia"},"geometry":{"type":"Point","coordinates":[120.5418,-8.2027,10]},"id":"us6000tl33"},
{"type":"Feature","properties":{"mag":4.5,"place":"47 km NNE of Ruteng, Indonesia","time":1786819221369,"updated":1786822088040,"tz":null,"url":"https://earthquake.usgs.gov/earthquakes/eventpage/us6000tl31","detail":"https://earthquake.usgs.gov/earthquakes/feed/v1.0/detail/us6000tl31.geojson","felt":null,"cdi":null,"mmi":null,"alert":null,"status":"reviewed","tsunami":0,"sig":312,"net":"us","code":"6000tl31","ids":",us6000tl31,","sources":",us,","types":",origin,phase-data,","nst":18,"dmin":3.305,"rms":0.59,"gap":88,"magType":"mb","type":"earthquake","title":"M 4.5 - 47 km NNE of Ruteng, Indonesia"},"geometry":{"type":"Point","coordinates":[120.6399,-8.2203,10]},"id":"us6000tl31"},
{"type":"Feature","properties":{"mag":0.7,"place":"11 km WSW of Salton City, CA","time":1786818625540,"updated":1786818826004,"tz":null,"url":"https://earthquake.usgs.gov/earthquakes/eventpage/ci40673290","detail":"https://earthquake.usgs.gov/earthquakes/feed/v1.0/detail/ci40673290.geojson","felt":null,"cdi":null,"mmi":null,"alert":null,"status":"automatic","tsunami":0,"sig":8,"net":"ci","code":"40673290","ids":",ci40673290,","sources":",ci,","types":",nearby-cities,origin,phase-data,","nst":34,"dmin":0.07367,"rms":0.18,"gap":64,"magType":"ml","type":"earthquake","title":"M 0.7 - 11 km WSW of Salton City, CA"},"geometry":{"type":"Point","coordinates":[-116.07,33.2586666666667,4.41]},"id":"ci40673290"},
{"type":"Feature","properties":{"mag":2.2,"place":"22 km WSW of Jal, New Mexico","time":1786818011658,"updated":1786820418865,"tz":null,"url":"https://earthquake.usgs.gov/earthquakes/eventpage/tx2026qagoyu","detail":"https://earthquake.usgs.gov/earthquakes/feed/v1.0/detail/tx2026qagoyu.geojson","felt":null,"cdi":null,"mmi":null,"alert":null,"status":"automatic","tsunami":0,"sig":74,"net":"tx","code":"2026qagoyu","ids":",tx2026qagoyu,","sources":",tx,","types":",origin,phase-data,","nst":10,"dmin":0.3,"rms":0.8,"gap":169,"magType":"ml","type":"earthquake","title":"M 2.2 - 22 km WSW of Jal, New Mexico"},"geometry":{"type":"Point","coordinates":[-103.424,32.064,0.412]},"id":"tx2026qagoyu"},
{"type":"Feature","properties":{"mag":2.6,"place":"36 km SSE of Midland, Texas","time":1786817989106,"updated":1786835966017,"tz":null,"url":"https://earthquake.usgs.gov/earthquakes/eventpage/tx2026qagons","detail":"https://earthquake.usgs.gov/earthquakes/feed/v1.0/detail/tx2026qagons.geojson","felt":null,"cdi":null,"mmi":null,"alert":null,"status":"automatic","tsunami":0,"sig":104,"net":"tx","code":"2026qagons","ids":",us6000tl2y,tx2026qagons,","sources":",us,tx,","types":",origin,phase-data,","nst":109,"dmin":0.1,"rms":0.3,"gap":49,"magType":"ml","type":"earthquake","title":"M 2.6 - 36 km SSE of Midland, Texas"},"geometry":{"type":"Point","coordinates":[-101.994,31.679,3.5593]},"id":"tx2026qagons"},
{"type":"Feature","properties":{"mag":1.66,"place":"0 km NW of Hayward, CA","time":1786817509420,"updated":1786821444585,"tz":null,"url":"https://earthquake.usgs.gov/earthquakes/eventpage/nc75418897","detail":"https://earthquake.usgs.gov/earthquakes/feed/v1.0/detail/nc75418897.geojson","felt":null,"cdi":null,"mmi":null,"alert":null,"status":"automatic","tsunami":0,"sig":42,"net":"nc","code":"75418897","ids":",nc75418897,","sources":",nc,","types":",focal-mechanism,nearby-cities,origin,phase-data,scitech-link,","nst":34,"dmin":0.08529,"rms":0.25,"gap":56,"magType":"md","type":"earthquake","title":"M 1.7 - 0 km NW of Hayward, CA"},"geometry":{"type":"Point","coordinates":[-122.078330993652,37.6451683044434,3.88000011444092]},"id":"nc75418897"},
{"type":"Feature","properties":{"mag":4.7,"place":"96 km NNE of Ruteng, Indonesia","time":1786816287384,"updated":1786818431040,"tz":null,"url":"https://earthquake.usgs.gov/earthquakes/eventpage/us6000tl2u","detail":"https://earthquake.usgs.gov/earthquakes/feed/v1.0/detail/us6000tl2u.geojson","felt":null,"cdi":null,"mmi":null,"alert":null,"status":"reviewed","tsunami":0,"sig":340,"net":"us","code":"6000tl2u","ids":",us6000tl2u,","sources":",us,","types":",origin,phase-data,","nst":30,"dmin":2.885,"rms":0.78,"gap":81,"magType":"mb","type":"earthquake","title":"M 4.7 - 96 km NNE of Ruteng, Indonesia"},"geometry":{"type":"Point","coordinates":[120.6775,-7.7671,10]},"id":"us6000tl2u"},
{"type":"Feature","properties":{"mag":4.7,"place":"76 km N of Ruteng, Indonesia","time":1786815854375,"updated":1786817928040,"tz":null,"url":"https://earthquake.usgs.gov/earthquakes/eventpage/us6000tl2t","detail":"https://earthquake.usgs.gov/earthquakes/feed/v1.0/detail/us6000tl2t.geojson","felt":null,"cdi":null,"mmi":null,"alert":null,"status":"reviewed","tsunami":0,"sig":340,"net":"us","code":"6000tl2t","ids":",us6000tl2t,","sources":",us,","types":",origin,phase-data,","nst":27,"dmin":2.966,"rms":0.7,"gap":74,"magType":"mb","type":"earthquake","title":"M 4.7 - 76 km N of Ruteng, Indonesia"},"geometry":{"type":"Point","coordinates":[120.4122,-7.9256,10]},"id":"us6000tl2t"},
{"type":"Feature","properties":{"mag":1.23,"place":"11 km E of Yorba Linda, CA","time":1786815832820,"updated":1786816036339,"tz":null,"url":"https://earthquake.usgs.gov/earthquakes/eventpage/ci40673282","detail":"https://earthquake.usgs.gov/earthquakes/feed/v1.0/detail/ci40673282.geojson","felt":null,"cdi":null,"mmi":null,"alert":null,"status":"automatic","tsunami":0,"sig":23,"net":"ci","code":"40673282","ids":",ci40673282,","sources":",ci,","types":",nearby-cities,origin,phase-data,","nst":42,"dmin":0.01714,"rms":0.18,"gap":54,"magType":"ml","type":"earthquake","title":"M 1.2 - 11 km E of Yorba Linda, CA"},"geometry":{"type":"Point","coordinates":[-117.6975,33.8828333333333,4.55]},"id":"ci40673282"},
{"type":"Feature","properties":{"mag":4.6,"place":"192 km SSE of Vilyuchinsk, Russia","time":1786815702009,"updated":1786817130040,"tz":null,"url":"https://earthquake.usgs.gov/earthquakes/eventpage/us6000tl2s","detail":"https://earthquake.usgs.gov/earthquakes/feed/v1.0/detail/us6000tl2s.geojson","felt":null,"cdi":null,"mmi":null,"alert":null,"status":"reviewed","tsunami":0,"sig":326,"net":"us","code":"6000tl2s","ids":",us6000tl2s,","sources":",us,","types":",origin,phase-data,","nst":61,"dmin":2.136,"rms":1.01,"gap":119,"magType":"mb","type":"earthquake","title":"M 4.6 - 192 km SSE of Vilyuchinsk, Russia"},"geometry":{"type":"Point","coordinates":[159.9696,51.4925,10]},"id":"us6000tl2s"},
{"type":"Feature","properties":{"mag":1.23,"place":"3 km SSE of Devore, CA","time":1786814509960,"updated":1786815154790,"tz":null,"url":"https://earthquake.usgs.gov/earthquakes/eventpage/ci40673274","detail":"https://earthquake.usgs.gov/earthquakes/feed/v1.0/detail/ci40673274.geojson","felt":null,"cdi":null,"mmi":null,"alert":null,"status":"automatic","tsunami":0,"sig":23,"net":"ci","code":"40673274","ids":",ci40673274,","sources":",ci,","types":",focal-mechanism,nearby-cities,origin,phase-data,","nst":66,"dmin":0.02119,"rms":0.18,"gap":37,"magType":"ml","type":"earthquake","title":"M 1.2 - 3 km SSE of Devore, CA"},"geometry":{"type":"Point","coordinates":[-117.3905,34.1973333333333,12.68]},"id":"ci40673274"},
{"type":"Feature","properties":{"mag":4.5,"place":"54 km NNW of Ende, Indonesia","time":1786814467767,"updated":1786816393040,"tz":null,"url":"https://earthquake.usgs.gov/earthquakes/eventpage/us6000tl2p","detail":"https://earthquake.usgs.gov/earthquakes/feed/v1.0/detail/us6000tl2p.geojson","felt":null,"cdi":null,"mmi":null,"alert":null,"status":"reviewed","tsunami":0,"sig":312,"net":"us","code":"6000tl2p","ids":",us6000tl2p,","sources":",us,","types":",origin,phase-data,","nst":30,"dmin":3.06,"rms":0.8,"gap":75,"magType":"mb","type":"earthquake","title":"M 4.5 - 54 km NNW of Ende, Indonesia"},"geometry":{"type":"Point","coordinates":[121.4952,-8.3799,10]},"id":"us6000tl2p"},
{"type":"Feature","properties":{"mag":1.9,"place":"46 km NW of Toyah, Texas","time":1786814451698,"updated":1786814919650,"tz":null,"url":"https://earthquake.usgs.gov/earthquakes/eventpage/tx2026qaepta","detail":"https://earthquake.usgs.gov/earthquakes/feed/v1.0/detail/tx2026qaepta.geojson","felt":null,"cdi":null,"mmi":null,"alert":null,"status":"automatic","tsunami":0,"sig":56,"net":"tx","code":"2026qaepta","ids":",tx2026qaepta,","sources":",tx,","types":",origin,phase-data,","nst":25,"dmin":0,"rms":0.4,"gap":53,"magType":"ml","type":"earthquake","title":"M 1.9 - 46 km NW of Toyah, Texas"},"geometry":{"type":"Point","coordinates":[-104.127,31.625,3.9406]},"id":"tx2026qaepta"},
{"type":"Feature","properties":{"mag":3.42,"place":"44 km WSW of Kailua-Kona, Hawaii","time":1786813769280,"updated":1786821940033,"tz":null,"url":"https://earthquake.usgs.gov/earthquakes/eventpage/hv75019242","detail":"https://earthquake.usgs.gov/earthquakes/feed/v1.0/detail/hv75019242.geojson","felt":5,"cdi":2,"mmi":1.742,"alert":null,"status":"reviewed","tsunami":0,"sig":181,"net":"hv","code":"75019242","ids":",hv75019242,us6000tl2d,","sources":",hv,us,","types":",dyfi,origin,phase-data,shakemap,","nst":58,"dmin":0.3868,"rms":0.17,"gap":239,"magType":"ml","type":"earthquake","title":"M 3.4 - 44 km WSW of Kailua-Kona, Hawaii"},"geometry":{"type":"Point","coordinates":[-156.402666666667,19.521,36.3]},"id":"hv75019242"},
{"type":"Feature","properties":{"mag":4.5,"place":"93 km NNE of Ruteng, Indonesia","time":1786813085970,"updated":1786830853040,"tz":null,"url":"https://earthquake.usgs.gov/earthquakes/eventpage/us6000tl2c","detail":"https://earthquake.usgs.gov/earthquakes/feed/v1.0/detail/us6000tl2c.geojson","felt":null,"cdi":null,"mmi":null,"alert":null,"status":"reviewed","tsunami":0,"sig":312,"net":"us","code":"6000tl2c","ids":",us6000tl2c,","sources":",us,","types":",origin,phase-data,","nst":29,"dmin":2.915,"rms":0.83,"gap":118,"magType":"mb","type":"earthquake","title":"M 4.5 - 93 km NNE of Ruteng, Indonesia"},"geometry":{"type":"Point","coordinates":[120.6878,-7.795,9.95]},"id":"us6000tl2c"},
{"type":"Feature","properties":{"mag":2,"place":"11 km ENE of Kasilof, Alaska","time":1786812955204,"updated":1786829264569,"tz":null,"url":"https://earthquake.usgs.gov/earthquakes/eventpage/aka2026qcsvho","detail":"https://earthquake.usgs.gov/earthquakes/feed/v1.0/detail/aka2026qcsvho.geojson","felt":1,"cdi":1,"mmi":null,"alert":null,"status":"automatic","tsunami":0,"sig":62,"net":"ak","code":"a2026qcsvho","ids":",aka2026qcsvho,","sources":",ak,","types":",dyfi,origin,phase-data,","nst":33,"dmin":0.4,"rms":0.6,"gap":57,"magType":"ml","type":"earthquake","title":"M 2.0 - 11 km ENE of Kasilof, Alaska"},"geometry":{"type":"Point","coordinates":[-151.077,60.373,54.7]},"id":"aka2026qcsvho"},
{"type":"Feature","properties":{"mag":4.1,"place":"49 km N of Murghob, Tajikistan","time":1786812446516,"updated":1786830132040,"tz":null,"url":"https://earthquake.usgs.gov/earthquakes/eventpage/us6000tl2a","detail":"https://earthquake.usgs.gov/earthquakes/feed/v1.0/detail/us6000tl2a.geojson","felt":null,"cdi":null,"mmi":null,"alert":null,"status":"reviewed","tsunami":0,"sig":259,"net":"us","code":"6000tl2a","ids":",us6000tl2a,","sources":",us,","types":",origin,phase-data,","nst":27,"dmin":1.168,"rms":0.63,"gap":56,"magType":"mb","type":"earthquake","title":"M 4.1 - 49 km N of Murghob, Tajikistan"},"geometry":{"type":"Point","coordinates":[73.9208,38.6186,99.461]},"id":"us6000tl2a"},
{"type":"Feature","properties":{"mag":1.26,"place":"13 km ENE of Borrego Springs, CA","time":1786811451750,"updated":1786812797929,"tz":null,"url":"https://earthquake.usgs.gov/earthquakes/eventpage/ci40673242","detail":"https://earthquake.usgs.gov/earthquakes/feed/v1.0/detail/ci40673242.geojson","felt":null,"cdi":null,"mmi":null,"alert":null,"status":"reviewed","tsunami":0,"sig":24,"net":"ci","code":"40673242","ids":",ci40673242,","sources":",ci,","types":",nearby-cities,origin,phase-data,","nst":61,"dmin":0.09325,"rms":0.16,"gap":25,"magType":"ml","type":"earthquake","title":"M 1.3 - 13 km ENE of Borrego Springs, CA"},"geometry":{"type":"Point","coordinates":[-116.241833333333,33.2881666666667,9.89]},"id":"ci40673242"},
{"type":"Feature","properties":{"mag":5.7,"place":"125 km NNE of Palu, Indonesia","time":1786811118342,"updated":1786840111561,"tz":null,"url":"https://earthquake.usgs.gov/earthquakes/eventpage/us6000tl1s","detail":"https://earthquake.usgs.gov/earthquakes/feed/v1.0/detail/us6000tl1s.geojson","felt":3,"cdi":2.5,"mmi":4.291,"alert":"green","status":"reviewed","tsunami":0,"sig":501,"net":"us","code":"6000tl1s","ids":",us6000tl1s,","sources":",us,","types":",dyfi,losspager,moment-tensor,origin,phase-data,shakemap,","nst":133,"dmin":5.159,"rms":0.61,"gap":35,"magType":"mww","type":"earthquake","title":"M 5.7 - 125 km NNE of Palu, Indonesia"},"geometry":{"type":"Point","coordinates":[120.2573,0.1542,72.495]},"id":"us6000tl1s"},
{"type":"Feature","properties":{"mag":1.5,"place":"17 km WSW of Anchorage, Alaska","time":1786811113325,"updated":1786811192307,"tz":null,"url":"https://earthquake.usgs.gov/earthquakes/eventpage/aka2026qcrurq","detail":"https://earthquake.usgs.gov/earthquakes/feed/v1.0/detail/aka2026qcrurq.geojson","felt":null,"cdi":null,"mmi":null,"alert":null,"status":"automatic","tsunami":0,"sig":35,"net":"ak","code":"a2026qcrurq","ids":",aka2026qcrurq,","sources":",ak,","types":",origin,phase-data,","nst":14,"dmin":0,"rms":0.6,"gap":56,"magType":"ml","type":"earthquake","title":"M 1.5 - 17 km WSW of Anchorage, Alaska"},"geometry":{"type":"Point","coordinates":[-150.22,61.18,51.9]},"id":"aka2026qcrurq"},
{"type":"Feature","properties":{"mag":2.8,"place":"123 km NNE of Kobuk, Alaska","time":1786810858861,"updated":1786828617040,"tz":null,"url":"https://earthquake.usgs.gov/earthquakes/eventpage/aka2026qcrrax","detail":"https://earthquake.usgs.gov/earthquakes/feed/v1.0/detail/aka2026qcrrax.geojson","felt":null,"cdi":null,"mmi":null,"alert":null,"status":"automatic","tsunami":0,"sig":121,"net":"ak","code":"a2026qcrrax","ids":",us6000tl1r,aka2026qcrrax,","sources":",us,ak,","types":",origin,phase-data,","nst":26,"dmin":1.1,"rms":1.1,"gap":48,"magType":"ml","type":"earthquake","title":"M 2.8 - 123 km NNE of Kobuk, Alaska"},"geometry":{"type":"Point","coordinates":[-155.649,67.908,5]},"id":"aka2026qcrrax"},
{"type":"Feature","properties":{"mag":0.72,"place":"2 km NNW of The Geysers, CA","time":1786810461460,"updated":1786812445628,"tz":null,"url":"https://earthquake.usgs.gov/earthquakes/eventpage/nc75418867","detail":"https://earthquake.usgs.gov/earthquakes/feed/v1.0/detail/nc75418867.geojson","felt":null,"cdi":null,"mmi":null,"alert":null,"status":"automatic","tsunami":0,"sig":8,"net":"nc","code":"75418867","ids":",nc75418867,","sources":",nc,","types":",nearby-cities,origin,phase-data,scitech-link,","nst":8,"dmin":0.0095,"rms":0.04,"gap":131,"magType":"md","type":"earthquake","title":"M 0.7 - 2 km NNW of The Geysers, CA"},"geometry":{"type":"Point","coordinates":[-122.769668579102,38.795166015625,4.21999979019165]},"id":"nc75418867"},
{"type":"Feature","properties":{"mag":1.19,"place":"7 km NW of The Geysers, CA","time":1786809591360,"updated":1786819044340,"tz":null,"url":"https://earthquake.usgs.gov/earthquakes/eventpage/nc75418857","detail":"https://earthquake.usgs.gov/earthquakes/feed/v1.0/detail/nc75418857.geojson","felt":null,"cdi":null,"mmi":null,"alert":null,"status":"automatic","tsunami":0,"sig":22,"net":"nc","code":"75418857","ids":",nc75418857,","sources":",nc,","types":",nearby-cities,origin,phase-data,scitech-link,","nst":25,"dmin":0.003464,"rms":0.02,"gap":38,"magType":"md","type":"earthquake","title":"M 1.2 - 7 km NW of The Geysers, CA"},"geometry":{"type":"Point","coordinates":[-122.807334899902,38.8206672668457,2.78999996185303]},"id":"nc75418857"},
{"type":"Feature","properties":{"mag":4.9,"place":"76 km NNW of Ende, Indonesia","time":1786809152416,"updated":1786821430040,"tz":null,"url":"https://earthquake.usgs.gov/earthquakes/eventpage/us6000tl1p","detail":"https://earthquake.usgs.gov/earthquakes/feed/v1.0/detail/us6000tl1p.geojson","felt":null,"cdi":null,"mmi":null,"alert":null,"status":"reviewed","tsunami":0,"sig":369,"net":"us","code":"6000tl1p","ids":",us6000tl1p,","sources":",us,","types":",origin,phase-data,","nst":55,"dmin":3.234,"rms":0.8,"gap":67,"magType":"mb","type":"earthquake","title":"M 4.9 - 76 km NNW of Ende, Indonesia"},"geometry":{"type":"Point","coordinates":[121.3861,-8.2101,10]},"id":"us6000tl1p"},
{"type":"Feature","properties":{"mag":0.81,"place":"2 km N of The Geysers, CA","time":1786809135110,"updated":1786817242155,"tz":null,"url":"https://earthquake.usgs.gov/earthquakes/eventpage/nc75418852","detail":"https://earthquake.usgs.gov/earthquakes/feed/v1.0/detail/nc75418852.geojson","felt":null,"cdi":null,"mmi":null,"alert":null,"status":"automatic","tsunami":0,"sig":10,"net":"nc","code":"75418852","ids":",nc75418852,","sources":",nc,","types":",nearby-cities,origin,phase-data,scitech-link,","nst":8,"dmin":0.004479,"rms":0.04,"gap":73,"magType":"md","type":"earthquake","title":"M 0.8 - 2 km N of The Geysers, CA"},"geometry":{"type":"Point","coordinates":[-122.760330200195,38.7961654663086,1.08000004291534]},"id":"nc75418852"},
{"type":"Feature","properties":{"mag":1.64,"place":"12 km ESE of Willits, CA","time":1786808132820,"updated":1786815742984,"tz":null,"url":"https://earthquake.usgs.gov/earthquakes/eventpage/nc75418837","detail":"https://earthquake.usgs.gov/earthquakes/feed/v1.0/detail/nc75418837.geojson","felt":null,"cdi":null,"mmi":null,"alert":null,"status":"automatic","tsunami":0,"sig":41,"net":"nc","code":"75418837","ids":",nc75418837,","sources":",nc,","types":",nearby-cities,origin,phase-data,scitech-link,","nst":11,"dmin":0.07065,"rms":0.03,"gap":126,"magType":"md","type":"earthquake","title":"M 1.6 - 12 km ESE of Willits, CA"},"geometry":{"type":"Point","coordinates":[-123.231163024902,39.3704986572266,6.59000015258789]},"id":"nc75418837"},
{"type":"Feature","properties":{"mag":0.38,"place":"9 km SW of Idyllwild, CA","time":1786807832010,"updated":1786812793749,"tz":null,"url":"https://earthquake.usgs.gov/earthquakes/eventpage/ci40673234","detail":"https://earthquake.usgs.gov/earthquakes/feed/v1.0/detail/ci40673234.geojson","felt":null,"cdi":null,"mmi":null,"alert":null,"status":"reviewed","tsunami":0,"sig":2,"net":"ci","code":"40673234","ids":",ci40673234,","sources":",ci,","types":",nearby-cities,origin,phase-data,","nst":26,"dmin":0.06552,"rms":0.09,"gap":73,"magType":"ml","type":"earthquake","title":"M 0.4 - 9 km SW of Idyllwild, CA"},"geometry":{"type":"Point","coordinates":[-116.780166666667,33.6755,10.38]},"id":"ci40673234"},
{"type":"Feature","properties":{"mag":4.4,"place":"Fiji region","time":1786807292784,"updated":1786820529040,"tz":null,"url":"https://earthquake.usgs.gov/earthquakes/eventpage/us6000tl1m","detail":"https://earthquake.usgs.gov/earthquakes/feed/v1.0/detail/us6000tl1m.geojson","felt":null,"cdi":null,"mmi":null,"alert":null,"status":"reviewed","tsunami":0,"sig":298,"net":"us","code":"6000tl1m","ids":",us6000tl1m,","sources":",us,","types":",origin,phase-data,","nst":47,"dmin":4.628,"rms":0.64,"gap":108,"magType":"mb","type":"earthquake","title":"M 4.4 - Fiji region"},"geometry":{"type":"Point","coordinates":[-179.6043,-21.8345,599.718]},"id":"us6000tl1m"},
{"type":"Feature","properties":{"mag":1.01,"place":"7 km ESE of Cloverdale, CA","time":1786806541980,"updated":1786808542211,"tz":null,"url":"https://earthquake.usgs.gov/earthquakes/eventpage/nc75418827","detail":"https://earthquake.usgs.gov/earthquakes/feed/v1.0/detail/nc75418827.geojson","felt":null,"cdi":null,"mmi":null,"alert":null,"status":"automatic","tsunami":0,"sig":16,"net":"nc","code":"75418827","ids":",nc75418827,","sources":",nc,","types":",nearby-cities,origin,phase-data,scitech-link,","nst":12,"dmin":0.05579,"rms":0.03,"gap":154,"magType":"md","type":"earthquake","title":"M 1.0 - 7 km ESE of Cloverdale, CA"},"geometry":{"type":"Point","coordinates":[-122.943664550781,38.7729988098145,4.86999988555908]},"id":"nc75418827"},
{"type":"Feature","properties":{"mag":0.53,"place":"17 km SW of La Quinta, CA","time":1786806014010,"updated":1786806224912,"tz":null,"url":"https://earthquake.usgs.gov/earthquakes/eventpage/ci40673210","detail":"https://earthquake.usgs.gov/earthquakes/feed/v1.0/detail/ci40673210.geojson","felt":null,"cdi":null,"mmi":null,"alert":null,"status":"automatic","tsunami":0,"sig":4,"net":"ci","code":"40673210","ids":",ci40673210,","sources":",ci,","types":",nearby-cities,origin,phase-data,","nst":23,"dmin":0.1057,"rms":0.15,"gap":71,"magType":"ml","type":"earthquake","title":"M 0.5 - 17 km SW of La Quinta, CA"},"geometry":{"type":"Point","coordinates":[-116.426666666667,33.5501666666667,6.01]},"id":"ci40673210"},
{"type":"Feature","properties":{"mag":0.65,"place":"27 km SSW of Ocotillo Wells, CA","time":1786805991090,"updated":1786806220889,"tz":null,"url":"https://earthquake.usgs.gov/earthquakes/eventpage/ci40673202","detail":"https://earthquake.usgs.gov/earthquakes/feed/v1.0/detail/ci40673202.geojson","felt":null,"cdi":null,"mmi":null,"alert":null,"status":"automatic","tsunami":0,"sig":6,"net":"ci","code":"40673202","ids":",ci40673202,","sources":",ci,","types":",nearby-cities,origin,phase-data,scitech-link,","nst":23,"dmin":0.1484,"rms":0.11,"gap":98,"magType":"ml","type":"earthquake","title":"M 0.7 - 27 km SSW of Ocotillo Wells, CA"},"geometry":{"type":"Point","coordinates":[-116.246,32.9181666666667,7.67]},"id":"ci40673202"},
{"type":"Feature","properties":{"mag":2.1,"place":"12 km SSW of Jal, New Mexico","time":1786805769301,"updated":1786821185559,"tz":null,"url":"https://earthquake.usgs.gov/earthquakes/eventpage/tx2026pzzuvy","detail":"https://earthquake.usgs.gov/earthquakes/feed/v1.0/detail/tx2026pzzuvy.geojson","felt":null,"cdi":null,"mmi":null,"alert":null,"status":"automatic","tsunami":0,"sig":68,"net":"tx","code":"2026pzzuvy","ids":",tx2026pzzuvy,","sources":",tx,","types":",origin,phase-data,","nst":37,"dmin":0.1,"rms":0.5,"gap":69,"magType":"ml","type":"earthquake","title":"M 2.1 - 12 km SSW of Jal, New Mexico"},"geometry":{"type":"Point","coordinates":[-103.246,32.014,7.9084]},"id":"tx2026pzzuvy"},
{"type":"Feature","properties":{"mag":1.17,"place":"2 km WNW of Pinnacles, CA","time":1786805332430,"updated":1786814243815,"tz":null,"url":"https://earthquake.usgs.gov/earthquakes/eventpage/nc75418807","detail":"https://earthquake.usgs.gov/earthquakes/feed/v1.0/detail/nc75418807.geojson","felt":null,"cdi":null,"mmi":null,"alert":null,"status":"automatic","tsunami":0,"sig":21,"net":"nc","code":"75418807","ids":",nc75418807,","sources":",nc,","types":",nearby-cities,origin,phase-data,scitech-link,","nst":4,"dmin":0.03894,"rms":0,"gap":234,"magType":"md","type":"earthquake","title":"M 1.2 - 2 km WNW of Pinnacles, CA"},"geometry":{"type":"Point","coordinates":[-121.15966796875,36.5386657714844,4.86999988555908]},"id":"nc75418807"},
{"type":"Feature","properties":{"mag":3.24,"place":"7 km S of Pāhala, Hawaii","time":1786803859780,"updated":1786819212040,"tz":null,"url":"https://earthquake.usgs.gov/earthquakes/eventpage/hv75019212","detail":"https://earthquake.usgs.gov/earthquakes/feed/v1.0/detail/hv75019212.geojson","felt":null,"cdi":null,"mmi":null,"alert":null,"status":"automatic","tsunami":0,"sig":162,"net":"hv","code":"75019212","ids":",us6000tl1c,hv75019212,","sources":",us,hv,","types":",origin,phase-data,","nst":56,"dmin":0.02954,"rms":0.159999996,"gap":161,"magType":"md","type":"earthquake","title":"M 3.2 - 7 km S of Pāhala, Hawaii"},"geometry":{"type":"Point","coordinates":[-155.488159179688,19.1389999389648,30.7299995422363]},"id":"hv75019212"},
{"type":"Feature","properties":{"mag":1.29,"place":"9 km WNW of The Geysers, CA","time":1786803816100,"updated":1786812446628,"tz":null,"url":"https://earthquake.usgs.gov/earthquakes/eventpage/nc75418802","detail":"https://earthquake.usgs.gov/earthquakes/feed/v1.0/detail/nc75418802.geojson","felt":null,"cdi":null,"mmi":null,"alert":null,"status":"automatic","tsunami":0,"sig":26,"net":"nc","code":"75418802","ids":",nc75418802,","sources":",nc,","types":",nearby-cities,origin,phase-data,scitech-link,","nst":27,"dmin":0.008642,"rms":0.02,"gap":78,"magType":"md","type":"earthquake","title":"M 1.3 - 9 km WNW of The Geysers, CA"},"geometry":{"type":"Point","coordinates":[-122.846000671387,38.8219985961914,2.35999989509583]},"id":"nc75418802"},
{"type":"Feature","properties":{"mag":0.75,"place":"8 km NW of The Geysers, CA","time":1786803649240,"updated":1786810943469,"tz":null,"url":"https://earthquake.usgs.gov/earthquakes/eventpage/nc75418797","detail":"https://earthquake.usgs.gov/earthquakes/feed/v1.0/detail/nc75418797.geojson","felt":null,"cdi":null,"mmi":null,"alert":null,"status":"automatic","tsunami":0,"sig":9,"net":"nc","code":"75418797","ids":",nc75418797,","sources":",nc,","types":",nearby-cities,origin,phase-data,scitech-link,","nst":10,"dmin":0.01001,"rms":0.01,"gap":83,"magType":"md","type":"earthquake","title":"M 0.8 - 8 km NW of The Geysers, CA"},"geometry":{"type":"Point","coordinates":[-122.817001342773,38.8318328857422,2.16000008583069]},"id":"nc75418797"},
{"type":"Feature","properties":{"mag":1.5,"place":"57 km S of Whites City, New Mexico","time":1786803265724,"updated":1786803526757,"tz":null,"url":"https://earthquake.usgs.gov/earthquakes/eventpage/tx2026pzykux","detail":"https://earthquake.usgs.gov/earthquakes/feed/v1.0/detail/tx2026pzykux.geojson","felt":null,"cdi":null,"mmi":null,"alert":null,"status":"automatic","tsunami":0,"sig":35,"net":"tx","code":"2026pzykux","ids":",tx2026pzykux,","sources":",tx,","types":",origin,phase-data,","nst":27,"dmin":0,"rms":0.3,"gap":71,"magType":"ml","type":"earthquake","title":"M 1.5 - 57 km S of Whites City, New Mexico"},"geometry":{"type":"Point","coordinates":[-104.402,31.658,4.8729]},"id":"tx2026pzykux"},
{"type":"Feature","properties":{"mag":1.7,"place":"25 km SE of Lindsay, Texas","time":1786803068372,"updated":1786803315668,"tz":null,"url":"https://earthquake.usgs.gov/earthquakes/eventpage/tx2026pzyijh","detail":"https://earthquake.usgs.gov/earthquakes/feed/v1.0/detail/tx2026pzyijh.geojson","felt":null,"cdi":null,"mmi":null,"alert":null,"status":"automatic","tsunami":0,"sig":44,"net":"tx","code":"2026pzyijh","ids":",tx2026pzyijh,","sources":",tx,","types":",origin,phase-data,","nst":28,"dmin":0.1,"rms":0.7,"gap":52,"magType":"ml","type":"earthquake","title":"M 1.7 - 25 km SE of Lindsay, Texas"},"geometry":{"type":"Point","coordinates":[-103.371,31.192,6.3253]},"id":"tx2026pzyijh"},
{"type":"Feature","properties":{"mag":2.2,"place":"84 km SSE of Ugashik, Alaska","time":1786802960365,"updated":1786803062984,"tz":null,"url":"https://earthquake.usgs.gov/earthquakes/eventpage/aka2026qcndvh","detail":"https://earthquake.usgs.gov/earthquakes/feed/v1.0/detail/aka2026qcndvh.geojson","felt":null,"cdi":null,"mmi":null,"alert":null,"status":"automatic","tsunami":0,"sig":74,"net":"ak","code":"a2026qcndvh","ids":",aka2026qcndvh,","sources":",ak,","types":",origin,phase-data,","nst":35,"dmin":0.6,"rms":0.6,"gap":100,"magType":"ml","type":"earthquake","title":"M 2.2 - 84 km SSE of Ugashik, Alaska"},"geometry":{"type":"Point","coordinates":[-156.979,56.788,72.6]},"id":"aka2026qcndvh"},
{"type":"Feature","properties":{"mag":2.18,"place":"6 km NNE of Lake Henshaw, CA","time":1786802761150,"updated":1786803014514,"tz":null,"url":"https://earthquake.usgs.gov/earthquakes/eventpage/ci40673170","detail":"https://earthquake.usgs.gov/earthquakes/feed/v1.0/detail/ci40673170.geojson","felt":1,"cdi":0,"mmi":null,"alert":null,"status":"automatic","tsunami":0,"sig":73,"net":"ci","code":"40673170","ids":",ci40673170,","sources":",ci,","types":",dyfi,nearby-cities,origin,phase-data,scitech-link,","nst":23,"dmin":0.05673,"rms":0.14,"gap":45,"magType":"ml","type":"earthquake","title":"M 2.2 - 6 km NNE of Lake Henshaw, CA"},"geometry":{"type":"Point","coordinates":[-116.738166666667,33.2901666666667,12.71]},"id":"ci40673170"},
{"type":"Feature","properties":{"mag":4.5,"place":"Banda Sea","time":1786802186203,"updated":1786814704040,"tz":null,"url":"https://earthquake.usgs.gov/earthquakes/eventpage/us6000tl19","detail":"https://earthquake.usgs.gov/earthquakes/feed/v1.0/detail/us6000tl19.geojson","felt":null,"cdi":null,"mmi":null,"alert":null,"status":"reviewed","tsunami":0,"sig":312,"net":"us","code":"6000tl19","ids":",us6000tl19,","sources":",us,","types":",origin,phase-data,","nst":57,"dmin":2.03,"rms":0.73,"gap":40,"magType":"mb","type":"earthquake","title":"M 4.5 - Banda Sea"},"geometry":{"type":"Point","coordinates":[129.8692,-6.5656,171.398]},"id":"us6000tl19"},
{"type":"Feature","properties":{"mag":1.5,"place":"34 km NNE of Chase, Alaska","time":1786801630422,"updated":1786801722642,"tz":null,"url":"https://earthquake.usgs.gov/earthquakes/eventpage/aka2026qcmnqm","detail":"https://earthquake.usgs.gov/earthquakes/feed/v1.0/detail/aka2026qcmnqm.geojson","felt":null,"cdi":null,"mmi":null,"alert":null,"status":"automatic","tsunami":0,"sig":35,"net":"ak","code":"a2026qcmnqm","ids":",aka2026qcmnqm,","sources":",ak,","types":",origin,phase-data,","nst":26,"dmin":0.4,"rms":0.8,"gap":70,"magType":"ml","type":"earthquake","title":"M 1.5 - 34 km NNE of Chase, Alaska"},"geometry":{"type":"Point","coordinates":[-149.729,62.711,66.6]},"id":"aka2026qcmnqm"},
{"type":"Feature","properties":{"mag":2.81,"place":"10 km E of Pāhala, Hawaii","time":1786801497430,"updated":1786811494040,"tz":null,"url":"https://earthquake.usgs.gov/earthquakes/eventpage/hv75019202","detail":"https://earthquake.usgs.gov/earthquakes/feed/v1.0/detail/hv75019202.geojson","felt":null,"cdi":null,"mmi":null,"alert":null,"status":"automatic","tsunami":0,"sig":121,"net":"hv","code":"75019202","ids":",us6000tl18,hv75019202,","sources":",us,hv,","types":",origin,phase-data,","nst":43,"dmin":0.04257,"rms":0.150000006,"gap":172,"magType":"md","type":"earthquake","title":"M 2.8 - 10 km E of Pāhala, Hawaii"},"geometry":{"type":"Point","coordinates":[-155.381500244141,19.1975002288818,30]},"id":"hv75019202"},
{"type":"Feature","properties":{"mag":2,"place":"44 km N of Sutton-Alpine, Alaska","time":1786801349514,"updated":1786829385234,"tz":null,"url":"https://earthquake.usgs.gov/earthquakes/eventpage/aka2026qcmjoz","detail":"https://earthquake.usgs.gov/earthquakes/feed/v1.0/detail/aka2026qcmjoz.geojson","felt":1,"cdi":1,"mmi":null,"alert":null,"status":"automatic","tsunami":0,"sig":62,"net":"ak","code":"a2026qcmjoz","ids":",aka2026qcmjoz,","sources":",ak,","types":",dyfi,origin,phase-data,","nst":29,"dmin":0.4,"rms":0.8,"gap":84,"magType":"ml","type":"earthquake","title":"M 2.0 - 44 km N of Sutton-Alpine, Alaska"},"geometry":{"type":"Point","coordinates":[-148.857,62.178,34.6]},"id":"aka2026qcmjoz"},
{"type":"Feature","properties":{"mag":2.37,"place":"12 km NNE of Trabuco Canyon, CA","time":1786800819680,"updated":1786826334334,"tz":null,"url":"https://earthquake.usgs.gov/earthquakes/eventpage/ci40673162","detail":"https://earthquake.usgs.gov/earthquakes/feed/v1.0/detail/ci40673162.geojson","felt":19,"cdi":3.1,"mmi":null,"alert":null,"status":"automatic","tsunami":0,"sig":92,"net":"ci","code":"40673162","ids":",ci40673162,","sources":",ci,","types":",dyfi,focal-mechanism,nearby-cities,origin,phase-data,scitech-link,","nst":145,"dmin":0.04186,"rms":0.22,"gap":32,"magType":"ml","type":"earthquake","title":"M 2.4 - 12 km NNE of Trabuco Canyon, CA"},"geometry":{"type":"Point","coordinates":[-117.527,33.759,9.77]},"id":"ci40673162"},
{"type":"Feature","properties":{"mag":4.2,"place":"105 km SW of Puerto Madero, Mexico","time":1786800767766,"updated":1786807243040,"tz":null,"url":"https://earthquake.usgs.gov/earthquakes/eventpage/us6000tl15","detail":"https://earthquake.usgs.gov/earthquakes/feed/v1.0/detail/us6000tl15.geojson","felt":null,"cdi":null,"mmi":null,"alert":null,"status":"reviewed","tsunami":0,"sig":271,"net":"us","code":"6000tl15","ids":",us6000tl15,","sources":",us,","types":",origin,phase-data,","nst":82,"dmin":2.438,"rms":0.6,"gap":208,"magType":"mb","type":"earthquake","title":"M 4.2 - 105 km SW of Puerto Madero, Mexico"},"geometry":{"type":"Point","coordinates":[-93.0742,14.0047,10]},"id":"us6000tl15"},
{"type":"Feature","properties":{"mag":2.2,"place":"11 km WNW of Susitna North, Alaska","time":1786800674475,"updated":1786829451106,"tz":null,"url":"https://earthquake.usgs.gov/earthquakes/eventpage/aka2026qclzvz","detail":"https://earthquake.usgs.gov/earthquakes/feed/v1.0/detail/aka2026qclzvz.geojson","felt":1,"cdi":1,"mmi":null,"alert":null,"status":"automatic","tsunami":0,"sig":75,"net":"ak","code":"a2026qclzvz","ids":",aka2026qclzvz,","sources":",ak,","types":",dyfi,origin,phase-data,","nst":37,"dmin":0.5,"rms":0.7,"gap":51,"magType":"ml","type":"earthquake","title":"M 2.2 - 11 km WNW of Susitna North, Alaska"},"geometry":{"type":"Point","coordinates":[-150.04,62.218,0.1]},"id":"aka2026qclzvz"},
{"type":"Feature","properties":{"mag":2,"place":"55 km SSW of Whites City, New Mexico","time":1786800638686,"updated":1786800809663,"tz":null,"url":"https://earthquake.usgs.gov/earthquakes/eventpage/tx2026pzwzmf","detail":"https://earthquake.usgs.gov/earthquakes/feed/v1.0/detail/tx2026pzwzmf.geojson","felt":null,"cdi":null,"mmi":null,"alert":null,"status":"automatic","tsunami":0,"sig":62,"net":"tx","code":"2026pzwzmf","ids":",tx2026pzwzmf,","sources":",tx,","types":",origin,phase-data,","nst":16,"dmin":0,"rms":0.5,"gap":95,"magType":"ml","type":"earthquake","title":"M 2.0 - 55 km SSW of Whites City, New Mexico"},"geometry":{"type":"Point","coordinates":[-104.575,31.705,3.3313]},"id":"tx2026pzwzmf"},
{"type":"Feature","properties":{"mag":0.55,"place":"13 km ENE of Ridgecrest, CA","time":1786800627180,"updated":1786800835252,"tz":null,"url":"https://earthquake.usgs.gov/earthquakes/eventpage/ci40673154","detail":"https://earthquake.usgs.gov/earthquakes/feed/v1.0/detail/ci40673154.geojson","felt":null,"cdi":null,"mmi":null,"alert":null,"status":"automatic","tsunami":0,"sig":5,"net":"ci","code":"40673154","ids":",ci40673154,","sources":",ci,","types":",nearby-cities,origin,phase-data,","nst":19,"dmin":0.09964,"rms":0.13,"gap":61,"magType":"ml","type":"earthquake","title":"M 0.6 - 13 km ENE of Ridgecrest, CA"},"geometry":{"type":"Point","coordinates":[-117.5455,35.6748333333333,2.67]},"id":"ci40673154"},
{"type":"Feature","properties":{"mag":0.85,"place":"28 km SSW of Ocotillo Wells, CA","time":1786800015770,"updated":1786800629170,"tz":null,"url":"https://earthquake.usgs.gov/earthquakes/eventpage/ci40673146","detail":"https://earthquake.usgs.gov/earthquakes/feed/v1.0/detail/ci40673146.geojson","felt":null,"cdi":null,"mmi":null,"alert":null,"status":"automatic","tsunami":0,"sig":11,"net":"ci","code":"40673146","ids":",ci40673146,","sources":",ci,","types":",focal-mechanism,nearby-cities,origin,phase-data,scitech-link,","nst":36,"dmin":0.1514,"rms":0.13,"gap":46,"magType":"ml","type":"earthquake","title":"M 0.9 - 28 km SSW of Ocotillo Wells, CA"},"geometry":{"type":"Point","coordinates":[-116.244833333333,32.9126666666667,8.28]},"id":"ci40673146"},
{"type":"Feature","properties":{"mag":0.97,"place":"2 km W of Anderson Springs, CA","time":1786799572270,"updated":1786802840586,"tz":null,"url":"https://earthquake.usgs.gov/earthquakes/eventpage/nc75418772","detail":"https://earthquake.usgs.gov/earthquakes/feed/v1.0/detail/nc75418772.geojson","felt":null,"cdi":null,"mmi":null,"alert":null,"status":"automatic","tsunami":0,"sig":14,"net":"nc","code":"75418772","ids":",nc75418772,","sources":",nc,","types":",nearby-cities,origin,phase-data,scitech-link,","nst":11,"dmin":0.01386,"rms":0.04,"gap":95,"magType":"md","type":"earthquake","title":"M 1.0 - 2 km W of Anderson Springs, CA"},"geometry":{"type":"Point","coordinates":[-122.716499328613,38.7738342285156,1.49000000953674]},"id":"nc75418772"},
{"type":"Feature","properties":{"mag":1.3,"place":"5 km S of Loma Linda, CA","time":1786799461400,"updated":1786799673351,"tz":null,"url":"https://earthquake.usgs.gov/earthquakes/eventpage/ci40673138","detail":"https://earthquake.usgs.gov/earthquakes/feed/v1.0/detail/ci40673138.geojson","felt":null,"cdi":null,"mmi":null,"alert":null,"status":"automatic","tsunami":0,"sig":26,"net":"ci","code":"40673138","ids":",ci40673138,","sources":",ci,","types":",nearby-cities,origin,phase-data,","nst":50,"dmin":0.06122,"rms":0.17,"gap":46,"magType":"ml","type":"earthquake","title":"M 1.3 - 5 km S of Loma Linda, CA"},"geometry":{"type":"Point","coordinates":[-117.263666666667,34.005,14.78]},"id":"ci40673138"},
{"type":"Feature","properties":{"mag":0.94,"place":"6 km WNW of Cobb, CA","time":1786799426260,"updated":1786801644443,"tz":null,"url":"https://earthquake.usgs.gov/earthquakes/eventpage/nc75418767","detail":"https://earthquake.usgs.gov/earthquakes/feed/v1.0/detail/nc75418767.geojson","felt":null,"cdi":null,"mmi":null,"alert":null,"status":"automatic","tsunami":0,"sig":14,"net":"nc","code":"75418767","ids":",nc75418767,","sources":",nc,","types":",nearby-cities,origin,phase-data,scitech-link,","nst":15,"dmin":0.004628,"rms":0.02,"gap":68,"magType":"md","type":"earthquake","title":"M 0.9 - 6 km WNW of Cobb, CA"},"geometry":{"type":"Point","coordinates":[-122.786331176758,38.8349990844727,1.76999998092651]},"id":"nc75418767"},
{"type":"Feature","properties":{"mag":1.86,"place":"8 km ENE of Lopez Point, CA","time":1786798995180,"updated":1786808243188,"tz":null,"url":"https://earthquake.usgs.gov/earthquakes/eventpage/nc75418762","detail":"https://earthquake.usgs.gov/earthquakes/feed/v1.0/detail/nc75418762.geojson","felt":null,"cdi":null,"mmi":null,"alert":null,"status":"automatic","tsunami":0,"sig":53,"net":"nc","code":"75418762","ids":",nc75418762,","sources":",nc,","types":",nearby-cities,origin,phase-data,scitech-link,","nst":27,"dmin":0.0571,"rms":0.09,"gap":117,"magType":"md","type":"earthquake","title":"M 1.9 - 8 km ENE of Lopez Point, CA"},"geometry":{"type":"Point","coordinates":[-121.488334655762,36.0591659545898,4.03000020980835]},"id":"nc75418762"},
{"type":"Feature","properties":{"mag":1.6,"place":"8 km ENE of Lopez Point, CA","time":1786798937050,"updated":1786806740026,"tz":null,"url":"https://earthquake.usgs.gov/earthquakes/eventpage/nc75418757","detail":"https://earthquake.usgs.gov/earthquakes/feed/v1.0/detail/nc75418757.geojson","felt":null,"cdi":null,"mmi":null,"alert":null,"status":"automatic","tsunami":0,"sig":39,"net":"nc","code":"75418757","ids":",nc75418757,","sources":",nc,","types":",nearby-cities,origin,phase-data,scitech-link,","nst":20,"dmin":0.05583,"rms":0.08,"gap":117,"magType":"md","type":"earthquake","title":"M 1.6 - 8 km ENE of Lopez Point, CA"},"geometry":{"type":"Point","coordinates":[-121.486503601074,36.0595016479492,4.03999996185303]},"id":"nc75418757"},
{"type":"Feature","properties":{"mag":2.1,"place":"30 km WNW of Valdez, Alaska","time":1786796369407,"updated":1786869782814,"tz":null,"url":"https://earthquake.usgs.gov/earthquakes/eventpage/aka2026qcjppz","detail":"https://earthquake.usgs.gov/earthquakes/feed/v1.0/detail/aka2026qcjppz.geojson","felt":null,"cdi":null,"mmi":null,"alert":null,"status":"reviewed","tsunami":0,"sig":68,"net":"ak","code":"a2026qcjppz","ids":",aka2026qcjppz,","sources":",ak,","types":",origin,phase-data,","nst":58,"dmin":0.3,"rms":0.7,"gap":31,"magType":"ml","type":"earthquake","title":"M 2.1 - 30 km WNW of Valdez, Alaska"},"geometry":{"type":"Point","coordinates":[-146.831,61.277,16.2]},"id":"aka2026qcjppz"},
{"type":"Feature","properties":{"mag":5.2,"place":"78 km NW of Ende, Indonesia","time":1786796079321,"updated":1786797062040,"tz":null,"url":"https://earthquake.usgs.gov/earthquakes/eventpage/us6000tl0v","detail":"https://earthquake.usgs.gov/earthquakes/feed/v1.0/detail/us6000tl0v.geojson","felt":null,"cdi":null,"mmi":null,"alert":null,"status":"reviewed","tsunami":0,"sig":416,"net":"us","code":"6000tl0v","ids":",us6000tl0v,","sources":",us,","types":",origin,phase-data,","nst":48,"dmin":3.325,"rms":0.77,"gap":78,"magType":"mb","type":"earthquake","title":"M 5.2 - 78 km NW of Ende, Indonesia"},"geometry":{"type":"Point","coordinates":[121.2565,-8.2575,10]},"id":"us6000tl0v"},
{"type":"Feature","properties":{"mag":2.71,"place":"6 km SW of Pāhala, Hawaii","time":1786795732450,"updated":1786799930040,"tz":null,"url":"https://earthquake.usgs.gov/earthquakes/eventpage/hv75019182","detail":"https://earthquake.usgs.gov/earthquakes/feed/v1.0/detail/hv75019182.geojson","felt":null,"cdi":null,"mmi":null,"alert":null,"status":"automatic","tsunami":0,"sig":113,"net":"hv","code":"75019182","ids":",us6000tl0t,hv75019182,","sources":",us,hv,","types":",origin,phase-data,","nst":56,"dmin":0.05591,"rms":0.159999996,"gap":122,"magType":"ml","type":"earthquake","title":"M 2.7 - 6 km SW of Pāhala, Hawaii"},"geometry":{"type":"Point","coordinates":[-155.52082824707,19.162166595459,29.6399993896484]},"id":"hv75019182"},
{"type":"Feature","properties":{"mag":0.95,"place":"10 km WNW of The Geysers, CA","time":1786795345640,"updated":1786796843907,"tz":null,"url":"https://earthquake.usgs.gov/earthquakes/eventpage/nc75418747","detail":"https://earthquake.usgs.gov/earthquakes/feed/v1.0/detail/nc75418747.geojson","felt":null,"cdi":null,"mmi":null,"alert":null,"status":"automatic","tsunami":0,"sig":14,"net":"nc","code":"75418747","ids":",nc75418747,","sources":",nc,","types":",nearby-cities,origin,phase-data,scitech-link,","nst":7,"dmin":0.01771,"rms":0.01,"gap":155,"magType":"md","type":"earthquake","title":"M 1.0 - 10 km WNW of The Geysers, CA"},"geometry":{"type":"Point","coordinates":[-122.857498168945,38.8255004882812,1.78999996185303]},"id":"nc75418747"},
{"type":"Feature","properties":{"mag":2.63,"place":"4 km SSW of Volcano, Hawaii","time":1786795048280,"updated":1786799668040,"tz":null,"url":"https://earthquake.usgs.gov/earthquakes/eventpage/hv75019177","detail":"https://earthquake.usgs.gov/earthquakes/feed/v1.0/detail/hv75019177.geojson","felt":null,"cdi":null,"mmi":null,"alert":null,"status":"automatic","tsunami":0,"sig":106,"net":"hv","code":"75019177","ids":",us6000tl0r,hv75019177,","sources":",us,hv,","types":",origin,phase-data,","nst":32,"dmin":0.01517,"rms":0.159999996,"gap":43,"magType":"md","type":"earthquake","title":"M 2.6 - 4 km SSW of Volcano, Hawaii"},"geometry":{"type":"Point","coordinates":[-155.247665405273,19.4021663665771,39.5299987792969]},"id":"hv75019177"},
{"type":"Feature","properties":{"mag":0.32,"place":"10 km SSW of Idyllwild, CA","time":1786794007950,"updated":1786812030555,"tz":null,"url":"https://earthquake.usgs.gov/earthquakes/eventpage/ci40673130","detail":"https://earthquake.usgs.gov/earthquakes/feed/v1.0/detail/ci40673130.geojson","felt":null,"cdi":null,"mmi":null,"alert":null,"status":"reviewed","tsunami":0,"sig":2,"net":"ci","code":"40673130","ids":",ci40673130,","sources":",ci,","types":",nearby-cities,origin,phase-data,","nst":27,"dmin":0.06327,"rms":0.14,"gap":58,"magType":"ml","type":"earthquake","title":"M 0.3 - 10 km SSW of Idyllwild, CA"},"geometry":{"type":"Point","coordinates":[-116.759833333333,33.6605,14.32]},"id":"ci40673130"},
{"type":"Feature","properties":{"mag":1.62,"place":"18 km SW of Toms Place, CA","time":1786793765330,"updated":1786803446654,"tz":null,"url":"https://earthquake.usgs.gov/earthquakes/eventpage/nc75418742","detail":"https://earthquake.usgs.gov/earthquakes/feed/v1.0/detail/nc75418742.geojson","felt":null,"cdi":null,"mmi":null,"alert":null,"status":"automatic","tsunami":0,"sig":40,"net":"nc","code":"75418742","ids":",nc75418742,","sources":",nc,","types":",nearby-cities,origin,phase-data,scitech-link,","nst":8,"dmin":0.1596,"rms":0.05,"gap":139,"magType":"md","type":"earthquake","title":"M 1.6 - 18 km SW of Toms Place, CA"},"geometry":{"type":"Point","coordinates":[-118.837997436523,37.4550018310547,2.71000003814697]},"id":"nc75418742"},
{"type":"Feature","properties":{"mag":4.9,"place":"63 km ESE of Yilan, Taiwan","time":1786793415368,"updated":1786795058456,"tz":null,"url":"https://earthquake.usgs.gov/earthquakes/eventpage/us6000tl0a","detail":"https://earthquake.usgs.gov/earthquakes/feed/v1.0/detail/us6000tl0a.geojson","felt":1,"cdi":2,"mmi":null,"alert":null,"status":"reviewed","tsunami":0,"sig":370,"net":"us","code":"6000tl0a","ids":",us6000tl0a,","sources":",us,","types":",dyfi,origin,phase-data,","nst":47,"dmin":0.654,"rms":0.83,"gap":57,"magType":"mb","type":"earthquake","title":"M 4.9 - 63 km ESE of Yilan, Taiwan"},"geometry":{"type":"Point","coordinates":[122.2931,24.4732,66.357]},"id":"us6000tl0a"}],"bbox":[-179.6043,-28.2225,-0.72000002861023,167.1934,67.908,599.718]}