{"type":"FeatureCollection","metadata":{"generated":1786879477000,"url":"https://earthquake.usgs.gov/fdsnws/event/1/query?format=geojson&starttime=2026-07-17&minmagnitude=4&orderby=time","title":"USGS Earthquakes","status":200,"api":"2.7.0","count":1183},"features":[{"type":"Feature","properties":{"mag":5.3,"place":"105 km ESE of Madang, Papua New Guinea","time":1786877952836,"updated":1786878974040,"tz":null,"url":"https://earthquake.usgs.gov/earthquakes/eventpage/usd0015e7p","detail":"https://earthquake.usgs.gov/fdsnws/event/1/query?eventid=usd0015e7p&format=geojson","felt":null,"cdi":null,"mmi":null,"alert":null,"status":"reviewed","tsunami":0,"sig":432,"net":"us","code":"d0015e7p","ids":",usd0015e7p,","sources":",us,","types":",origin,phase-data,","nst":83,"dmin":3.557,"rms":0.56,"gap":28,"magType":"mb","type":"earthquake","title":"M 5.3 - 105 km ESE of Madang, Papua New Guinea"},"geometry":{"type":"Point","coordinates":[146.6791,-5.557,162.555]},"id":"usd0015e7p"},
{"type":"Feature","properties":{"mag":5.1,"place":"81 km N of Ruteng, Indonesia","time":1786876294822,"updated":1786877440040,"tz":null,"url":"https://earthquake.usgs.gov/earthquakes/eventpage/usd0015e7k","detail":"https://earthquake.usgs.gov/fdsnws/event/1/query?eventid=usd0015e7k&format=geojson","felt":null,"cdi":null,"mmi":null,"alert":null,"status":"reviewed","tsunami":0,"sig":400,"net":"us","code":"d0015e7k","ids":",usd0015e7k,","sources":",us,","types":",origin,phase-data,","nst":54,"dmin":2.955,"rms":0.94,"gap":64,"magType":"mb","type":"earthquake","title":"M 5.1 - 81 km N of Ruteng, Indonesia"},"geometry":{"type":"Point","coordinates":[120.5504,-7.8791,10]},"id":"usd0015e7k"},
{"type":"Feature","properties":{"mag":5.3,"place":"75 km NNE of Ruteng, Indonesia","time":1786875276343,"updated":1786876888040,"tz":null,"url":"https://earthquake.usgs.gov/earthquakes/eventpage/usd0015e7j","detail":"https://earthquake.usgs.gov/fdsnws/event/1/query?eventid=usd0015e7j&format=geojson","felt":null,"cdi":null,"mmi":4.425,"alert":null,"status":"reviewed","tsunami":0,"sig":432,"net":"us","code":"d0015e7j","ids":",usd0015e7j,","sources":",us,","types":",origin,phase-data,shakemap,","nst":91,"dmin":3.026,"rms":0.76,"gap":41,"magType":"mww","type":"earthquake","title":"M 5.3 - 75 km NNE of Ruteng, Indonesia"},"geometry":{"type":"Point","coordinates":[120.5995,-7.9399,10]},"id":"usd0015e7j"},
{"type":"Feature","properties":{"mag":4,"place":"30 km ESE of Agua Prieta, Mexico","time":1786874258788,"updated":1786875522357,"tz":null,"url":"https://earthquake.usgs.gov/earthquakes/eventpage/usd0015e7e","detail":"https://earthquake.usgs.gov/fdsnws/event/1/query?eventid=usd0015e7e&format=geojson","felt":null,"cdi":null,"mmi":3.843,"alert":null,"status":"reviewed","tsunami":0,"sig":246,"net":"us","code":"d0015e7e","ids":",usd0015e7e,","sources":",us,","types":",origin,phase-data,shakemap,","nst":37,"dmin":0.174,"rms":0.96,"gap":118,"magType":"mb","type":"earthquake","title":"M 4.0 - 30 km ESE of Agua Prieta, Mexico"},"geometry":{"type":"Point","coordinates":[-109.2716,31.2009,16.424]},"id":"usd0015e7e"},
{"type":"Feature","properties":{"mag":4.6,"place":"68 km ESE of Madang, Papua New Guinea","time":1786867610468,"updated":1786869586040,"tz":null,"url":"https://earthquake.usgs.gov/earthquakes/eventpage/usd0015e6s","detail":"https://earthquake.usgs.gov/fdsnws/event/1/query?eventid=usd0015e6s&format=geojson","felt":null,"cdi":null,"mmi":null,"alert":null,"status":"reviewed","tsunami":0,"sig":326,"net":"us","code":"d0015e6s","ids":",usd0015e6s,","sources":",us,","types":",origin,phase-data,","nst":68,"dmin":3.615,"rms":0.64,"gap":51,"magType":"mb","type":"earthquake","title":"M 4.6 - 68 km ESE of Madang, Papua New Guinea"},"geometry":{"type":"Point","coordinates":[146.3275,-5.5296,130.097]},"id":"usd0015e6s"},
{"type":"Feature","properties":{"mag":5.5,"place":"76 km N of Ruteng, Indonesia","time":1786863107338,"updated":1786870496049,"tz":null,"url":"https://earthquake.usgs.gov/earthquakes/eventpage/us6000tl6a","detail":"https://earthquake.usgs.gov/fdsnws/event/1/query?eventid=us6000tl6a&format=geojson","felt":null,"cdi":null,"mmi":4.443,"alert":"green","status":"reviewed","tsunami":0,"sig":465,"net":"us","code":"6000tl6a","ids":",usauto6000tl6a,us6000tl6a,","sources":",usauto,us,","types":",internal-moment-tensor,losspager,origin,phase-data,shakemap,","nst":62,"dmin":3.015,"rms":0.87,"gap":46,"magType":"mww","type":"earthquake","title":"M 5.5 - 76 km N of Ruteng, Indonesia"},"geometry":{"type":"Point","coordinates":[120.5855,-7.9322,10]},"id":"us6000tl6a"},
{"type":"Feature","properties":{"mag":4.1,"place":"1 km NE of Sarzana, Italy","time":1786852165874,"updated":1786866887195,"tz":null,"url":"https://earthquake.usgs.gov/earthquakes/eventpage/us6000tl58","detail":"https://earthquake.usgs.gov/fdsnws/event/1/query?eventid=us6000tl58&format=geojson","felt":15,"cdi":4.6,"mmi":null,"alert":null,"status":"reviewed","tsunami":0,"sig":266,"net":"us","code":"6000tl58","ids":",us6000tl58,","sources":",us,","types":",dyfi,origin,phase-data,","nst":30,"dmin":0.758,"rms":1.41,"gap":88,"magType":"mb","type":"earthquake","title":"M 4.1 - 1 km NE of Sarzana, Italy"},"geometry":{"type":"Point","coordinates":[9.9725,44.1198,10]},"id":"us6000tl58"},
{"type":"Feature","properties":{"mag":5,"place":"45 km NNW of Ende, Indonesia","time":1786851779885,"updated":1786852713040,"tz":null,"url":"https://earthquake.usgs.gov/earthquakes/eventpage/us6000tl55","detail":"https://earthquake.usgs.gov/fdsnws/event/1/query?eventid=us6000tl55&format=geojson","felt":null,"cdi":null,"mmi":null,"alert":null,"status":"reviewed","tsunami":0,"sig":385,"net":"us","code":"6000tl55","ids":",us6000tl55,","sources":",us,","types":",origin,phase-data,","nst":28,"dmin":3.013,"rms":1.13,"gap":76,"magType":"mb","type":"earthquake","title":"M 5.0 - 45 km NNW of Ende, Indonesia"},"geometry":{"type":"Point","coordinates":[121.5082,-8.4615,10]},"id":"us6000tl55"},
{"type":"Feature","properties":{"mag":6.1,"place":"56 km NNE of Port-Olry, Vanuatu","time":1786850424373,"updated":1786858078262,"tz":null,"url":"https://earthquake.usgs.gov/earthquakes/eventpage/us6000tl4w","detail":"https://earthquake.usgs.gov/fdsnws/event/1/query?eventid=us6000tl4w&format=geojson","felt":1,"cdi":3.4,"mmi":3.908,"alert":"green","status":"reviewed","tsunami":0,"sig":573,"net":"us","code":"6000tl4w","ids":",us6000tl4w,usauto6000tl4w,attjuelx,","sources":",us,usauto,at,","types":",dyfi,ground-failure,internal-moment-tensor,internal-origin,losspager,moment-tensor,origin,phase-data,shakemap,","nst":75,"dmin":6.582,"rms":0.73,"gap":53,"magType":"mww","type":"earthquake","title":"M 6.1 - 56 km NNE of Port-Olry, Vanuatu"},"geometry":{"type":"Point","coordinates":[167.1934,-14.5474,188.148]},"id":"us6000tl4w"},
{"type":"Feature","properties":{"mag":4.2,"place":"11 km SSW of Piedecuesta, Colombia","time":1786839496411,"updated":1786850855040,"tz":null,"url":"https://earthquake.usgs.gov/earthquakes/eventpage/us6000tl4c","detail":"https://earthquake.usgs.gov/fdsnws/event/1/query?eventid=us6000tl4c&format=geojson","felt":null,"cdi":null,"mmi":null,"alert":null,"status":"reviewed","tsunami":0,"sig":271,"net":"us","code":"6000tl4c","ids":",us6000tl4c,","sources":",us,","types":",origin,phase-data,","nst":29,"dmin":0.991,"rms":0.77,"gap":118,"magType":"mb","type":"earthquake","title":"M 4.2 - 11 km SSW of Piedecuesta, Colombia"},"geometry":{"type":"Point","coordinates":[-73.0936,6.8902,146.651]},"id":"us6000tl4c"},
{"type":"Feature","properties":{"mag":5,"place":"80 km N of Ruteng, Indonesia","time":1786835574664,"updated":1786836915040,"tz":null,"url":"https://earthquake.usgs.gov/earthquakes/eventpage/us6000tl44","detail":"https://earthquake.usgs.gov/fdsnws/event/1/query?eventid=us6000tl44&format=geojson","felt":null,"cdi":null,"mmi":null,"alert":null,"status":"reviewed","tsunami":0,"sig":385,"net":"us","code":"6000tl44","ids":",us6000tl44,","sources":",us,","types":",origin,phase-data,","nst":47,"dmin":2.955,"rms":1.4,"gap":64,"magType":"mb","type":"earthquake","title":"M 5.0 - 80 km N of Ruteng, Indonesia"},"geometry":{"type":"Point","coordinates":[120.5156,-7.8894,10]},"id":"us6000tl44"},
{"type":"Feature","properties":{"mag":5.4,"place":"19 km NE of Colonia, Micronesia","time":1786834375761,"updated":1786857580147,"tz":null,"url":"https://earthquake.usgs.gov/earthquakes/eventpage/us6000tl43","detail":"https://earthquake.usgs.gov/fdsnws/event/1/query?eventid=us6000tl43&format=geojson","felt":7,"cdi":4.8,"mmi":5.965,"alert":"green","status":"reviewed","tsunami":0,"sig":452,"net":"us","code":"6000tl43","ids":",us6000tl43,usauto6000tl43,","sources":",us,usauto,","types":",dyfi,ground-failure,internal-moment-tensor,losspager,moment-tensor,origin,phase-data,shakemap,","nst":70,"dmin":9.236,"rms":1.13,"gap":102,"magType":"mww","type":"earthquake","title":"M 5.4 - 19 km NE of Colonia, Micronesia"},"geometry":{"type":"Point","coordinates":[138.224,9.6571,10]},"id":"us6000tl43"},
{"type":"Feature","properties":{"mag":4.4,"place":"83 km SSW of Puerto San José, Guatemala","time":1786833924028,"updated":1786849808040,"tz":null,"url":"https://earthquake.usgs.gov/earthquakes/eventpage/us6000tl40","detail":"https://earthquake.usgs.gov/fdsnws/event/1/query?eventid=us6000tl40&format=geojson","felt":null,"cdi":null,"mmi":null,"alert":null,"status":"reviewed","tsunami":0,"sig":298,"net":"us","code":"6000tl40","ids":",us6000tl40,","sources":",us,","types":",origin,phase-data,","nst":53,"dmin":1.369,"rms":1.44,"gap":204,"magType":"mb","type":"earthquake","title":"M 4.4 - 83 km SSW of Puerto San José, Guatemala"},"geometry":{"type":"Point","coordinates":[-90.984,13.189,10]},"id":"us6000tl40"},
{"type":"Feature","properties":{"mag":4.4,"place":"74 km ESE of Sarangani, Philippines","time":1786831803063,"updated":1786848242040,"tz":null,"url":"https://earthquake.usgs.gov/earthquakes/eventpage/us6000tl3u","detail":"https://earthquake.usgs.gov/fdsnws/event/1/query?eventid=us6000tl3u&format=geojson","felt":null,"cdi":null,"mmi":null,"alert":null,"status":"reviewed","tsunami":0,"sig":298,"net":"us","code":"6000tl3u","ids":",us6000tl3u,","sources":",us,","types":",origin,phase-data,","nst":30,"dmin":1.952,"rms":0.93,"gap":114,"magType":"mb","type":"earthquake","title":"M 4.4 - 74 km ESE of Sarangani, Philippines"},"geometry":{"type":"Point","coordinates":[126.0929,5.173,93.165]},"id":"us6000tl3u"},
{"type":"Feature","properties":{"mag":4.7,"place":"86 km N of Ruteng, Indonesia","time":1786828112582,"updated":1786840365040,"tz":null,"url":"https://earthquake.usgs.gov/earthquakes/eventpage/us6000tl3n","detail":"https://earthquake.usgs.gov/fdsnws/event/1/query?eventid=us6000tl3n&format=geojson","felt":null,"cdi":null,"mmi":null,"alert":null,"status":"reviewed","tsunami":0,"sig":340,"net":"us","code":"6000tl3n","ids":",us6000tl3n,","sources":",us,","types":",origin,phase-data,","nst":32,"dmin":2.896,"rms":1.03,"gap":73,"magType":"mb","type":"earthquake","title":"M 4.7 - 86 km N of Ruteng, Indonesia"},"geometry":{"type":"Point","coordinates":[120.5111,-7.8284,10]},"id":"us6000tl3n"},
{"type":"Feature","properties":{"mag":4.5,"place":"63 km N of Ruteng, Indonesia","time":1786825784571,"updated":1786827960040,"tz":null,"url":"https://earthquake.usgs.gov/earthquakes/eventpage/us6000tl3k","detail":"https://earthquake.usgs.gov/fdsnws/event/1/query?eventid=us6000tl3k&format=geojson","felt":null,"cdi":null,"mmi":null,"alert":null,"status":"reviewed","tsunami":0,"sig":312,"net":"us","code":"6000tl3k","ids":",us6000tl3k,","sources":",us,","types":",origin,phase-data,","nst":26,"dmin":3.09,"rms":1.2,"gap":90,"magType":"mb","type":"earthquake","title":"M 4.5 - 63 km N of Ruteng, Indonesia"},"geometry":{"type":"Point","coordinates":[120.4927,-8.0349,10]},"id":"us6000tl3k"},
{"type":"Feature","properties":{"mag":4.2,"place":"39 km N of Vallenar, Chile","time":1786823871472,"updated":1786827461309,"tz":null,"url":"https://earthquake.usgs.gov/earthquakes/eventpage/us6000tl3c","detail":"https://earthquake.usgs.gov/fdsnws/event/1/query?eventid=us6000tl3c&format=geojson","felt":1,"cdi":1,"mmi":null,"alert":null,"status":"reviewed","tsunami":0,"sig":271,"net":"us","code":"6000tl3c","ids":",us6000tl3c,","sources":",us,","types":",dyfi,origin,phase-data,","nst":27,"dmin":0.792,"rms":0.86,"gap":140,"magType":"mb","type":"earthquake","title":"M 4.2 - 39 km N of Vallenar, Chile"},"geometry":{"type":"Point","coordinates":[-70.8181,-28.2225,86.361]},"id":"us6000tl3c"},
{"type":"Feature","properties":{"mag":5.5,"place":"Volcano Islands, Japan region","time":1786822350371,"updated":1786829901742,"tz":null,"url":"https://earthquake.usgs.gov/earthquakes/eventpage/us6000tl36","detail":"https://earthquake.usgs.gov/fdsnws/event/1/query?eventid=us6000tl36&format=geojson","felt":null,"cdi":null,"mmi":2.736,"alert":"green","status":"reviewed","tsunami":0,"sig":465,"net":"us","code":"6000tl36","ids":",usauto6000tl36,us6000tl36,","sources":",usauto,us,","types":",internal-moment-tensor,losspager,moment-tensor,origin,phase-data,shakemap,","nst":119,"dmin":8.647,"rms":0.95,"gap":79,"magType":"mww","type":"earthquake","title":"M 5.5 - Volcano Islands, Japan region"},"geometry":{"type":"Point","coordinates":[142.7868,23.4461,39.954]},"id":"us6000tl36"},
{"type":"Feature","properties":{"mag":4.2,"place":"48 km NNW of Ruteng, Indonesia","time":1786821353197,"updated":1786823744040,"tz":null,"url":"https://earthquake.usgs.gov/earthquakes/eventpage/us6000tl32","detail":"https://earthquake.usgs.gov/fdsnws/event/1/query?eventid=us6000tl32&format=geojson","felt":null,"cdi":null,"mmi":null,"alert":null,"status":"reviewed","tsunami":0,"sig":271,"net":"us","code":"6000tl32","ids":",us6000tl32,","sources":",us,","types":",origin,phase-data,","nst":18,"dmin":3.218,"rms":1.06,"gap":76,"magType":"mb","type":"earthquake","title":"M 4.2 - 48 km NNW of Ruteng, Indonesia"},"geometry":{"type":"Point","coordinates":[120.2771,-8.2108,10]},"id":"us6000tl32"},
{"type":"Feature","properties":{"mag":4.2,"place":"92 km SW of Puerto Madero, Mexico","time":1786820683241,"updated":1786821677040,"tz":null,"url":"https://earthquake.usgs.gov/earthquakes/eventpage/us6000tl30","detail":"https://earthquake.usgs.gov/fdsnws/event/1/query?eventid=us6000tl30&format=geojson","felt":null,"cdi":null,"mmi":null,"alert":null,"status":"reviewed","tsunami":0,"sig":271,"net":"us","code":"6000tl30","ids":",us6000tl30,","sources":",us,","types":",origin,phase-data,","nst":53,"dmin":2.343,"rms":0.59,"gap":206,"magType":"mb","type":"earthquake","title":"M 4.2 - 92 km SW of Puerto Madero, Mexico"},"geometry":{"type":"Point","coordinates":[-92.9401,14.0581,10]},"id":"us6000tl30"},
{"type":"Feature","properties":{"mag":4.4,"place":"45 km N of Ruteng, Indonesia","time":1786819385132,"updated":1786822582040,"tz":null,"url":"https://earthquake.usgs.gov/earthquakes/eventpage/us6000tl33","detail":"https://earthquake.usgs.gov/fdsnws/event/1/query?eventid=us6000tl33&format=geojson","felt":null,"cdi":null,"mmi":null,"alert":null,"status":"reviewed","tsunami":0,"sig":298,"net":"us","code":"6000tl33","ids":",us6000tl33,","sources":",us,","types":",origin,phase-data,","nst":28,"dmin":3.263,"rms":0.36,"gap":76,"magType":"mb","type":"earthquake","title":"M 4.4 - 45 km N of Ruteng, Indonesia"},"geometry":{"type":"Point","coordinates":[120.5418,-8.2027,10]},"id":"us6000tl33"},
{"type":"Feature","properties":{"mag":4.5,"place":"47 km NNE of Ruteng, Indonesia","time":1786819221369,"updated":1786822088040,"tz":null,"url":"https://earthquake.usgs.gov/earthquakes/eventpage/us6000tl31","detail":"https://earthquake.usgs.gov/fdsnws/event/1/query?eventid=us6000tl31&format=geojson","felt":null,"cdi":null,"mmi":null,"alert":null,"status":"reviewed","tsunami":0,"sig":312,"net":"us","code":"6000tl31","ids":",us6000tl31,","sources":",us,","types":",origin,phase-data,","nst":18,"dmin":3.305,"rms":0.59,"gap":88,"magType":"mb","type":"earthquake","title":"M 4.5 - 47 km NNE of Ruteng, Indonesia"},"geometry":{"type":"Point","coordinates":[120.6399,-8.2203,10]},"id":"us6000tl31"},
{"type":"Feature","properties":{"mag":4.7,"place":"96 km NNE of Ruteng, Indonesia","time":1786816287384,"updated":1786818431040,"tz":null,"url":"https://earthquake.usgs.gov/earthquakes/eventpage/us6000tl2u","detail":"https://earthquake.usgs.gov/fdsnws/event/1/query?eventid=us6000tl2u&format=geojson","felt":null,"cdi":null,"mmi":null,"alert":null,"status":"reviewed","tsunami":0,"sig":340,"net":"us","code":"6000tl2u","ids":",us6000tl2u,","sources":",us,","types":",origin,phase-data,","nst":30,"dmin":2.885,"rms":0.78,"gap":81,"magType":"mb","type":"earthquake","title":"M 4.7 - 96 km NNE of Ruteng, Indonesia"},"geometry":{"type":"Point","coordinates":[120.6775,-7.7671,10]},"id":"us6000tl2u"},
{"type":"Feature","properties":{"mag":4.7,"place":"76 km N of Ruteng, Indonesia","time":1786815854375,"updated":1786817928040,"tz":null,"url":"https://earthquake.usgs.gov/earthquakes/eventpage/us6000tl2t","detail":"https://earthquake.usgs.gov/fdsnws/event/1/query?eventid=us6000tl2t&format=geojson","felt":null,"cdi":null,"mmi":null,"alert":null,"status":"reviewed","tsunami":0,"sig":340,"net":"us","code":"6000tl2t","ids":",us6000tl2t,","sources":",us,","types":",origin,phase-data,","nst":27,"dmin":2.966,"rms":0.7,"gap":74,"magType":"mb","type":"earthquake","title":"M 4.7 - 76 km N of Ruteng, Indonesia"},"geometry":{"type":"Point","coordinates":[120.4122,-7.9256,10]},"id":"us6000tl2t"},
{"type":"Feature","properties":{"mag":4.6,"place":"192 km SSE of Vilyuchinsk, Russia","time":1786815702009,"updated":1786817130040,"tz":null,"url":"https://earthquake.usgs.gov/earthquakes/eventpage/us6000tl2s","detail":"https://earthquake.usgs.gov/fdsnws/event/1/query?eventid=us6000tl2s&format=geojson","felt":null,"cdi":null,"mmi":null,"alert":null,"status":"reviewed","tsunami":0,"sig":326,"net":"us","code":"6000tl2s","ids":",us6000tl2s,","sources":",us,","types":",origin,phase-data,","nst":61,"dmin":2.136,"rms":1.01,"gap":119,"magType":"mb","type":"earthquake","title":"M 4.6 - 192 km SSE of Vilyuchinsk, Russia"},"geometry":{"type":"Point","coordinates":[159.9696,51.4925,10]},"id":"us6000tl2s"},
{"type":"Feature","properties":{"mag":4.5,"place":"54 km NNW of Ende, Indonesia","time":1786814467767,"updated":1786816393040,"tz":null,"url":"https://earthquake.usgs.gov/earthquakes/eventpage/us6000tl2p","detail":"https://earthquake.usgs.gov/fdsnws/event/1/query?eventid=us6000tl2p&format=geojson","felt":null,"cdi":null,"mmi":null,"alert":null,"status":"reviewed","tsunami":0,"sig":312,"net":"us","code":"6000tl2p","ids":",us6000tl2p,","sources":",us,","types":",origin,phase-data,","nst":30,"dmin":3.06,"rms":0.8,"gap":75,"magType":"mb","type":"earthquake","title":"M 4.5 - 54 km NNW of Ende, Indonesia"},"geometry":{"type":"Point","coordinates":[121.4952,-8.3799,10]},"id":"us6000tl2p"},
{"type":"Feature","properties":{"mag":4.5,"place":"93 km NNE of Ruteng, Indonesia","time":1786813085970,"updated":1786830853040,"tz":null,"url":"https://earthquake.usgs.gov/earthquakes/eventpage/us6000tl2c","detail":"https://earthquake.usgs.gov/fdsnws/event/1/query?eventid=us6000tl2c&format=geojson","felt":null,"cdi":null,"mmi":null,"alert":null,"status":"reviewed","tsunami":0,"sig":312,"net":"us","code":"6000tl2c","ids":",us6000tl2c,","sources":",us,","types":",origin,phase-data,","nst":29,"dmin":2.915,"rms":0.83,"gap":118,"magType":"mb","type":"earthquake","title":"M 4.5 - 93 km NNE of Ruteng, Indonesia"},"geometry":{"type":"Point","coordinates":[120.6878,-7.795,9.95]},"id":"us6000tl2c"},
{"type":"Feature","properties":{"mag":4.1,"place":"49 km N of Murghob, Tajikistan","time":1786812446516,"updated":1786830132040,"tz":null,"url":"https://earthquake.usgs.gov/earthquakes/eventpage/us6000tl2a","detail":"https://earthquake.usgs.gov/fdsnws/event/1/query?eventid=us6000tl2a&format=geojson","felt":null,"cdi":null,"mmi":null,"alert":null,"status":"reviewed","tsunami":0,"sig":259,"net":"us","code":"6000tl2a","ids":",us6000tl2a,","sources":",us,","types":",origin,phase-data,","nst":27,"dmin":1.168,"rms":0.63,"gap":56,"magType":"mb","type":"earthquake","title":"M 4.1 - 49 km N of Murghob, Tajikistan"},"geometry":{"type":"Point","coordinates":[73.9208,38.6186,99.461]},"id":"us6000tl2a"},
{"type":"Feature","properties":{"mag":5.7,"place":"125 km NNE of Palu, Indonesia","time":1786811118342,"updated":1786840111561,"tz":null,"url":"https://earthquake.usgs.gov/earthquakes/eventpage/us6000tl1s","detail":"https://earthquake.usgs.gov/fdsnws/event/1/query?eventid=us6000tl1s&format=geojson","felt":3,"cdi":2.5,"mmi":4.291,"alert":"green","status":"reviewed","tsunami":0,"sig":501,"net":"us","code":"6000tl1s","ids":",us6000tl1s,usauto6000tl1s,attjtka8,","sources":",us,usauto,at,","types":",dyfi,internal-moment-tensor,internal-origin,losspager,moment-tensor,origin,phase-data,shakemap,","nst":133,"dmin":5.159,"rms":0.61,"gap":35,"magType":"mww","type":"earthquake","title":"M 5.7 - 125 km NNE of Palu, Indonesia"},"geometry":{"type":"Point","coordinates":[120.2573,0.1542,72.495]},"id":"us6000tl1s"},
{"type":"Feature","properties":{"mag":4.9,"place":"76 km NNW of Ende, Indonesia","time":1786809152416,"updated":1786821430040,"tz":null,"url":"https://earthquake.usgs.gov/earthquakes/eventpage/us6000tl1p","detail":"https://earthquake.usgs.gov/fdsnws/event/1/query?eventid=us6000tl1p&format=geojson","felt":null,"cdi":null,"mmi":null,"alert":null,"status":"reviewed","tsunami":0,"sig":369,"net":"us","code":"6000tl1p","ids":",us6000tl1p,","sources":",us,","types":",origin,phase-data,","nst":55,"dmin":3.234,"rms":0.8,"gap":67,"magType":"mb","type":"earthquake","title":"M 4.9 - 76 km NNW of Ende, Indonesia"},"geometry":{"type":"Point","coordinates":[121.3861,-8.2101,10]},"id":"us6000tl1p"},
{"type":"Feature","properties":{"mag":4.4,"place":"Fiji region","time":1786807292784,"updated":1786820529040,"tz":null,"url":"https://earthquake.usgs.gov/earthquakes/eventpage/us6000tl1m","detail":"https://earthquake.usgs.gov/fdsnws/event/1/query?eventid=us6000tl1m&format=geojson","felt":null,"cdi":null,"mmi":null,"alert":null,"status":"reviewed","tsunami":0,"sig":298,"net":"us","code":"6000tl1m","ids":",us6000tl1m,","sources":",us,","types":",origin,phase-data,","nst":47,"dmin":4.628,"rms":0.64,"gap":108,"magType":"mb","type":"earthquake","title":"M 4.4 - Fiji region"},"geometry":{"type":"Point","coordinates":[-179.6043,-21.8345,599.718]},"id":"us6000tl1m"},
{"type":"Feature","properties":{"mag":4.5,"place":"Banda Sea","time":1786802186203,"updated":1786814704040,"tz":null,"url":"https://earthquake.usgs.gov/earthquakes/eventpage/us6000tl19","detail":"https://earthquake.usgs.gov/fdsnws/event/1/query?eventid=us6000tl19&format=geojson","felt":null,"cdi":null,"mmi":null,"alert":null,"status":"reviewed","tsunami":0,"sig":312,"net":"us","code":"6000tl19","ids":",us6000tl19,","sources":",us,","types":",origin,phase-data,","nst":57,"dmin":2.03,"rms":0.73,"gap":40,"magType":"mb","type":"earthquake","title":"M 4.5 - Banda Sea"},"geometry":{"type":"Point","coordinates":[129.8692,-6.5656,171.398]},"id":"us6000tl19"},
{"type":"Feature","properties":{"mag":4.2,"place":"105 km SW of Puerto Madero, Mexico","time":1786800767766,"updated":1786807243040,"tz":null,"url":"https://earthquake.usgs.gov/earthquakes/eventpage/us6000tl15","detail":"https://earthquake.usgs.gov/fdsnws/event/1/query?eventid=us6000tl15&format=geojson","felt":null,"cdi":null,"mmi":null,"alert":null,"status":"reviewed","tsunami":0,"sig":271,"net":"us","code":"6000tl15","ids":",us6000tl15,","sources":",us,","types":",origin,phase-data,","nst":82,"dmin":2.438,"rms":0.6,"gap":208,"magType":"mb","type":"earthquake","title":"M 4.2 - 105 km SW of Puerto Madero, Mexico"},"geometry":{"type":"Point","coordinates":[-93.0742,14.0047,10]},"id":"us6000tl15"},
{"type":"Feature","properties":{"mag":5.2,"place":"78 km NW of Ende, Indonesia","time":1786796079321,"updated":1786797062040,"tz":null,"url":"https://earthquake.usgs.gov/earthquakes/eventpage/us6000tl0v","detail":"https://earthquake.usgs.gov/fdsnws/event/1/query?eventid=us6000tl0v&format=geojson","felt":null,"cdi":null,"mmi":null,"alert":null,"status":"reviewed","tsunami":0,"sig":416,"net":"us","code":"6000tl0v","ids":",us6000tl0v,","sources":",us,","types":",origin,phase-data,","nst":48,"dmin":3.325,"rms":0.77,"gap":78,"magType":"mb","type":"earthquake","title":"M 5.2 - 78 km NW of Ende, Indonesia"},"geometry":{"type":"Point","coordinates":[121.2565,-8.2575,10]},"id":"us6000tl0v"},
{"type":"Feature","properties":{"mag":4.9,"place":"63 km ESE of Yilan, Taiwan","time":1786793415368,"updated":1786795058456,"tz":null,"url":"https://earthquake.usgs.gov/earthquakes/eventpage/us6000tl0a","detail":"https://earthquake.usgs.gov/fdsnws/event/1/query?eventid=us6000tl0a&format=geojson","felt":1,"cdi":2,"mmi":null,"alert":null,"status":"reviewed","tsunami":0,"sig":370,"net":"us","code":"6000tl0a","ids":",us6000tl0a,","sources":",us,","types":",dyfi,origin,phase-data,","nst":47,"dmin":0.654,"rms":0.83,"gap":57,"magType":"mb","type":"earthquake","title":"M 4.9 - 63 km ESE of Yilan, Taiwan"},"geometry":{"type":"Point","coordinates":[122.2931,24.4732,66.357]},"id":"us6000tl0a"},
{"type":"Feature","properties":{"mag":5.4,"place":"41 km SSW of Angoram, Papua New Guinea","time":1786792224937,"updated":1786878886870,"tz":null,"url":"https://earthquake.usgs.gov/earthquakes/eventpage/us6000tkyz","detail":"https://earthquake.usgs.gov/fdsnws/event/1/query?eventid=us6000tkyz&format=geojson","felt":null,"cdi":null,"mmi":3.972,"alert":"green","status":"reviewed","tsunami":0,"sig":449,"net":"us","code":"6000tkyz","ids":",us6000tkyz,","sources":",us,","types":",losspager,origin,phase-data,shakemap,","nst":36,"dmin":3.724,"rms":0.64,"gap":60,"magType":"mb","type":"earthquake","title":"M 5.4 - 41 km SSW of Angoram, Papua New Guinea"},"geometry":{"type":"Point","coordinates":[143.9212,-4.411,120.214]},"id":"us6000tkyz"},
{"type":"Feature","properties":{"mag":6.9,"place":"15 km NNW of Pematangsiantar, Indonesia","time":1786791291796,"updated":1786878088642,"tz":null,"url":"https://earthquake.usgs.gov/earthquakes/eventpage/us6000tkyk","detail":"https://earthquake.usgs.gov/fdsnws/event/1/query?eventid=us6000tkyk&format=geojson","felt":43,"cdi":4.3,"mmi":5.191,"alert":"green","status":"reviewed","tsunami":0,"sig":751,"net":"us","code":"6000tkyk","ids":",us6000tkyk,usauto6000tkyk,attjt4zg,","sources":",us,usauto,at,","types":",dyfi,ground-failure,internal-moment-tensor,internal-origin,losspager,moment-tensor,origin,phase-data,shakemap,","nst":110,"dmin":2.281,"rms":0.73,"gap":39,"magType":"mww","type":"earthquake","title":"M 6.9 - 15 km NNW of Pematangsiantar, Indonesia"},"geometry":{"type":"Point","coordinates":[99.015,3.0856,172.526]},"id":"us6000tkyk"},
{"type":"Feature","properties":{"mag":5.1,"place":"39 km NNW of Ruteng, Indonesia","time":1786789890185,"updated":1786791072040,"tz":null,"url":"https://earthquake.usgs.gov/earthquakes/eventpage/us6000tkyg","detail":"https://earthquake.usgs.gov/fdsnws/event/1/query?eventid=us6000tkyg&format=geojson","felt":null,"cdi":null,"mmi":null,"alert":null,"status":"reviewed","tsunami":0,"sig":400,"net":"us","code":"6000tkyg","ids":",us6000tkyg,","sources":",us,","types":",origin,phase-data,","nst":32,"dmin":3.286,"rms":1.05,"gap":81,"magType":"mb","type":"earthquake","title":"M 5.1 - 39 km NNW of Ruteng, Indonesia"},"geometry":{"type":"Point","coordinates":[120.3675,-8.264,10]},"id":"us6000tkyg"},
{"type":"Feature","properties":{"mag":4.6,"place":"122 km NW of Luwuk, Indonesia","time":1786787505571,"updated":1786788383040,"tz":null,"url":"https://earthquake.usgs.gov/earthquakes/eventpage/us6000tkya","detail":"https://earthquake.usgs.gov/fdsnws/event/1/query?eventid=us6000tkya&format=geojson","felt":null,"cdi":null,"mmi":null,"alert":null,"status":"reviewed","tsunami":0,"sig":326,"net":"us","code":"6000tkya","ids":",us6000tkya,","sources":",us,","types":",origin,phase-data,","nst":39,"dmin":5.33,"rms":0.62,"gap":68,"magType":"mb","type":"earthquake","title":"M 4.6 - 122 km NW of Luwuk, Indonesia"},"geometry":{"type":"Point","coordinates":[122.0236,-0.1583,272.756]},"id":"us6000tkya"},
{"type":"Feature","properties":{"mag":4.9,"place":"65 km NNW of Ende, Indonesia","time":1786786373800,"updated":1786787350040,"tz":null,"url":"https://earthquake.usgs.gov/earthquakes/eventpage/us6000tky8","detail":"https://earthquake.usgs.gov/fdsnws/event/1/query?eventid=us6000tky8&format=geojson","felt":null,"cdi":null,"mmi":null,"alert":null,"status":"reviewed","tsunami":0,"sig":369,"net":"us","code":"6000tky8","ids":",us6000tky8,","sources":",us,","types":",origin,phase-data,","nst":44,"dmin":3.111,"rms":0.69,"gap":78,"magType":"mb","type":"earthquake","title":"M 4.9 - 65 km NNW of Ende, Indonesia"},"geometry":{"type":"Point","coordinates":[121.4883,-8.2814,10]},"id":"us6000tky8"},
{"type":"Feature","properties":{"mag":4.6,"place":"53 km N of Ruteng, Indonesia","time":1786784902294,"updated":1786798736040,"tz":null,"url":"https://earthquake.usgs.gov/earthquakes/eventpage/us6000tky5","detail":"https://earthquake.usgs.gov/fdsnws/event/1/query?eventid=us6000tky5&format=geojson","felt":null,"cdi":null,"mmi":null,"alert":null,"status":"reviewed","tsunami":0,"sig":326,"net":"us","code":"6000tky5","ids":",us6000tky5,","sources":",us,","types":",origin,phase-data,","nst":28,"dmin":3.181,"rms":1.04,"gap":82,"magType":"mb","type":"earthquake","title":"M 4.6 - 53 km N of Ruteng, Indonesia"},"geometry":{"type":"Point","coordinates":[120.4925,-8.1297,10]},"id":"us6000tky5"},
{"type":"Feature","properties":{"mag":4.4,"place":"42 km NNW of Ruteng, Indonesia","time":1786780948350,"updated":1786798159040,"tz":null,"url":"https://earthquake.usgs.gov/earthquakes/eventpage/us6000tkxc","detail":"https://earthquake.usgs.gov/fdsnws/event/1/query?eventid=us6000tkxc&format=geojson","felt":null,"cdi":null,"mmi":null,"alert":null,"status":"reviewed","tsunami":0,"sig":298,"net":"us","code":"6000tkxc","ids":",us6000tkxc,","sources":",us,","types":",origin,phase-data,","nst":23,"dmin":3.272,"rms":1.14,"gap":106,"magType":"mb","type":"earthquake","title":"M 4.4 - 42 km NNW of Ruteng, Indonesia"},"geometry":{"type":"Point","coordinates":[120.2926,-8.2634,10]},"id":"us6000tkxc"},
{"type":"Feature","properties":{"mag":5.1,"place":"71 km NNE of Ruteng, Indonesia","time":1786779578975,"updated":1786780590040,"tz":null,"url":"https://earthquake.usgs.gov/earthquakes/eventpage/us6000tkx5","detail":"https://earthquake.usgs.gov/fdsnws/event/1/query?eventid=us6000tkx5&format=geojson","felt":null,"cdi":null,"mmi":null,"alert":null,"status":"reviewed","tsunami":0,"sig":400,"net":"us","code":"6000tkx5","ids":",us6000tkx5,","sources":",us,","types":",origin,phase-data,","nst":57,"dmin":3.178,"rms":1.12,"gap":52,"magType":"mb","type":"earthquake","title":"M 5.1 - 71 km NNE of Ruteng, Indonesia"},"geometry":{"type":"Point","coordinates":[120.7765,-8.0446,10]},"id":"us6000tkx5"},
{"type":"Feature","properties":{"mag":4.5,"place":"67 km NNW of Ende, Indonesia","time":1786778167016,"updated":1786798591040,"tz":null,"url":"https://earthquake.usgs.gov/earthquakes/eventpage/us6000tkwz","detail":"https://earthquake.usgs.gov/fdsnws/event/1/query?eventid=us6000tkwz&format=geojson","felt":null,"cdi":null,"mmi":null,"alert":null,"status":"reviewed","tsunami":0,"sig":312,"net":"us","code":"6000tkwz","ids":",us6000tkwz,","sources":",us,","types":",origin,phase-data,","nst":22,"dmin":3.178,"rms":0.87,"gap":118,"magType":"mb","type":"earthquake","title":"M 4.5 - 67 km NNW of Ende, Indonesia"},"geometry":{"type":"Point","coordinates":[121.4064,-8.2926,10]},"id":"us6000tkwz"},
{"type":"Feature","properties":{"mag":4.7,"place":"46 km NNE of Ruteng, Indonesia","time":1786776187500,"updated":1786777178040,"tz":null,"url":"https://earthquake.usgs.gov/earthquakes/eventpage/us6000tkwt","detail":"https://earthquake.usgs.gov/fdsnws/event/1/query?eventid=us6000tkwt&format=geojson","felt":null,"cdi":null,"mmi":null,"alert":null,"status":"reviewed","tsunami":0,"sig":340,"net":"us","code":"6000tkwt","ids":",us6000tkwt,","sources":",us,","types":",origin,phase-data,","nst":36,"dmin":3.326,"rms":0.95,"gap":76,"magType":"mb","type":"earthquake","title":"M 4.7 - 46 km NNE of Ruteng, Indonesia"},"geometry":{"type":"Point","coordinates":[120.6523,-8.2384,10]},"id":"us6000tkwt"},
{"type":"Feature","properties":{"mag":5.1,"place":"71 km NNW of Ende, Indonesia","time":1786775331109,"updated":1786776305040,"tz":null,"url":"https://earthquake.usgs.gov/earthquakes/eventpage/us6000tkwq","detail":"https://earthquake.usgs.gov/fdsnws/event/1/query?eventid=us6000tkwq&format=geojson","felt":null,"cdi":null,"mmi":null,"alert":null,"status":"reviewed","tsunami":0,"sig":400,"net":"us","code":"6000tkwq","ids":",us6000tkwq,","sources":",us,","types":",origin,phase-data,","nst":58,"dmin":3.224,"rms":1.05,"gap":76,"magType":"mb","type":"earthquake","title":"M 5.1 - 71 km NNW of Ende, Indonesia"},"geometry":{"type":"Point","coordinates":[121.3664,-8.2671,10]},"id":"us6000tkwq"},
{"type":"Feature","properties":{"mag":5,"place":"62 km NNW of Ende, Indonesia","time":1786772708046,"updated":1786774251926,"tz":null,"url":"https://earthquake.usgs.gov/earthquakes/eventpage/us6000tkwj","detail":"https://earthquake.usgs.gov/fdsnws/event/1/query?eventid=us6000tkwj&format=geojson","felt":1,"cdi":2.2,"mmi":null,"alert":null,"status":"reviewed","tsunami":0,"sig":385,"net":"us","code":"6000tkwj","ids":",us6000tkwj,","sources":",us,","types":",dyfi,origin,phase-data,","nst":47,"dmin":3.184,"rms":1.19,"gap":75,"magType":"mb","type":"earthquake","title":"M 5.0 - 62 km NNW of Ende, Indonesia"},"geometry":{"type":"Point","coordinates":[121.3609,-8.3681,10]},"id":"us6000tkwj"},
{"type":"Feature","properties":{"mag":4.2,"place":"285 km WNW of Houma, Tonga","time":1786768278890,"updated":1786770184040,"tz":null,"url":"https://earthquake.usgs.gov/earthquakes/eventpage/us6000tkwe","detail":"https://earthquake.usgs.gov/fdsnws/event/1/query?eventid=us6000tkwe&format=geojson","felt":null,"cdi":null,"mmi":null,"alert":null,"status":"reviewed","tsunami":0,"sig":271,"net":"us","code":"6000tkwe","ids":",us6000tkwe,","sources":",us,","types":",origin,phase-data,","nst":36,"dmin":4.64,"rms":0.95,"gap":113,"magType":"mb","type":"earthquake","title":"M 4.2 - 285 km WNW of Houma, Tonga"},"geometry":{"type":"Point","coordinates":[-177.9262,-20.4191,544.691]},"id":"us6000tkwe"},
{"type":"Feature","properties":{"mag":4.6,"place":"64 km NW of Ende, Indonesia","time":1786767787762,"updated":1786769011040,"tz":null,"url":"https://earthquake.usgs.gov/earthquakes/eventpage/us6000tkwd","detail":"https://earthquake.usgs.gov/fdsnws/event/1/query?eventid=us6000tkwd&format=geojson","felt":null,"cdi":null,"mmi":null,"alert":null,"status":"reviewed","tsunami":0,"sig":326,"net":"us","code":"6000tkwd","ids":",us6000tkwd,","sources":",us,","types":",origin,phase-data,","nst":16,"dmin":3.239,"rms":1.15,"gap":131,"magType":"mb","type":"earthquake","title":"M 4.6 - 64 km NW of Ende, Indonesia"},"geometry":{"type":"Point","coordinates":[121.2851,-8.3988,10]},"id":"us6000tkwd"},
{"type":"Feature","properties":{"mag":5,"place":"67 km NNW of Ende, Indonesia","time":1786766053099,"updated":1786766926040,"tz":null,"url":"https://earthquake.usgs.gov/earthquakes/eventpage/us6000tkw9","detail":"https://earthquake.usgs.gov/fdsnws/event/1/query?eventid=us6000tkw9&format=geojson","felt":null,"cdi":null,"mmi":null,"alert":null,"status":"reviewed","tsunami":0,"sig":385,"net":"us","code":"6000tkw9","ids":",us6000tkw9,","sources":",us,","types":",origin,phase-data,","nst":23,"dmin":3.219,"rms":1.17,"gap":75,"magType":"mb","type":"earthquake","title":"M 5.0 - 67 km NNW of Ende, Indonesia"},"geometry":{"type":"Point","coordinates":[121.3458,-8.32,10]},"id":"us6000tkw9"},
{"type":"Feature","properties":{"mag":4.9,"place":"69 km NNW of Ende, Indonesia","time":1786762015923,"updated":1786762915040,"tz":null,"url":"https://earthquake.usgs.gov/earthquakes/eventpage/us6000tkw2","detail":"https://earthquake.usgs.gov/fdsnws/event/1/query?eventid=us6000tkw2&format=geojson","felt":null,"cdi":null,"mmi":null,"alert":null,"status":"reviewed","tsunami":0,"sig":369,"net":"us","code":"6000tkw2","ids":",us6000tkw2,","sources":",us,","types":",origin,phase-data,","nst":32,"dmin":3.231,"rms":1.05,"gap":75,"magType":"mb","type":"earthquake","title":"M 4.9 - 69 km NNW of Ende, Indonesia"},"geometry":{"type":"Point","coordinates":[121.3427,-8.299,10]},"id":"us6000tkw2"},
{"type":"Feature","properties":{"mag":4.5,"place":"75 km NNW of Ende, Indonesia","time":1786760326795,"updated":1786762123040,"tz":null,"url":"https://earthquake.usgs.gov/earthquakes/eventpage/us6000tkw0","detail":"https://earthquake.usgs.gov/fdsnws/event/1/query?eventid=us6000tkw0&format=geojson","felt":null,"cdi":null,"mmi":null,"alert":null,"status":"reviewed","tsunami":0,"sig":312,"net":"us","code":"6000tkw0","ids":",us6000tkw0,","sources":",us,","types":",origin,phase-data,","nst":13,"dmin":3.245,"rms":1.34,"gap":108,"magType":"mb","type":"earthquake","title":"M 4.5 - 75 km NNW of Ende, Indonesia"},"geometry":{"type":"Point","coordinates":[121.3629,-8.2289,10]},"id":"us6000tkw0"},
{"type":"Feature","properties":{"mag":4.6,"place":"85 km NNW of Ende, Indonesia","time":1786759425840,"updated":1786760748040,"tz":null,"url":"https://earthquake.usgs.gov/earthquakes/eventpage/us6000tkvy","detail":"https://earthquake.usgs.gov/fdsnws/event/1/query?eventid=us6000tkvy&format=geojson","felt":null,"cdi":null,"mmi":null,"alert":null,"status":"reviewed","tsunami":0,"sig":326,"net":"us","code":"6000tkvy","ids":",us6000tkvy,","sources":",us,","types":",origin,phase-data,","nst":16,"dmin":3.357,"rms":0.73,"gap":131,"magType":"mb","type":"earthquake","title":"M 4.6 - 85 km NNW of Ende, Indonesia"},"geometry":{"type":"Point","coordinates":[121.2637,-8.1754,10]},"id":"us6000tkvy"},
{"type":"Feature","properties":{"mag":4.9,"place":"62 km N of Ruteng, Indonesia","time":1786757860307,"updated":1786758820040,"tz":null,"url":"https://earthquake.usgs.gov/earthquakes/eventpage/us6000tkvt","detail":"https://earthquake.usgs.gov/fdsnws/event/1/query?eventid=us6000tkvt&format=geojson","felt":null,"cdi":null,"mmi":null,"alert":null,"status":"reviewed","tsunami":0,"sig":369,"net":"us","code":"6000tkvt","ids":",us6000tkvt,","sources":",us,","types":",origin,phase-data,","nst":30,"dmin":3.108,"rms":0.91,"gap":81,"magType":"mb","type":"earthquake","title":"M 4.9 - 62 km N of Ruteng, Indonesia"},"geometry":{"type":"Point","coordinates":[120.5052,-8.0505,10]},"id":"us6000tkvt"},
{"type":"Feature","properties":{"mag":5.1,"place":"71 km NNE of Ruteng, Indonesia","time":1786756640014,"updated":1786757554040,"tz":null,"url":"https://earthquake.usgs.gov/earthquakes/eventpage/us6000tkvp","detail":"https://earthquake.usgs.gov/fdsnws/event/1/query?eventid=us6000tkvp&format=geojson","felt":null,"cdi":null,"mmi":null,"alert":null,"status":"reviewed","tsunami":0,"sig":400,"net":"us","code":"6000tkvp","ids":",us6000tkvp,","sources":",us,","types":",origin,phase-data,","nst":28,"dmin":3.117,"rms":0.84,"gap":65,"magType":"mb","type":"earthquake","title":"M 5.1 - 71 km NNE of Ruteng, Indonesia"},"geometry":{"type":"Point","coordinates":[120.6888,-8.0088,10]},"id":"us6000tkvp"},
{"type":"Feature","properties":{"mag":4.7,"place":"16 km SSE of Tomioka, Japan","time":1786756251635,"updated":1786757501564,"tz":null,"url":"https://earthquake.usgs.gov/earthquakes/eventpage/us6000tkvn","detail":"https://earthquake.usgs.gov/fdsnws/event/1/query?eventid=us6000tkvn&format=geojson","felt":2,"cdi":2.2,"mmi":null,"alert":null,"status":"reviewed","tsunami":0,"sig":340,"net":"us","code":"6000tkvn","ids":",us6000tkvn,","sources":",us,","types":",dyfi,origin,phase-data,","nst":45,"dmin":2.422,"rms":0.68,"gap":143,"magType":"mb","type":"earthquake","title":"M 4.7 - 16 km SSE of Tomioka, Japan"},"geometry":{"type":"Point","coordinates":[141.1138,37.2084,50.197]},"id":"us6000tkvn"},
{"type":"Feature","properties":{"mag":5.4,"place":"38 km SSE of Severo-Kuril’sk, Russia","time":1786754609640,"updated":1786841381632,"tz":null,"url":"https://earthquake.usgs.gov/earthquakes/eventpage/us6000tkvj","detail":"https://earthquake.usgs.gov/fdsnws/event/1/query?eventid=us6000tkvj&format=geojson","felt":null,"cdi":null,"mmi":4.124,"alert":"green","status":"reviewed","tsunami":0,"sig":449,"net":"us","code":"6000tkvj","ids":",us6000tkvj,","sources":",us,","types":",losspager,origin,phase-data,shakemap,","nst":52,"dmin":2.857,"rms":0.71,"gap":120,"magType":"mb","type":"earthquake","title":"M 5.4 - 38 km SSE of Severo-Kuril’sk, Russia"},"geometry":{"type":"Point","coordinates":[156.3863,50.3745,78.982]},"id":"us6000tkvj"},
{"type":"Feature","properties":{"mag":5.1,"place":"71 km NNW of Ende, Indonesia","time":1786754418406,"updated":1786755737040,"tz":null,"url":"https://earthquake.usgs.gov/earthquakes/eventpage/us6000tkvh","detail":"https://earthquake.usgs.gov/fdsnws/event/1/query?eventid=us6000tkvh&format=geojson","felt":null,"cdi":null,"mmi":null,"alert":null,"status":"reviewed","tsunami":0,"sig":400,"net":"us","code":"6000tkvh","ids":",us6000tkvh,","sources":",us,","types":",origin,phase-data,","nst":26,"dmin":3.19,"rms":1.03,"gap":67,"magType":"mb","type":"earthquake","title":"M 5.1 - 71 km NNW of Ende, Indonesia"},"geometry":{"type":"Point","coordinates":[121.4162,-8.248,10]},"id":"us6000tkvh"},
{"type":"Feature","properties":{"mag":5.3,"place":"Balleny Islands region","time":1786754413397,"updated":1786755504040,"tz":null,"url":"https://earthquake.usgs.gov/earthquakes/eventpage/us6000tkvi","detail":"https://earthquake.usgs.gov/fdsnws/event/1/query?eventid=us6000tkvi&format=geojson","felt":null,"cdi":null,"mmi":null,"alert":null,"status":"reviewed","tsunami":0,"sig":432,"net":"us","code":"6000tkvi","ids":",us6000tkvi,","sources":",us,","types":",origin,phase-data,","nst":19,"dmin":14.735,"rms":1.24,"gap":134,"magType":"mb","type":"earthquake","title":"M 5.3 - Balleny Islands region"},"geometry":{"type":"Point","coordinates":[165.89,-62.9125,10]},"id":"us6000tkvi"},
{"type":"Feature","properties":{"mag":4.6,"place":"49 km WNW of Ende, Indonesia","time":1786753227120,"updated":1786764659040,"tz":null,"url":"https://earthquake.usgs.gov/earthquakes/eventpage/us6000tkvg","detail":"https://earthquake.usgs.gov/fdsnws/event/1/query?eventid=us6000tkvg&format=geojson","felt":null,"cdi":null,"mmi":null,"alert":null,"status":"reviewed","tsunami":0,"sig":326,"net":"us","code":"6000tkvg","ids":",us6000tkvg,","sources":",us,","types":",origin,phase-data,","nst":26,"dmin":3.163,"rms":1.05,"gap":127,"magType":"mb","type":"earthquake","title":"M 4.6 - 49 km WNW of Ende, Indonesia"},"geometry":{"type":"Point","coordinates":[121.2789,-8.6065,10]},"id":"us6000tkvg"},
{"type":"Feature","properties":{"mag":4.7,"place":"78 km NNW of Ende, Indonesia","time":1786752202963,"updated":1786761785040,"tz":null,"url":"https://earthquake.usgs.gov/earthquakes/eventpage/us6000tkvd","detail":"https://earthquake.usgs.gov/fdsnws/event/1/query?eventid=us6000tkvd&format=geojson","felt":null,"cdi":null,"mmi":null,"alert":null,"status":"reviewed","tsunami":0,"sig":340,"net":"us","code":"6000tkvd","ids":",us6000tkvd,","sources":",us,","types":",origin,phase-data,","nst":34,"dmin":3.29,"rms":0.96,"gap":83,"magType":"mb","type":"earthquake","title":"M 4.7 - 78 km NNW of Ende, Indonesia"},"geometry":{"type":"Point","coordinates":[121.3126,-8.2265,10]},"id":"us6000tkvd"},
{"type":"Feature","properties":{"mag":4.8,"place":"73 km NNW of Ende, Indonesia","time":1786751575591,"updated":1786760179040,"tz":null,"url":"https://earthquake.usgs.gov/earthquakes/eventpage/us6000tkvc","detail":"https://earthquake.usgs.gov/fdsnws/event/1/query?eventid=us6000tkvc&format=geojson","felt":null,"cdi":null,"mmi":null,"alert":null,"status":"reviewed","tsunami":0,"sig":354,"net":"us","code":"6000tkvc","ids":",us6000tkvc,","sources":",us,","types":",origin,phase-data,","nst":31,"dmin":3.128,"rms":0.92,"gap":85,"magType":"mb","type":"earthquake","title":"M 4.8 - 73 km NNW of Ende, Indonesia"},"geometry":{"type":"Point","coordinates":[121.5158,-8.1975,10]},"id":"us6000tkvc"},
{"type":"Feature","properties":{"mag":4.5,"place":"76 km NNW of Ende, Indonesia","time":1786751398157,"updated":1786757643040,"tz":null,"url":"https://earthquake.usgs.gov/earthquakes/eventpage/us6000tkvb","detail":"https://earthquake.usgs.gov/fdsnws/event/1/query?eventid=us6000tkvb&format=geojson","felt":null,"cdi":null,"mmi":null,"alert":null,"status":"reviewed","tsunami":0,"sig":312,"net":"us","code":"6000tkvb","ids":",us6000tkvb,","sources":",us,","types":",origin,phase-data,","nst":18,"dmin":3.228,"rms":0.86,"gap":118,"magType":"mb","type":"earthquake","title":"M 4.5 - 76 km NNW of Ende, Indonesia"},"geometry":{"type":"Point","coordinates":[121.3939,-8.2074,10]},"id":"us6000tkvb"},
{"type":"Feature","properties":{"mag":5,"place":"65 km NNW of Ende, Indonesia","time":1786749425284,"updated":1786751303040,"tz":null,"url":"https://earthquake.usgs.gov/earthquakes/eventpage/us6000tkv9","detail":"https://earthquake.usgs.gov/fdsnws/event/1/query?eventid=us6000tkv9&format=geojson","felt":null,"cdi":null,"mmi":null,"alert":null,"status":"reviewed","tsunami":0,"sig":385,"net":"us","code":"6000tkv9","ids":",us6000tkv9,","sources":",us,","types":",origin,phase-data,","nst":45,"dmin":3.2,"rms":1.1,"gap":80,"magType":"mb","type":"earthquake","title":"M 5.0 - 65 km NNW of Ende, Indonesia"},"geometry":{"type":"Point","coordinates":[121.359,-8.3348,10]},"id":"us6000tkv9"},
{"type":"Feature","properties":{"mag":5.1,"place":"49 km N of Ruteng, Indonesia","time":1786749151091,"updated":1786750710040,"tz":null,"url":"https://earthquake.usgs.gov/earthquakes/eventpage/us6000tkv7","detail":"https://earthquake.usgs.gov/fdsnws/event/1/query?eventid=us6000tkv7&format=geojson","felt":null,"cdi":null,"mmi":null,"alert":null,"status":"reviewed","tsunami":0,"sig":400,"net":"us","code":"6000tkv7","ids":",us6000tkv7,","sources":",us,","types":",origin,phase-data,","nst":29,"dmin":3.203,"rms":1.13,"gap":118,"magType":"mb","type":"earthquake","title":"M 5.1 - 49 km N of Ruteng, Indonesia"},"geometry":{"type":"Point","coordinates":[120.4166,-8.1694,10]},"id":"us6000tkv7"},
{"type":"Feature","properties":{"mag":5.2,"place":"1 km SW of Otura, Spain","time":1786748680797,"updated":1786832455890,"tz":null,"url":"https://earthquake.usgs.gov/earthquakes/eventpage/us6000tkv2","detail":"https://earthquake.usgs.gov/fdsnws/event/1/query?eventid=us6000tkv2&format=geojson","felt":119,"cdi":6.7,"mmi":6.969,"alert":"yellow","status":"reviewed","tsunami":0,"sig":730,"net":"us","code":"6000tkv2","ids":",us6000tkv2,","sources":",us,","types":",dyfi,ground-failure,losspager,origin,phase-data,shakemap,","nst":43,"dmin":2.523,"rms":0.97,"gap":76,"magType":"mb","type":"earthquake","title":"M 5.2 - 1 km SW of Otura, Spain"},"geometry":{"type":"Point","coordinates":[-3.6486,37.0789,10]},"id":"us6000tkv2"},
{"type":"Feature","properties":{"mag":4.8,"place":"53 km NE of Ruteng, Indonesia","time":1786748403603,"updated":1786807848040,"tz":null,"url":"https://earthquake.usgs.gov/earthquakes/eventpage/us6000tl1g","detail":"https://earthquake.usgs.gov/fdsnws/event/1/query?eventid=us6000tl1g&format=geojson","felt":null,"cdi":null,"mmi":null,"alert":null,"status":"reviewed","tsunami":0,"sig":354,"net":"us","code":"6000tl1g","ids":",us6000tl1g,","sources":",us,","types":",origin,phase-data,","nst":33,"dmin":3.426,"rms":1.12,"gap":61,"magType":"mb","type":"earthquake","title":"M 4.8 - 53 km NE of Ruteng, Indonesia"},"geometry":{"type":"Point","coordinates":[120.829,-8.2899,11.296]},"id":"us6000tl1g"},
{"type":"Feature","properties":{"mag":4.7,"place":"55 km NE of Labuan Bajo, Indonesia","time":1786748352662,"updated":1786808562040,"tz":null,"url":"https://earthquake.usgs.gov/earthquakes/eventpage/us6000tkv1","detail":"https://earthquake.usgs.gov/fdsnws/event/1/query?eventid=us6000tkv1&format=geojson","felt":null,"cdi":null,"mmi":null,"alert":null,"status":"reviewed","tsunami":0,"sig":340,"net":"us","code":"6000tkv1","ids":",us6000tkv1,","sources":",us,","types":",origin,phase-data,","nst":42,"dmin":3.149,"rms":1,"gap":79,"magType":"mb","type":"earthquake","title":"M 4.7 - 55 km NE of Labuan Bajo, Indonesia"},"geometry":{"type":"Point","coordinates":[120.2424,-8.146,10]},"id":"us6000tkv1"},
{"type":"Feature","properties":{"mag":5.3,"place":"49 km NE of Labuan Bajo, Indonesia","time":1786747991834,"updated":1786750068040,"tz":null,"url":"https://earthquake.usgs.gov/earthquakes/eventpage/us6000tkuw","detail":"https://earthquake.usgs.gov/fdsnws/event/1/query?eventid=us6000tkuw&format=geojson","felt":null,"cdi":null,"mmi":null,"alert":null,"status":"reviewed","tsunami":0,"sig":432,"net":"us","code":"6000tkuw","ids":",us6000tkuw,","sources":",us,","types":",origin,phase-data,","nst":63,"dmin":3.205,"rms":0.92,"gap":41,"magType":"mb","type":"earthquake","title":"M 5.3 - 49 km NE of Labuan Bajo, Indonesia"},"geometry":{"type":"Point","coordinates":[120.2253,-8.2053,10]},"id":"us6000tkuw"},
{"type":"Feature","properties":{"mag":5.5,"place":"49 km NE of Labuan Bajo, Indonesia","time":1786747037172,"updated":1786833875679,"tz":null,"url":"https://earthquake.usgs.gov/earthquakes/eventpage/us6000tkuf","detail":"https://earthquake.usgs.gov/fdsnws/event/1/query?eventid=us6000tkuf&format=geojson","felt":null,"cdi":null,"mmi":5.328,"alert":"green","status":"reviewed","tsunami":0,"sig":465,"net":"us","code":"6000tkuf","ids":",us6000tkuf,","sources":",us,","types":",ground-failure,losspager,origin,phase-data,shakemap,","nst":43,"dmin":3.156,"rms":1.1,"gap":47,"magType":"mb","type":"earthquake","title":"M 5.5 - 49 km NE of Labuan Bajo, Indonesia"},"geometry":{"type":"Point","coordinates":[120.1908,-8.1604,10]},"id":"us6000tkuf"},
{"type":"Feature","properties":{"mag":6.1,"place":"58 km N of Ende, Indonesia","time":1786746517550,"updated":1786833309688,"tz":null,"url":"https://earthquake.usgs.gov/earthquakes/eventpage/us6000tkuc","detail":"https://earthquake.usgs.gov/fdsnws/event/1/query?eventid=us6000tkuc&format=geojson","felt":1,"cdi":4.9,"mmi":5.923,"alert":"green","status":"reviewed","tsunami":0,"sig":573,"net":"us","code":"6000tkuc","ids":",us6000tkuc,","sources":",us,","types":",dyfi,ground-failure,losspager,origin,phase-data,shakemap,","nst":67,"dmin":3.021,"rms":0.92,"gap":50,"magType":"mb","type":"earthquake","title":"M 6.1 - 58 km N of Ende, Indonesia"},"geometry":{"type":"Point","coordinates":[121.5717,-8.3186,10]},"id":"us6000tkuc"},
{"type":"Feature","properties":{"mag":5.6,"place":"61 km NNW of Ende, Indonesia","time":1786745886706,"updated":1786832654330,"tz":null,"url":"https://earthquake.usgs.gov/earthquakes/eventpage/us6000tku7","detail":"https://earthquake.usgs.gov/fdsnws/event/1/query?eventid=us6000tku7&format=geojson","felt":null,"cdi":null,"mmi":5.5,"alert":"green","status":"reviewed","tsunami":0,"sig":482,"net":"us","code":"6000tku7","ids":",us6000tku7,","sources":",us,","types":",ground-failure,losspager,origin,phase-data,shakemap,","nst":24,"dmin":3.136,"rms":1.04,"gap":132,"magType":"mb","type":"earthquake","title":"M 5.6 - 61 km NNW of Ende, Indonesia"},"geometry":{"type":"Point","coordinates":[121.4284,-8.3406,10]},"id":"us6000tku7"},
{"type":"Feature","properties":{"mag":5.5,"place":"61 km ENE of Ruteng, Indonesia","time":1786745820060,"updated":1786839738713,"tz":null,"url":"https://earthquake.usgs.gov/earthquakes/eventpage/us6000tkub","detail":"https://earthquake.usgs.gov/fdsnws/event/1/query?eventid=us6000tkub&format=geojson","felt":null,"cdi":null,"mmi":6.09,"alert":"green","status":"reviewed","tsunami":0,"sig":465,"net":"us","code":"6000tkub","ids":",us6000tkub,","sources":",us,","types":",ground-failure,losspager,origin,phase-data,shakemap,","nst":46,"dmin":3.465,"rms":1.07,"gap":110,"magType":"mb","type":"earthquake","title":"M 5.5 - 61 km ENE of Ruteng, Indonesia"},"geometry":{"type":"Point","coordinates":[121.0058,-8.4696,10]},"id":"us6000tkub"},
{"type":"Feature","properties":{"mag":5.9,"place":"36 km NE of Labuan Bajo, Indonesia","time":1786745630869,"updated":1786832518789,"tz":null,"url":"https://earthquake.usgs.gov/earthquakes/eventpage/us6000tkta","detail":"https://earthquake.usgs.gov/fdsnws/event/1/query?eventid=us6000tkta&format=geojson","felt":1,"cdi":3.4,"mmi":6.722,"alert":"green","status":"reviewed","tsunami":0,"sig":536,"net":"us","code":"6000tkta","ids":",us6000tkta,","sources":",us,","types":",dyfi,ground-failure,losspager,origin,phase-data,shakemap,","nst":72,"dmin":3.273,"rms":1.65,"gap":36,"magType":"mb","type":"earthquake","title":"M 5.9 - 36 km NE of Labuan Bajo, Indonesia"},"geometry":{"type":"Point","coordinates":[120.1465,-8.2849,10]},"id":"us6000tkta"},
{"type":"Feature","properties":{"mag":7.7,"place":"68 km NNW of Ende, Indonesia","time":1786744701564,"updated":1786842746266,"tz":null,"url":"https://earthquake.usgs.gov/earthquakes/eventpage/us6000tkt2","detail":"https://earthquake.usgs.gov/fdsnws/event/1/query?eventid=us6000tkt2&format=geojson","felt":42,"cdi":7.9,"mmi":8.378,"alert":"yellow","status":"reviewed","tsunami":0,"sig":945,"net":"us","code":"6000tkt2","ids":",us6000tkt2,usauto6000tkt2,attjs51g,","sources":",us,usauto,at,","types":",dyfi,event-sequence,finite-fault,general-text,ground-failure,internal-moment-tensor,internal-origin,losspager,moment-tensor,oaf,origin,phase-data,shakemap,","nst":107,"dmin":3.218,"rms":1.16,"gap":36,"magType":"mww","type":"earthquake","title":"M 7.7 - 68 km NNW of Ende, Indonesia"},"geometry":{"type":"Point","coordinates":[121.3517,-8.3101,10]},"id":"us6000tkt2"},
{"type":"Feature","properties":{"mag":4.8,"place":"15 km WNW of Kirakira, Solomon Islands","time":1786739033872,"updated":1786742239594,"tz":null,"url":"https://earthquake.usgs.gov/earthquakes/eventpage/us6000tksg","detail":"https://earthquake.usgs.gov/fdsnws/event/1/query?eventid=us6000tksg&format=geojson","felt":1,"cdi":2,"mmi":null,"alert":null,"status":"reviewed","tsunami":0,"sig":355,"net":"us","code":"6000tksg","ids":",us6000tksg,","sources":",us,","types":",dyfi,origin,phase-data,","nst":49,"dmin":2.053,"rms":0.72,"gap":102,"magType":"mb","type":"earthquake","title":"M 4.8 - 15 km WNW of Kirakira, Solomon Islands"},"geometry":{"type":"Point","coordinates":[161.7858,-10.4124,69.797]},"id":"us6000tksg"},
{"type":"Feature","properties":{"mag":4.5,"place":"165 km N of Sola, Vanuatu","time":1786732405499,"updated":1786733397040,"tz":null,"url":"https://earthquake.usgs.gov/earthquakes/eventpage/us6000tkrw","detail":"https://earthquake.usgs.gov/fdsnws/event/1/query?eventid=us6000tkrw&format=geojson","felt":null,"cdi":null,"mmi":null,"alert":null,"status":"reviewed","tsunami":0,"sig":312,"net":"us","code":"6000tkrw","ids":",us6000tkrw,","sources":",us,","types":",origin,phase-data,","nst":52,"dmin":7.953,"rms":0.53,"gap":125,"magType":"mb","type":"earthquake","title":"M 4.5 - 165 km N of Sola, Vanuatu"},"geometry":{"type":"Point","coordinates":[167.4799,-12.3805,369.326]},"id":"us6000tkrw"},
{"type":"Feature","properties":{"mag":4.7,"place":"283 km N of Tobelo, Indonesia","time":1786730634327,"updated":1786732109040,"tz":null,"url":"https://earthquake.usgs.gov/earthquakes/eventpage/us6000tkrs","detail":"https://earthquake.usgs.gov/fdsnws/event/1/query?eventid=us6000tkrs&format=geojson","felt":null,"cdi":null,"mmi":null,"alert":null,"status":"reviewed","tsunami":0,"sig":340,"net":"us","code":"6000tkrs","ids":",us6000tkrs,","sources":",us,","types":",origin,phase-data,","nst":56,"dmin":3.697,"rms":0.66,"gap":95,"magType":"mb","type":"earthquake","title":"M 4.7 - 283 km N of Tobelo, Indonesia"},"geometry":{"type":"Point","coordinates":[128.0475,4.2883,10]},"id":"us6000tkrs"},
{"type":"Feature","properties":{"mag":4.5,"place":"165 km E of Ozernovskiy, Russia","time":1786729662334,"updated":1786731283040,"tz":null,"url":"https://earthquake.usgs.gov/earthquakes/eventpage/us6000tkrq","detail":"https://earthquake.usgs.gov/fdsnws/event/1/query?eventid=us6000tkrq&format=geojson","felt":null,"cdi":null,"mmi":null,"alert":null,"status":"reviewed","tsunami":0,"sig":312,"net":"us","code":"6000tkrq","ids":",us6000tkrq,","sources":",us,","types":",origin,phase-data,","nst":40,"dmin":1.883,"rms":0.52,"gap":137,"magType":"mb","type":"earthquake","title":"M 4.5 - 165 km E of Ozernovskiy, Russia"},"geometry":{"type":"Point","coordinates":[158.869,51.371,35]},"id":"us6000tkrq"},
{"type":"Feature","properties":{"mag":4.9,"place":"19 km WSW of Divichibazar, Azerbaijan","time":1786726574767,"updated":1786733300916,"tz":null,"url":"https://earthquake.usgs.gov/earthquakes/eventpage/us6000tkrg","detail":"https://earthquake.usgs.gov/fdsnws/event/1/query?eventid=us6000tkrg&format=geojson","felt":3,"cdi":2.2,"mmi":null,"alert":null,"status":"reviewed","tsunami":0,"sig":370,"net":"us","code":"6000tkrg","ids":",us6000tkrg,","sources":",us,","types":",dyfi,origin,phase-data,","nst":75,"dmin":1.821,"rms":0.69,"gap":58,"magType":"mb","type":"earthquake","title":"M 4.9 - 19 km WSW of Divichibazar, Azerbaijan"},"geometry":{"type":"Point","coordinates":[48.7787,41.1279,10]},"id":"us6000tkrg"},
{"type":"Feature","properties":{"mag":4.1,"place":"14 km SW of Rodotópi, Greece","time":1786724079912,"updated":1786819173040,"tz":null,"url":"https://earthquake.usgs.gov/earthquakes/eventpage/us6000tkr4","detail":"https://earthquake.usgs.gov/fdsnws/event/1/query?eventid=us6000tkr4&format=geojson","felt":null,"cdi":null,"mmi":null,"alert":null,"status":"reviewed","tsunami":0,"sig":259,"net":"us","code":"6000tkr4","ids":",us6000tkr4,","sources":",us,","types":",origin,phase-data,","nst":23,"dmin":1.485,"rms":1.29,"gap":119,"magType":"mb","type":"earthquake","title":"M 4.1 - 14 km SW of Rodotópi, Greece"},"geometry":{"type":"Point","coordinates":[20.5892,39.63,10]},"id":"us6000tkr4"},
{"type":"Feature","properties":{"mag":4.4,"place":"78 km E of Noda, Japan","time":1786714972790,"updated":1786817349040,"tz":null,"url":"https://earthquake.usgs.gov/earthquakes/eventpage/us6000tkpq","detail":"https://earthquake.usgs.gov/fdsnws/event/1/query?eventid=us6000tkpq&format=geojson","felt":null,"cdi":null,"mmi":null,"alert":null,"status":"reviewed","tsunami":0,"sig":298,"net":"us","code":"6000tkpq","ids":",us6000tkpq,","sources":",us,","types":",origin,phase-data,","nst":36,"dmin":1.395,"rms":0.62,"gap":137,"magType":"mb","type":"earthquake","title":"M 4.4 - 78 km E of Noda, Japan"},"geometry":{"type":"Point","coordinates":[142.7293,40.2091,10]},"id":"us6000tkpq"},
{"type":"Feature","properties":{"mag":4.8,"place":"207 km SE of Katsuura, Japan","time":1786701523693,"updated":1786703128040,"tz":null,"url":"https://earthquake.usgs.gov/earthquakes/eventpage/us6000tkmy","detail":"https://earthquake.usgs.gov/fdsnws/event/1/query?eventid=us6000tkmy&format=geojson","felt":null,"cdi":null,"mmi":null,"alert":null,"status":"reviewed","tsunami":0,"sig":354,"net":"us","code":"6000tkmy","ids":",us6000tkmy,","sources":",us,","types":",origin,phase-data,","nst":38,"dmin":4.038,"rms":1.08,"gap":114,"magType":"mb","type":"earthquake","title":"M 4.8 - 207 km SE of Katsuura, Japan"},"geometry":{"type":"Point","coordinates":[141.619,33.615,10]},"id":"us6000tkmy"},
{"type":"Feature","properties":{"mag":4.2,"place":"35 km WSW of Neyshābūr, Iran","time":1786696145807,"updated":1786699506040,"tz":null,"url":"https://earthquake.usgs.gov/earthquakes/eventpage/us6000tkml","detail":"https://earthquake.usgs.gov/fdsnws/event/1/query?eventid=us6000tkml&format=geojson","felt":null,"cdi":null,"mmi":null,"alert":null,"status":"reviewed","tsunami":0,"sig":271,"net":"us","code":"6000tkml","ids":",us6000tkml,","sources":",us,","types":",origin,phase-data,","nst":22,"dmin":1.824,"rms":1,"gap":180,"magType":"mb","type":"earthquake","title":"M 4.2 - 35 km WSW of Neyshābūr, Iran"},"geometry":{"type":"Point","coordinates":[58.4214,36.1183,10]},"id":"us6000tkml"},
{"type":"Feature","properties":{"mag":4.8,"place":"Bonin Islands, Japan region","time":1786683195378,"updated":1786684040040,"tz":null,"url":"https://earthquake.usgs.gov/earthquakes/eventpage/us6000tklc","detail":"https://earthquake.usgs.gov/fdsnws/event/1/query?eventid=us6000tklc&format=geojson","felt":null,"cdi":null,"mmi":null,"alert":null,"status":"reviewed","tsunami":0,"sig":354,"net":"us","code":"6000tklc","ids":",us6000tklc,","sources":",us,","types":",origin,phase-data,","nst":71,"dmin":7.694,"rms":0.52,"gap":117,"magType":"mb","type":"earthquake","title":"M 4.8 - Bonin Islands, Japan region"},"geometry":{"type":"Point","coordinates":[139.5875,27.6391,516.445]},"id":"us6000tklc"},
{"type":"Feature","properties":{"mag":4,"place":"60 km SSW of Unalaska, Alaska","time":1786677052682,"updated":1786779459588,"tz":null,"url":"https://earthquake.usgs.gov/earthquakes/eventpage/aka2026pzvhjk","detail":"https://earthquake.usgs.gov/fdsnws/event/1/query?eventid=aka2026pzvhjk&format=geojson","felt":5,"cdi":3.1,"mmi":4.02,"alert":null,"status":"reviewed","tsunami":0,"sig":248,"net":"ak","code":"a2026pzvhjk","ids":",aka2026pzvhjk,","sources":",ak,","types":",dyfi,origin,phase-data,shakemap,","nst":59,"dmin":0.4,"rms":1,"gap":191,"magType":"ml","type":"earthquake","title":"M 4.0 - 60 km SSW of Unalaska, Alaska"},"geometry":{"type":"Point","coordinates":[-167.018,53.418,10]},"id":"aka2026pzvhjk"},
{"type":"Feature","properties":{"mag":4.9,"place":"29 km SW of Balangonan, Philippines","time":1786670093627,"updated":1786697962925,"tz":null,"url":"https://earthquake.usgs.gov/earthquakes/eventpage/us6000tkkw","detail":"https://earthquake.usgs.gov/fdsnws/event/1/query?eventid=us6000tkkw&format=geojson","felt":2,"cdi":2,"mmi":null,"alert":null,"status":"reviewed","tsunami":0,"sig":370,"net":"us","code":"6000tkkw","ids":",us6000tkkw,","sources":",us,","types":",dyfi,origin,phase-data,","nst":43,"dmin":1.724,"rms":0.92,"gap":95,"magType":"mb","type":"earthquake","title":"M 4.9 - 29 km SW of Balangonan, Philippines"},"geometry":{"type":"Point","coordinates":[125.1585,5.3865,92.559]},"id":"us6000tkkw"},
{"type":"Feature","properties":{"mag":4.2,"place":"23 km NE of Jurm, Afghanistan","time":1786662717925,"updated":1786669868040,"tz":null,"url":"https://earthquake.usgs.gov/earthquakes/eventpage/us6000tkkb","detail":"https://earthquake.usgs.gov/fdsnws/event/1/query?eventid=us6000tkkb&format=geojson","felt":null,"cdi":null,"mmi":null,"alert":null,"status":"reviewed","tsunami":0,"sig":271,"net":"us","code":"6000tkkb","ids":",us6000tkkb,","sources":",us,","types":",origin,phase-data,","nst":18,"dmin":1.752,"rms":0.39,"gap":172,"magType":"mb","type":"earthquake","title":"M 4.2 - 23 km NE of Jurm, Afghanistan"},"geometry":{"type":"Point","coordinates":[71.0489,36.9807,110.31]},"id":"us6000tkkb"},
{"type":"Feature","properties":{"mag":5.3,"place":"11 km S of Sarangani, Philippines","time":1786646371327,"updated":1786697843997,"tz":null,"url":"https://earthquake.usgs.gov/earthquakes/eventpage/us6000tkig","detail":"https://earthquake.usgs.gov/fdsnws/event/1/query?eventid=us6000tkig&format=geojson","felt":3,"cdi":4.1,"mmi":null,"alert":null,"status":"reviewed","tsunami":0,"sig":433,"net":"us","code":"6000tkig","ids":",us6000tkig,usauto6000tkig,","sources":",us,usauto,","types":",dyfi,internal-moment-tensor,origin,phase-data,","nst":83,"dmin":1.76,"rms":1.1,"gap":72,"magType":"mww","type":"earthquake","title":"M 5.3 - 11 km S of Sarangani, Philippines"},"geometry":{"type":"Point","coordinates":[125.4836,5.3002,66.312]},"id":"us6000tkig"},
{"type":"Feature","properties":{"mag":5.1,"place":"west of Macquarie Island","time":1786642769650,"updated":1786645221040,"tz":null,"url":"https://earthquake.usgs.gov/earthquakes/eventpage/us6000tki8","detail":"https://earthquake.usgs.gov/fdsnws/event/1/query?eventid=us6000tki8&format=geojson","felt":null,"cdi":null,"mmi":null,"alert":null,"status":"reviewed","tsunami":0,"sig":400,"net":"us","code":"6000tki8","ids":",usauto6000tki8,us6000tki8,","sources":",usauto,us,","types":",internal-moment-tensor,origin,phase-data,","nst":33,"dmin":7.032,"rms":0.56,"gap":82,"magType":"mww","type":"earthquake","title":"M 5.1 - west of Macquarie Island"},"geometry":{"type":"Point","coordinates":[147.2281,-56.8562,10]},"id":"us6000tki8"},
{"type":"Feature","properties":{"mag":5.6,"place":"Kermadec Islands region","time":1786637505826,"updated":1786724255168,"tz":null,"url":"https://earthquake.usgs.gov/earthquakes/eventpage/us6000tkhm","detail":"https://earthquake.usgs.gov/fdsnws/event/1/query?eventid=us6000tkhm&format=geojson","felt":null,"cdi":null,"mmi":2.749,"alert":"green","status":"reviewed","tsunami":0,"sig":482,"net":"us","code":"6000tkhm","ids":",usauto6000tkhm,us6000tkhm,","sources":",usauto,us,","types":",internal-moment-tensor,losspager,moment-tensor,origin,phase-data,shakemap,","nst":66,"dmin":1.526,"rms":1.15,"gap":56,"magType":"mww","type":"earthquake","title":"M 5.6 - Kermadec Islands region"},"geometry":{"type":"Point","coordinates":[-176.3124,-28.6742,10]},"id":"us6000tkhm"},
{"type":"Feature","properties":{"mag":4.3,"place":"13 km WSW of San José del Palmar, Colombia","time":1786632152192,"updated":1786645984062,"tz":null,"url":"https://earthquake.usgs.gov/earthquakes/eventpage/us6000tkha","detail":"https://earthquake.usgs.gov/fdsnws/event/1/query?eventid=us6000tkha&format=geojson","felt":1,"cdi":2,"mmi":null,"alert":null,"status":"reviewed","tsunami":0,"sig":285,"net":"us","code":"6000tkha","ids":",us6000tkha,","sources":",us,","types":",dyfi,origin,phase-data,","nst":34,"dmin":1.551,"rms":1.08,"gap":101,"magType":"mb","type":"earthquake","title":"M 4.3 - 13 km WSW of San José del Palmar, Colombia"},"geometry":{"type":"Point","coordinates":[-76.3547,4.8666,105.616]},"id":"us6000tkha"},
{"type":"Feature","properties":{"mag":4.3,"place":"222 km ENE of Levuka, Fiji","time":1786631977774,"updated":1786642821040,"tz":null,"url":"https://earthquake.usgs.gov/earthquakes/eventpage/us6000tkhc","detail":"https://earthquake.usgs.gov/fdsnws/event/1/query?eventid=us6000tkhc&format=geojson","felt":null,"cdi":null,"mmi":null,"alert":null,"status":"reviewed","tsunami":0,"sig":284,"net":"us","code":"6000tkhc","ids":",us6000tkhc,","sources":",us,","types":",origin,phase-data,","nst":20,"dmin":2.255,"rms":0.61,"gap":132,"magType":"mb","type":"earthquake","title":"M 4.3 - 222 km ENE of Levuka, Fiji"},"geometry":{"type":"Point","coordinates":[-178.6261,-17.6737,561.836]},"id":"us6000tkhc"},
{"type":"Feature","properties":{"mag":4.3,"place":"103 km WSW of Gunungsitoli, Indonesia","time":1786630973541,"updated":1786804410040,"tz":null,"url":"https://earthquake.usgs.gov/earthquakes/eventpage/us6000tkh9","detail":"https://earthquake.usgs.gov/fdsnws/event/1/query?eventid=us6000tkh9&format=geojson","felt":null,"cdi":null,"mmi":null,"alert":null,"status":"reviewed","tsunami":0,"sig":284,"net":"us","code":"6000tkh9","ids":",us6000tkh9,","sources":",us,","types":",origin,phase-data,","nst":13,"dmin":0.901,"rms":0.95,"gap":202,"magType":"mb","type":"earthquake","title":"M 4.3 - 103 km WSW of Gunungsitoli, Indonesia"},"geometry":{"type":"Point","coordinates":[96.7701,0.8968,10]},"id":"us6000tkh9"},
{"type":"Feature","properties":{"mag":5,"place":"45 km SSW of Angoram, Papua New Guinea","time":1786625099102,"updated":1786800108252,"tz":null,"url":"https://earthquake.usgs.gov/earthquakes/eventpage/us6000tkgn","detail":"https://earthquake.usgs.gov/fdsnws/event/1/query?eventid=us6000tkgn&format=geojson","felt":2,"cdi":2.1,"mmi":null,"alert":null,"status":"reviewed","tsunami":0,"sig":385,"net":"us","code":"6000tkgn","ids":",us6000tkgn,","sources":",us,","types":",dyfi,origin,phase-data,","nst":57,"dmin":3.706,"rms":0.58,"gap":40,"magType":"mb","type":"earthquake","title":"M 5.0 - 45 km SSW of Angoram, Papua New Guinea"},"geometry":{"type":"Point","coordinates":[143.8885,-4.4318,134.025]},"id":"us6000tkgn"},
{"type":"Feature","properties":{"mag":4.6,"place":"3 km ESE of Gambiran Satu, Indonesia","time":1786616599536,"updated":1786754675946,"tz":null,"url":"https://earthquake.usgs.gov/earthquakes/eventpage/us6000tkg4","detail":"https://earthquake.usgs.gov/fdsnws/event/1/query?eventid=us6000tkg4&format=geojson","felt":2,"cdi":2.9,"mmi":null,"alert":null,"status":"reviewed","tsunami":0,"sig":326,"net":"us","code":"6000tkg4","ids":",us6000tkg4,","sources":",us,","types":",dyfi,origin,phase-data,","nst":39,"dmin":0.063,"rms":0.83,"gap":75,"magType":"mb","type":"earthquake","title":"M 4.6 - 3 km ESE of Gambiran Satu, Indonesia"},"geometry":{"type":"Point","coordinates":[114.1762,-8.4115,145.679]},"id":"us6000tkg4"},
{"type":"Feature","properties":{"mag":5.1,"place":"22 km ENE of Lapuan, Philippines","time":1786612978999,"updated":1786698078082,"tz":null,"url":"https://earthquake.usgs.gov/earthquakes/eventpage/us6000tkfh","detail":"https://earthquake.usgs.gov/fdsnws/event/1/query?eventid=us6000tkfh&format=geojson","felt":12,"cdi":4.3,"mmi":null,"alert":null,"status":"reviewed","tsunami":0,"sig":405,"net":"us","code":"6000tkfh","ids":",us6000tkfh,usauto6000tkfh,","sources":",us,usauto,","types":",dyfi,internal-moment-tensor,origin,phase-data,","nst":88,"dmin":0.869,"rms":0.99,"gap":50,"magType":"mww","type":"earthquake","title":"M 5.1 - 22 km ENE of Lapuan, Philippines"},"geometry":{"type":"Point","coordinates":[125.8789,6.2479,91.206]},"id":"us6000tkfh"},
{"type":"Feature","properties":{"mag":4.5,"place":"222 km SSW of Severo-Kuril’sk, Russia","time":1786604964608,"updated":1786611998040,"tz":null,"url":"https://earthquake.usgs.gov/earthquakes/eventpage/us6000tkeb","detail":"https://earthquake.usgs.gov/fdsnws/event/1/query?eventid=us6000tkeb&format=geojson","felt":null,"cdi":null,"mmi":null,"alert":null,"status":"reviewed","tsunami":0,"sig":312,"net":"us","code":"6000tkeb","ids":",us6000tkeb,","sources":",us,","types":",origin,phase-data,","nst":54,"dmin":4.618,"rms":0.7,"gap":135,"magType":"mb","type":"earthquake","title":"M 4.5 - 222 km SSW of Severo-Kuril’sk, Russia"},"geometry":{"type":"Point","coordinates":[155.3646,48.738,35]},"id":"us6000tkeb"},
{"type":"Feature","properties":{"mag":4.4,"place":"17 km S of Cuyutlán, Mexico","time":1786597328232,"updated":1786672035793,"tz":null,"url":"https://earthquake.usgs.gov/earthquakes/eventpage/us6000tkdq","detail":"https://earthquake.usgs.gov/fdsnws/event/1/query?eventid=us6000tkdq&format=geojson","felt":3,"cdi":3.4,"mmi":null,"alert":null,"status":"reviewed","tsunami":0,"sig":299,"net":"us","code":"6000tkdq","ids":",us6000tkdq,","sources":",us,","types":",dyfi,origin,phase-data,","nst":46,"dmin":2.826,"rms":0.49,"gap":199,"magType":"mb","type":"earthquake","title":"M 4.4 - 17 km S of Cuyutlán, Mexico"},"geometry":{"type":"Point","coordinates":[-104.0691,18.7632,59.642]},"id":"us6000tkdq"},
{"type":"Feature","properties":{"mag":4.3,"place":"70 km NNW of Barishal, Pakistan","time":1786595053980,"updated":1786596174040,"tz":null,"url":"https://earthquake.usgs.gov/earthquakes/eventpage/us6000tkdf","detail":"https://earthquake.usgs.gov/fdsnws/event/1/query?eventid=us6000tkdf&format=geojson","felt":null,"cdi":null,"mmi":null,"alert":null,"status":"reviewed","tsunami":0,"sig":284,"net":"us","code":"6000tkdf","ids":",us6000tkdf,","sources":",us,","types":",origin,phase-data,","nst":38,"dmin":2.026,"rms":1.13,"gap":81,"magType":"mb","type":"earthquake","title":"M 4.3 - 70 km NNW of Barishal, Pakistan"},"geometry":{"type":"Point","coordinates":[74.2629,36.8572,57.968]},"id":"us6000tkdf"},
{"type":"Feature","properties":{"mag":5.1,"place":"59 km NNW of Barishal, Pakistan","time":1786581318815,"updated":1786585987806,"tz":null,"url":"https://earthquake.usgs.gov/earthquakes/eventpage/us6000tkci","detail":"https://earthquake.usgs.gov/fdsnws/event/1/query?eventid=us6000tkci&format=geojson","felt":1,"cdi":2,"mmi":null,"alert":null,"status":"reviewed","tsunami":0,"sig":400,"net":"us","code":"6000tkci","ids":",us6000tkci,usauto6000tkci,","sources":",us,usauto,","types":",dyfi,internal-moment-tensor,origin,phase-data,","nst":93,"dmin":2.131,"rms":0.91,"gap":28,"magType":"mww","type":"earthquake","title":"M 5.1 - 59 km NNW of Barishal, Pakistan"},"geometry":{"type":"Point","coordinates":[74.3579,36.7849,58.893]},"id":"us6000tkci"},
{"type":"Feature","properties":{"mag":4.7,"place":"Greenland Sea","time":1786581207168,"updated":1786709322040,"tz":null,"url":"https://earthquake.usgs.gov/earthquakes/eventpage/us6000tkcj","detail":"https://earthquake.usgs.gov/fdsnws/event/1/query?eventid=us6000tkcj&format=geojson","felt":null,"cdi":null,"mmi":null,"alert":null,"status":"reviewed","tsunami":0,"sig":340,"net":"us","code":"6000tkcj","ids":",us6000tkcj,","sources":",us,","types":",moment-tensor,origin,phase-data,","nst":36,"dmin":5.164,"rms":1.08,"gap":60,"magType":"mww","type":"earthquake","title":"M 4.7 - Greenland Sea"},"geometry":{"type":"Point","coordinates":[7.8276,73.4757,10]},"id":"us6000tkcj"},
{"type":"Feature","properties":{"mag":5.5,"place":"69 km SSW of Chirilagua, El Salvador","time":1786581004840,"updated":1786630542806,"tz":null,"url":"https://earthquake.usgs.gov/earthquakes/eventpage/us6000tkcb","detail":"https://earthquake.usgs.gov/fdsnws/event/1/query?eventid=us6000tkcb&format=geojson","felt":15,"cdi":3.4,"mmi":4.403,"alert":"green","status":"reviewed","tsunami":0,"sig":470,"net":"us","code":"6000tkcb","ids":",us6000tkcb,usauto6000tkcb,","sources":",us,usauto,","types":",dyfi,internal-moment-tensor,losspager,moment-tensor,origin,phase-data,shakemap,","nst":38,"dmin":0.856,"rms":1.28,"gap":186,"magType":"mww","type":"earthquake","title":"M 5.5 - 69 km SSW of Chirilagua, El Salvador"},"geometry":{"type":"Point","coordinates":[-88.2864,12.6084,56.794]},"id":"us6000tkcb"},
{"type":"Feature","properties":{"mag":5.1,"place":"226 km E of Levuka, Fiji","time":1786572813611,"updated":1786578627040,"tz":null,"url":"https://earthquake.usgs.gov/earthquakes/eventpage/us6000tkba","detail":"https://earthquake.usgs.gov/fdsnws/event/1/query?eventid=us6000tkba&format=geojson","felt":null,"cdi":null,"mmi":null,"alert":null,"status":"reviewed","tsunami":0,"sig":400,"net":"us","code":"6000tkba","ids":",us6000tkba,","sources":",us,","types":",origin,phase-data,","nst":104,"dmin":2.422,"rms":0.68,"gap":80,"magType":"mb","type":"earthquake","title":"M 5.1 - 226 km E of Levuka, Fiji"},"geometry":{"type":"Point","coordinates":[-178.554,-17.8749,570.792]},"id":"us6000tkba"},
{"type":"Feature","properties":{"mag":4.7,"place":"31 km E of Basco, Philippines","time":1786569920192,"updated":1786577629040,"tz":null,"url":"https://earthquake.usgs.gov/earthquakes/eventpage/us6000tkax","detail":"https://earthquake.usgs.gov/fdsnws/event/1/query?eventid=us6000tkax&format=geojson","felt":null,"cdi":null,"mmi":null,"alert":null,"status":"reviewed","tsunami":0,"sig":340,"net":"us","code":"6000tkax","ids":",us6000tkax,","sources":",us,","types":",origin,phase-data,","nst":42,"dmin":2.562,"rms":0.56,"gap":125,"magType":"mb","type":"earthquake","title":"M 4.7 - 31 km E of Basco, Philippines"},"geometry":{"type":"Point","coordinates":[122.2726,20.4966,10]},"id":"us6000tkax"},
{"type":"Feature","properties":{"mag":4.6,"place":"15 km WSW of Honmachi, Japan","time":1786569689025,"updated":1786577209040,"tz":null,"url":"https://earthquake.usgs.gov/earthquakes/eventpage/us6000tkaw","detail":"https://earthquake.usgs.gov/fdsnws/event/1/query?eventid=us6000tkaw&format=geojson","felt":null,"cdi":null,"mmi":null,"alert":null,"status":"reviewed","tsunami":0,"sig":326,"net":"us","code":"6000tkaw","ids":",us6000tkaw,","sources":",us,","types":",origin,phase-data,","nst":31,"dmin":0.964,"rms":0.57,"gap":125,"magType":"mb","type":"earthquake","title":"M 4.6 - 15 km WSW of Honmachi, Japan"},"geometry":{"type":"Point","coordinates":[130.4343,32.4765,10]},"id":"us6000tkaw"},
{"type":"Feature","properties":{"mag":4.4,"place":"11 km SW of Hengchun, Taiwan","time":1786564461437,"updated":1786631496040,"tz":null,"url":"https://earthquake.usgs.gov/earthquakes/eventpage/us6000tka7","detail":"https://earthquake.usgs.gov/fdsnws/event/1/query?eventid=us6000tka7&format=geojson","felt":null,"cdi":null,"mmi":null,"alert":null,"status":"reviewed","tsunami":0,"sig":298,"net":"us","code":"6000tka7","ids":",us6000tka7,","sources":",us,","types":",origin,phase-data,","nst":85,"dmin":0.961,"rms":0.83,"gap":93,"magType":"mb","type":"earthquake","title":"M 4.4 - 11 km SW of Hengchun, Taiwan"},"geometry":{"type":"Point","coordinates":[120.6514,21.9386,15.766]},"id":"us6000tka7"},
{"type":"Feature","properties":{"mag":4.5,"place":"Banda Sea","time":1786561105658,"updated":1786630235040,"tz":null,"url":"https://earthquake.usgs.gov/earthquakes/eventpage/us6000tk9q","detail":"https://earthquake.usgs.gov/fdsnws/event/1/query?eventid=us6000tk9q&format=geojson","felt":null,"cdi":null,"mmi":null,"alert":null,"status":"reviewed","tsunami":0,"sig":312,"net":"us","code":"6000tk9q","ids":",us6000tk9q,","sources":",us,","types":",origin,phase-data,","nst":85,"dmin":2.002,"rms":0.67,"gap":35,"magType":"mb","type":"earthquake","title":"M 4.5 - Banda Sea"},"geometry":{"type":"Point","coordinates":[129.516,-6.5002,178.38]},"id":"us6000tk9q"},
{"type":"Feature","properties":{"mag":4.2,"place":"27 km E of Chuquitira, Peru","time":1786559310735,"updated":1786572145040,"tz":null,"url":"https://earthquake.usgs.gov/earthquakes/eventpage/us6000tk9l","detail":"https://earthquake.usgs.gov/fdsnws/event/1/query?eventid=us6000tk9l&format=geojson","felt":null,"cdi":null,"mmi":null,"alert":null,"status":"reviewed","tsunami":0,"sig":271,"net":"us","code":"6000tk9l","ids":",us6000tk9l,","sources":",us,","types":",origin,phase-data,","nst":27,"dmin":0.391,"rms":0.71,"gap":120,"magType":"mb","type":"earthquake","title":"M 4.2 - 27 km E of Chuquitira, Peru"},"geometry":{"type":"Point","coordinates":[-69.7862,-17.3277,158.608]},"id":"us6000tk9l"},
{"type":"Feature","properties":{"mag":4.3,"place":"south of the Fiji Islands","time":1786538546674,"updated":1786540966040,"tz":null,"url":"https://earthquake.usgs.gov/earthquakes/eventpage/us6000tk7a","detail":"https://earthquake.usgs.gov/fdsnws/event/1/query?eventid=us6000tk7a&format=geojson","felt":null,"cdi":null,"mmi":null,"alert":null,"status":"reviewed","tsunami":0,"sig":284,"net":"us","code":"6000tk7a","ids":",us6000tk7a,","sources":",us,","types":",origin,phase-data,","nst":29,"dmin":6.021,"rms":1.01,"gap":145,"magType":"mb","type":"earthquake","title":"M 4.3 - south of the Fiji Islands"},"geometry":{"type":"Point","coordinates":[-179.7774,-23.4416,526.828]},"id":"us6000tk7a"},
{"type":"Feature","properties":{"mag":4.6,"place":"55 km SW of Champerico, Guatemala","time":1786535789774,"updated":1786547588040,"tz":null,"url":"https://earthquake.usgs.gov/earthquakes/eventpage/us6000tk75","detail":"https://earthquake.usgs.gov/fdsnws/event/1/query?eventid=us6000tk75&format=geojson","felt":null,"cdi":null,"mmi":null,"alert":null,"status":"reviewed","tsunami":0,"sig":326,"net":"us","code":"6000tk75","ids":",us6000tk75,","sources":",us,","types":",origin,phase-data,","nst":68,"dmin":2.31,"rms":1.15,"gap":185,"magType":"mb","type":"earthquake","title":"M 4.6 - 55 km SW of Champerico, Guatemala"},"geometry":{"type":"Point","coordinates":[-92.3028,13.9641,35]},"id":"us6000tk75"},
{"type":"Feature","properties":{"mag":6,"place":"South Sandwich Islands region","time":1786535232117,"updated":1786622006966,"tz":null,"url":"https://earthquake.usgs.gov/earthquakes/eventpage/us6000tk74","detail":"https://earthquake.usgs.gov/fdsnws/event/1/query?eventid=us6000tk74&format=geojson","felt":0,"cdi":1,"mmi":3.402,"alert":"green","status":"reviewed","tsunami":0,"sig":554,"net":"us","code":"6000tk74","ids":",us6000tk74,usauto6000tk74,attjnnf2,","sources":",us,usauto,at,","types":",dyfi,internal-moment-tensor,internal-origin,losspager,moment-tensor,origin,phase-data,shakemap,","nst":76,"dmin":7.224,"rms":0.56,"gap":64,"magType":"mww","type":"earthquake","title":"M 6.0 - South Sandwich Islands region"},"geometry":{"type":"Point","coordinates":[-28.9899,-60.2445,10]},"id":"us6000tk74"},
{"type":"Feature","properties":{"mag":4.5,"place":"125 km NNW of Ambon, Indonesia","time":1786529728554,"updated":1786541704040,"tz":null,"url":"https://earthquake.usgs.gov/earthquakes/eventpage/us6000tk6n","detail":"https://earthquake.usgs.gov/fdsnws/event/1/query?eventid=us6000tk6n&format=geojson","felt":null,"cdi":null,"mmi":null,"alert":null,"status":"reviewed","tsunami":0,"sig":312,"net":"us","code":"6000tk6n","ids":",us6000tk6n,","sources":",us,","types":",origin,phase-data,","nst":28,"dmin":2.833,"rms":0.52,"gap":65,"magType":"mb","type":"earthquake","title":"M 4.5 - 125 km NNW of Ambon, Indonesia"},"geometry":{"type":"Point","coordinates":[127.7768,-2.6342,10]},"id":"us6000tk6n"},
{"type":"Feature","properties":{"mag":5,"place":"66 km E of Chayek, Kyrgyzstan","time":1786518892581,"updated":1786527909453,"tz":null,"url":"https://earthquake.usgs.gov/earthquakes/eventpage/us6000tk5x","detail":"https://earthquake.usgs.gov/fdsnws/event/1/query?eventid=us6000tk5x&format=geojson","felt":2,"cdi":2.2,"mmi":null,"alert":null,"status":"reviewed","tsunami":0,"sig":385,"net":"us","code":"6000tk5x","ids":",us6000tk5x,","sources":",us,","types":",dyfi,origin,phase-data,","nst":76,"dmin":0.746,"rms":1.19,"gap":53,"magType":"mb","type":"earthquake","title":"M 5.0 - 66 km E of Chayek, Kyrgyzstan"},"geometry":{"type":"Point","coordinates":[75.3037,42.0411,10]},"id":"us6000tk5x"},
{"type":"Feature","properties":{"mag":5.1,"place":"Pacific-Antarctic Ridge","time":1786511487487,"updated":1786512578040,"tz":null,"url":"https://earthquake.usgs.gov/earthquakes/eventpage/us6000tk5j","detail":"https://earthquake.usgs.gov/fdsnws/event/1/query?eventid=us6000tk5j&format=geojson","felt":null,"cdi":null,"mmi":null,"alert":null,"status":"reviewed","tsunami":0,"sig":400,"net":"us","code":"6000tk5j","ids":",us6000tk5j,","sources":",us,","types":",origin,phase-data,","nst":29,"dmin":27.772,"rms":0.87,"gap":100,"magType":"mb","type":"earthquake","title":"M 5.1 - Pacific-Antarctic Ridge"},"geometry":{"type":"Point","coordinates":[-143.4933,-55.9202,10]},"id":"us6000tk5j"},
{"type":"Feature","properties":{"mag":4.9,"place":"14 km WSW of Honmachi, Japan","time":1786507551903,"updated":1786531146523,"tz":null,"url":"https://earthquake.usgs.gov/earthquakes/eventpage/us6000tk5c","detail":"https://earthquake.usgs.gov/fdsnws/event/1/query?eventid=us6000tk5c&format=geojson","felt":2,"cdi":4.1,"mmi":null,"alert":null,"status":"reviewed","tsunami":0,"sig":370,"net":"us","code":"6000tk5c","ids":",us6000tk5c,","sources":",us,","types":",dyfi,origin,phase-data,","nst":44,"dmin":0.944,"rms":1.15,"gap":115,"magType":"mww","type":"earthquake","title":"M 4.9 - 14 km WSW of Honmachi, Japan"},"geometry":{"type":"Point","coordinates":[130.4504,32.4564,10]},"id":"us6000tk5c"},
{"type":"Feature","properties":{"mag":5.2,"place":"42 km ESE of Naalehu, Hawaii","time":1786506513980,"updated":1786709597679,"tz":null,"url":"https://earthquake.usgs.gov/earthquakes/eventpage/hv75018296","detail":"https://earthquake.usgs.gov/fdsnws/event/1/query?eventid=hv75018296&format=geojson","felt":67,"cdi":3.8,"mmi":3.862,"alert":"green","status":"reviewed","tsunami":0,"sig":441,"net":"hv","code":"75018296","ids":",hv75018296,us6000tk56,","sources":",hv,us,","types":",dyfi,losspager,origin,phase-data,shakemap,","nst":60,"dmin":0.3499,"rms":0.14,"gap":256,"magType":"ml","type":"earthquake","title":"M 5.2 - 42 km ESE of Naalehu, Hawaii"},"geometry":{"type":"Point","coordinates":[-155.233333333333,18.879,10.73]},"id":"hv75018296"},
{"type":"Feature","properties":{"mag":4.2,"place":"4 km WNW of Radwanice, Poland","time":1786506316110,"updated":1786509023040,"tz":null,"url":"https://earthquake.usgs.gov/earthquakes/eventpage/us6000tk55","detail":"https://earthquake.usgs.gov/fdsnws/event/1/query?eventid=us6000tk55&format=geojson","felt":null,"cdi":null,"mmi":null,"alert":null,"status":"reviewed","tsunami":0,"sig":271,"net":"us","code":"6000tk55","ids":",us6000tk55,","sources":",us,","types":",origin,phase-data,","nst":26,"dmin":1.267,"rms":1.02,"gap":62,"magType":"mb","type":"earthquake","title":"M 4.2 - 4 km WNW of Radwanice, Poland"},"geometry":{"type":"Point","coordinates":[15.8885,51.5853,10]},"id":"us6000tk55"},
{"type":"Feature","properties":{"mag":4.4,"place":"31 km SSW of Pondaguitan, Philippines","time":1786505893678,"updated":1786508575040,"tz":null,"url":"https://earthquake.usgs.gov/earthquakes/eventpage/us6000tk52","detail":"https://earthquake.usgs.gov/fdsnws/event/1/query?eventid=us6000tk52&format=geojson","felt":null,"cdi":null,"mmi":null,"alert":null,"status":"reviewed","tsunami":0,"sig":298,"net":"us","code":"6000tk52","ids":",us6000tk52,","sources":",us,","types":",origin,phase-data,","nst":26,"dmin":1.108,"rms":0.79,"gap":112,"magType":"mb","type":"earthquake","title":"M 4.4 - 31 km SSW of Pondaguitan, Philippines"},"geometry":{"type":"Point","coordinates":[126.105,6.0864,146.743]},"id":"us6000tk52"},
{"type":"Feature","properties":{"mag":4.1,"place":"30 km SSE of Jurm, Afghanistan","time":1786494412526,"updated":1786508651040,"tz":null,"url":"https://earthquake.usgs.gov/earthquakes/eventpage/us6000tk4d","detail":"https://earthquake.usgs.gov/fdsnws/event/1/query?eventid=us6000tk4d&format=geojson","felt":null,"cdi":null,"mmi":null,"alert":null,"status":"reviewed","tsunami":0,"sig":259,"net":"us","code":"6000tk4d","ids":",us6000tk4d,","sources":",us,","types":",origin,phase-data,","nst":35,"dmin":2.041,"rms":0.49,"gap":85,"magType":"mb","type":"earthquake","title":"M 4.1 - 30 km SSE of Jurm, Afghanistan"},"geometry":{"type":"Point","coordinates":[71.0188,36.6352,207.202]},"id":"us6000tk4d"},
{"type":"Feature","properties":{"mag":4.4,"place":"91 km SSW of Corinto, Nicaragua","time":1786491274811,"updated":1786507301040,"tz":null,"url":"https://earthquake.usgs.gov/earthquakes/eventpage/us6000tk46","detail":"https://earthquake.usgs.gov/fdsnws/event/1/query?eventid=us6000tk46&format=geojson","felt":null,"cdi":null,"mmi":null,"alert":null,"status":"reviewed","tsunami":0,"sig":298,"net":"us","code":"6000tk46","ids":",us6000tk46,","sources":",us,","types":",origin,phase-data,","nst":30,"dmin":2.014,"rms":0.71,"gap":167,"magType":"mb","type":"earthquake","title":"M 4.4 - 91 km SSW of Corinto, Nicaragua"},"geometry":{"type":"Point","coordinates":[-87.3603,11.6775,41.008]},"id":"us6000tk46"},
{"type":"Feature","properties":{"mag":4.7,"place":"167 km SSW of Abepura, Indonesia","time":1786491194884,"updated":1786505989040,"tz":null,"url":"https://earthquake.usgs.gov/earthquakes/eventpage/us6000tk41","detail":"https://earthquake.usgs.gov/fdsnws/event/1/query?eventid=us6000tk41&format=geojson","felt":null,"cdi":null,"mmi":null,"alert":null,"status":"reviewed","tsunami":0,"sig":340,"net":"us","code":"6000tk41","ids":",us6000tk41,","sources":",us,","types":",origin,phase-data,","nst":36,"dmin":1.607,"rms":0.7,"gap":80,"magType":"mb","type":"earthquake","title":"M 4.7 - 167 km SSW of Abepura, Indonesia"},"geometry":{"type":"Point","coordinates":[139.9386,-3.9381,34.264]},"id":"us6000tk41"},
{"type":"Feature","properties":{"mag":4.8,"place":"81 km ENE of Mutsu, Japan","time":1786484753951,"updated":1786498808040,"tz":null,"url":"https://earthquake.usgs.gov/earthquakes/eventpage/us6000tk3b","detail":"https://earthquake.usgs.gov/fdsnws/event/1/query?eventid=us6000tk3b&format=geojson","felt":null,"cdi":null,"mmi":null,"alert":null,"status":"reviewed","tsunami":0,"sig":354,"net":"us","code":"6000tk3b","ids":",us6000tk3b,","sources":",us,","types":",origin,phase-data,","nst":50,"dmin":0.895,"rms":0.71,"gap":115,"magType":"mww","type":"earthquake","title":"M 4.8 - 81 km ENE of Mutsu, Japan"},"geometry":{"type":"Point","coordinates":[142.1187,41.5705,59.553]},"id":"us6000tk3b"},
{"type":"Feature","properties":{"mag":4.6,"place":"14 km NE of Wana, Pakistan","time":1786484224529,"updated":1786498185040,"tz":null,"url":"https://earthquake.usgs.gov/earthquakes/eventpage/us6000tk33","detail":"https://earthquake.usgs.gov/fdsnws/event/1/query?eventid=us6000tk33&format=geojson","felt":null,"cdi":null,"mmi":null,"alert":null,"status":"reviewed","tsunami":0,"sig":326,"net":"us","code":"6000tk33","ids":",us6000tk33,","sources":",us,","types":",origin,phase-data,","nst":39,"dmin":2.171,"rms":0.62,"gap":102,"magType":"mb","type":"earthquake","title":"M 4.6 - 14 km NE of Wana, Pakistan"},"geometry":{"type":"Point","coordinates":[69.6826,32.3871,43.011]},"id":"us6000tk33"},
{"type":"Feature","properties":{"mag":4.1,"place":"163 km SW of Nikolski, Alaska","time":1786480978984,"updated":1786743154944,"tz":null,"url":"https://earthquake.usgs.gov/earthquakes/eventpage/aka2026pvqhwi","detail":"https://earthquake.usgs.gov/fdsnws/event/1/query?eventid=aka2026pvqhwi&format=geojson","felt":null,"cdi":null,"mmi":2.619,"alert":null,"status":"reviewed","tsunami":0,"sig":259,"net":"ak","code":"a2026pvqhwi","ids":",aka2026pvqhwi,","sources":",ak,","types":",origin,phase-data,shakemap,","nst":158,"dmin":1,"rms":1,"gap":180,"magType":"ml","type":"earthquake","title":"M 4.1 - 163 km SW of Nikolski, Alaska"},"geometry":{"type":"Point","coordinates":[-170.427,51.825,36.9]},"id":"aka2026pvqhwi"},
{"type":"Feature","properties":{"mag":5,"place":"89 km ESE of Kokopo, Papua New Guinea","time":1786480288580,"updated":1786511209140,"tz":null,"url":"https://earthquake.usgs.gov/earthquakes/eventpage/us6000tk29","detail":"https://earthquake.usgs.gov/fdsnws/event/1/query?eventid=us6000tk29&format=geojson","felt":1,"cdi":3.1,"mmi":null,"alert":null,"status":"reviewed","tsunami":0,"sig":385,"net":"us","code":"6000tk29","ids":",us6000tk29,usauto6000tk29,","sources":",us,usauto,","types":",dyfi,internal-moment-tensor,origin,phase-data,","nst":121,"dmin":0.975,"rms":1,"gap":80,"magType":"mww","type":"earthquake","title":"M 5.0 - 89 km ESE of Kokopo, Papua New Guinea"},"geometry":{"type":"Point","coordinates":[152.9875,-4.7193,68.887]},"id":"us6000tk29"},
{"type":"Feature","properties":{"mag":5.1,"place":"51 km E of Tobelo, Indonesia","time":1786479258452,"updated":1786480198040,"tz":null,"url":"https://earthquake.usgs.gov/earthquakes/eventpage/us6000tk1y","detail":"https://earthquake.usgs.gov/fdsnws/event/1/query?eventid=us6000tk1y&format=geojson","felt":null,"cdi":null,"mmi":null,"alert":null,"status":"reviewed","tsunami":0,"sig":400,"net":"us","code":"6000tk1y","ids":",us6000tk1y,","sources":",us,","types":",origin,phase-data,","nst":68,"dmin":5.945,"rms":0.97,"gap":103,"magType":"mb","type":"earthquake","title":"M 5.1 - 51 km E of Tobelo, Indonesia"},"geometry":{"type":"Point","coordinates":[128.4742,1.7064,10]},"id":"us6000tk1y"},
{"type":"Feature","properties":{"mag":4.9,"place":"149 km SSE of Port Blair, India","time":1786478141269,"updated":1786479155040,"tz":null,"url":"https://earthquake.usgs.gov/earthquakes/eventpage/us6000tk1m","detail":"https://earthquake.usgs.gov/fdsnws/event/1/query?eventid=us6000tk1m&format=geojson","felt":null,"cdi":null,"mmi":null,"alert":null,"status":"reviewed","tsunami":0,"sig":369,"net":"us","code":"6000tk1m","ids":",us6000tk1m,","sources":",us,","types":",origin,phase-data,","nst":67,"dmin":6.472,"rms":0.81,"gap":43,"magType":"mb","type":"earthquake","title":"M 4.9 - 149 km SSE of Port Blair, India"},"geometry":{"type":"Point","coordinates":[93.4884,10.5351,113.482]},"id":"us6000tk1m"},
{"type":"Feature","properties":{"mag":4.6,"place":"118 km ESE of Neiafu, Tonga","time":1786473919680,"updated":1786477899040,"tz":null,"url":"https://earthquake.usgs.gov/earthquakes/eventpage/us6000tk14","detail":"https://earthquake.usgs.gov/fdsnws/event/1/query?eventid=us6000tk14&format=geojson","felt":null,"cdi":null,"mmi":null,"alert":null,"status":"reviewed","tsunami":0,"sig":326,"net":"us","code":"6000tk14","ids":",us6000tk14,","sources":",us,","types":",origin,phase-data,","nst":23,"dmin":2.86,"rms":0.92,"gap":104,"magType":"mb","type":"earthquake","title":"M 4.6 - 118 km ESE of Neiafu, Tonga"},"geometry":{"type":"Point","coordinates":[-172.9513,-19.0842,10]},"id":"us6000tk14"},
{"type":"Feature","properties":{"mag":4.6,"place":"Western Australia","time":1786471825542,"updated":1786477015040,"tz":null,"url":"https://earthquake.usgs.gov/earthquakes/eventpage/us6000tk0u","detail":"https://earthquake.usgs.gov/fdsnws/event/1/query?eventid=us6000tk0u&format=geojson","felt":null,"cdi":null,"mmi":null,"alert":null,"status":"reviewed","tsunami":0,"sig":326,"net":"us","code":"6000tk0u","ids":",us6000tk0u,","sources":",us,","types":",origin,phase-data,","nst":39,"dmin":1.505,"rms":0.37,"gap":122,"magType":"mb","type":"earthquake","title":"M 4.6 - Western Australia"},"geometry":{"type":"Point","coordinates":[126.5708,-31.5799,10]},"id":"us6000tk0u"},
{"type":"Feature","properties":{"mag":4.6,"place":"7 km W of Lunca Jariștei, Romania","time":1786468875884,"updated":1786531859034,"tz":null,"url":"https://earthquake.usgs.gov/earthquakes/eventpage/us6000tk0c","detail":"https://earthquake.usgs.gov/fdsnws/event/1/query?eventid=us6000tk0c&format=geojson","felt":3,"cdi":2.2,"mmi":null,"alert":null,"status":"reviewed","tsunami":0,"sig":326,"net":"us","code":"6000tk0c","ids":",us6000tk0c,","sources":",us,","types":",dyfi,origin,phase-data,","nst":84,"dmin":1.901,"rms":0.91,"gap":34,"magType":"mb","type":"earthquake","title":"M 4.6 - 7 km W of Lunca Jariștei, Romania"},"geometry":{"type":"Point","coordinates":[26.1598,45.487,140.003]},"id":"us6000tk0c"},
{"type":"Feature","properties":{"mag":5,"place":"107 km WNW of Kerema, Papua New Guinea","time":1786467978902,"updated":1786469649040,"tz":null,"url":"https://earthquake.usgs.gov/earthquakes/eventpage/us6000tk0a","detail":"https://earthquake.usgs.gov/fdsnws/event/1/query?eventid=us6000tk0a&format=geojson","felt":null,"cdi":null,"mmi":null,"alert":null,"status":"reviewed","tsunami":0,"sig":385,"net":"us","code":"6000tk0a","ids":",us6000tk0a,","sources":",us,","types":",origin,phase-data,","nst":53,"dmin":2.877,"rms":0.89,"gap":98,"magType":"mb","type":"earthquake","title":"M 5.0 - 107 km WNW of Kerema, Papua New Guinea"},"geometry":{"type":"Point","coordinates":[144.8583,-7.6341,10]},"id":"us6000tk0a"},
{"type":"Feature","properties":{"mag":4.2,"place":"11 km WNW of San José del Palmar, Colombia","time":1786463021099,"updated":1786544177040,"tz":null,"url":"https://earthquake.usgs.gov/earthquakes/eventpage/us6000tjzx","detail":"https://earthquake.usgs.gov/fdsnws/event/1/query?eventid=us6000tjzx&format=geojson","felt":null,"cdi":null,"mmi":null,"alert":null,"status":"reviewed","tsunami":0,"sig":271,"net":"us","code":"6000tjzx","ids":",us6000tjzx,","sources":",us,","types":",origin,phase-data,","nst":34,"dmin":1.498,"rms":0.57,"gap":113,"magType":"mb","type":"earthquake","title":"M 4.2 - 11 km WNW of San José del Palmar, Colombia"},"geometry":{"type":"Point","coordinates":[-76.3385,4.9201,100.605]},"id":"us6000tjzx"},
{"type":"Feature","properties":{"mag":4.8,"place":"Pulau Pulau Tanimbar, Indonesia","time":1786452312884,"updated":1786455088040,"tz":null,"url":"https://earthquake.usgs.gov/earthquakes/eventpage/us6000tjxa","detail":"https://earthquake.usgs.gov/fdsnws/event/1/query?eventid=us6000tjxa&format=geojson","felt":null,"cdi":null,"mmi":null,"alert":null,"status":"reviewed","tsunami":0,"sig":354,"net":"us","code":"6000tjxa","ids":",us6000tjxa,","sources":",us,","types":",origin,phase-data,","nst":53,"dmin":2.897,"rms":0.74,"gap":86,"magType":"mb","type":"earthquake","title":"M 4.8 - Pulau Pulau Tanimbar, Indonesia"},"geometry":{"type":"Point","coordinates":[130.3922,-7.397,30.609]},"id":"us6000tjxa"},
{"type":"Feature","properties":{"mag":4.5,"place":"264 km SW of Severo-Kuril’sk, Russia","time":1786450421963,"updated":1786463740040,"tz":null,"url":"https://earthquake.usgs.gov/earthquakes/eventpage/us6000tjx7","detail":"https://earthquake.usgs.gov/fdsnws/event/1/query?eventid=us6000tjx7&format=geojson","felt":null,"cdi":null,"mmi":null,"alert":null,"status":"reviewed","tsunami":0,"sig":312,"net":"us","code":"6000tjx7","ids":",us6000tjx7,","sources":",us,","types":",origin,phase-data,","nst":78,"dmin":4.781,"rms":0.63,"gap":143,"magType":"mb","type":"earthquake","title":"M 4.5 - 264 km SW of Severo-Kuril’sk, Russia"},"geometry":{"type":"Point","coordinates":[153.1425,49.2842,174.304]},"id":"us6000tjx7"},
{"type":"Feature","properties":{"mag":4.6,"place":"Banda Sea","time":1786445392149,"updated":1786450277040,"tz":null,"url":"https://earthquake.usgs.gov/earthquakes/eventpage/us6000tjx1","detail":"https://earthquake.usgs.gov/fdsnws/event/1/query?eventid=us6000tjx1&format=geojson","felt":null,"cdi":null,"mmi":null,"alert":null,"status":"reviewed","tsunami":0,"sig":326,"net":"us","code":"6000tjx1","ids":",us6000tjx1,","sources":",us,","types":",origin,phase-data,","nst":84,"dmin":2.195,"rms":0.4,"gap":83,"magType":"mb","type":"earthquake","title":"M 4.6 - Banda Sea"},"geometry":{"type":"Point","coordinates":[129.7317,-6.7252,170.699]},"id":"us6000tjx1"},
{"type":"Feature","properties":{"mag":4.4,"place":"98 km SSE of Sand Point, Alaska","time":1786441001508,"updated":1786742672643,"tz":null,"url":"https://earthquake.usgs.gov/earthquakes/eventpage/us6000tjwm","detail":"https://earthquake.usgs.gov/fdsnws/event/1/query?eventid=us6000tjwm&format=geojson","felt":null,"cdi":null,"mmi":2.736,"alert":null,"status":"reviewed","tsunami":0,"sig":298,"net":"us","code":"6000tjwm","ids":",aka2026puucff,us6000tjwm,","sources":",ak,us,","types":",origin,phase-data,shakemap,","nst":77,"dmin":1.535,"rms":0.53,"gap":154,"magType":"mb","type":"earthquake","title":"M 4.4 - 98 km SSE of Sand Point, Alaska"},"geometry":{"type":"Point","coordinates":[-159.9604,54.5029,34.39]},"id":"us6000tjwm"},
{"type":"Feature","properties":{"mag":4.6,"place":"99 km SSE of Sand Point, Alaska","time":1786438164635,"updated":1786742251385,"tz":null,"url":"https://earthquake.usgs.gov/earthquakes/eventpage/us6000tjwh","detail":"https://earthquake.usgs.gov/fdsnws/event/1/query?eventid=us6000tjwh&format=geojson","felt":2,"cdi":3.8,"mmi":3.35,"alert":null,"status":"reviewed","tsunami":0,"sig":326,"net":"us","code":"6000tjwh","ids":",aka2026pusnfi,us6000tjwh,","sources":",ak,us,","types":",dyfi,origin,phase-data,shakemap,","nst":48,"dmin":1.527,"rms":0.98,"gap":168,"magType":"mb","type":"earthquake","title":"M 4.6 - 99 km SSE of Sand Point, Alaska"},"geometry":{"type":"Point","coordinates":[-159.9971,54.4899,36.925]},"id":"us6000tjwh"},
{"type":"Feature","properties":{"mag":4.6,"place":"40 km SSW of Sechura, Peru","time":1786435234362,"updated":1786438411040,"tz":null,"url":"https://earthquake.usgs.gov/earthquakes/eventpage/us6000tjwd","detail":"https://earthquake.usgs.gov/fdsnws/event/1/query?eventid=us6000tjwd&format=geojson","felt":null,"cdi":null,"mmi":null,"alert":null,"status":"reviewed","tsunami":0,"sig":326,"net":"us","code":"6000tjwd","ids":",us6000tjwd,","sources":",us,","types":",origin,phase-data,","nst":37,"dmin":2.49,"rms":0.74,"gap":154,"magType":"mb","type":"earthquake","title":"M 4.6 - 40 km SSW of Sechura, Peru"},"geometry":{"type":"Point","coordinates":[-81.0116,-5.8682,39.674]},"id":"us6000tjwd"},
{"type":"Feature","properties":{"mag":4.5,"place":"south of the Fiji Islands","time":1786417879919,"updated":1786419668040,"tz":null,"url":"https://earthquake.usgs.gov/earthquakes/eventpage/us6000tjvb","detail":"https://earthquake.usgs.gov/fdsnws/event/1/query?eventid=us6000tjvb&format=geojson","felt":null,"cdi":null,"mmi":null,"alert":null,"status":"reviewed","tsunami":0,"sig":312,"net":"us","code":"6000tjvb","ids":",us6000tjvb,","sources":",us,","types":",origin,phase-data,","nst":55,"dmin":6.168,"rms":0.58,"gap":79,"magType":"mb","type":"earthquake","title":"M 4.5 - south of the Fiji Islands"},"geometry":{"type":"Point","coordinates":[-179.7759,-23.5978,548.449]},"id":"us6000tjvb"},
{"type":"Feature","properties":{"mag":4.6,"place":"Pacific-Antarctic Ridge","time":1786416367844,"updated":1786615305040,"tz":null,"url":"https://earthquake.usgs.gov/earthquakes/eventpage/us6000tkfr","detail":"https://earthquake.usgs.gov/fdsnws/event/1/query?eventid=us6000tkfr&format=geojson","felt":null,"cdi":null,"mmi":null,"alert":null,"status":"reviewed","tsunami":0,"sig":326,"net":"us","code":"6000tkfr","ids":",us6000tkfr,","sources":",us,","types":",origin,phase-data,","nst":21,"dmin":34.019,"rms":0.81,"gap":174,"magType":"mb","type":"earthquake","title":"M 4.6 - Pacific-Antarctic Ridge"},"geometry":{"type":"Point","coordinates":[-135.8731,-54.0512,10]},"id":"us6000tkfr"},
{"type":"Feature","properties":{"mag":4.7,"place":"81 km SSE of Bengkulu, Indonesia","time":1786410766205,"updated":1786418721420,"tz":null,"url":"https://earthquake.usgs.gov/earthquakes/eventpage/us6000tjug","detail":"https://earthquake.usgs.gov/fdsnws/event/1/query?eventid=us6000tjug&format=geojson","felt":0,"cdi":1,"mmi":null,"alert":null,"status":"reviewed","tsunami":0,"sig":340,"net":"us","code":"6000tjug","ids":",us6000tjug,","sources":",us,","types":",dyfi,origin,phase-data,","nst":38,"dmin":0.42,"rms":0.64,"gap":188,"magType":"mb","type":"earthquake","title":"M 4.7 - 81 km SSE of Bengkulu, Indonesia"},"geometry":{"type":"Point","coordinates":[102.5519,-4.4801,61.94]},"id":"us6000tjug"},
{"type":"Feature","properties":{"mag":4.3,"place":"48 km ENE of Nishinoomote, Japan","time":1786402794062,"updated":1786424071040,"tz":null,"url":"https://earthquake.usgs.gov/earthquakes/eventpage/us6000tjtz","detail":"https://earthquake.usgs.gov/fdsnws/event/1/query?eventid=us6000tjtz&format=geojson","felt":null,"cdi":null,"mmi":null,"alert":null,"status":"reviewed","tsunami":0,"sig":284,"net":"us","code":"6000tjtz","ids":",us6000tjtz,","sources":",us,","types":",origin,phase-data,","nst":35,"dmin":0.988,"rms":0.48,"gap":211,"magType":"mb","type":"earthquake","title":"M 4.3 - 48 km ENE of Nishinoomote, Japan"},"geometry":{"type":"Point","coordinates":[131.424,30.9744,35]},"id":"us6000tjtz"},
{"type":"Feature","properties":{"mag":4.1,"place":"94 km SW of Puerto Madero, Mexico","time":1786401715547,"updated":1786423130040,"tz":null,"url":"https://earthquake.usgs.gov/earthquakes/eventpage/us6000tju1","detail":"https://earthquake.usgs.gov/fdsnws/event/1/query?eventid=us6000tju1&format=geojson","felt":null,"cdi":null,"mmi":null,"alert":null,"status":"reviewed","tsunami":0,"sig":259,"net":"us","code":"6000tju1","ids":",us6000tju1,","sources":",us,","types":",origin,phase-data,","nst":39,"dmin":2.327,"rms":0.56,"gap":229,"magType":"mb","type":"earthquake","title":"M 4.1 - 94 km SW of Puerto Madero, Mexico"},"geometry":{"type":"Point","coordinates":[-93.025,14.1055,51.626]},"id":"us6000tju1"},
{"type":"Feature","properties":{"mag":4.5,"place":"12 km SE of Baixi, China","time":1786397504273,"updated":1786422401040,"tz":null,"url":"https://earthquake.usgs.gov/earthquakes/eventpage/us6000tjt8","detail":"https://earthquake.usgs.gov/fdsnws/event/1/query?eventid=us6000tjt8&format=geojson","felt":null,"cdi":null,"mmi":null,"alert":null,"status":"reviewed","tsunami":0,"sig":312,"net":"us","code":"6000tjt8","ids":",us6000tjt8,","sources":",us,","types":",origin,phase-data,","nst":96,"dmin":7.367,"rms":0.65,"gap":42,"magType":"mb","type":"earthquake","title":"M 4.5 - 12 km SE of Baixi, China"},"geometry":{"type":"Point","coordinates":[104.6343,28.6111,55.31]},"id":"us6000tjt8"},
{"type":"Feature","properties":{"mag":5.1,"place":"232 km SSW of Pagar Alam, Indonesia","time":1786381686809,"updated":1786382657040,"tz":null,"url":"https://earthquake.usgs.gov/earthquakes/eventpage/us6000tjqj","detail":"https://earthquake.usgs.gov/fdsnws/event/1/query?eventid=us6000tjqj&format=geojson","felt":null,"cdi":null,"mmi":null,"alert":null,"status":"reviewed","tsunami":0,"sig":400,"net":"us","code":"6000tjqj","ids":",us6000tjqj,","sources":",us,","types":",origin,phase-data,","nst":49,"dmin":1.672,"rms":0.82,"gap":182,"magType":"mb","type":"earthquake","title":"M 5.1 - 232 km SSW of Pagar Alam, Indonesia"},"geometry":{"type":"Point","coordinates":[102.3607,-5.9347,21.72]},"id":"us6000tjqj"},
{"type":"Feature","properties":{"mag":4.7,"place":"55 km NW of Shahrak-e Kūlūrī, Iran","time":1786374070127,"updated":1786656672866,"tz":null,"url":"https://earthquake.usgs.gov/earthquakes/eventpage/us6000tjmt","detail":"https://earthquake.usgs.gov/fdsnws/event/1/query?eventid=us6000tjmt&format=geojson","felt":2,"cdi":2,"mmi":null,"alert":null,"status":"reviewed","tsunami":0,"sig":340,"net":"us","code":"6000tjmt","ids":",us6000tjmt,","sources":",us,","types":",dyfi,origin,phase-data,","nst":60,"dmin":2.989,"rms":0.95,"gap":83,"magType":"mb","type":"earthquake","title":"M 4.7 - 55 km NW of Shahrak-e Kūlūrī, Iran"},"geometry":{"type":"Point","coordinates":[48.0359,32.6863,10]},"id":"us6000tjmt"},
{"type":"Feature","properties":{"mag":5,"place":"16 km W of San José del Palmar, Colombia","time":1786367890451,"updated":1786418844052,"tz":null,"url":"https://earthquake.usgs.gov/earthquakes/eventpage/us6000tjm4","detail":"https://earthquake.usgs.gov/fdsnws/event/1/query?eventid=us6000tjm4&format=geojson","felt":4,"cdi":3.4,"mmi":null,"alert":null,"status":"reviewed","tsunami":0,"sig":386,"net":"us","code":"6000tjm4","ids":",us6000tjm4,","sources":",us,","types":",dyfi,origin,phase-data,","nst":115,"dmin":1.542,"rms":1.03,"gap":87,"magType":"mb","type":"earthquake","title":"M 5.0 - 16 km W of San José del Palmar, Colombia"},"geometry":{"type":"Point","coordinates":[-76.3859,4.8971,98.522]},"id":"us6000tjm4"},
{"type":"Feature","properties":{"mag":4.8,"place":"173 km ENE of Sola, Vanuatu","time":1786365970915,"updated":1786366822040,"tz":null,"url":"https://earthquake.usgs.gov/earthquakes/eventpage/us6000tjls","detail":"https://earthquake.usgs.gov/fdsnws/event/1/query?eventid=us6000tjls&format=geojson","felt":null,"cdi":null,"mmi":null,"alert":null,"status":"reviewed","tsunami":0,"sig":354,"net":"us","code":"6000tjls","ids":",us6000tjls,","sources":",us,","types":",origin,phase-data,","nst":23,"dmin":8.69,"rms":0.59,"gap":88,"magType":"mb","type":"earthquake","title":"M 4.8 - 173 km ENE of Sola, Vanuatu"},"geometry":{"type":"Point","coordinates":[168.8919,-13.0188,655.67]},"id":"us6000tjls"},
{"type":"Feature","properties":{"mag":7.4,"place":"5 km S of San José del Palmar, Colombia","time":1786365268125,"updated":1786862397287,"tz":null,"url":"https://earthquake.usgs.gov/earthquakes/eventpage/us6000tjl2","detail":"https://earthquake.usgs.gov/fdsnws/event/1/query?eventid=us6000tjl2&format=geojson","felt":1177,"cdi":7.9,"mmi":7.999,"alert":"red","status":"reviewed","tsunami":0,"sig":2790,"net":"us","code":"6000tjl2","ids":",us6000tjl2,usauto6000tjl2,attjk09g,pt26222000,","sources":",us,usauto,at,pt,","types":",dyfi,event-sequence,finite-fault,general-text,ground-failure,internal-moment-tensor,internal-origin,losspager,moment-tensor,oaf,origin,phase-data,shakemap,","nst":151,"dmin":1.515,"rms":0.86,"gap":19,"magType":"mww","type":"earthquake","title":"M 7.4 - 5 km S of San José del Palmar, Colombia"},"geometry":{"type":"Point","coordinates":[-76.2422,4.8436,110.285]},"id":"us6000tjl2"},
{"type":"Feature","properties":{"mag":5,"place":"northern Mid-Atlantic Ridge","time":1786363942220,"updated":1786365137040,"tz":null,"url":"https://earthquake.usgs.gov/earthquakes/eventpage/us6000tjl0","detail":"https://earthquake.usgs.gov/fdsnws/event/1/query?eventid=us6000tjl0&format=geojson","felt":null,"cdi":null,"mmi":null,"alert":null,"status":"reviewed","tsunami":0,"sig":385,"net":"us","code":"6000tjl0","ids":",usauto6000tjl0,us6000tjl0,","sources":",usauto,us,","types":",internal-moment-tensor,origin,phase-data,","nst":67,"dmin":14.006,"rms":0.95,"gap":130,"magType":"mww","type":"earthquake","title":"M 5.0 - northern Mid-Atlantic Ridge"},"geometry":{"type":"Point","coordinates":[-45.8376,17.5068,10]},"id":"us6000tjl0"},
{"type":"Feature","properties":{"mag":4.7,"place":"180 km NE of Sola, Vanuatu","time":1786362625901,"updated":1786363736040,"tz":null,"url":"https://earthquake.usgs.gov/earthquakes/eventpage/us6000tjku","detail":"https://earthquake.usgs.gov/fdsnws/event/1/query?eventid=us6000tjku&format=geojson","felt":null,"cdi":null,"mmi":null,"alert":null,"status":"reviewed","tsunami":0,"sig":340,"net":"us","code":"6000tjku","ids":",us6000tjku,","sources":",us,","types":",origin,phase-data,","nst":100,"dmin":8.796,"rms":0.51,"gap":51,"magType":"mb","type":"earthquake","title":"M 4.7 - 180 km NE of Sola, Vanuatu"},"geometry":{"type":"Point","coordinates":[168.882,-12.8915,640.51]},"id":"us6000tjku"},
{"type":"Feature","properties":{"mag":4.7,"place":"66 km ENE of Shikotan, Russia","time":1786358202622,"updated":1786359950040,"tz":null,"url":"https://earthquake.usgs.gov/earthquakes/eventpage/us6000tjkl","detail":"https://earthquake.usgs.gov/fdsnws/event/1/query?eventid=us6000tjkl&format=geojson","felt":null,"cdi":null,"mmi":null,"alert":null,"status":"reviewed","tsunami":0,"sig":340,"net":"us","code":"6000tjkl","ids":",us6000tjkl,","sources":",us,","types":",origin,phase-data,","nst":59,"dmin":3.534,"rms":0.41,"gap":135,"magType":"mb","type":"earthquake","title":"M 4.7 - 66 km ENE of Shikotan, Russia"},"geometry":{"type":"Point","coordinates":[147.4942,44.0156,66.149]},"id":"us6000tjkl"},
{"type":"Feature","properties":{"mag":4.8,"place":"80 km ESE of Isangel, Vanuatu","time":1786350868098,"updated":1786352732040,"tz":null,"url":"https://earthquake.usgs.gov/earthquakes/eventpage/us6000tjk6","detail":"https://earthquake.usgs.gov/fdsnws/event/1/query?eventid=us6000tjk6&format=geojson","felt":null,"cdi":null,"mmi":null,"alert":null,"status":"reviewed","tsunami":0,"sig":354,"net":"us","code":"6000tjk6","ids":",us6000tjk6,","sources":",us,","types":",origin,phase-data,","nst":27,"dmin":3.679,"rms":0.82,"gap":104,"magType":"mb","type":"earthquake","title":"M 4.8 - 80 km ESE of Isangel, Vanuatu"},"geometry":{"type":"Point","coordinates":[170,-19.7958,10]},"id":"us6000tjk6"},
{"type":"Feature","properties":{"mag":4.8,"place":"46 km WNW of Hicks Bay, New Zealand","time":1786346248964,"updated":1786361455340,"tz":null,"url":"https://earthquake.usgs.gov/earthquakes/eventpage/us6000tjjz","detail":"https://earthquake.usgs.gov/fdsnws/event/1/query?eventid=us6000tjjz&format=geojson","felt":1,"cdi":2.7,"mmi":null,"alert":null,"status":"reviewed","tsunami":0,"sig":355,"net":"us","code":"6000tjjz","ids":",us6000tjjz,","sources":",us,","types":",dyfi,origin,phase-data,","nst":38,"dmin":0.41,"rms":1,"gap":140,"magType":"mb","type":"earthquake","title":"M 4.8 - 46 km WNW of Hicks Bay, New Zealand"},"geometry":{"type":"Point","coordinates":[177.8305,-37.4038,71.243]},"id":"us6000tjjz"},
{"type":"Feature","properties":{"mag":5.5,"place":"east central Pacific Ocean","time":1786340504224,"updated":1786427259637,"tz":null,"url":"https://earthquake.usgs.gov/earthquakes/eventpage/us6000tjjj","detail":"https://earthquake.usgs.gov/fdsnws/event/1/query?eventid=us6000tjjj&format=geojson","felt":null,"cdi":null,"mmi":0,"alert":"green","status":"reviewed","tsunami":0,"sig":465,"net":"us","code":"6000tjjj","ids":",usauto6000tjjj,us6000tjjj,","sources":",usauto,us,","types":",internal-moment-tensor,losspager,origin,phase-data,shakemap,","nst":83,"dmin":23.284,"rms":1.02,"gap":60,"magType":"mb","type":"earthquake","title":"M 5.5 - east central Pacific Ocean"},"geometry":{"type":"Point","coordinates":[-114.648,0.3112,10]},"id":"us6000tjjj"},
{"type":"Feature","properties":{"mag":4.6,"place":"13 km ESE of San Miguel, Philippines","time":1786340151062,"updated":1786343404040,"tz":null,"url":"https://earthquake.usgs.gov/earthquakes/eventpage/us6000tjjh","detail":"https://earthquake.usgs.gov/fdsnws/event/1/query?eventid=us6000tjjh&format=geojson","felt":null,"cdi":null,"mmi":null,"alert":null,"status":"reviewed","tsunami":0,"sig":326,"net":"us","code":"6000tjjh","ids":",us6000tjjh,","sources":",us,","types":",origin,phase-data,","nst":50,"dmin":1.899,"rms":0.51,"gap":95,"magType":"mb","type":"earthquake","title":"M 4.6 - 13 km ESE of San Miguel, Philippines"},"geometry":{"type":"Point","coordinates":[126.0577,8.9207,103.062]},"id":"us6000tjjh"},
{"type":"Feature","properties":{"mag":4.9,"place":"88 km ENE of Hihifo, Tonga","time":1786324810110,"updated":1786326962040,"tz":null,"url":"https://earthquake.usgs.gov/earthquakes/eventpage/us6000tjiq","detail":"https://earthquake.usgs.gov/fdsnws/event/1/query?eventid=us6000tjiq&format=geojson","felt":null,"cdi":null,"mmi":null,"alert":null,"status":"reviewed","tsunami":0,"sig":369,"net":"us","code":"6000tjiq","ids":",us6000tjiq,","sources":",us,","types":",origin,phase-data,","nst":31,"dmin":2.083,"rms":0.68,"gap":103,"magType":"mb","type":"earthquake","title":"M 4.9 - 88 km ENE of Hihifo, Tonga"},"geometry":{"type":"Point","coordinates":[-173.0524,-15.6002,10]},"id":"us6000tjiq"},
{"type":"Feature","properties":{"mag":4.3,"place":"15 km S of Antikyra, Greece","time":1786319819955,"updated":1786337368040,"tz":null,"url":"https://earthquake.usgs.gov/earthquakes/eventpage/us6000tjif","detail":"https://earthquake.usgs.gov/fdsnws/event/1/query?eventid=us6000tjif&format=geojson","felt":null,"cdi":null,"mmi":null,"alert":null,"status":"reviewed","tsunami":0,"sig":284,"net":"us","code":"6000tjif","ids":",us6000tjif,","sources":",us,","types":",origin,phase-data,","nst":26,"dmin":0.805,"rms":0.82,"gap":74,"magType":"mb","type":"earthquake","title":"M 4.3 - 15 km S of Antikyra, Greece"},"geometry":{"type":"Point","coordinates":[22.6168,38.246,10]},"id":"us6000tjif"},
{"type":"Feature","properties":{"mag":5,"place":"206 km SE of Sarangani, Philippines","time":1786313847839,"updated":1786334064040,"tz":null,"url":"https://earthquake.usgs.gov/earthquakes/eventpage/us6000tji3","detail":"https://earthquake.usgs.gov/fdsnws/event/1/query?eventid=us6000tji3&format=geojson","felt":null,"cdi":null,"mmi":null,"alert":null,"status":"reviewed","tsunami":0,"sig":385,"net":"us","code":"6000tji3","ids":",us6000tji3,","sources":",us,","types":",origin,phase-data,","nst":87,"dmin":3.165,"rms":0.91,"gap":71,"magType":"mb","type":"earthquake","title":"M 5.0 - 206 km SE of Sarangani, Philippines"},"geometry":{"type":"Point","coordinates":[126.8342,4.1417,35]},"id":"us6000tji3"},
{"type":"Feature","properties":{"mag":4.9,"place":"211 km SE of Sarangani, Philippines","time":1786311758761,"updated":1786327723040,"tz":null,"url":"https://earthquake.usgs.gov/earthquakes/eventpage/us6000tjhn","detail":"https://earthquake.usgs.gov/fdsnws/event/1/query?eventid=us6000tjhn&format=geojson","felt":null,"cdi":null,"mmi":null,"alert":null,"status":"reviewed","tsunami":0,"sig":369,"net":"us","code":"6000tjhn","ids":",us6000tjhn,","sources":",us,","types":",origin,phase-data,","nst":53,"dmin":3.168,"rms":0.69,"gap":121,"magType":"mb","type":"earthquake","title":"M 4.9 - 211 km SE of Sarangani, Philippines"},"geometry":{"type":"Point","coordinates":[126.9362,4.1847,35]},"id":"us6000tjhn"},
{"type":"Feature","properties":{"mag":4.3,"place":"14 km ENE of Barkot, India","time":1786305092991,"updated":1786325740553,"tz":null,"url":"https://earthquake.usgs.gov/earthquakes/eventpage/us6000tjh9","detail":"https://earthquake.usgs.gov/fdsnws/event/1/query?eventid=us6000tjh9&format=geojson","felt":2,"cdi":2.7,"mmi":null,"alert":null,"status":"reviewed","tsunami":0,"sig":285,"net":"us","code":"6000tjh9","ids":",us6000tjh9,","sources":",us,","types":",dyfi,origin,phase-data,","nst":43,"dmin":5.116,"rms":0.37,"gap":99,"magType":"mb","type":"earthquake","title":"M 4.3 - 14 km ENE of Barkot, India"},"geometry":{"type":"Point","coordinates":[78.3442,30.868,10]},"id":"us6000tjh9"},
{"type":"Feature","properties":{"mag":4.5,"place":"south of the Fiji Islands","time":1786299782637,"updated":1786302075040,"tz":null,"url":"https://earthquake.usgs.gov/earthquakes/eventpage/us6000tjgp","detail":"https://earthquake.usgs.gov/fdsnws/event/1/query?eventid=us6000tjgp&format=geojson","felt":null,"cdi":null,"mmi":null,"alert":null,"status":"reviewed","tsunami":0,"sig":312,"net":"us","code":"6000tjgp","ids":",us6000tjgp,","sources":",us,","types":",origin,phase-data,","nst":52,"dmin":5.669,"rms":0.67,"gap":104,"magType":"mb","type":"earthquake","title":"M 4.5 - south of the Fiji Islands"},"geometry":{"type":"Point","coordinates":[-179.8704,-23.8269,525.534]},"id":"us6000tjgp"},
{"type":"Feature","properties":{"mag":4.5,"place":"123 km WNW of Panguna, Papua New Guinea","time":1786299089507,"updated":1786301341040,"tz":null,"url":"https://earthquake.usgs.gov/earthquakes/eventpage/us6000tjgl","detail":"https://earthquake.usgs.gov/fdsnws/event/1/query?eventid=us6000tjgl&format=geojson","felt":null,"cdi":null,"mmi":null,"alert":null,"status":"reviewed","tsunami":0,"sig":312,"net":"us","code":"6000tjgl","ids":",us6000tjgl,","sources":",us,","types":",origin,phase-data,","nst":62,"dmin":2.825,"rms":0.78,"gap":67,"magType":"mb","type":"earthquake","title":"M 4.5 - 123 km WNW of Panguna, Papua New Guinea"},"geometry":{"type":"Point","coordinates":[154.4887,-5.8198,104.48]},"id":"us6000tjgl"},
{"type":"Feature","properties":{"mag":4.6,"place":"19 km ESE of Metahāra, Ethiopia","time":1786295502151,"updated":1786297851040,"tz":null,"url":"https://earthquake.usgs.gov/earthquakes/eventpage/us6000tjgf","detail":"https://earthquake.usgs.gov/fdsnws/event/1/query?eventid=us6000tjgf&format=geojson","felt":null,"cdi":null,"mmi":null,"alert":null,"status":"reviewed","tsunami":0,"sig":326,"net":"us","code":"6000tjgf","ids":",us6000tjgf,","sources":",us,","types":",origin,phase-data,","nst":36,"dmin":3.844,"rms":0.81,"gap":166,"magType":"mb","type":"earthquake","title":"M 4.6 - 19 km ESE of Metahāra, Ethiopia"},"geometry":{"type":"Point","coordinates":[40.0706,8.8103,10]},"id":"us6000tjgf"},
{"type":"Feature","properties":{"mag":4.8,"place":"7 km ESE of Mabini, Philippines","time":1786295142371,"updated":1786297476519,"tz":null,"url":"https://earthquake.usgs.gov/earthquakes/eventpage/us6000tjgd","detail":"https://earthquake.usgs.gov/fdsnws/event/1/query?eventid=us6000tjgd&format=geojson","felt":1,"cdi":2,"mmi":null,"alert":null,"status":"reviewed","tsunami":0,"sig":355,"net":"us","code":"6000tjgd","ids":",us6000tjgd,","sources":",us,","types":",dyfi,origin,phase-data,","nst":89,"dmin":4.31,"rms":0.61,"gap":99,"magType":"mb","type":"earthquake","title":"M 4.8 - 7 km ESE of Mabini, Philippines"},"geometry":{"type":"Point","coordinates":[125.2313,11.3941,110.58]},"id":"us6000tjgd"},
{"type":"Feature","properties":{"mag":4.4,"place":"7 km NE of Maibara, Japan","time":1786290490297,"updated":1786359466653,"tz":null,"url":"https://earthquake.usgs.gov/earthquakes/eventpage/us6000tjfv","detail":"https://earthquake.usgs.gov/fdsnws/event/1/query?eventid=us6000tjfv&format=geojson","felt":9,"cdi":3.4,"mmi":null,"alert":null,"status":"reviewed","tsunami":0,"sig":301,"net":"us","code":"6000tjfv","ids":",us6000tjfv,","sources":",us,","types":",dyfi,origin,phase-data,","nst":43,"dmin":0.556,"rms":1.12,"gap":91,"magType":"mb","type":"earthquake","title":"M 4.4 - 7 km NE of Maibara, Japan"},"geometry":{"type":"Point","coordinates":[136.3489,35.3609,10]},"id":"us6000tjfv"},
{"type":"Feature","properties":{"mag":4.6,"place":"30 km NNE of Satipo, Peru","time":1786290005269,"updated":1786292711040,"tz":null,"url":"https://earthquake.usgs.gov/earthquakes/eventpage/us6000tjfr","detail":"https://earthquake.usgs.gov/fdsnws/event/1/query?eventid=us6000tjfr&format=geojson","felt":null,"cdi":null,"mmi":null,"alert":null,"status":"reviewed","tsunami":0,"sig":326,"net":"us","code":"6000tjfr","ids":",us6000tjfr,","sources":",us,","types":",origin,phase-data,","nst":47,"dmin":2.456,"rms":0.68,"gap":74,"magType":"mb","type":"earthquake","title":"M 4.6 - 30 km NNE of Satipo, Peru"},"geometry":{"type":"Point","coordinates":[-74.5481,-10.994,95.468]},"id":"us6000tjfr"},
{"type":"Feature","properties":{"mag":5.3,"place":"197 km SSW of Pagar Alam, Indonesia","time":1786288503956,"updated":1786362946040,"tz":null,"url":"https://earthquake.usgs.gov/earthquakes/eventpage/us6000tjfj","detail":"https://earthquake.usgs.gov/fdsnws/event/1/query?eventid=us6000tjfj&format=geojson","felt":null,"cdi":null,"mmi":null,"alert":null,"status":"reviewed","tsunami":0,"sig":432,"net":"us","code":"6000tjfj","ids":",usauto6000tjfj,us6000tjfj,","sources":",usauto,us,","types":",internal-moment-tensor,moment-tensor,origin,phase-data,","nst":67,"dmin":1.41,"rms":0.76,"gap":71,"magType":"mww","type":"earthquake","title":"M 5.3 - 197 km SSW of Pagar Alam, Indonesia"},"geometry":{"type":"Point","coordinates":[102.8866,-5.7782,35]},"id":"us6000tjfj"},
{"type":"Feature","properties":{"mag":4.6,"place":"68 km SSE of Sarangani, Philippines","time":1786283226146,"updated":1786284188040,"tz":null,"url":"https://earthquake.usgs.gov/earthquakes/eventpage/us6000tjfb","detail":"https://earthquake.usgs.gov/fdsnws/event/1/query?eventid=us6000tjfb&format=geojson","felt":null,"cdi":null,"mmi":null,"alert":null,"status":"reviewed","tsunami":0,"sig":326,"net":"us","code":"6000tjfb","ids":",us6000tjfb,","sources":",us,","types":",origin,phase-data,","nst":41,"dmin":2.242,"rms":1.22,"gap":110,"magType":"mb","type":"earthquake","title":"M 4.6 - 68 km SSE of Sarangani, Philippines"},"geometry":{"type":"Point","coordinates":[125.6593,4.814,162.836]},"id":"us6000tjfb"},
{"type":"Feature","properties":{"mag":5.2,"place":"Galapagos Triple Junction region","time":1786276653237,"updated":1786277826040,"tz":null,"url":"https://earthquake.usgs.gov/earthquakes/eventpage/us6000tjen","detail":"https://earthquake.usgs.gov/fdsnws/event/1/query?eventid=us6000tjen&format=geojson","felt":null,"cdi":null,"mmi":null,"alert":null,"status":"reviewed","tsunami":0,"sig":416,"net":"us","code":"6000tjen","ids":",usauto6000tjen,us6000tjen,","sources":",usauto,us,","types":",internal-moment-tensor,moment-tensor,origin,phase-data,","nst":81,"dmin":11.992,"rms":0.47,"gap":169,"magType":"mww","type":"earthquake","title":"M 5.2 - Galapagos Triple Junction region"},"geometry":{"type":"Point","coordinates":[-101.9125,2.2955,10]},"id":"us6000tjen"},
{"type":"Feature","properties":{"mag":4.6,"place":"96 km S of Sarangani, Philippines","time":1786269871077,"updated":1786275354040,"tz":null,"url":"https://earthquake.usgs.gov/earthquakes/eventpage/us6000tje3","detail":"https://earthquake.usgs.gov/fdsnws/event/1/query?eventid=us6000tje3&format=geojson","felt":null,"cdi":null,"mmi":null,"alert":null,"status":"reviewed","tsunami":0,"sig":326,"net":"us","code":"6000tje3","ids":",us6000tje3,","sources":",us,","types":",origin,phase-data,","nst":31,"dmin":2.527,"rms":0.46,"gap":106,"magType":"mb","type":"earthquake","title":"M 4.6 - 96 km S of Sarangani, Philippines"},"geometry":{"type":"Point","coordinates":[125.3517,4.5364,10]},"id":"us6000tje3"},
{"type":"Feature","properties":{"mag":4.4,"place":"71 km NNW of Sola, Vanuatu","time":1786259128513,"updated":1786624036040,"tz":null,"url":"https://earthquake.usgs.gov/earthquakes/eventpage/us6000tjde","detail":"https://earthquake.usgs.gov/fdsnws/event/1/query?eventid=us6000tjde&format=geojson","felt":null,"cdi":null,"mmi":null,"alert":null,"status":"reviewed","tsunami":0,"sig":298,"net":"us","code":"6000tjde","ids":",us6000tjde,","sources":",us,","types":",origin,phase-data,","nst":32,"dmin":7.753,"rms":1.11,"gap":158,"magType":"mb","type":"earthquake","title":"M 4.4 - 71 km NNW of Sola, Vanuatu"},"geometry":{"type":"Point","coordinates":[167.2606,-13.2978,200.931]},"id":"us6000tjde"},
{"type":"Feature","properties":{"mag":4.6,"place":"12 km W of Chambara, Peru","time":1786248344245,"updated":1786258961171,"tz":null,"url":"https://earthquake.usgs.gov/earthquakes/eventpage/us6000tjcr","detail":"https://earthquake.usgs.gov/fdsnws/event/1/query?eventid=us6000tjcr&format=geojson","felt":2,"cdi":3.8,"mmi":null,"alert":null,"status":"reviewed","tsunami":0,"sig":326,"net":"us","code":"6000tjcr","ids":",us6000tjcr,","sources":",us,","types":",dyfi,origin,phase-data,","nst":22,"dmin":1.324,"rms":1.12,"gap":100,"magType":"mb","type":"earthquake","title":"M 4.6 - 12 km W of Chambara, Peru"},"geometry":{"type":"Point","coordinates":[-75.4906,-12.0506,10]},"id":"us6000tjcr"},
{"type":"Feature","properties":{"mag":4.9,"place":"68 km ESE of Atka, Alaska","time":1786246577166,"updated":1786742555614,"tz":null,"url":"https://earthquake.usgs.gov/earthquakes/eventpage/us6000tjcn","detail":"https://earthquake.usgs.gov/fdsnws/event/1/query?eventid=us6000tjcn&format=geojson","felt":1,"cdi":2.7,"mmi":3.948,"alert":null,"status":"reviewed","tsunami":0,"sig":370,"net":"us","code":"6000tjcn","ids":",aka2026pqqava,us6000tjcn,","sources":",ak,us,","types":",dyfi,origin,phase-data,shakemap,","nst":76,"dmin":0.591,"rms":1.07,"gap":125,"magType":"mb","type":"earthquake","title":"M 4.9 - 68 km ESE of Atka, Alaska"},"geometry":{"type":"Point","coordinates":[-173.261,51.987,60.301]},"id":"us6000tjcn"},
{"type":"Feature","properties":{"mag":5,"place":"180 km NW of Sabang, Indonesia","time":1786244527086,"updated":1786245678040,"tz":null,"url":"https://earthquake.usgs.gov/earthquakes/eventpage/us6000tjcl","detail":"https://earthquake.usgs.gov/fdsnws/event/1/query?eventid=us6000tjcl&format=geojson","felt":null,"cdi":null,"mmi":null,"alert":null,"status":"reviewed","tsunami":0,"sig":385,"net":"us","code":"6000tjcl","ids":",us6000tjcl,","sources":",us,","types":",origin,phase-data,","nst":53,"dmin":3.308,"rms":0.84,"gap":65,"magType":"mb","type":"earthquake","title":"M 5.0 - 180 km NW of Sabang, Indonesia"},"geometry":{"type":"Point","coordinates":[94.1402,7.017,10]},"id":"us6000tjcl"},
{"type":"Feature","properties":{"mag":4.9,"place":"237 km E of Levuka, Fiji","time":1786237759167,"updated":1786238669040,"tz":null,"url":"https://earthquake.usgs.gov/earthquakes/eventpage/us6000tjc4","detail":"https://earthquake.usgs.gov/fdsnws/event/1/query?eventid=us6000tjc4&format=geojson","felt":null,"cdi":null,"mmi":null,"alert":null,"status":"reviewed","tsunami":0,"sig":369,"net":"us","code":"6000tjc4","ids":",us6000tjc4,","sources":",us,","types":",origin,phase-data,","nst":40,"dmin":2.487,"rms":0.85,"gap":122,"magType":"mb","type":"earthquake","title":"M 4.9 - 237 km E of Levuka, Fiji"},"geometry":{"type":"Point","coordinates":[-178.453,-17.848,589.12]},"id":"us6000tjc4"},
{"type":"Feature","properties":{"mag":4.4,"place":"17 km ENE of Nurdağı, Turkey","time":1786236138950,"updated":1786262745998,"tz":null,"url":"https://earthquake.usgs.gov/earthquakes/eventpage/us6000tjc0","detail":"https://earthquake.usgs.gov/fdsnws/event/1/query?eventid=us6000tjc0&format=geojson","felt":2,"cdi":4.1,"mmi":null,"alert":null,"status":"reviewed","tsunami":0,"sig":299,"net":"us","code":"6000tjc0","ids":",us6000tjc0,","sources":",us,","types":",dyfi,origin,phase-data,","nst":52,"dmin":0.593,"rms":1.01,"gap":70,"magType":"mb","type":"earthquake","title":"M 4.4 - 17 km ENE of Nurdağı, Turkey"},"geometry":{"type":"Point","coordinates":[36.9229,37.2046,10]},"id":"us6000tjc0"},
{"type":"Feature","properties":{"mag":4.3,"place":"46 km NE of Masjed Soleymān, Iran","time":1786232310503,"updated":1786235603040,"tz":null,"url":"https://earthquake.usgs.gov/earthquakes/eventpage/us6000tjbr","detail":"https://earthquake.usgs.gov/fdsnws/event/1/query?eventid=us6000tjbr&format=geojson","felt":null,"cdi":null,"mmi":null,"alert":null,"status":"reviewed","tsunami":0,"sig":284,"net":"us","code":"6000tjbr","ids":",us6000tjbr,","sources":",us,","types":",origin,phase-data,","nst":20,"dmin":4.388,"rms":1.12,"gap":225,"magType":"mb","type":"earthquake","title":"M 4.3 - 46 km NE of Masjed Soleymān, Iran"},"geometry":{"type":"Point","coordinates":[49.6839,32.2034,10]},"id":"us6000tjbr"},
{"type":"Feature","properties":{"mag":4.5,"place":"92 km SSW of Sarangani, Philippines","time":1786230742267,"updated":1786233885040,"tz":null,"url":"https://earthquake.usgs.gov/earthquakes/eventpage/us6000tjbq","detail":"https://earthquake.usgs.gov/fdsnws/event/1/query?eventid=us6000tjbq&format=geojson","felt":null,"cdi":null,"mmi":null,"alert":null,"status":"reviewed","tsunami":0,"sig":312,"net":"us","code":"6000tjbq","ids":",us6000tjbq,","sources":",us,","types":",origin,phase-data,","nst":27,"dmin":2.487,"rms":1.07,"gap":123,"magType":"mb","type":"earthquake","title":"M 4.5 - 92 km SSW of Sarangani, Philippines"},"geometry":{"type":"Point","coordinates":[125.2976,4.5819,9.688]},"id":"us6000tjbq"},
{"type":"Feature","properties":{"mag":4.3,"place":"16 km E of Amakusa, Japan","time":1786230127025,"updated":1786233346855,"tz":null,"url":"https://earthquake.usgs.gov/earthquakes/eventpage/us6000tjbm","detail":"https://earthquake.usgs.gov/fdsnws/event/1/query?eventid=us6000tjbm&format=geojson","felt":1,"cdi":2,"mmi":null,"alert":null,"status":"reviewed","tsunami":0,"sig":285,"net":"us","code":"6000tjbm","ids":",us6000tjbm,","sources":",us,","types":",dyfi,origin,phase-data,","nst":25,"dmin":0.944,"rms":0.86,"gap":115,"magType":"mb","type":"earthquake","title":"M 4.3 - 16 km E of Amakusa, Japan"},"geometry":{"type":"Point","coordinates":[130.3704,32.4533,10]},"id":"us6000tjbm"},
{"type":"Feature","properties":{"mag":4.8,"place":"northern Mid-Atlantic Ridge","time":1786226945164,"updated":1786228660040,"tz":null,"url":"https://earthquake.usgs.gov/earthquakes/eventpage/us6000tjbg","detail":"https://earthquake.usgs.gov/fdsnws/event/1/query?eventid=us6000tjbg&format=geojson","felt":null,"cdi":null,"mmi":null,"alert":null,"status":"reviewed","tsunami":0,"sig":354,"net":"us","code":"6000tjbg","ids":",us6000tjbg,","sources":",us,","types":",origin,phase-data,","nst":77,"dmin":10.911,"rms":0.92,"gap":46,"magType":"mww","type":"earthquake","title":"M 4.8 - northern Mid-Atlantic Ridge"},"geometry":{"type":"Point","coordinates":[-38.0334,33.7777,10]},"id":"us6000tjbg"},
{"type":"Feature","properties":{"mag":4.7,"place":"Kermadec Islands region","time":1786216077041,"updated":1786217295040,"tz":null,"url":"https://earthquake.usgs.gov/earthquakes/eventpage/us6000tjas","detail":"https://earthquake.usgs.gov/fdsnws/event/1/query?eventid=us6000tjas&format=geojson","felt":null,"cdi":null,"mmi":null,"alert":null,"status":"reviewed","tsunami":0,"sig":340,"net":"us","code":"6000tjas","ids":",us6000tjas,","sources":",us,","types":",origin,phase-data,","nst":38,"dmin":1.41,"rms":0.45,"gap":127,"magType":"mb","type":"earthquake","title":"M 4.7 - Kermadec Islands region"},"geometry":{"type":"Point","coordinates":[-176.5182,-28.5661,10]},"id":"us6000tjas"},
{"type":"Feature","properties":{"mag":4.6,"place":"47 km WNW of Lata, Solomon Islands","time":1786213706011,"updated":1786214744040,"tz":null,"url":"https://earthquake.usgs.gov/earthquakes/eventpage/us6000tjan","detail":"https://earthquake.usgs.gov/fdsnws/event/1/query?eventid=us6000tjan&format=geojson","felt":null,"cdi":null,"mmi":null,"alert":null,"status":"reviewed","tsunami":0,"sig":326,"net":"us","code":"6000tjan","ids":",us6000tjan,","sources":",us,","types":",origin,phase-data,","nst":41,"dmin":5.499,"rms":0.64,"gap":106,"magType":"mb","type":"earthquake","title":"M 4.6 - 47 km WNW of Lata, Solomon Islands"},"geometry":{"type":"Point","coordinates":[165.4256,-10.5042,75.441]},"id":"us6000tjan"},
{"type":"Feature","properties":{"mag":5.6,"place":"42 km E of Noda, Japan","time":1786211878745,"updated":1786298686510,"tz":null,"url":"https://earthquake.usgs.gov/earthquakes/eventpage/us6000tjaj","detail":"https://earthquake.usgs.gov/fdsnws/event/1/query?eventid=us6000tjaj&format=geojson","felt":2,"cdi":3.8,"mmi":4.041,"alert":"green","status":"reviewed","tsunami":0,"sig":483,"net":"us","code":"6000tjaj","ids":",us6000tjaj,usauto6000tjaj,","sources":",us,usauto,","types":",dyfi,internal-moment-tensor,losspager,moment-tensor,origin,phase-data,shakemap,","nst":118,"dmin":1.133,"rms":0.56,"gap":96,"magType":"mww","type":"earthquake","title":"M 5.6 - 42 km E of Noda, Japan"},"geometry":{"type":"Point","coordinates":[142.3107,40.1723,34]},"id":"us6000tjaj"},
{"type":"Feature","properties":{"mag":4.2,"place":"64 km WNW of Ollagüe, Chile","time":1786206893190,"updated":1786479663040,"tz":null,"url":"https://earthquake.usgs.gov/earthquakes/eventpage/us6000tj9z","detail":"https://earthquake.usgs.gov/fdsnws/event/1/query?eventid=us6000tj9z&format=geojson","felt":null,"cdi":null,"mmi":null,"alert":null,"status":"reviewed","tsunami":0,"sig":271,"net":"us","code":"6000tj9z","ids":",us6000tj9z,","sources":",us,","types":",origin,phase-data,","nst":40,"dmin":0.613,"rms":0.73,"gap":47,"magType":"mb","type":"earthquake","title":"M 4.2 - 64 km WNW of Ollagüe, Chile"},"geometry":{"type":"Point","coordinates":[-68.8326,-21.0069,109.177]},"id":"us6000tj9z"},
{"type":"Feature","properties":{"mag":4.5,"place":"Kuril Islands","time":1786203188369,"updated":1786472594040,"tz":null,"url":"https://earthquake.usgs.gov/earthquakes/eventpage/us6000tj9r","detail":"https://earthquake.usgs.gov/fdsnws/event/1/query?eventid=us6000tj9r&format=geojson","felt":null,"cdi":null,"mmi":null,"alert":null,"status":"reviewed","tsunami":0,"sig":312,"net":"us","code":"6000tj9r","ids":",us6000tj9r,","sources":",us,","types":",origin,phase-data,","nst":70,"dmin":7.018,"rms":0.56,"gap":134,"magType":"mb","type":"earthquake","title":"M 4.5 - Kuril Islands"},"geometry":{"type":"Point","coordinates":[153.0277,46.7745,34.915]},"id":"us6000tj9r"},
{"type":"Feature","properties":{"mag":4.4,"place":"49 km NNE of Camiña, Chile","time":1786202127722,"updated":1786471074040,"tz":null,"url":"https://earthquake.usgs.gov/earthquakes/eventpage/us6000tj9m","detail":"https://earthquake.usgs.gov/fdsnws/event/1/query?eventid=us6000tj9m&format=geojson","felt":null,"cdi":null,"mmi":null,"alert":null,"status":"reviewed","tsunami":0,"sig":298,"net":"us","code":"6000tj9m","ids":",us6000tj9m,","sources":",us,","types":",origin,phase-data,","nst":40,"dmin":0.619,"rms":0.72,"gap":85,"magType":"mb","type":"earthquake","title":"M 4.4 - 49 km NNE of Camiña, Chile"},"geometry":{"type":"Point","coordinates":[-69.2409,-18.9032,127.95]},"id":"us6000tj9m"},
{"type":"Feature","properties":{"mag":4.3,"place":"86 km NE of San Pedro de Atacama, Chile","time":1786198851000,"updated":1786461615040,"tz":null,"url":"https://earthquake.usgs.gov/earthquakes/eventpage/us6000tj9c","detail":"https://earthquake.usgs.gov/fdsnws/event/1/query?eventid=us6000tj9c&format=geojson","felt":null,"cdi":null,"mmi":null,"alert":null,"status":"reviewed","tsunami":0,"sig":284,"net":"us","code":"6000tj9c","ids":",us6000tj9c,","sources":",us,","types":",origin,phase-data,","nst":25,"dmin":0.791,"rms":0.82,"gap":65,"magType":"mb","type":"earthquake","title":"M 4.3 - 86 km NE of San Pedro de Atacama, Chile"},"geometry":{"type":"Point","coordinates":[-67.5975,-22.3681,197.198]},"id":"us6000tj9c"},
{"type":"Feature","properties":{"mag":5.2,"place":"southeast of Easter Island","time":1786196970300,"updated":1786459499040,"tz":null,"url":"https://earthquake.usgs.gov/earthquakes/eventpage/us6000tjer","detail":"https://earthquake.usgs.gov/fdsnws/event/1/query?eventid=us6000tjer&format=geojson","felt":null,"cdi":null,"mmi":null,"alert":null,"status":"reviewed","tsunami":0,"sig":416,"net":"us","code":"6000tjer","ids":",us6000tjer,","sources":",us,","types":",origin,phase-data,","nst":51,"dmin":14.012,"rms":0.53,"gap":76,"magType":"mww","type":"earthquake","title":"M 5.2 - southeast of Easter Island"},"geometry":{"type":"Point","coordinates":[-90.5965,-41.3258,10]},"id":"us6000tjer"},
{"type":"Feature","properties":{"mag":4.5,"place":"76 km W of San Antonio de los Cobres, Argentina","time":1786193062813,"updated":1786610263040,"tz":null,"url":"https://earthquake.usgs.gov/earthquakes/eventpage/us6000tj96","detail":"https://earthquake.usgs.gov/fdsnws/event/1/query?eventid=us6000tj96&format=geojson","felt":null,"cdi":null,"mmi":null,"alert":null,"status":"reviewed","tsunami":0,"sig":312,"net":"us","code":"6000tj96","ids":",us6000tj96,","sources":",us,","types":",origin,phase-data,","nst":21,"dmin":1.724,"rms":0.69,"gap":90,"magType":"mb","type":"earthquake","title":"M 4.5 - 76 km W of San Antonio de los Cobres, Argentina"},"geometry":{"type":"Point","coordinates":[-67.0608,-24.3442,165.5]},"id":"us6000tj96"},
{"type":"Feature","properties":{"mag":4.2,"place":"8 km SSE of Puerto Madero, Mexico","time":1786192139059,"updated":1786610016040,"tz":null,"url":"https://earthquake.usgs.gov/earthquakes/eventpage/us6000tk91","detail":"https://earthquake.usgs.gov/fdsnws/event/1/query?eventid=us6000tk91&format=geojson","felt":null,"cdi":null,"mmi":null,"alert":null,"status":"reviewed","tsunami":0,"sig":271,"net":"us","code":"6000tk91","ids":",us6000tk91,","sources":",us,","types":",origin,phase-data,","nst":25,"dmin":1.644,"rms":1.11,"gap":204,"magType":"mb","type":"earthquake","title":"M 4.2 - 8 km SSE of Puerto Madero, Mexico"},"geometry":{"type":"Point","coordinates":[-92.4058,14.649,75.606]},"id":"us6000tk91"},
{"type":"Feature","properties":{"mag":5.5,"place":"southeast of Easter Island","time":1786189287790,"updated":1786609417363,"tz":null,"url":"https://earthquake.usgs.gov/earthquakes/eventpage/us6000tj8t","detail":"https://earthquake.usgs.gov/fdsnws/event/1/query?eventid=us6000tj8t&format=geojson","felt":null,"cdi":null,"mmi":0,"alert":"green","status":"reviewed","tsunami":0,"sig":465,"net":"us","code":"6000tj8t","ids":",usauto6000tj8t,us6000tj8t,","sources":",usauto,us,","types":",internal-moment-tensor,losspager,moment-tensor,origin,phase-data,shakemap,","nst":56,"dmin":12.649,"rms":0.98,"gap":100,"magType":"mww","type":"earthquake","title":"M 5.5 - southeast of Easter Island"},"geometry":{"type":"Point","coordinates":[-90.0948,-41.4078,10]},"id":"us6000tj8t"},
{"type":"Feature","properties":{"mag":4.3,"place":"243 km ESE of Severo-Kuril’sk, Russia","time":1786187298730,"updated":1786608697040,"tz":null,"url":"https://earthquake.usgs.gov/earthquakes/eventpage/us6000tk90","detail":"https://earthquake.usgs.gov/fdsnws/event/1/query?eventid=us6000tk90&format=geojson","felt":null,"cdi":null,"mmi":null,"alert":null,"status":"reviewed","tsunami":0,"sig":284,"net":"us","code":"6000tk90","ids":",us6000tk90,","sources":",us,","types":",origin,phase-data,","nst":37,"dmin":2.914,"rms":0.65,"gap":129,"magType":"mb","type":"earthquake","title":"M 4.3 - 243 km ESE of Severo-Kuril’sk, Russia"},"geometry":{"type":"Point","coordinates":[159.4492,50.156,10]},"id":"us6000tk90"},
{"type":"Feature","properties":{"mag":4.6,"place":"Vanuatu region","time":1786186565537,"updated":1786608027040,"tz":null,"url":"https://earthquake.usgs.gov/earthquakes/eventpage/us6000tj8n","detail":"https://earthquake.usgs.gov/fdsnws/event/1/query?eventid=us6000tj8n&format=geojson","felt":null,"cdi":null,"mmi":null,"alert":null,"status":"reviewed","tsunami":0,"sig":326,"net":"us","code":"6000tj8n","ids":",us6000tj8n,","sources":",us,","types":",origin,phase-data,","nst":24,"dmin":4.885,"rms":0.59,"gap":102,"magType":"mb","type":"earthquake","title":"M 4.6 - Vanuatu region"},"geometry":{"type":"Point","coordinates":[172.9342,-17.537,10]},"id":"us6000tj8n"},
{"type":"Feature","properties":{"mag":4.9,"place":"56 km SW of Sarangani, Philippines","time":1786184447001,"updated":1786607705040,"tz":null,"url":"https://earthquake.usgs.gov/earthquakes/eventpage/us6000tj8e","detail":"https://earthquake.usgs.gov/fdsnws/event/1/query?eventid=us6000tj8e&format=geojson","felt":null,"cdi":null,"mmi":null,"alert":null,"status":"reviewed","tsunami":0,"sig":369,"net":"us","code":"6000tj8e","ids":",us6000tj8e,","sources":",us,","types":",origin,phase-data,","nst":32,"dmin":2.034,"rms":0.61,"gap":125,"magType":"mb","type":"earthquake","title":"M 4.9 - 56 km SW of Sarangani, Philippines"},"geometry":{"type":"Point","coordinates":[125.0662,5.088,11.138]},"id":"us6000tj8e"},
{"type":"Feature","properties":{"mag":4.1,"place":"85 km SSW of Singaparna, Indonesia","time":1786183199173,"updated":1786607432040,"tz":null,"url":"https://earthquake.usgs.gov/earthquakes/eventpage/us6000tk8y","detail":"https://earthquake.usgs.gov/fdsnws/event/1/query?eventid=us6000tk8y&format=geojson","felt":null,"cdi":null,"mmi":null,"alert":null,"status":"reviewed","tsunami":0,"sig":259,"net":"us","code":"6000tk8y","ids":",us6000tk8y,","sources":",us,","types":",origin,phase-data,","nst":17,"dmin":0.641,"rms":0.96,"gap":86,"magType":"mb","type":"earthquake","title":"M 4.1 - 85 km SSW of Singaparna, Indonesia"},"geometry":{"type":"Point","coordinates":[107.8449,-8.0781,54.247]},"id":"us6000tk8y"},
{"type":"Feature","properties":{"mag":4.2,"place":"south of the Fiji Islands","time":1786180709241,"updated":1786602488040,"tz":null,"url":"https://earthquake.usgs.gov/earthquakes/eventpage/us6000tk8v","detail":"https://earthquake.usgs.gov/fdsnws/event/1/query?eventid=us6000tk8v&format=geojson","felt":null,"cdi":null,"mmi":null,"alert":null,"status":"reviewed","tsunami":0,"sig":271,"net":"us","code":"6000tk8v","ids":",us6000tk8v,","sources":",us,","types":",origin,phase-data,","nst":28,"dmin":6.917,"rms":0.64,"gap":121,"magType":"mb","type":"earthquake","title":"M 4.2 - south of the Fiji Islands"},"geometry":{"type":"Point","coordinates":[179.8285,-24.4943,513.792]},"id":"us6000tk8v"},
{"type":"Feature","properties":{"mag":4.2,"place":"76 km SW of Puerto Madero, Mexico","time":1786180424615,"updated":1786602153040,"tz":null,"url":"https://earthquake.usgs.gov/earthquakes/eventpage/us6000tj80","detail":"https://earthquake.usgs.gov/fdsnws/event/1/query?eventid=us6000tj80&format=geojson","felt":null,"cdi":null,"mmi":null,"alert":null,"status":"reviewed","tsunami":0,"sig":271,"net":"us","code":"6000tj80","ids":",us6000tj80,","sources":",us,","types":",origin,phase-data,","nst":36,"dmin":2.145,"rms":0.47,"gap":185,"magType":"mb","type":"earthquake","title":"M 4.2 - 76 km SW of Puerto Madero, Mexico"},"geometry":{"type":"Point","coordinates":[-92.9611,14.2775,48.048]},"id":"us6000tj80"},
{"type":"Feature","properties":{"mag":4.2,"place":"14 km SSW of Imabetsu, Japan","time":1786176450115,"updated":1786200916040,"tz":null,"url":"https://earthquake.usgs.gov/earthquakes/eventpage/us6000tj7q","detail":"https://earthquake.usgs.gov/fdsnws/event/1/query?eventid=us6000tj7q&format=geojson","felt":null,"cdi":null,"mmi":null,"alert":null,"status":"reviewed","tsunami":0,"sig":271,"net":"us","code":"6000tj7q","ids":",us6000tj7q,","sources":",us,","types":",origin,phase-data,","nst":63,"dmin":0.579,"rms":0.57,"gap":78,"magType":"mb","type":"earthquake","title":"M 4.2 - 14 km SSW of Imabetsu, Japan"},"geometry":{"type":"Point","coordinates":[140.3905,41.0624,137.959]},"id":"us6000tj7q"},
{"type":"Feature","properties":{"mag":4.3,"place":"1 km NNW of Gojōnome, Japan","time":1786172390876,"updated":1786202106040,"tz":null,"url":"https://earthquake.usgs.gov/earthquakes/eventpage/us6000tj7a","detail":"https://earthquake.usgs.gov/fdsnws/event/1/query?eventid=us6000tj7a&format=geojson","felt":null,"cdi":null,"mmi":null,"alert":null,"status":"reviewed","tsunami":0,"sig":284,"net":"us","code":"6000tj7a","ids":",us6000tj7a,","sources":",us,","types":",origin,phase-data,","nst":26,"dmin":1.116,"rms":0.48,"gap":157,"magType":"mb","type":"earthquake","title":"M 4.3 - 1 km NNW of Gojōnome, Japan"},"geometry":{"type":"Point","coordinates":[140.1099,39.9436,173.075]},"id":"us6000tj7a"},
{"type":"Feature","properties":{"mag":4.4,"place":"108 km W of San Antonio de los Cobres, Argentina","time":1786169201571,"updated":1786177879040,"tz":null,"url":"https://earthquake.usgs.gov/earthquakes/eventpage/us6000tj73","detail":"https://earthquake.usgs.gov/fdsnws/event/1/query?eventid=us6000tj73&format=geojson","felt":null,"cdi":null,"mmi":null,"alert":null,"status":"reviewed","tsunami":0,"sig":298,"net":"us","code":"6000tj73","ids":",us6000tj73,","sources":",us,","types":",origin,phase-data,","nst":18,"dmin":1.577,"rms":0.63,"gap":135,"magType":"mb","type":"earthquake","title":"M 4.4 - 108 km W of San Antonio de los Cobres, Argentina"},"geometry":{"type":"Point","coordinates":[-67.3807,-24.3551,190.698]},"id":"us6000tj73"},
{"type":"Feature","properties":{"mag":4.8,"place":"95 km SSW of Severo-Kuril’sk, Russia","time":1786167579927,"updated":1786168790040,"tz":null,"url":"https://earthquake.usgs.gov/earthquakes/eventpage/us6000tj70","detail":"https://earthquake.usgs.gov/fdsnws/event/1/query?eventid=us6000tj70&format=geojson","felt":null,"cdi":null,"mmi":null,"alert":null,"status":"reviewed","tsunami":0,"sig":354,"net":"us","code":"6000tj70","ids":",us6000tj70,","sources":",us,","types":",origin,phase-data,","nst":96,"dmin":3.481,"rms":0.62,"gap":123,"magType":"mb","type":"earthquake","title":"M 4.8 - 95 km SSW of Severo-Kuril’sk, Russia"},"geometry":{"type":"Point","coordinates":[155.753,49.8507,82.521]},"id":"us6000tj70"},
{"type":"Feature","properties":{"mag":5.6,"place":"57 km WNW of Skwentna, Alaska","time":1786164634985,"updated":1786856444519,"tz":null,"url":"https://earthquake.usgs.gov/earthquakes/eventpage/aka2026powmkf","detail":"https://earthquake.usgs.gov/fdsnws/event/1/query?eventid=aka2026powmkf&format=geojson","felt":1137,"cdi":5.4,"mmi":5.879,"alert":null,"status":"reviewed","tsunami":0,"sig":1022,"net":"ak","code":"a2026powmkf","ids":",aka2026powmkf,usauto6000tj6h,us6000tj6h,attjfpga,","sources":",ak,usauto,us,at,","types":",dyfi,event-sequence,internal-moment-tensor,moment-tensor,oaf,origin,phase-data,shakemap,","nst":228,"dmin":0.5,"rms":1.1,"gap":18,"magType":"ml","type":"earthquake","title":"M 5.6 - 57 km WNW of Skwentna, Alaska"},"geometry":{"type":"Point","coordinates":[-152.314,62.269,10]},"id":"aka2026powmkf"},
{"type":"Feature","properties":{"mag":5,"place":"Kermadec Islands region","time":1786161571810,"updated":1786162570040,"tz":null,"url":"https://earthquake.usgs.gov/earthquakes/eventpage/us6000tj69","detail":"https://earthquake.usgs.gov/fdsnws/event/1/query?eventid=us6000tj69&format=geojson","felt":null,"cdi":null,"mmi":null,"alert":null,"status":"reviewed","tsunami":0,"sig":385,"net":"us","code":"6000tj69","ids":",us6000tj69,","sources":",us,","types":",origin,phase-data,","nst":24,"dmin":1.432,"rms":1.16,"gap":122,"magType":"mb","type":"earthquake","title":"M 5.0 - Kermadec Islands region"},"geometry":{"type":"Point","coordinates":[-176.5487,-28.4766,10]},"id":"us6000tj69"},
{"type":"Feature","properties":{"mag":4.8,"place":"158 km NNE of Darya Boyi, China","time":1786160726267,"updated":1786161577040,"tz":null,"url":"https://earthquake.usgs.gov/earthquakes/eventpage/us6000tj68","detail":"https://earthquake.usgs.gov/fdsnws/event/1/query?eventid=us6000tj68&format=geojson","felt":null,"cdi":null,"mmi":null,"alert":null,"status":"reviewed","tsunami":0,"sig":354,"net":"us","code":"6000tj68","ids":",us6000tj68,","sources":",us,","types":",origin,phase-data,","nst":41,"dmin":4.482,"rms":0.56,"gap":97,"magType":"mb","type":"earthquake","title":"M 4.8 - 158 km NNE of Darya Boyi, China"},"geometry":{"type":"Point","coordinates":[82.875,39.6351,10]},"id":"us6000tj68"},
{"type":"Feature","properties":{"mag":4.5,"place":"2 km ESE of Mehmand Chak, Pakistan","time":1786159804685,"updated":1786165077539,"tz":null,"url":"https://earthquake.usgs.gov/earthquakes/eventpage/us6000tj67","detail":"https://earthquake.usgs.gov/fdsnws/event/1/query?eventid=us6000tj67&format=geojson","felt":4,"cdi":4.2,"mmi":null,"alert":null,"status":"reviewed","tsunami":0,"sig":313,"net":"us","code":"6000tj67","ids":",us6000tj67,","sources":",us,","types":",dyfi,origin,phase-data,","nst":36,"dmin":0.998,"rms":1.24,"gap":225,"magType":"mb","type":"earthquake","title":"M 4.5 - 2 km ESE of Mehmand Chak, Pakistan"},"geometry":{"type":"Point","coordinates":[73.853,32.7786,10]},"id":"us6000tj67"},
{"type":"Feature","properties":{"mag":4.6,"place":"33 km SSW of Sarangani, Philippines","time":1786157099172,"updated":1786158117040,"tz":null,"url":"https://earthquake.usgs.gov/earthquakes/eventpage/us6000tj65","detail":"https://earthquake.usgs.gov/fdsnws/event/1/query?eventid=us6000tj65&format=geojson","felt":null,"cdi":null,"mmi":null,"alert":null,"status":"reviewed","tsunami":0,"sig":326,"net":"us","code":"6000tj65","ids":",us6000tj65,","sources":",us,","types":",origin,phase-data,","nst":35,"dmin":1.95,"rms":0.63,"gap":113,"magType":"mb","type":"earthquake","title":"M 4.6 - 33 km SSW of Sarangani, Philippines"},"geometry":{"type":"Point","coordinates":[125.3651,5.1189,10]},"id":"us6000tj65"},
{"type":"Feature","properties":{"mag":4.2,"place":"69 km SSE of Kushiro, Japan","time":1786152753870,"updated":1786161304040,"tz":null,"url":"https://earthquake.usgs.gov/earthquakes/eventpage/us6000tj5u","detail":"https://earthquake.usgs.gov/fdsnws/event/1/query?eventid=us6000tj5u&format=geojson","felt":null,"cdi":null,"mmi":null,"alert":null,"status":"reviewed","tsunami":0,"sig":271,"net":"us","code":"6000tj5u","ids":",us6000tj5u,","sources":",us,","types":",origin,phase-data,","nst":30,"dmin":1.097,"rms":0.7,"gap":174,"magType":"mb","type":"earthquake","title":"M 4.2 - 69 km SSE of Kushiro, Japan"},"geometry":{"type":"Point","coordinates":[144.5582,42.3596,35]},"id":"us6000tj5u"},
{"type":"Feature","properties":{"mag":4.5,"place":"122 km WSW of Gorontalo, Indonesia","time":1786145448420,"updated":1786155024040,"tz":null,"url":"https://earthquake.usgs.gov/earthquakes/eventpage/us6000tj4x","detail":"https://earthquake.usgs.gov/fdsnws/event/1/query?eventid=us6000tj4x&format=geojson","felt":null,"cdi":null,"mmi":null,"alert":null,"status":"reviewed","tsunami":0,"sig":312,"net":"us","code":"6000tj4x","ids":",us6000tj4x,","sources":",us,","types":",origin,phase-data,","nst":21,"dmin":5.696,"rms":0.56,"gap":125,"magType":"mb","type":"earthquake","title":"M 4.5 - 122 km WSW of Gorontalo, Indonesia"},"geometry":{"type":"Point","coordinates":[122.0018,0.2552,198.985]},"id":"us6000tj4x"},
{"type":"Feature","properties":{"mag":5.1,"place":"central East Pacific Rise","time":1786144747914,"updated":1786278170040,"tz":null,"url":"https://earthquake.usgs.gov/earthquakes/eventpage/us6000tjel","detail":"https://earthquake.usgs.gov/fdsnws/event/1/query?eventid=us6000tjel&format=geojson","felt":null,"cdi":null,"mmi":null,"alert":null,"status":"reviewed","tsunami":0,"sig":400,"net":"us","code":"6000tjel","ids":",us6000tjel,","sources":",us,","types":",origin,phase-data,","nst":51,"dmin":13.615,"rms":0.81,"gap":90,"magType":"mww","type":"earthquake","title":"M 5.1 - central East Pacific Rise"},"geometry":{"type":"Point","coordinates":[-112.2713,-13.7382,10]},"id":"us6000tjel"},
{"type":"Feature","properties":{"mag":4.7,"place":"17 km WNW of Yanacancha, Peru","time":1786144283416,"updated":1786259193144,"tz":null,"url":"https://earthquake.usgs.gov/earthquakes/eventpage/us6000tj4s","detail":"https://earthquake.usgs.gov/fdsnws/event/1/query?eventid=us6000tj4s&format=geojson","felt":3,"cdi":4.3,"mmi":null,"alert":null,"status":"reviewed","tsunami":0,"sig":341,"net":"us","code":"6000tj4s","ids":",us6000tj4s,","sources":",us,","types":",dyfi,origin,phase-data,","nst":39,"dmin":1.296,"rms":1.01,"gap":95,"magType":"mb","type":"earthquake","title":"M 4.7 - 17 km WNW of Yanacancha, Peru"},"geometry":{"type":"Point","coordinates":[-75.5241,-12.1235,10]},"id":"us6000tj4s"},
{"type":"Feature","properties":{"mag":4.6,"place":"7 km SSW of Caburan, Philippines","time":1786143229394,"updated":1786153393040,"tz":null,"url":"https://earthquake.usgs.gov/earthquakes/eventpage/us6000tj4i","detail":"https://earthquake.usgs.gov/fdsnws/event/1/query?eventid=us6000tj4i&format=geojson","felt":null,"cdi":null,"mmi":null,"alert":null,"status":"reviewed","tsunami":0,"sig":326,"net":"us","code":"6000tj4i","ids":",us6000tj4i,","sources":",us,","types":",origin,phase-data,","nst":55,"dmin":1.214,"rms":0.82,"gap":103,"magType":"mb","type":"earthquake","title":"M 4.6 - 7 km SSW of Caburan, Philippines"},"geometry":{"type":"Point","coordinates":[125.622,5.8489,139.805]},"id":"us6000tj4i"},
{"type":"Feature","properties":{"mag":4.8,"place":"southern East Pacific Rise","time":1786141179579,"updated":1786144428040,"tz":null,"url":"https://earthquake.usgs.gov/earthquakes/eventpage/us6000tj4f","detail":"https://earthquake.usgs.gov/fdsnws/event/1/query?eventid=us6000tj4f&format=geojson","felt":null,"cdi":null,"mmi":null,"alert":null,"status":"reviewed","tsunami":0,"sig":354,"net":"us","code":"6000tj4f","ids":",us6000tj4f,","sources":",us,","types":",origin,phase-data,","nst":50,"dmin":6.778,"rms":0.69,"gap":147,"magType":"mb","type":"earthquake","title":"M 4.8 - southern East Pacific Rise"},"geometry":{"type":"Point","coordinates":[-113.5805,-21.5086,10]},"id":"us6000tj4f"},
{"type":"Feature","properties":{"mag":4.4,"place":"34 km NNE of Laikit, Laikit II (Dimembe), Indonesia","time":1786140775555,"updated":1786143163040,"tz":null,"url":"https://earthquake.usgs.gov/earthquakes/eventpage/us6000tj42","detail":"https://earthquake.usgs.gov/fdsnws/event/1/query?eventid=us6000tj42&format=geojson","felt":null,"cdi":null,"mmi":null,"alert":null,"status":"reviewed","tsunami":0,"sig":298,"net":"us","code":"6000tj42","ids":",us6000tj42,","sources":",us,","types":",origin,phase-data,","nst":27,"dmin":5.267,"rms":1.12,"gap":108,"magType":"mb","type":"earthquake","title":"M 4.4 - 34 km NNE of Laikit, Laikit II (Dimembe), Indonesia"},"geometry":{"type":"Point","coordinates":[125.0521,1.7937,190.932]},"id":"us6000tj42"},
{"type":"Feature","properties":{"mag":4.5,"place":"244 km ESE of Sarangani, Philippines","time":1786132095479,"updated":1786139049040,"tz":null,"url":"https://earthquake.usgs.gov/earthquakes/eventpage/us6000tj2p","detail":"https://earthquake.usgs.gov/fdsnws/event/1/query?eventid=us6000tj2p&format=geojson","felt":null,"cdi":null,"mmi":null,"alert":null,"status":"reviewed","tsunami":0,"sig":312,"net":"us","code":"6000tj2p","ids":",us6000tj2p,","sources":",us,","types":",origin,phase-data,","nst":27,"dmin":8.685,"rms":0.73,"gap":86,"magType":"mb","type":"earthquake","title":"M 4.5 - 244 km ESE of Sarangani, Philippines"},"geometry":{"type":"Point","coordinates":[127.3898,4.3305,10]},"id":"us6000tj2p"},
{"type":"Feature","properties":{"mag":4.2,"place":"3 km WNW of Takahagi, Japan","time":1786128091903,"updated":1786129493040,"tz":null,"url":"https://earthquake.usgs.gov/earthquakes/eventpage/us6000tj22","detail":"https://earthquake.usgs.gov/fdsnws/event/1/query?eventid=us6000tj22&format=geojson","felt":null,"cdi":null,"mmi":null,"alert":null,"status":"reviewed","tsunami":0,"sig":271,"net":"us","code":"6000tj22","ids":",us6000tj22,","sources":",us,","types":",origin,phase-data,","nst":25,"dmin":1.996,"rms":0.96,"gap":135,"magType":"mb","type":"earthquake","title":"M 4.2 - 3 km WNW of Takahagi, Japan"},"geometry":{"type":"Point","coordinates":[140.68,36.7231,10]},"id":"us6000tj22"},
{"type":"Feature","properties":{"mag":4.3,"place":"south of the Fiji Islands","time":1786123888251,"updated":1786125894040,"tz":null,"url":"https://earthquake.usgs.gov/earthquakes/eventpage/us6000tj19","detail":"https://earthquake.usgs.gov/fdsnws/event/1/query?eventid=us6000tj19&format=geojson","felt":null,"cdi":null,"mmi":null,"alert":null,"status":"reviewed","tsunami":0,"sig":284,"net":"us","code":"6000tj19","ids":",us6000tj19,","sources":",us,","types":",origin,phase-data,","nst":29,"dmin":4.877,"rms":0.55,"gap":154,"magType":"mb","type":"earthquake","title":"M 4.3 - south of the Fiji Islands"},"geometry":{"type":"Point","coordinates":[179.5783,-24.8863,504.597]},"id":"us6000tj19"},
{"type":"Feature","properties":{"mag":4.4,"place":"66 km NNW of Camiña, Chile","time":1786117344743,"updated":1786130001040,"tz":null,"url":"https://earthquake.usgs.gov/earthquakes/eventpage/us6000tizf","detail":"https://earthquake.usgs.gov/fdsnws/event/1/query?eventid=us6000tizf&format=geojson","felt":null,"cdi":null,"mmi":null,"alert":null,"status":"reviewed","tsunami":0,"sig":298,"net":"us","code":"6000tizf","ids":",us6000tizf,","sources":",us,","types":",origin,phase-data,","nst":24,"dmin":0.424,"rms":1.08,"gap":101,"magType":"mb","type":"earthquake","title":"M 4.4 - 66 km NNW of Camiña, Chile"},"geometry":{"type":"Point","coordinates":[-69.6381,-18.7433,95.512]},"id":"us6000tizf"},
{"type":"Feature","properties":{"mag":4.2,"place":"south of the Fiji Islands","time":1786116948557,"updated":1786129451040,"tz":null,"url":"https://earthquake.usgs.gov/earthquakes/eventpage/us6000tizg","detail":"https://earthquake.usgs.gov/fdsnws/event/1/query?eventid=us6000tizg&format=geojson","felt":null,"cdi":null,"mmi":null,"alert":null,"status":"reviewed","tsunami":0,"sig":271,"net":"us","code":"6000tizg","ids":",us6000tizg,","sources":",us,","types":",origin,phase-data,","nst":21,"dmin":7.2,"rms":0.57,"gap":187,"magType":"mb","type":"earthquake","title":"M 4.2 - south of the Fiji Islands"},"geometry":{"type":"Point","coordinates":[179.7714,-24.7998,508.518]},"id":"us6000tizg"},
{"type":"Feature","properties":{"mag":4.5,"place":"23 km ESE of Khandūd, Afghanistan","time":1786114533817,"updated":1786128527040,"tz":null,"url":"https://earthquake.usgs.gov/earthquakes/eventpage/us6000tiyy","detail":"https://earthquake.usgs.gov/fdsnws/event/1/query?eventid=us6000tiyy&format=geojson","felt":null,"cdi":null,"mmi":null,"alert":null,"status":"reviewed","tsunami":0,"sig":312,"net":"us","code":"6000tiyy","ids":",us6000tiyy,","sources":",us,","types":",origin,phase-data,","nst":41,"dmin":1.451,"rms":0.99,"gap":150,"magType":"mb","type":"earthquake","title":"M 4.5 - 23 km ESE of Khandūd, Afghanistan"},"geometry":{"type":"Point","coordinates":[72.5557,36.8607,10]},"id":"us6000tiyy"},
{"type":"Feature","properties":{"mag":5,"place":"49 km SE of Severo-Kuril’sk, Russia","time":1786112490314,"updated":1786113654040,"tz":null,"url":"https://earthquake.usgs.gov/earthquakes/eventpage/us6000tixr","detail":"https://earthquake.usgs.gov/fdsnws/event/1/query?eventid=us6000tixr&format=geojson","felt":null,"cdi":null,"mmi":null,"alert":null,"status":"reviewed","tsunami":0,"sig":385,"net":"us","code":"6000tixr","ids":",us6000tixr,","sources":",us,","types":",origin,phase-data,","nst":64,"dmin":2.759,"rms":0.56,"gap":123,"magType":"mb","type":"earthquake","title":"M 5.0 - 49 km SE of Severo-Kuril’sk, Russia"},"geometry":{"type":"Point","coordinates":[156.7027,50.4235,83.854]},"id":"us6000tixr"},
{"type":"Feature","properties":{"mag":4.8,"place":"108 km NNW of Batang, Indonesia","time":1786111659382,"updated":1786112662040,"tz":null,"url":"https://earthquake.usgs.gov/earthquakes/eventpage/us6000tixn","detail":"https://earthquake.usgs.gov/fdsnws/event/1/query?eventid=us6000tixn&format=geojson","felt":null,"cdi":null,"mmi":null,"alert":null,"status":"reviewed","tsunami":0,"sig":354,"net":"us","code":"6000tixn","ids":",us6000tixn,","sources":",us,","types":",origin,phase-data,","nst":71,"dmin":1.419,"rms":0.9,"gap":47,"magType":"mb","type":"earthquake","title":"M 4.8 - 108 km NNW of Batang, Indonesia"},"geometry":{"type":"Point","coordinates":[110.2192,-5.6385,534.964]},"id":"us6000tixn"},
{"type":"Feature","properties":{"mag":4.4,"place":"27 km NW of Hihifo, Tonga","time":1786108146566,"updated":1786109572040,"tz":null,"url":"https://earthquake.usgs.gov/earthquakes/eventpage/us6000tixe","detail":"https://earthquake.usgs.gov/fdsnws/event/1/query?eventid=us6000tixe&format=geojson","felt":null,"cdi":null,"mmi":null,"alert":null,"status":"reviewed","tsunami":0,"sig":298,"net":"us","code":"6000tixe","ids":",us6000tixe,","sources":",us,","types":",origin,phase-data,","nst":37,"dmin":6.402,"rms":0.64,"gap":138,"magType":"mb","type":"earthquake","title":"M 4.4 - 27 km NW of Hihifo, Tonga"},"geometry":{"type":"Point","coordinates":[-174.0031,-15.815,185.576]},"id":"us6000tixe"},
{"type":"Feature","properties":{"mag":4.4,"place":"north of Svalbard","time":1786107355251,"updated":1786110246040,"tz":null,"url":"https://earthquake.usgs.gov/earthquakes/eventpage/us6000tixb","detail":"https://earthquake.usgs.gov/fdsnws/event/1/query?eventid=us6000tixb&format=geojson","felt":null,"cdi":null,"mmi":null,"alert":null,"status":"reviewed","tsunami":0,"sig":298,"net":"us","code":"6000tixb","ids":",us6000tixb,","sources":",us,","types":",origin,phase-data,","nst":31,"dmin":3.808,"rms":0.88,"gap":100,"magType":"mb","type":"earthquake","title":"M 4.4 - north of Svalbard"},"geometry":{"type":"Point","coordinates":[-4.6755,81.4623,10]},"id":"us6000tixb"},
{"type":"Feature","properties":{"mag":4.1,"place":"211 km SSW of Hydaburg, Alaska","time":1786103283598,"updated":1786190048543,"tz":null,"url":"https://earthquake.usgs.gov/earthquakes/eventpage/us6000tix7","detail":"https://earthquake.usgs.gov/fdsnws/event/1/query?eventid=us6000tix7&format=geojson","felt":null,"cdi":null,"mmi":2.417,"alert":"green","status":"reviewed","tsunami":0,"sig":259,"net":"us","code":"6000tix7","ids":",us6000tix7,","sources":",us,","types":",losspager,origin,phase-data,shakemap,","nst":95,"dmin":0.985,"rms":1.27,"gap":149,"magType":"mb","type":"earthquake","title":"M 4.1 - 211 km SSW of Hydaburg, Alaska"},"geometry":{"type":"Point","coordinates":[-133.5667,53.3564,10]},"id":"us6000tix7"},
{"type":"Feature","properties":{"mag":4.7,"place":"47 km WSW of Sarangani, Philippines","time":1786092218581,"updated":1786538938040,"tz":null,"url":"https://earthquake.usgs.gov/earthquakes/eventpage/us6000tiwj","detail":"https://earthquake.usgs.gov/fdsnws/event/1/query?eventid=us6000tiwj&format=geojson","felt":null,"cdi":null,"mmi":null,"alert":null,"status":"reviewed","tsunami":0,"sig":340,"net":"us","code":"6000tiwj","ids":",us6000tiwj,","sources":",us,","types":",origin,phase-data,","nst":40,"dmin":1.931,"rms":0.62,"gap":116,"magType":"mb","type":"earthquake","title":"M 4.7 - 47 km WSW of Sarangani, Philippines"},"geometry":{"type":"Point","coordinates":[125.0898,5.189,12.314]},"id":"us6000tiwj"},
{"type":"Feature","properties":{"mag":4.3,"place":"7 km WNW of Xunchang, China","time":1786089733202,"updated":1786538728040,"tz":null,"url":"https://earthquake.usgs.gov/earthquakes/eventpage/us6000tjz8","detail":"https://earthquake.usgs.gov/fdsnws/event/1/query?eventid=us6000tjz8&format=geojson","felt":null,"cdi":null,"mmi":null,"alert":null,"status":"reviewed","tsunami":0,"sig":284,"net":"us","code":"6000tjz8","ids":",us6000tjz8,","sources":",us,","types":",origin,phase-data,","nst":18,"dmin":7.507,"rms":0.3,"gap":155,"magType":"mb","type":"earthquake","title":"M 4.3 - 7 km WNW of Xunchang, China"},"geometry":{"type":"Point","coordinates":[104.6417,28.4697,10]},"id":"us6000tjz8"},
{"type":"Feature","properties":{"mag":4.3,"place":"5 km WNW of Ōami, Japan","time":1786088447752,"updated":1786538288040,"tz":null,"url":"https://earthquake.usgs.gov/earthquakes/eventpage/us6000tjz7","detail":"https://earthquake.usgs.gov/fdsnws/event/1/query?eventid=us6000tjz7&format=geojson","felt":null,"cdi":null,"mmi":null,"alert":null,"status":"reviewed","tsunami":0,"sig":284,"net":"us","code":"6000tjz7","ids":",us6000tjz7,","sources":",us,","types":",origin,phase-data,","nst":21,"dmin":1.946,"rms":0.9,"gap":144,"magType":"mb","type":"earthquake","title":"M 4.3 - 5 km WNW of Ōami, Japan"},"geometry":{"type":"Point","coordinates":[140.2645,35.5344,59.398]},"id":"us6000tjz7"},
{"type":"Feature","properties":{"mag":4.2,"place":"31 km NE of Calama, Chile","time":1786087346711,"updated":1786537856040,"tz":null,"url":"https://earthquake.usgs.gov/earthquakes/eventpage/us6000tiwd","detail":"https://earthquake.usgs.gov/fdsnws/event/1/query?eventid=us6000tiwd&format=geojson","felt":null,"cdi":null,"mmi":null,"alert":null,"status":"reviewed","tsunami":0,"sig":271,"net":"us","code":"6000tiwd","ids":",us6000tiwd,","sources":",us,","types":",origin,phase-data,","nst":21,"dmin":0.627,"rms":0.99,"gap":60,"magType":"mb","type":"earthquake","title":"M 4.2 - 31 km NE of Calama, Chile"},"geometry":{"type":"Point","coordinates":[-68.7465,-22.2255,108.951]},"id":"us6000tiwd"},
{"type":"Feature","properties":{"mag":4.4,"place":"4 km SSW of Lárdos, Greece","time":1786086656611,"updated":1786536986914,"tz":null,"url":"https://earthquake.usgs.gov/earthquakes/eventpage/us6000tiwc","detail":"https://earthquake.usgs.gov/fdsnws/event/1/query?eventid=us6000tiwc&format=geojson","felt":4,"cdi":3.5,"mmi":null,"alert":null,"status":"reviewed","tsunami":0,"sig":299,"net":"us","code":"6000tiwc","ids":",us6000tiwc,","sources":",us,","types":",dyfi,origin,phase-data,","nst":28,"dmin":0.189,"rms":1.13,"gap":89,"magType":"mb","type":"earthquake","title":"M 4.4 - 4 km SSW of Lárdos, Greece"},"geometry":{"type":"Point","coordinates":[27.9936,36.0545,10]},"id":"us6000tiwc"},
{"type":"Feature","properties":{"mag":4.5,"place":"114 km SSE of Sarangani, Philippines","time":1786083782987,"updated":1786110601040,"tz":null,"url":"https://earthquake.usgs.gov/earthquakes/eventpage/us6000tiw5","detail":"https://earthquake.usgs.gov/fdsnws/event/1/query?eventid=us6000tiw5&format=geojson","felt":null,"cdi":null,"mmi":null,"alert":null,"status":"reviewed","tsunami":0,"sig":312,"net":"us","code":"6000tiw5","ids":",us6000tiw5,","sources":",us,","types":",origin,phase-data,","nst":48,"dmin":2.589,"rms":1.24,"gap":107,"magType":"mb","type":"earthquake","title":"M 4.5 - 114 km SSE of Sarangani, Philippines"},"geometry":{"type":"Point","coordinates":[125.941,4.4892,102.132]},"id":"us6000tiw5"},
{"type":"Feature","properties":{"mag":5.1,"place":"6 km NNE of Xunchang, China","time":1786079310903,"updated":1786147248927,"tz":null,"url":"https://earthquake.usgs.gov/earthquakes/eventpage/us6000tivz","detail":"https://earthquake.usgs.gov/fdsnws/event/1/query?eventid=us6000tivz&format=geojson","felt":1,"cdi":5.6,"mmi":null,"alert":null,"status":"reviewed","tsunami":0,"sig":401,"net":"us","code":"6000tivz","ids":",us6000tivz,usauto6000tivz,","sources":",us,usauto,","types":",dyfi,internal-moment-tensor,origin,phase-data,","nst":65,"dmin":7.483,"rms":0.91,"gap":73,"magType":"mb","type":"earthquake","title":"M 5.1 - 6 km NNE of Xunchang, China"},"geometry":{"type":"Point","coordinates":[104.7523,28.505,10]},"id":"us6000tivz"},
{"type":"Feature","properties":{"mag":5,"place":"7 km NW of Cabacao, Philippines","time":1786070290013,"updated":1786090292546,"tz":null,"url":"https://earthquake.usgs.gov/earthquakes/eventpage/us6000tivb","detail":"https://earthquake.usgs.gov/fdsnws/event/1/query?eventid=us6000tivb&format=geojson","felt":20,"cdi":4.2,"mmi":null,"alert":null,"status":"reviewed","tsunami":0,"sig":393,"net":"us","code":"6000tivb","ids":",us6000tivb,usauto6000tivb,","sources":",us,usauto,","types":",dyfi,internal-moment-tensor,origin,phase-data,","nst":79,"dmin":7.955,"rms":1.19,"gap":83,"magType":"mb","type":"earthquake","title":"M 5.0 - 7 km NW of Cabacao, Philippines"},"geometry":{"type":"Point","coordinates":[120.6108,13.3855,90.196]},"id":"us6000tivb"},
{"type":"Feature","properties":{"mag":4.5,"place":"29 km S of Mendoza, Argentina","time":1786060838677,"updated":1786127457487,"tz":null,"url":"https://earthquake.usgs.gov/earthquakes/eventpage/us6000tits","detail":"https://earthquake.usgs.gov/fdsnws/event/1/query?eventid=us6000tits&format=geojson","felt":8,"cdi":3.7,"mmi":null,"alert":null,"status":"reviewed","tsunami":0,"sig":314,"net":"us","code":"6000tits","ids":",us6000tits,","sources":",us,","types":",dyfi,origin,phase-data,","nst":36,"dmin":1.111,"rms":1.35,"gap":105,"magType":"mb","type":"earthquake","title":"M 4.5 - 29 km S of Mendoza, Argentina"},"geometry":{"type":"Point","coordinates":[-68.8413,-33.1527,10]},"id":"us6000tits"},
{"type":"Feature","properties":{"mag":4.9,"place":"64 km NE of Mangapapa, New Zealand","time":1786051048824,"updated":1786137780076,"tz":null,"url":"https://earthquake.usgs.gov/earthquakes/eventpage/us6000tiqe","detail":"https://earthquake.usgs.gov/fdsnws/event/1/query?eventid=us6000tiqe&format=geojson","felt":null,"cdi":null,"mmi":4.154,"alert":"green","status":"reviewed","tsunami":0,"sig":369,"net":"us","code":"6000tiqe","ids":",us6000tiqe,","sources":",us,","types":",losspager,origin,phase-data,shakemap,","nst":38,"dmin":0.693,"rms":0.98,"gap":123,"magType":"mb","type":"earthquake","title":"M 4.9 - 64 km NE of Mangapapa, New Zealand"},"geometry":{"type":"Point","coordinates":[178.5415,-38.2308,22.793]},"id":"us6000tiqe"},
{"type":"Feature","properties":{"mag":4.2,"place":"30 km ENE of Shwebo, Burma (Myanmar)","time":1786048368799,"updated":1786050071040,"tz":null,"url":"https://earthquake.usgs.gov/earthquakes/eventpage/us6000tiq3","detail":"https://earthquake.usgs.gov/fdsnws/event/1/query?eventid=us6000tiq3&format=geojson","felt":null,"cdi":null,"mmi":null,"alert":null,"status":"reviewed","tsunami":0,"sig":271,"net":"us","code":"6000tiq3","ids":",us6000tiq3,","sources":",us,","types":",origin,phase-data,","nst":17,"dmin":1.768,"rms":0.47,"gap":94,"magType":"mb","type":"earthquake","title":"M 4.2 - 30 km ENE of Shwebo, Burma (Myanmar)"},"geometry":{"type":"Point","coordinates":[95.9588,22.6929,10]},"id":"us6000tiq3"},
{"type":"Feature","properties":{"mag":4.6,"place":"149 km SE of Petropavlovsk-Kamchatsky, Russia","time":1786046844549,"updated":1786049845040,"tz":null,"url":"https://earthquake.usgs.gov/earthquakes/eventpage/us6000tipv","detail":"https://earthquake.usgs.gov/fdsnws/event/1/query?eventid=us6000tipv&format=geojson","felt":null,"cdi":null,"mmi":null,"alert":null,"status":"reviewed","tsunami":0,"sig":326,"net":"us","code":"6000tipv","ids":",us6000tipv,","sources":",us,","types":",origin,phase-data,","nst":92,"dmin":1.8,"rms":0.95,"gap":118,"magType":"mb","type":"earthquake","title":"M 4.6 - 149 km SE of Petropavlovsk-Kamchatsky, Russia"},"geometry":{"type":"Point","coordinates":[160.1111,52.0723,40.732]},"id":"us6000tipv"},
{"type":"Feature","properties":{"mag":4.4,"place":"282 km WSW of Banda Aceh, Indonesia","time":1786043122119,"updated":1786045854040,"tz":null,"url":"https://earthquake.usgs.gov/earthquakes/eventpage/us6000tipc","detail":"https://earthquake.usgs.gov/fdsnws/event/1/query?eventid=us6000tipc&format=geojson","felt":null,"cdi":null,"mmi":null,"alert":null,"status":"reviewed","tsunami":0,"sig":298,"net":"us","code":"6000tipc","ids":",us6000tipc,","sources":",us,","types":",origin,phase-data,","nst":41,"dmin":3.886,"rms":0.62,"gap":74,"magType":"mb","type":"earthquake","title":"M 4.4 - 282 km WSW of Banda Aceh, Indonesia"},"geometry":{"type":"Point","coordinates":[93.2008,4.1443,10]},"id":"us6000tipc"},
{"type":"Feature","properties":{"mag":5.3,"place":"7 km SSW of Huayucachi, Peru","time":1786042641831,"updated":1786259505211,"tz":null,"url":"https://earthquake.usgs.gov/earthquakes/eventpage/us6000tip9","detail":"https://earthquake.usgs.gov/fdsnws/event/1/query?eventid=us6000tip9&format=geojson","felt":4,"cdi":6.4,"mmi":null,"alert":null,"status":"reviewed","tsunami":0,"sig":435,"net":"us","code":"6000tip9","ids":",us6000tip9,usauto6000tip9,","sources":",us,usauto,","types":",dyfi,internal-moment-tensor,moment-tensor,origin,phase-data,","nst":96,"dmin":1.564,"rms":0.69,"gap":86,"magType":"mww","type":"earthquake","title":"M 5.3 - 7 km SSW of Huayucachi, Peru"},"geometry":{"type":"Point","coordinates":[-75.2574,-12.1948,10]},"id":"us6000tip9"},
{"type":"Feature","properties":{"mag":4.6,"place":"148 km E of Miyako, Japan","time":1786038640068,"updated":1786044697040,"tz":null,"url":"https://earthquake.usgs.gov/earthquakes/eventpage/us6000timi","detail":"https://earthquake.usgs.gov/fdsnws/event/1/query?eventid=us6000timi&format=geojson","felt":null,"cdi":null,"mmi":null,"alert":null,"status":"reviewed","tsunami":0,"sig":326,"net":"us","code":"6000timi","ids":",us6000timi,","sources":",us,","types":",origin,phase-data,","nst":39,"dmin":2.302,"rms":0.68,"gap":123,"magType":"mb","type":"earthquake","title":"M 4.6 - 148 km E of Miyako, Japan"},"geometry":{"type":"Point","coordinates":[143.67,39.6385,10]},"id":"us6000timi"},
{"type":"Feature","properties":{"mag":5.4,"place":"145 km E of Yamada, Japan","time":1786038216862,"updated":1786125032032,"tz":null,"url":"https://earthquake.usgs.gov/earthquakes/eventpage/us6000timf","detail":"https://earthquake.usgs.gov/fdsnws/event/1/query?eventid=us6000timf&format=geojson","felt":null,"cdi":null,"mmi":3.201,"alert":"green","status":"reviewed","tsunami":0,"sig":449,"net":"us","code":"6000timf","ids":",usauto6000timf,us6000timf,","sources":",usauto,us,","types":",internal-moment-tensor,losspager,moment-tensor,origin,phase-data,shakemap,","nst":126,"dmin":2.312,"rms":0.55,"gap":98,"magType":"mww","type":"earthquake","title":"M 5.4 - 145 km E of Yamada, Japan"},"geometry":{"type":"Point","coordinates":[143.6408,39.5829,10]},"id":"us6000timf"},
{"type":"Feature","properties":{"mag":4.9,"place":"195 km SE of Lorengau, Papua New Guinea","time":1786032119722,"updated":1786033200040,"tz":null,"url":"https://earthquake.usgs.gov/earthquakes/eventpage/us6000tikr","detail":"https://earthquake.usgs.gov/fdsnws/event/1/query?eventid=us6000tikr&format=geojson","felt":null,"cdi":null,"mmi":null,"alert":null,"status":"reviewed","tsunami":0,"sig":369,"net":"us","code":"6000tikr","ids":",us6000tikr,","sources":",us,","types":",origin,phase-data,","nst":46,"dmin":1.687,"rms":0.91,"gap":76,"magType":"mb","type":"earthquake","title":"M 4.9 - 195 km SE of Lorengau, Papua New Guinea"},"geometry":{"type":"Point","coordinates":[148.4767,-3.3233,10]},"id":"us6000tikr"},
{"type":"Feature","properties":{"mag":4,"place":"232 km ESE of Attu Station, Alaska","time":1786031355039,"updated":1786051220834,"tz":null,"url":"https://earthquake.usgs.gov/earthquakes/eventpage/us6000til7","detail":"https://earthquake.usgs.gov/fdsnws/event/1/query?eventid=us6000til7&format=geojson","felt":null,"cdi":null,"mmi":2.026,"alert":null,"status":"reviewed","tsunami":0,"sig":246,"net":"us","code":"6000til7","ids":",aka2026pmakke,us6000til7,","sources":",ak,us,","types":",origin,phase-data,shakemap,","nst":24,"dmin":1.394,"rms":0.93,"gap":197,"magType":"mb","type":"earthquake","title":"M 4.0 - 232 km ESE of Attu Station, Alaska"},"geometry":{"type":"Point","coordinates":[176.259,51.925,10]},"id":"us6000til7"},
{"type":"Feature","properties":{"mag":5.1,"place":"110 km W of Buala, Solomon Islands","time":1786023731429,"updated":1786024880040,"tz":null,"url":"https://earthquake.usgs.gov/earthquakes/eventpage/us6000tik6","detail":"https://earthquake.usgs.gov/fdsnws/event/1/query?eventid=us6000tik6&format=geojson","felt":null,"cdi":null,"mmi":null,"alert":null,"status":"reviewed","tsunami":0,"sig":400,"net":"us","code":"6000tik6","ids":",usauto6000tik6,us6000tik6,","sources":",usauto,us,","types":",internal-moment-tensor,origin,phase-data,","nst":77,"dmin":1.952,"rms":0.73,"gap":45,"magType":"mww","type":"earthquake","title":"M 5.1 - 110 km W of Buala, Solomon Islands"},"geometry":{"type":"Point","coordinates":[158.5995,-8.0025,54.348]},"id":"us6000tik6"},
{"type":"Feature","properties":{"mag":4.6,"place":"5 km ENE of Matsubase, Japan","time":1786013364271,"updated":1786025184872,"tz":null,"url":"https://earthquake.usgs.gov/earthquakes/eventpage/us6000tijg","detail":"https://earthquake.usgs.gov/fdsnws/event/1/query?eventid=us6000tijg&format=geojson","felt":3,"cdi":3.8,"mmi":null,"alert":null,"status":"reviewed","tsunami":0,"sig":327,"net":"us","code":"6000tijg","ids":",us6000tijg,","sources":",us,","types":",dyfi,origin,phase-data,","nst":51,"dmin":1.171,"rms":1.03,"gap":109,"magType":"mb","type":"earthquake","title":"M 4.6 - 5 km ENE of Matsubase, Japan"},"geometry":{"type":"Point","coordinates":[130.7231,32.6611,10]},"id":"us6000tijg"},
{"type":"Feature","properties":{"mag":4.9,"place":"128 km WSW of Port Orford, Oregon","time":1786010140381,"updated":1786874753145,"tz":null,"url":"https://earthquake.usgs.gov/earthquakes/eventpage/us6000tij5","detail":"https://earthquake.usgs.gov/fdsnws/event/1/query?eventid=us6000tij5&format=geojson","felt":5,"cdi":2.2,"mmi":null,"alert":null,"status":"reviewed","tsunami":0,"sig":370,"net":"us","code":"6000tij5","ids":",us6000tij5,ew1786010160,","sources":",us,ew,","types":",dyfi,event-sequence,moment-tensor,oaf,origin,phase-data,shake-alert,","nst":23,"dmin":1.226,"rms":0.38,"gap":234,"magType":"mww","type":"earthquake","title":"M 4.9 - 128 km WSW of Port Orford, Oregon"},"geometry":{"type":"Point","coordinates":[-125.9976,42.4079,10]},"id":"us6000tij5"},
{"type":"Feature","properties":{"mag":4.4,"place":"60 km ENE of Aras-asan, Philippines","time":1786004411051,"updated":1786536094040,"tz":null,"url":"https://earthquake.usgs.gov/earthquakes/eventpage/us6000tjya","detail":"https://earthquake.usgs.gov/fdsnws/event/1/query?eventid=us6000tjya&format=geojson","felt":null,"cdi":null,"mmi":null,"alert":null,"status":"reviewed","tsunami":0,"sig":298,"net":"us","code":"6000tjya","ids":",us6000tjya,","sources":",us,","types":",origin,phase-data,","nst":20,"dmin":2.317,"rms":0.57,"gap":72,"magType":"mb","type":"earthquake","title":"M 4.4 - 60 km ENE of Aras-asan, Philippines"},"geometry":{"type":"Point","coordinates":[126.8414,9.0335,9.694]},"id":"us6000tjya"},
{"type":"Feature","properties":{"mag":4.3,"place":"18 km ENE of San Marcos, Colombia","time":1785999179774,"updated":1786534580040,"tz":null,"url":"https://earthquake.usgs.gov/earthquakes/eventpage/us6000tiif","detail":"https://earthquake.usgs.gov/fdsnws/event/1/query?eventid=us6000tiif&format=geojson","felt":null,"cdi":null,"mmi":null,"alert":null,"status":"reviewed","tsunami":0,"sig":284,"net":"us","code":"6000tiif","ids":",us6000tiif,","sources":",us,","types":",origin,phase-data,","nst":34,"dmin":1.199,"rms":1.02,"gap":83,"magType":"mb","type":"earthquake","title":"M 4.3 - 18 km ENE of San Marcos, Colombia"},"geometry":{"type":"Point","coordinates":[-74.9712,8.7076,51.714]},"id":"us6000tiif"},
{"type":"Feature","properties":{"mag":4.5,"place":"66 km NW of Houma, Tonga","time":1785998644020,"updated":1786533664040,"tz":null,"url":"https://earthquake.usgs.gov/earthquakes/eventpage/us6000tiie","detail":"https://earthquake.usgs.gov/fdsnws/event/1/query?eventid=us6000tiie&format=geojson","felt":null,"cdi":null,"mmi":null,"alert":null,"status":"reviewed","tsunami":0,"sig":312,"net":"us","code":"6000tiie","ids":",us6000tiie,","sources":",us,","types":",origin,phase-data,","nst":48,"dmin":5.816,"rms":0.64,"gap":106,"magType":"mb","type":"earthquake","title":"M 4.5 - 66 km NW of Houma, Tonga"},"geometry":{"type":"Point","coordinates":[-175.8259,-20.8299,113.351]},"id":"us6000tiie"},
{"type":"Feature","properties":{"mag":4,"place":"57 km SE of Kīsh, Iran","time":1785998558204,"updated":1786717335127,"tz":null,"url":"https://earthquake.usgs.gov/earthquakes/eventpage/us6000tjyv","detail":"https://earthquake.usgs.gov/fdsnws/event/1/query?eventid=us6000tjyv&format=geojson","felt":1,"cdi":2.2,"mmi":null,"alert":null,"status":"reviewed","tsunami":0,"sig":246,"net":"us","code":"6000tjyv","ids":",us6000tjyv,","sources":",us,","types":",dyfi,origin,phase-data,","nst":17,"dmin":2.033,"rms":0.89,"gap":127,"magType":"mb","type":"earthquake","title":"M 4.0 - 57 km SE of Kīsh, Iran"},"geometry":{"type":"Point","coordinates":[54.3989,26.1651,10]},"id":"us6000tjyv"},
{"type":"Feature","properties":{"mag":4.1,"place":"88 km SW of Corinto, Nicaragua","time":1785989627605,"updated":1785992281040,"tz":null,"url":"https://earthquake.usgs.gov/earthquakes/eventpage/us6000tihn","detail":"https://earthquake.usgs.gov/fdsnws/event/1/query?eventid=us6000tihn&format=geojson","felt":null,"cdi":null,"mmi":null,"alert":null,"status":"reviewed","tsunami":0,"sig":259,"net":"us","code":"6000tihn","ids":",us6000tihn,","sources":",us,","types":",origin,phase-data,","nst":19,"dmin":1.773,"rms":0.56,"gap":194,"magType":"mb","type":"earthquake","title":"M 4.1 - 88 km SW of Corinto, Nicaragua"},"geometry":{"type":"Point","coordinates":[-87.6264,11.8219,38.188]},"id":"us6000tihn"},
{"type":"Feature","properties":{"mag":4.6,"place":"48 km WSW of Sarangani, Philippines","time":1785985931368,"updated":1785986853040,"tz":null,"url":"https://earthquake.usgs.gov/earthquakes/eventpage/us6000tihf","detail":"https://earthquake.usgs.gov/fdsnws/event/1/query?eventid=us6000tihf&format=geojson","felt":null,"cdi":null,"mmi":null,"alert":null,"status":"reviewed","tsunami":0,"sig":326,"net":"us","code":"6000tihf","ids":",us6000tihf,","sources":",us,","types":",origin,phase-data,","nst":26,"dmin":1.914,"rms":0.63,"gap":123,"magType":"mb","type":"earthquake","title":"M 4.6 - 48 km WSW of Sarangani, Philippines"},"geometry":{"type":"Point","coordinates":[125.0756,5.2096,35]},"id":"us6000tihf"},
{"type":"Feature","properties":{"mag":4,"place":"203 km NW of Oula Xiuma, China","time":1785976493300,"updated":1785981076040,"tz":null,"url":"https://earthquake.usgs.gov/earthquakes/eventpage/us6000tigp","detail":"https://earthquake.usgs.gov/fdsnws/event/1/query?eventid=us6000tigp&format=geojson","felt":null,"cdi":null,"mmi":null,"alert":null,"status":"reviewed","tsunami":0,"sig":246,"net":"us","code":"6000tigp","ids":",us6000tigp,","sources":",us,","types":",origin,phase-data,","nst":16,"dmin":3.474,"rms":0.84,"gap":192,"magType":"mb","type":"earthquake","title":"M 4.0 - 203 km NW of Oula Xiuma, China"},"geometry":{"type":"Point","coordinates":[99.4686,35.4698,10]},"id":"us6000tigp"},
{"type":"Feature","properties":{"mag":4.8,"place":"62 km NNE of Shi Yomi, India","time":1785975317634,"updated":1785982166479,"tz":null,"url":"https://earthquake.usgs.gov/earthquakes/eventpage/us6000tigl","detail":"https://earthquake.usgs.gov/fdsnws/event/1/query?eventid=us6000tigl&format=geojson","felt":2,"cdi":3.8,"mmi":null,"alert":null,"status":"reviewed","tsunami":0,"sig":355,"net":"us","code":"6000tigl","ids":",us6000tigl,","sources":",us,","types":",dyfi,origin,phase-data,","nst":56,"dmin":7.792,"rms":1,"gap":91,"magType":"mb","type":"earthquake","title":"M 4.8 - 62 km NNE of Shi Yomi, India"},"geometry":{"type":"Point","coordinates":[94.6765,29.0283,10]},"id":"us6000tigl"},
{"type":"Feature","properties":{"mag":4.9,"place":"15 km WSW of Honmachi, Japan","time":1785970764692,"updated":1785984637354,"tz":null,"url":"https://earthquake.usgs.gov/earthquakes/eventpage/us6000tig8","detail":"https://earthquake.usgs.gov/fdsnws/event/1/query?eventid=us6000tig8&format=geojson","felt":7,"cdi":3.8,"mmi":null,"alert":null,"status":"reviewed","tsunami":0,"sig":372,"net":"us","code":"6000tig8","ids":",us6000tig8,usauto6000tig8,","sources":",us,usauto,","types":",dyfi,internal-moment-tensor,origin,phase-data,","nst":69,"dmin":0.934,"rms":0.78,"gap":100,"magType":"mww","type":"earthquake","title":"M 4.9 - 15 km WSW of Honmachi, Japan"},"geometry":{"type":"Point","coordinates":[130.455,32.4463,10]},"id":"us6000tig8"},
{"type":"Feature","properties":{"mag":4.41,"place":"31 km NNW of Covelo, CA","time":1785968517390,"updated":1786833124491,"tz":null,"url":"https://earthquake.usgs.gov/earthquakes/eventpage/nc75412157","detail":"https://earthquake.usgs.gov/fdsnws/event/1/query?eventid=nc75412157&format=geojson","felt":122,"cdi":3.8,"mmi":4.574,"alert":"green","status":"reviewed","tsunami":0,"sig":346,"net":"nc","code":"75412157","ids":",ew1785968520,nc75412157,us6000tifk,","sources":",ew,nc,us,","types":",dyfi,event-sequence,focal-mechanism,losspager,moment-tensor,nearby-cities,oaf,origin,phase-data,scitech-link,shake-alert,shakemap,","nst":51,"dmin":0.09739,"rms":0.25,"gap":28,"magType":"mw","type":"earthquake","title":"M 4.4 - 31 km NNW of Covelo, CA"},"geometry":{"type":"Point","coordinates":[-123.446166666667,40.0223333333333,7.28]},"id":"nc75412157"},
{"type":"Feature","properties":{"mag":4.9,"place":"42 km SW of Sarangani, Philippines","time":1785967904587,"updated":1785981595040,"tz":null,"url":"https://earthquake.usgs.gov/earthquakes/eventpage/us6000tifh","detail":"https://earthquake.usgs.gov/fdsnws/event/1/query?eventid=us6000tifh&format=geojson","felt":null,"cdi":null,"mmi":null,"alert":null,"status":"reviewed","tsunami":0,"sig":369,"net":"us","code":"6000tifh","ids":",us6000tifh,","sources":",us,","types":",origin,phase-data,","nst":43,"dmin":1.999,"rms":0.58,"gap":122,"magType":"mb","type":"earthquake","title":"M 4.9 - 42 km SW of Sarangani, Philippines"},"geometry":{"type":"Point","coordinates":[125.2468,5.0849,10]},"id":"us6000tifh"},
{"type":"Feature","properties":{"mag":5.6,"place":"40 km SW of Sarangani, Philippines","time":1785966087717,"updated":1786052957975,"tz":null,"url":"https://earthquake.usgs.gov/earthquakes/eventpage/us6000tif5","detail":"https://earthquake.usgs.gov/fdsnws/event/1/query?eventid=us6000tif5&format=geojson","felt":14,"cdi":5.4,"mmi":4.421,"alert":"green","status":"reviewed","tsunami":0,"sig":490,"net":"us","code":"6000tif5","ids":",us6000tif5,usauto6000tif5,","sources":",us,usauto,","types":",dyfi,ground-failure,internal-moment-tensor,losspager,moment-tensor,origin,phase-data,shakemap,","nst":141,"dmin":1.96,"rms":0.7,"gap":43,"magType":"mww","type":"earthquake","title":"M 5.6 - 40 km SW of Sarangani, Philippines"},"geometry":{"type":"Point","coordinates":[125.227,5.1283,10]},"id":"us6000tif5"},
{"type":"Feature","properties":{"mag":4.6,"place":"99 km WSW of Houma, Tonga","time":1785963578899,"updated":1785967389040,"tz":null,"url":"https://earthquake.usgs.gov/earthquakes/eventpage/us6000tiex","detail":"https://earthquake.usgs.gov/fdsnws/event/1/query?eventid=us6000tiex&format=geojson","felt":null,"cdi":null,"mmi":null,"alert":null,"status":"reviewed","tsunami":0,"sig":326,"net":"us","code":"6000tiex","ids":",us6000tiex,","sources":",us,","types":",origin,phase-data,","nst":71,"dmin":6.358,"rms":0.68,"gap":111,"magType":"mb","type":"earthquake","title":"M 4.6 - 99 km WSW of Houma, Tonga"},"geometry":{"type":"Point","coordinates":[-176.1885,-21.5171,137.247]},"id":"us6000tiex"},
{"type":"Feature","properties":{"mag":4.1,"place":"69 km NE of Petropavlovsk-Kamchatsky, Russia","time":1785961624989,"updated":1786140399040,"tz":null,"url":"https://earthquake.usgs.gov/earthquakes/eventpage/us6000tieq","detail":"https://earthquake.usgs.gov/fdsnws/event/1/query?eventid=us6000tieq&format=geojson","felt":null,"cdi":null,"mmi":null,"alert":null,"status":"reviewed","tsunami":0,"sig":259,"net":"us","code":"6000tieq","ids":",us6000tieq,","sources":",us,","types":",origin,phase-data,","nst":76,"dmin":0.649,"rms":0.65,"gap":142,"magType":"mb","type":"earthquake","title":"M 4.1 - 69 km NE of Petropavlovsk-Kamchatsky, Russia"},"geometry":{"type":"Point","coordinates":[159.2327,53.5685,94.091]},"id":"us6000tieq"},
{"type":"Feature","properties":{"mag":5.2,"place":"31 km SSW of Ialibu, Papua New Guinea","time":1785959186861,"updated":1786648257096,"tz":null,"url":"https://earthquake.usgs.gov/earthquakes/eventpage/us6000tie5","detail":"https://earthquake.usgs.gov/fdsnws/event/1/query?eventid=us6000tie5&format=geojson","felt":2,"cdi":2.1,"mmi":null,"alert":null,"status":"reviewed","tsunami":0,"sig":416,"net":"us","code":"6000tie5","ids":",us6000tie5,","sources":",us,","types":",dyfi,origin,phase-data,","nst":60,"dmin":4.357,"rms":0.84,"gap":38,"magType":"mb","type":"earthquake","title":"M 5.2 - 31 km SSW of Ialibu, Papua New Guinea"},"geometry":{"type":"Point","coordinates":[143.8444,-6.5225,10.028]},"id":"us6000tie5"},
{"type":"Feature","properties":{"mag":4.7,"place":"31 km SSW of Sarangani, Philippines","time":1785958346748,"updated":1786123061040,"tz":null,"url":"https://earthquake.usgs.gov/earthquakes/eventpage/us6000tidz","detail":"https://earthquake.usgs.gov/fdsnws/event/1/query?eventid=us6000tidz&format=geojson","felt":null,"cdi":null,"mmi":null,"alert":null,"status":"reviewed","tsunami":0,"sig":340,"net":"us","code":"6000tidz","ids":",us6000tidz,","sources":",us,","types":",origin,phase-data,","nst":48,"dmin":1.942,"rms":0.68,"gap":109,"magType":"mb","type":"earthquake","title":"M 4.7 - 31 km SSW of Sarangani, Philippines"},"geometry":{"type":"Point","coordinates":[125.3857,5.1249,10.014]},"id":"us6000tidz"},
{"type":"Feature","properties":{"mag":5.3,"place":"62 km W of Tobelo, Indonesia","time":1785948618349,"updated":1785950182363,"tz":null,"url":"https://earthquake.usgs.gov/earthquakes/eventpage/us6000tics","detail":"https://earthquake.usgs.gov/fdsnws/event/1/query?eventid=us6000tics&format=geojson","felt":1,"cdi":2.2,"mmi":null,"alert":null,"status":"reviewed","tsunami":0,"sig":432,"net":"us","code":"6000tics","ids":",us6000tics,usauto6000tics,","sources":",us,usauto,","types":",dyfi,internal-moment-tensor,moment-tensor,origin,phase-data,","nst":85,"dmin":5.567,"rms":0.65,"gap":36,"magType":"mww","type":"earthquake","title":"M 5.3 - 62 km W of Tobelo, Indonesia"},"geometry":{"type":"Point","coordinates":[127.454,1.7901,115.65]},"id":"us6000tics"},
{"type":"Feature","properties":{"mag":4.7,"place":"127 km E of Bitung, Indonesia","time":1785939410054,"updated":1785948965040,"tz":null,"url":"https://earthquake.usgs.gov/earthquakes/eventpage/us6000tial","detail":"https://earthquake.usgs.gov/fdsnws/event/1/query?eventid=us6000tial&format=geojson","felt":null,"cdi":null,"mmi":null,"alert":null,"status":"reviewed","tsunami":0,"sig":340,"net":"us","code":"6000tial","ids":",us6000tial,","sources":",us,","types":",origin,phase-data,","nst":35,"dmin":7.3,"rms":0.58,"gap":62,"magType":"mb","type":"earthquake","title":"M 4.7 - 127 km E of Bitung, Indonesia"},"geometry":{"type":"Point","coordinates":[126.2646,1.2938,10]},"id":"us6000tial"},
{"type":"Feature","properties":{"mag":5,"place":"60 km NNE of Shi Yomi, India","time":1785924369955,"updated":1785938361452,"tz":null,"url":"https://earthquake.usgs.gov/earthquakes/eventpage/us6000ti9w","detail":"https://earthquake.usgs.gov/fdsnws/event/1/query?eventid=us6000ti9w&format=geojson","felt":3,"cdi":2,"mmi":null,"alert":null,"status":"reviewed","tsunami":0,"sig":385,"net":"us","code":"6000ti9w","ids":",us6000ti9w,","sources":",us,","types":",dyfi,origin,phase-data,","nst":68,"dmin":7.766,"rms":0.8,"gap":59,"magType":"mb","type":"earthquake","title":"M 5.0 - 60 km NNE of Shi Yomi, India"},"geometry":{"type":"Point","coordinates":[94.681,29.0027,10]},"id":"us6000ti9w"},
{"type":"Feature","properties":{"mag":4.4,"place":"46 km SSW of Sarangani, Philippines","time":1785922700843,"updated":1785924212040,"tz":null,"url":"https://earthquake.usgs.gov/earthquakes/eventpage/us6000ti9q","detail":"https://earthquake.usgs.gov/fdsnws/event/1/query?eventid=us6000ti9q&format=geojson","felt":null,"cdi":null,"mmi":null,"alert":null,"status":"reviewed","tsunami":0,"sig":298,"net":"us","code":"6000ti9q","ids":",us6000ti9q,","sources":",us,","types":",origin,phase-data,","nst":26,"dmin":2.046,"rms":0.57,"gap":136,"magType":"mb","type":"earthquake","title":"M 4.4 - 46 km SSW of Sarangani, Philippines"},"geometry":{"type":"Point","coordinates":[125.2545,5.0358,27.957]},"id":"us6000ti9q"},
{"type":"Feature","properties":{"mag":4.8,"place":"45 km SSW of Sarangani, Philippines","time":1785921427881,"updated":1785923722447,"tz":null,"url":"https://earthquake.usgs.gov/earthquakes/eventpage/us6000ti9k","detail":"https://earthquake.usgs.gov/fdsnws/event/1/query?eventid=us6000ti9k&format=geojson","felt":1,"cdi":2,"mmi":null,"alert":null,"status":"reviewed","tsunami":0,"sig":355,"net":"us","code":"6000ti9k","ids":",us6000ti9k,","sources":",us,","types":",dyfi,origin,phase-data,","nst":42,"dmin":2.032,"rms":0.77,"gap":101,"magType":"mb","type":"earthquake","title":"M 4.8 - 45 km SSW of Sarangani, Philippines"},"geometry":{"type":"Point","coordinates":[125.2544,5.0507,35]},"id":"us6000ti9k"},
{"type":"Feature","properties":{"mag":6.3,"place":"south of the Kermadec Islands","time":1785915807317,"updated":1786002698507,"tz":null,"url":"https://earthquake.usgs.gov/earthquakes/eventpage/us6000ti8i","detail":"https://earthquake.usgs.gov/fdsnws/event/1/query?eventid=us6000ti8i&format=geojson","felt":14,"cdi":3.1,"mmi":3.316,"alert":"green","status":"reviewed","tsunami":0,"sig":615,"net":"us","code":"6000ti8i","ids":",us6000ti8i,attjadgb,","sources":",us,at,","types":",dyfi,ground-failure,internal-origin,losspager,moment-tensor,origin,phase-data,shakemap,","nst":80,"dmin":3.866,"rms":1.04,"gap":27,"magType":"mww","type":"earthquake","title":"M 6.3 - south of the Kermadec Islands"},"geometry":{"type":"Point","coordinates":[179.4727,-33.8063,226.084]},"id":"us6000ti8i"},
{"type":"Feature","properties":{"mag":5.2,"place":"Auckland Islands, New Zealand region","time":1785912264701,"updated":1785913760040,"tz":null,"url":"https://earthquake.usgs.gov/earthquakes/eventpage/us6000ti85","detail":"https://earthquake.usgs.gov/fdsnws/event/1/query?eventid=us6000ti85&format=geojson","felt":null,"cdi":null,"mmi":null,"alert":null,"status":"reviewed","tsunami":0,"sig":416,"net":"us","code":"6000ti85","ids":",us6000ti85,","sources":",us,","types":",origin,phase-data,","nst":97,"dmin":3.759,"rms":0.96,"gap":57,"magType":"mb","type":"earthquake","title":"M 5.2 - Auckland Islands, New Zealand region"},"geometry":{"type":"Point","coordinates":[164.0845,-49.5336,21.906]},"id":"us6000ti85"},
{"type":"Feature","properties":{"mag":4.8,"place":"42 km SW of Sarangani, Philippines","time":1785912107420,"updated":1786515451040,"tz":null,"url":"https://earthquake.usgs.gov/earthquakes/eventpage/us6000ti86","detail":"https://earthquake.usgs.gov/fdsnws/event/1/query?eventid=us6000ti86&format=geojson","felt":null,"cdi":null,"mmi":null,"alert":null,"status":"reviewed","tsunami":0,"sig":354,"net":"us","code":"6000ti86","ids":",us6000ti86,","sources":",us,","types":",origin,phase-data,","nst":63,"dmin":1.978,"rms":0.8,"gap":80,"magType":"mb","type":"earthquake","title":"M 4.8 - 42 km SW of Sarangani, Philippines"},"geometry":{"type":"Point","coordinates":[125.216,5.1124,35]},"id":"us6000ti86"},
{"type":"Feature","properties":{"mag":4.5,"place":"84 km SW of Champerico, Guatemala","time":1785910423173,"updated":1786513790040,"tz":null,"url":"https://earthquake.usgs.gov/earthquakes/eventpage/us6000ti81","detail":"https://earthquake.usgs.gov/fdsnws/event/1/query?eventid=us6000ti81&format=geojson","felt":null,"cdi":null,"mmi":null,"alert":null,"status":"reviewed","tsunami":0,"sig":312,"net":"us","code":"6000ti81","ids":",us6000ti81,","sources":",us,","types":",origin,phase-data,","nst":71,"dmin":2.536,"rms":1.21,"gap":188,"magType":"mb","type":"earthquake","title":"M 4.5 - 84 km SW of Champerico, Guatemala"},"geometry":{"type":"Point","coordinates":[-92.4623,13.7508,11.956]},"id":"us6000ti81"},
{"type":"Feature","properties":{"mag":4.9,"place":"54 km ESE of Sarangani, Philippines","time":1785909422837,"updated":1785915257040,"tz":null,"url":"https://earthquake.usgs.gov/earthquakes/eventpage/us6000ti7z","detail":"https://earthquake.usgs.gov/fdsnws/event/1/query?eventid=us6000ti7z&format=geojson","felt":null,"cdi":null,"mmi":null,"alert":null,"status":"reviewed","tsunami":0,"sig":369,"net":"us","code":"6000ti7z","ids":",us6000ti7z,","sources":",us,","types":",origin,phase-data,","nst":46,"dmin":1.932,"rms":0.74,"gap":130,"magType":"mb","type":"earthquake","title":"M 4.9 - 54 km ESE of Sarangani, Philippines"},"geometry":{"type":"Point","coordinates":[125.8812,5.1481,43.708]},"id":"us6000ti7z"},
{"type":"Feature","properties":{"mag":4.6,"place":"84 km ESE of Sarangani, Philippines","time":1785909234201,"updated":1785914519040,"tz":null,"url":"https://earthquake.usgs.gov/earthquakes/eventpage/us6000ti7y","detail":"https://earthquake.usgs.gov/fdsnws/event/1/query?eventid=us6000ti7y&format=geojson","felt":null,"cdi":null,"mmi":null,"alert":null,"status":"reviewed","tsunami":0,"sig":326,"net":"us","code":"6000ti7y","ids":",us6000ti7y,","sources":",us,","types":",origin,phase-data,","nst":43,"dmin":2.077,"rms":0.81,"gap":105,"magType":"mb","type":"earthquake","title":"M 4.6 - 84 km ESE of Sarangani, Philippines"},"geometry":{"type":"Point","coordinates":[126.1378,5.0554,35]},"id":"us6000ti7y"},
{"type":"Feature","properties":{"mag":4.9,"place":"45 km SW of Sarangani, Philippines","time":1785906784282,"updated":1785908417301,"tz":null,"url":"https://earthquake.usgs.gov/earthquakes/eventpage/us6000ti7t","detail":"https://earthquake.usgs.gov/fdsnws/event/1/query?eventid=us6000ti7t&format=geojson","felt":1,"cdi":3.4,"mmi":null,"alert":null,"status":"reviewed","tsunami":0,"sig":370,"net":"us","code":"6000ti7t","ids":",us6000ti7t,","sources":",us,","types":",dyfi,origin,phase-data,","nst":36,"dmin":2.007,"rms":0.88,"gap":125,"magType":"mb","type":"earthquake","title":"M 4.9 - 45 km SW of Sarangani, Philippines"},"geometry":{"type":"Point","coordinates":[125.1979,5.0859,29.668]},"id":"us6000ti7t"},
{"type":"Feature","properties":{"mag":4.5,"place":"227 km SSW of Severo-Kuril’sk, Russia","time":1785906177604,"updated":1786512987040,"tz":null,"url":"https://earthquake.usgs.gov/earthquakes/eventpage/us6000ti7p","detail":"https://earthquake.usgs.gov/fdsnws/event/1/query?eventid=us6000ti7p&format=geojson","felt":null,"cdi":null,"mmi":null,"alert":null,"status":"reviewed","tsunami":0,"sig":312,"net":"us","code":"6000ti7p","ids":",us6000ti7p,","sources":",us,","types":",origin,phase-data,","nst":50,"dmin":4.674,"rms":0.79,"gap":135,"magType":"mb","type":"earthquake","title":"M 4.5 - 227 km SSW of Severo-Kuril’sk, Russia"},"geometry":{"type":"Point","coordinates":[154.9474,48.7748,82.432]},"id":"us6000ti7p"},
{"type":"Feature","properties":{"mag":4.8,"place":"64 km SW of Sarangani, Philippines","time":1785904451505,"updated":1785905292040,"tz":null,"url":"https://earthquake.usgs.gov/earthquakes/eventpage/us6000ti7f","detail":"https://earthquake.usgs.gov/fdsnws/event/1/query?eventid=us6000ti7f&format=geojson","felt":null,"cdi":null,"mmi":null,"alert":null,"status":"reviewed","tsunami":0,"sig":354,"net":"us","code":"6000ti7f","ids":",us6000ti7f,","sources":",us,","types":",origin,phase-data,","nst":22,"dmin":2.096,"rms":0.85,"gap":123,"magType":"mb","type":"earthquake","title":"M 4.8 - 64 km SW of Sarangani, Philippines"},"geometry":{"type":"Point","coordinates":[125.0047,5.0397,35]},"id":"us6000ti7f"},
{"type":"Feature","properties":{"mag":5.2,"place":"31 km S of Sarangani, Philippines","time":1785903904586,"updated":1785938000157,"tz":null,"url":"https://earthquake.usgs.gov/earthquakes/eventpage/us6000ti71","detail":"https://earthquake.usgs.gov/fdsnws/event/1/query?eventid=us6000ti71&format=geojson","felt":7,"cdi":4.3,"mmi":null,"alert":null,"status":"reviewed","tsunami":0,"sig":419,"net":"us","code":"6000ti71","ids":",us6000ti71,","sources":",us,","types":",dyfi,origin,phase-data,","nst":45,"dmin":1.937,"rms":1.29,"gap":88,"magType":"mb","type":"earthquake","title":"M 5.2 - 31 km S of Sarangani, Philippines"},"geometry":{"type":"Point","coordinates":[125.412,5.1275,35]},"id":"us6000ti71"},
{"type":"Feature","properties":{"mag":5.1,"place":"238 km SSW of Río Grande, Panama","time":1785903561769,"updated":1785936254560,"tz":null,"url":"https://earthquake.usgs.gov/earthquakes/eventpage/us6000ti6z","detail":"https://earthquake.usgs.gov/fdsnws/event/1/query?eventid=us6000ti6z&format=geojson","felt":1,"cdi":2,"mmi":null,"alert":null,"status":"reviewed","tsunami":0,"sig":400,"net":"us","code":"6000ti6z","ids":",us6000ti6z,usauto6000ti6z,","sources":",us,usauto,","types":",dyfi,internal-moment-tensor,origin,phase-data,","nst":47,"dmin":3.439,"rms":1.04,"gap":142,"magType":"mww","type":"earthquake","title":"M 5.1 - 238 km SSW of Río Grande, Panama"},"geometry":{"type":"Point","coordinates":[-82.4726,5.8882,10]},"id":"us6000ti6z"},
{"type":"Feature","properties":{"mag":6.3,"place":"32 km SW of Sarangani, Philippines","time":1785903246625,"updated":1786442549210,"tz":null,"url":"https://earthquake.usgs.gov/earthquakes/eventpage/us6000ti6x","detail":"https://earthquake.usgs.gov/fdsnws/event/1/query?eventid=us6000ti6x&format=geojson","felt":66,"cdi":7.5,"mmi":6.822,"alert":"green","status":"reviewed","tsunami":0,"sig":660,"net":"us","code":"6000ti6x","ids":",us6000ti6x,usauto6000ti6x,","sources":",us,usauto,","types":",dyfi,ground-failure,internal-moment-tensor,losspager,moment-tensor,origin,phase-data,shakemap,","nst":83,"dmin":1.9,"rms":1.43,"gap":27,"magType":"mww","type":"earthquake","title":"M 6.3 - 32 km SW of Sarangani, Philippines"},"geometry":{"type":"Point","coordinates":[125.276,5.1812,10]},"id":"us6000ti6x"},
{"type":"Feature","properties":{"mag":4.1,"place":"26 km W of San Jose De Sisa, Peru","time":1785901242929,"updated":1785966065040,"tz":null,"url":"https://earthquake.usgs.gov/earthquakes/eventpage/us6000ti6l","detail":"https://earthquake.usgs.gov/fdsnws/event/1/query?eventid=us6000ti6l&format=geojson","felt":null,"cdi":null,"mmi":null,"alert":null,"status":"reviewed","tsunami":0,"sig":259,"net":"us","code":"6000ti6l","ids":",us6000ti6l,","sources":",us,","types":",origin,phase-data,","nst":16,"dmin":4.386,"rms":0.96,"gap":135,"magType":"mb","type":"earthquake","title":"M 4.1 - 26 km W of San Jose De Sisa, Peru"},"geometry":{"type":"Point","coordinates":[-76.9303,-6.6463,10]},"id":"us6000ti6l"},
{"type":"Feature","properties":{"mag":4.9,"place":"Banda Sea","time":1785899767150,"updated":1785900646040,"tz":null,"url":"https://earthquake.usgs.gov/earthquakes/eventpage/us6000ti6f","detail":"https://earthquake.usgs.gov/fdsnws/event/1/query?eventid=us6000ti6f&format=geojson","felt":null,"cdi":null,"mmi":null,"alert":null,"status":"reviewed","tsunami":0,"sig":369,"net":"us","code":"6000ti6f","ids":",us6000ti6f,","sources":",us,","types":",origin,phase-data,","nst":52,"dmin":2.188,"rms":0.76,"gap":80,"magType":"mb","type":"earthquake","title":"M 4.9 - Banda Sea"},"geometry":{"type":"Point","coordinates":[128.9345,-6.4991,234.999]},"id":"us6000ti6f"},
{"type":"Feature","properties":{"mag":4.6,"place":"36 km ESE of Severo-Kuril’sk, Russia","time":1785898015420,"updated":1785899254040,"tz":null,"url":"https://earthquake.usgs.gov/earthquakes/eventpage/us6000ti6d","detail":"https://earthquake.usgs.gov/fdsnws/event/1/query?eventid=us6000ti6d&format=geojson","felt":null,"cdi":null,"mmi":null,"alert":null,"status":"reviewed","tsunami":0,"sig":326,"net":"us","code":"6000ti6d","ids":",us6000ti6d,","sources":",us,","types":",origin,phase-data,","nst":86,"dmin":2.707,"rms":0.71,"gap":135,"magType":"mb","type":"earthquake","title":"M 4.6 - 36 km ESE of Severo-Kuril’sk, Russia"},"geometry":{"type":"Point","coordinates":[156.568,50.4973,73.257]},"id":"us6000ti6d"},
{"type":"Feature","properties":{"mag":4.2,"place":"12 km WNW of Gerāsh, Iran","time":1785889503294,"updated":1785897826040,"tz":null,"url":"https://earthquake.usgs.gov/earthquakes/eventpage/us6000ti5w","detail":"https://earthquake.usgs.gov/fdsnws/event/1/query?eventid=us6000ti5w&format=geojson","felt":null,"cdi":null,"mmi":null,"alert":null,"status":"reviewed","tsunami":0,"sig":271,"net":"us","code":"6000ti5w","ids":",us6000ti5w,","sources":",us,","types":",origin,phase-data,","nst":26,"dmin":3.376,"rms":0.43,"gap":99,"magType":"mb","type":"earthquake","title":"M 4.2 - 12 km WNW of Gerāsh, Iran"},"geometry":{"type":"Point","coordinates":[54.0126,27.7003,10]},"id":"us6000ti5w"},
{"type":"Feature","properties":{"mag":4.8,"place":"55 km WSW of Monywa, Burma (Myanmar)","time":1785888717782,"updated":1785902838240,"tz":null,"url":"https://earthquake.usgs.gov/earthquakes/eventpage/us6000ti5u","detail":"https://earthquake.usgs.gov/fdsnws/event/1/query?eventid=us6000ti5u&format=geojson","felt":2,"cdi":3.4,"mmi":null,"alert":null,"status":"reviewed","tsunami":0,"sig":355,"net":"us","code":"6000ti5u","ids":",us6000ti5u,","sources":",us,","types":",dyfi,origin,phase-data,","nst":119,"dmin":0.738,"rms":0.64,"gap":26,"magType":"mb","type":"earthquake","title":"M 4.8 - 55 km WSW of Monywa, Burma (Myanmar)"},"geometry":{"type":"Point","coordinates":[94.6478,21.9032,103.392]},"id":"us6000ti5u"},
{"type":"Feature","properties":{"mag":4.4,"place":"62 km NE of Kuji, Japan","time":1785877734570,"updated":1785893937040,"tz":null,"url":"https://earthquake.usgs.gov/earthquakes/eventpage/us6000ti4p","detail":"https://earthquake.usgs.gov/fdsnws/event/1/query?eventid=us6000ti4p&format=geojson","felt":null,"cdi":null,"mmi":null,"alert":null,"status":"reviewed","tsunami":0,"sig":298,"net":"us","code":"6000ti4p","ids":",us6000ti4p,","sources":",us,","types":",origin,phase-data,","nst":39,"dmin":0.965,"rms":0.34,"gap":178,"magType":"mb","type":"earthquake","title":"M 4.4 - 62 km NE of Kuji, Japan"},"geometry":{"type":"Point","coordinates":[142.3011,40.57,43.47]},"id":"us6000ti4p"},
{"type":"Feature","properties":{"mag":4.7,"place":"Fiji region","time":1785875404431,"updated":1785880264040,"tz":null,"url":"https://earthquake.usgs.gov/earthquakes/eventpage/us6000ti4e","detail":"https://earthquake.usgs.gov/fdsnws/event/1/query?eventid=us6000ti4e&format=geojson","felt":null,"cdi":null,"mmi":null,"alert":null,"status":"reviewed","tsunami":0,"sig":340,"net":"us","code":"6000ti4e","ids":",us6000ti4e,","sources":",us,","types":",origin,phase-data,","nst":61,"dmin":4.71,"rms":0.69,"gap":127,"magType":"mb","type":"earthquake","title":"M 4.7 - Fiji region"},"geometry":{"type":"Point","coordinates":[-179.3558,-21.7953,603.036]},"id":"us6000ti4e"},
{"type":"Feature","properties":{"mag":5.7,"place":"127 km NW of Ternate, Indonesia","time":1785874597181,"updated":1785961493693,"tz":null,"url":"https://earthquake.usgs.gov/earthquakes/eventpage/us6000ti49","detail":"https://earthquake.usgs.gov/fdsnws/event/1/query?eventid=us6000ti49&format=geojson","felt":3,"cdi":3.7,"mmi":4.272,"alert":"green","status":"reviewed","tsunami":0,"sig":501,"net":"us","code":"6000ti49","ids":",us6000ti49,usauto6000ti49,","sources":",us,usauto,","types":",dyfi,internal-moment-tensor,losspager,origin,phase-data,shakemap,","nst":85,"dmin":5.599,"rms":1.03,"gap":68,"magType":"mww","type":"earthquake","title":"M 5.7 - 127 km NW of Ternate, Indonesia"},"geometry":{"type":"Point","coordinates":[126.4856,1.5066,35]},"id":"us6000ti49"},
{"type":"Feature","properties":{"mag":4.8,"place":"43 km ESE of Koseda, Japan","time":1785873418739,"updated":1785884829371,"tz":null,"url":"https://earthquake.usgs.gov/earthquakes/eventpage/us6000ti40","detail":"https://earthquake.usgs.gov/fdsnws/event/1/query?eventid=us6000ti40&format=geojson","felt":1,"cdi":2,"mmi":null,"alert":null,"status":"reviewed","tsunami":0,"sig":355,"net":"us","code":"6000ti40","ids":",us6000ti40,","sources":",us,","types":",dyfi,origin,phase-data,","nst":112,"dmin":1.394,"rms":0.77,"gap":115,"magType":"mww","type":"earthquake","title":"M 4.8 - 43 km ESE of Koseda, Japan"},"geometry":{"type":"Point","coordinates":[131.0474,30.2082,44.967]},"id":"us6000ti40"},
{"type":"Feature","properties":{"mag":4.1,"place":"179 km NE of Lospalos, Timor Leste","time":1785864651782,"updated":1785877452040,"tz":null,"url":"https://earthquake.usgs.gov/earthquakes/eventpage/us6000ti1d","detail":"https://earthquake.usgs.gov/fdsnws/event/1/query?eventid=us6000ti1d&format=geojson","felt":null,"cdi":null,"mmi":null,"alert":null,"status":"reviewed","tsunami":0,"sig":259,"net":"us","code":"6000ti1d","ids":",us6000ti1d,","sources":",us,","types":",origin,phase-data,","nst":23,"dmin":3.434,"rms":1.02,"gap":69,"magType":"mb","type":"earthquake","title":"M 4.1 - 179 km NE of Lospalos, Timor Leste"},"geometry":{"type":"Point","coordinates":[128.3355,-7.6019,189.24]},"id":"us6000ti1d"},
{"type":"Feature","properties":{"mag":4.1,"place":"south of the Fiji Islands","time":1785859891956,"updated":1785881280040,"tz":null,"url":"https://earthquake.usgs.gov/earthquakes/eventpage/us6000ti11","detail":"https://earthquake.usgs.gov/fdsnws/event/1/query?eventid=us6000ti11&format=geojson","felt":null,"cdi":null,"mmi":null,"alert":null,"status":"reviewed","tsunami":0,"sig":259,"net":"us","code":"6000ti11","ids":",us6000ti11,","sources":",us,","types":",origin,phase-data,","nst":17,"dmin":5.612,"rms":1.4,"gap":196,"magType":"mb","type":"earthquake","title":"M 4.1 - south of the Fiji Islands"},"geometry":{"type":"Point","coordinates":[-179.8831,-23.8907,453.508]},"id":"us6000ti11"},
{"type":"Feature","properties":{"mag":4.4,"place":"10 km NNE of Xunchang, China","time":1785859114535,"updated":1785880660040,"tz":null,"url":"https://earthquake.usgs.gov/earthquakes/eventpage/us6000ti0y","detail":"https://earthquake.usgs.gov/fdsnws/event/1/query?eventid=us6000ti0y&format=geojson","felt":null,"cdi":null,"mmi":null,"alert":null,"status":"reviewed","tsunami":0,"sig":298,"net":"us","code":"6000ti0y","ids":",us6000ti0y,","sources":",us,","types":",origin,phase-data,","nst":49,"dmin":7.45,"rms":0.61,"gap":106,"magType":"mb","type":"earthquake","title":"M 4.4 - 10 km NNE of Xunchang, China"},"geometry":{"type":"Point","coordinates":[104.7613,28.5388,10]},"id":"us6000ti0y"},
{"type":"Feature","properties":{"mag":4.3,"place":"83 km SSE of Atka, Alaska","time":1785855445233,"updated":1786052025853,"tz":null,"url":"https://earthquake.usgs.gov/earthquakes/eventpage/us6000ti0n","detail":"https://earthquake.usgs.gov/fdsnws/event/1/query?eventid=us6000ti0n&format=geojson","felt":null,"cdi":null,"mmi":3.022,"alert":null,"status":"reviewed","tsunami":0,"sig":284,"net":"us","code":"6000ti0n","ids":",aka2026pigqhn,us6000ti0n,","sources":",ak,us,","types":",origin,phase-data,shakemap,","nst":139,"dmin":0.752,"rms":0.86,"gap":129,"magType":"mb","type":"earthquake","title":"M 4.3 - 83 km SSE of Atka, Alaska"},"geometry":{"type":"Point","coordinates":[-173.5526,51.5653,31.514]},"id":"us6000ti0n"},
{"type":"Feature","properties":{"mag":5.1,"place":"south of Tonga","time":1785855374381,"updated":1785856601040,"tz":null,"url":"https://earthquake.usgs.gov/earthquakes/eventpage/us6000ti0r","detail":"https://earthquake.usgs.gov/fdsnws/event/1/query?eventid=us6000ti0r&format=geojson","felt":null,"cdi":null,"mmi":null,"alert":null,"status":"reviewed","tsunami":0,"sig":400,"net":"us","code":"6000ti0r","ids":",us6000ti0r,","sources":",us,","types":",origin,phase-data,","nst":61,"dmin":5.21,"rms":1.23,"gap":133,"magType":"mb","type":"earthquake","title":"M 5.1 - south of Tonga"},"geometry":{"type":"Point","coordinates":[-175.2303,-24.6061,10]},"id":"us6000ti0r"},
{"type":"Feature","properties":{"mag":4.6,"place":"79 km E of Onagawa Chō, Japan","time":1785852026620,"updated":1785913403023,"tz":null,"url":"https://earthquake.usgs.gov/earthquakes/eventpage/us6000ti0a","detail":"https://earthquake.usgs.gov/fdsnws/event/1/query?eventid=us6000ti0a&format=geojson","felt":1,"cdi":2,"mmi":null,"alert":null,"status":"reviewed","tsunami":0,"sig":326,"net":"us","code":"6000ti0a","ids":",us6000ti0a,","sources":",us,","types":",dyfi,origin,phase-data,","nst":156,"dmin":2.664,"rms":0.8,"gap":120,"magType":"mb","type":"earthquake","title":"M 4.6 - 79 km E of Onagawa Chō, Japan"},"geometry":{"type":"Point","coordinates":[142.3433,38.3126,40.428]},"id":"us6000ti0a"},
{"type":"Feature","properties":{"mag":4.4,"place":"125 km SSE of Mīnāb, Iran","time":1785847212416,"updated":1786446957040,"tz":null,"url":"https://earthquake.usgs.gov/earthquakes/eventpage/us6000thzy","detail":"https://earthquake.usgs.gov/fdsnws/event/1/query?eventid=us6000thzy&format=geojson","felt":null,"cdi":null,"mmi":null,"alert":null,"status":"reviewed","tsunami":0,"sig":298,"net":"us","code":"6000thzy","ids":",us6000thzy,","sources":",us,","types":",origin,phase-data,","nst":47,"dmin":1.654,"rms":0.52,"gap":110,"magType":"mb","type":"earthquake","title":"M 4.4 - 125 km SSE of Mīnāb, Iran"},"geometry":{"type":"Point","coordinates":[57.5489,26.0727,10]},"id":"us6000thzy"},
{"type":"Feature","properties":{"mag":4.3,"place":"94 km WSW of Aquiles Serdán, Mexico","time":1785841672877,"updated":1785848564040,"tz":null,"url":"https://earthquake.usgs.gov/earthquakes/eventpage/us6000thzg","detail":"https://earthquake.usgs.gov/fdsnws/event/1/query?eventid=us6000thzg&format=geojson","felt":null,"cdi":null,"mmi":null,"alert":null,"status":"reviewed","tsunami":0,"sig":284,"net":"us","code":"6000thzg","ids":",us6000thzg,","sources":",us,","types":",origin,phase-data,","nst":72,"dmin":3.45,"rms":0.48,"gap":154,"magType":"mb","type":"earthquake","title":"M 4.3 - 94 km WSW of Aquiles Serdán, Mexico"},"geometry":{"type":"Point","coordinates":[-93.281,14.517,34.165]},"id":"us6000thzg"},
{"type":"Feature","properties":{"mag":4.1,"place":"116 km NNE of Mīnāb, Iran","time":1785836002017,"updated":1785850674040,"tz":null,"url":"https://earthquake.usgs.gov/earthquakes/eventpage/us6000thyw","detail":"https://earthquake.usgs.gov/fdsnws/event/1/query?eventid=us6000thyw&format=geojson","felt":null,"cdi":null,"mmi":null,"alert":null,"status":"reviewed","tsunami":0,"sig":259,"net":"us","code":"6000thyw","ids":",us6000thyw,","sources":",us,","types":",origin,phase-data,","nst":28,"dmin":3.36,"rms":0.73,"gap":158,"magType":"mb","type":"earthquake","title":"M 4.1 - 116 km NNE of Mīnāb, Iran"},"geometry":{"type":"Point","coordinates":[57.5729,28.086,30.678]},"id":"us6000thyw"},
{"type":"Feature","properties":{"mag":4.2,"place":"38 km ENE of Kuji, Japan","time":1785830772609,"updated":1786429528040,"tz":null,"url":"https://earthquake.usgs.gov/earthquakes/eventpage/us6000thyr","detail":"https://earthquake.usgs.gov/fdsnws/event/1/query?eventid=us6000thyr&format=geojson","felt":null,"cdi":null,"mmi":null,"alert":null,"status":"reviewed","tsunami":0,"sig":271,"net":"us","code":"6000thyr","ids":",us6000thyr,","sources":",us,","types":",origin,phase-data,","nst":31,"dmin":0.931,"rms":0.65,"gap":142,"magType":"mb","type":"earthquake","title":"M 4.2 - 38 km ENE of Kuji, Japan"},"geometry":{"type":"Point","coordinates":[142.1552,40.3694,54.834]},"id":"us6000thyr"},
{"type":"Feature","properties":{"mag":4.6,"place":"112 km WSW of Puerto Madero, Mexico","time":1785827228745,"updated":1785828697040,"tz":null,"url":"https://earthquake.usgs.gov/earthquakes/eventpage/us6000thym","detail":"https://earthquake.usgs.gov/fdsnws/event/1/query?eventid=us6000thym&format=geojson","felt":null,"cdi":null,"mmi":null,"alert":null,"status":"reviewed","tsunami":0,"sig":326,"net":"us","code":"6000thym","ids":",us6000thym,","sources":",us,","types":",origin,phase-data,","nst":50,"dmin":3.517,"rms":1.07,"gap":156,"magType":"mb","type":"earthquake","title":"M 4.6 - 112 km WSW of Puerto Madero, Mexico"},"geometry":{"type":"Point","coordinates":[-93.3796,14.3215,10]},"id":"us6000thym"},
{"type":"Feature","properties":{"mag":4.3,"place":"92 km WSW of Puerto Madero, Mexico","time":1785823129103,"updated":1785828319430,"tz":null,"url":"https://earthquake.usgs.gov/earthquakes/eventpage/us6000thyc","detail":"https://earthquake.usgs.gov/fdsnws/event/1/query?eventid=us6000thyc&format=geojson","felt":1,"cdi":2,"mmi":null,"alert":null,"status":"reviewed","tsunami":0,"sig":285,"net":"us","code":"6000thyc","ids":",us6000thyc,","sources":",us,","types":",dyfi,origin,phase-data,","nst":48,"dmin":3.399,"rms":1.06,"gap":184,"magType":"mb","type":"earthquake","title":"M 4.3 - 92 km WSW of Puerto Madero, Mexico"},"geometry":{"type":"Point","coordinates":[-93.2367,14.4676,10]},"id":"us6000thyc"},
{"type":"Feature","properties":{"mag":4.4,"place":"227 km SSE of Shimoda, Japan","time":1785818790063,"updated":1785821580040,"tz":null,"url":"https://earthquake.usgs.gov/earthquakes/eventpage/us6000thxt","detail":"https://earthquake.usgs.gov/fdsnws/event/1/query?eventid=us6000thxt&format=geojson","felt":null,"cdi":null,"mmi":null,"alert":null,"status":"reviewed","tsunami":0,"sig":298,"net":"us","code":"6000thxt","ids":",us6000thxt,","sources":",us,","types":",origin,phase-data,","nst":34,"dmin":3.586,"rms":0.57,"gap":152,"magType":"mb","type":"earthquake","title":"M 4.4 - 227 km SSE of Shimoda, Japan"},"geometry":{"type":"Point","coordinates":[140.276,32.9501,105.368]},"id":"us6000thxt"},
{"type":"Feature","properties":{"mag":4.4,"place":"south of the Fiji Islands","time":1785813632801,"updated":1785814511040,"tz":null,"url":"https://earthquake.usgs.gov/earthquakes/eventpage/us6000thx7","detail":"https://earthquake.usgs.gov/fdsnws/event/1/query?eventid=us6000thx7&format=geojson","felt":null,"cdi":null,"mmi":null,"alert":null,"status":"reviewed","tsunami":0,"sig":298,"net":"us","code":"6000thx7","ids":",us6000thx7,","sources":",us,","types":",origin,phase-data,","nst":32,"dmin":5.327,"rms":0.74,"gap":89,"magType":"mb","type":"earthquake","title":"M 4.4 - south of the Fiji Islands"},"geometry":{"type":"Point","coordinates":[179.9404,-24.2497,514.087]},"id":"us6000thx7"},
{"type":"Feature","properties":{"mag":4,"place":"off the coast of Oregon","time":1785811577005,"updated":1785812581288,"tz":null,"url":"https://earthquake.usgs.gov/earthquakes/eventpage/us6000thx2","detail":"https://earthquake.usgs.gov/fdsnws/event/1/query?eventid=us6000thx2&format=geojson","felt":1,"cdi":1,"mmi":null,"alert":null,"status":"reviewed","tsunami":0,"sig":246,"net":"us","code":"6000thx2","ids":",us6000thx2,","sources":",us,","types":",dyfi,origin,phase-data,","nst":53,"dmin":2.134,"rms":0.59,"gap":211,"magType":"mb","type":"earthquake","title":"M 4.0 - off the coast of Oregon"},"geometry":{"type":"Point","coordinates":[-128.2774,43.9665,10]},"id":"us6000thx2"},
{"type":"Feature","properties":{"mag":4.2,"place":"227 km ESE of Attu Station, Alaska","time":1785797602678,"updated":1786674725040,"tz":null,"url":"https://earthquake.usgs.gov/earthquakes/eventpage/us6000thxy","detail":"https://earthquake.usgs.gov/fdsnws/event/1/query?eventid=us6000thxy&format=geojson","felt":null,"cdi":null,"mmi":2.105,"alert":null,"status":"reviewed","tsunami":0,"sig":271,"net":"us","code":"6000thxy","ids":",aka2026phamvi,us6000thxy,","sources":",ak,us,","types":",origin,phase-data,shakemap,","nst":41,"dmin":1.369,"rms":1.02,"gap":185,"magType":"mb","type":"earthquake","title":"M 4.2 - 227 km ESE of Attu Station, Alaska"},"geometry":{"type":"Point","coordinates":[176.3088,52.1014,29.577]},"id":"us6000thxy"},
{"type":"Feature","properties":{"mag":4.2,"place":"41 km SSE of Ḩājjīābād, Iran","time":1785795324741,"updated":1786672193040,"tz":null,"url":"https://earthquake.usgs.gov/earthquakes/eventpage/us6000thvq","detail":"https://earthquake.usgs.gov/fdsnws/event/1/query?eventid=us6000thvq&format=geojson","felt":null,"cdi":null,"mmi":null,"alert":null,"status":"reviewed","tsunami":0,"sig":271,"net":"us","code":"6000thvq","ids":",us6000thvq,","sources":",us,","types":",origin,phase-data,","nst":46,"dmin":3.021,"rms":0.77,"gap":129,"magType":"mb","type":"earthquake","title":"M 4.2 - 41 km SSE of Ḩājjīābād, Iran"},"geometry":{"type":"Point","coordinates":[56.0893,27.977,10]},"id":"us6000thvq"},
{"type":"Feature","properties":{"mag":4.9,"place":"208 km SE of Severo-Kuril’sk, Russia","time":1785793332886,"updated":1786671611040,"tz":null,"url":"https://earthquake.usgs.gov/earthquakes/eventpage/us6000thvj","detail":"https://earthquake.usgs.gov/fdsnws/event/1/query?eventid=us6000thvj&format=geojson","felt":null,"cdi":null,"mmi":null,"alert":null,"status":"reviewed","tsunami":0,"sig":369,"net":"us","code":"6000thvj","ids":",us6000thvj,","sources":",us,","types":",origin,phase-data,","nst":78,"dmin":3.85,"rms":0.7,"gap":58,"magType":"mb","type":"earthquake","title":"M 4.9 - 208 km SE of Severo-Kuril’sk, Russia"},"geometry":{"type":"Point","coordinates":[157.9391,49.2045,10]},"id":"us6000thvj"},
{"type":"Feature","properties":{"mag":4.4,"place":"166 km E of Ozernovskiy, Russia","time":1785792804766,"updated":1786669612040,"tz":null,"url":"https://earthquake.usgs.gov/earthquakes/eventpage/us6000tiyj","detail":"https://earthquake.usgs.gov/fdsnws/event/1/query?eventid=us6000tiyj&format=geojson","felt":null,"cdi":null,"mmi":null,"alert":null,"status":"reviewed","tsunami":0,"sig":298,"net":"us","code":"6000tiyj","ids":",us6000tiyj,","sources":",us,","types":",origin,phase-data,","nst":17,"dmin":1.639,"rms":0.81,"gap":202,"magType":"mb","type":"earthquake","title":"M 4.4 - 166 km E of Ozernovskiy, Russia"},"geometry":{"type":"Point","coordinates":[158.8853,51.3934,35]},"id":"us6000tiyj"},
{"type":"Feature","properties":{"mag":4.4,"place":"42 km ESE of Vallenar, Chile","time":1785790028038,"updated":1786815608040,"tz":null,"url":"https://earthquake.usgs.gov/earthquakes/eventpage/us6000thva","detail":"https://earthquake.usgs.gov/fdsnws/event/1/query?eventid=us6000thva&format=geojson","felt":null,"cdi":null,"mmi":null,"alert":null,"status":"reviewed","tsunami":0,"sig":298,"net":"us","code":"6000thva","ids":",us6000thva,","sources":",us,","types":",origin,phase-data,","nst":27,"dmin":0.82,"rms":0.58,"gap":97,"magType":"mb","type":"earthquake","title":"M 4.4 - 42 km ESE of Vallenar, Chile"},"geometry":{"type":"Point","coordinates":[-70.3665,-28.7394,93.791]},"id":"us6000thva"},
{"type":"Feature","properties":{"mag":4.7,"place":"61 km SW of Midelt, Morocco","time":1785788085641,"updated":1786815411750,"tz":null,"url":"https://earthquake.usgs.gov/earthquakes/eventpage/us6000thv7","detail":"https://earthquake.usgs.gov/fdsnws/event/1/query?eventid=us6000thv7&format=geojson","felt":2,"cdi":2,"mmi":null,"alert":null,"status":"reviewed","tsunami":0,"sig":340,"net":"us","code":"6000thv7","ids":",us6000thv7,","sources":",us,","types":",dyfi,origin,phase-data,","nst":90,"dmin":0.704,"rms":0.57,"gap":48,"magType":"mww","type":"earthquake","title":"M 4.7 - 61 km SW of Midelt, Morocco"},"geometry":{"type":"Point","coordinates":[-5.1362,32.2354,10]},"id":"us6000thv7"},
{"type":"Feature","properties":{"mag":4.2,"place":"14 km NW of Kirakira, Solomon Islands","time":1785778655100,"updated":1786722970040,"tz":null,"url":"https://earthquake.usgs.gov/earthquakes/eventpage/us6000tiyf","detail":"https://earthquake.usgs.gov/fdsnws/event/1/query?eventid=us6000tiyf&format=geojson","felt":null,"cdi":null,"mmi":null,"alert":null,"status":"reviewed","tsunami":0,"sig":271,"net":"us","code":"6000tiyf","ids":",us6000tiyf,","sources":",us,","types":",origin,phase-data,","nst":25,"dmin":2.069,"rms":0.61,"gap":139,"magType":"mb","type":"earthquake","title":"M 4.2 - 14 km NW of Kirakira, Solomon Islands"},"geometry":{"type":"Point","coordinates":[161.8315,-10.3591,65.728]},"id":"us6000tiyf"},
{"type":"Feature","properties":{"mag":4.5,"place":"123 km E of Miyako, Japan","time":1785772445781,"updated":1785774949040,"tz":null,"url":"https://earthquake.usgs.gov/earthquakes/eventpage/us6000ths9","detail":"https://earthquake.usgs.gov/fdsnws/event/1/query?eventid=us6000ths9&format=geojson","felt":null,"cdi":null,"mmi":null,"alert":null,"status":"reviewed","tsunami":0,"sig":312,"net":"us","code":"6000ths9","ids":",us6000ths9,","sources":",us,","types":",origin,phase-data,","nst":30,"dmin":2.076,"rms":0.76,"gap":124,"magType":"mb","type":"earthquake","title":"M 4.5 - 123 km E of Miyako, Japan"},"geometry":{"type":"Point","coordinates":[143.3753,39.6999,35]},"id":"us6000ths9"},
{"type":"Feature","properties":{"mag":4,"place":"232 km ESE of Attu Station, Alaska","time":1785768995226,"updated":1786052464575,"tz":null,"url":"https://earthquake.usgs.gov/earthquakes/eventpage/aka2026pgkpfy","detail":"https://earthquake.usgs.gov/fdsnws/event/1/query?eventid=aka2026pgkpfy&format=geojson","felt":null,"cdi":null,"mmi":2.072,"alert":null,"status":"reviewed","tsunami":0,"sig":246,"net":"ak","code":"a2026pgkpfy","ids":",aka2026pgkpfy,","sources":",ak,","types":",origin,phase-data,shakemap,","nst":23,"dmin":1.4,"rms":0.8,"gap":192,"magType":"ml","type":"earthquake","title":"M 4.0 - 232 km ESE of Attu Station, Alaska"},"geometry":{"type":"Point","coordinates":[176.314,51.999,0.2]},"id":"aka2026pgkpfy"},
{"type":"Feature","properties":{"mag":4.7,"place":"61 km S of Shikotan, Russia","time":1785767985353,"updated":1785769533040,"tz":null,"url":"https://earthquake.usgs.gov/earthquakes/eventpage/us6000ths2","detail":"https://earthquake.usgs.gov/fdsnws/event/1/query?eventid=us6000ths2&format=geojson","felt":null,"cdi":null,"mmi":null,"alert":null,"status":"reviewed","tsunami":0,"sig":340,"net":"us","code":"6000ths2","ids":",us6000ths2,","sources":",us,","types":",origin,phase-data,","nst":51,"dmin":2.992,"rms":0.81,"gap":169,"magType":"mb","type":"earthquake","title":"M 4.7 - 61 km S of Shikotan, Russia"},"geometry":{"type":"Point","coordinates":[146.8482,43.2547,35]},"id":"us6000ths2"},
{"type":"Feature","properties":{"mag":4.8,"place":"106 km NW of Gizo, Solomon Islands","time":1785762841939,"updated":1785764421040,"tz":null,"url":"https://earthquake.usgs.gov/earthquakes/eventpage/us6000thrs","detail":"https://earthquake.usgs.gov/fdsnws/event/1/query?eventid=us6000thrs&format=geojson","felt":null,"cdi":null,"mmi":null,"alert":null,"status":"reviewed","tsunami":0,"sig":354,"net":"us","code":"6000thrs","ids":",us6000thrs,","sources":",us,","types":",origin,phase-data,","nst":45,"dmin":4.279,"rms":0.73,"gap":63,"magType":"mb","type":"earthquake","title":"M 4.8 - 106 km NW of Gizo, Solomon Islands"},"geometry":{"type":"Point","coordinates":[156.087,-7.4962,35]},"id":"us6000thrs"},
{"type":"Feature","properties":{"mag":4.9,"place":"85 km S of Severo-Kuril’sk, Russia","time":1785756402305,"updated":1785757984040,"tz":null,"url":"https://earthquake.usgs.gov/earthquakes/eventpage/us6000thre","detail":"https://earthquake.usgs.gov/fdsnws/event/1/query?eventid=us6000thre&format=geojson","felt":null,"cdi":null,"mmi":null,"alert":null,"status":"reviewed","tsunami":0,"sig":369,"net":"us","code":"6000thre","ids":",us6000thre,","sources":",us,","types":",origin,phase-data,","nst":77,"dmin":3.377,"rms":0.72,"gap":76,"magType":"mb","type":"earthquake","title":"M 4.9 - 85 km S of Severo-Kuril’sk, Russia"},"geometry":{"type":"Point","coordinates":[155.9445,49.9188,57.695]},"id":"us6000thre"},
{"type":"Feature","properties":{"mag":4.6,"place":"88 km WSW of San Antonio de los Cobres, Argentina","time":1785754535633,"updated":1785758840040,"tz":null,"url":"https://earthquake.usgs.gov/earthquakes/eventpage/us6000thrb","detail":"https://earthquake.usgs.gov/fdsnws/event/1/query?eventid=us6000thrb&format=geojson","felt":null,"cdi":null,"mmi":null,"alert":null,"status":"reviewed","tsunami":0,"sig":326,"net":"us","code":"6000thrb","ids":",us6000thrb,","sources":",us,","types":",origin,phase-data,","nst":28,"dmin":1.81,"rms":0.7,"gap":63,"magType":"mb","type":"earthquake","title":"M 4.6 - 88 km WSW of San Antonio de los Cobres, Argentina"},"geometry":{"type":"Point","coordinates":[-67.1352,-24.4954,182.541]},"id":"us6000thrb"},
{"type":"Feature","properties":{"mag":4.5,"place":"149 km WSW of Puerto Madero, Mexico","time":1785748749814,"updated":1785756180040,"tz":null,"url":"https://earthquake.usgs.gov/earthquakes/eventpage/us6000thr2","detail":"https://earthquake.usgs.gov/fdsnws/event/1/query?eventid=us6000thr2&format=geojson","felt":null,"cdi":null,"mmi":null,"alert":null,"status":"reviewed","tsunami":0,"sig":312,"net":"us","code":"6000thr2","ids":",us6000thr2,","sources":",us,","types":",origin,phase-data,","nst":45,"dmin":3.711,"rms":0.89,"gap":169,"magType":"mb","type":"earthquake","title":"M 4.5 - 149 km WSW of Puerto Madero, Mexico"},"geometry":{"type":"Point","coordinates":[-93.6006,14.0138,10]},"id":"us6000thr2"},
{"type":"Feature","properties":{"mag":4,"place":"56 km E of La Tirana, Chile","time":1785740196145,"updated":1785812881514,"tz":null,"url":"https://earthquake.usgs.gov/earthquakes/eventpage/us6000thqm","detail":"https://earthquake.usgs.gov/fdsnws/event/1/query?eventid=us6000thqm&format=geojson","felt":1,"cdi":2,"mmi":null,"alert":null,"status":"reviewed","tsunami":0,"sig":246,"net":"us","code":"6000thqm","ids":",us6000thqm,","sources":",us,","types":",dyfi,origin,phase-data,","nst":19,"dmin":0.151,"rms":0.85,"gap":55,"magType":"mb","type":"earthquake","title":"M 4.0 - 56 km E of La Tirana, Chile"},"geometry":{"type":"Point","coordinates":[-69.1187,-20.2891,90.502]},"id":"us6000thqm"},
{"type":"Feature","properties":{"mag":4.5,"place":"5 km NNW of Sánchez, Dominican Republic","time":1785733280034,"updated":1786035275572,"tz":null,"url":"https://earthquake.usgs.gov/earthquakes/eventpage/us6000thqe","detail":"https://earthquake.usgs.gov/fdsnws/event/1/query?eventid=us6000thqe&format=geojson","felt":31,"cdi":3.8,"mmi":null,"alert":null,"status":"reviewed","tsunami":0,"sig":323,"net":"us","code":"6000thqe","ids":",pt26215050,us6000thqe,","sources":",pt,us,","types":",dyfi,origin,phase-data,","nst":25,"dmin":0.537,"rms":0.98,"gap":124,"magType":"mb","type":"earthquake","title":"M 4.5 - 5 km NNW of Sánchez, Dominican Republic"},"geometry":{"type":"Point","coordinates":[-69.627,19.2743,10]},"id":"us6000thqe"},
{"type":"Feature","properties":{"mag":4.9,"place":"14 km ESE of Yibin, China","time":1785733248666,"updated":1785739334040,"tz":null,"url":"https://earthquake.usgs.gov/earthquakes/eventpage/us6000thqf","detail":"https://earthquake.usgs.gov/fdsnws/event/1/query?eventid=us6000thqf&format=geojson","felt":null,"cdi":null,"mmi":null,"alert":null,"status":"reviewed","tsunami":0,"sig":369,"net":"us","code":"6000thqf","ids":",us6000thqf,","sources":",us,","types":",origin,phase-data,","nst":114,"dmin":7.303,"rms":0.51,"gap":35,"magType":"mb","type":"earthquake","title":"M 4.9 - 14 km ESE of Yibin, China"},"geometry":{"type":"Point","coordinates":[104.7633,28.6876,10]},"id":"us6000thqf"},
{"type":"Feature","properties":{"mag":5.2,"place":"66 km WNW of San Alejandro, Peru","time":1785721344662,"updated":1785747364587,"tz":null,"url":"https://earthquake.usgs.gov/earthquakes/eventpage/us6000thpt","detail":"https://earthquake.usgs.gov/fdsnws/event/1/query?eventid=us6000thpt&format=geojson","felt":5,"cdi":3.6,"mmi":null,"alert":null,"status":"reviewed","tsunami":0,"sig":418,"net":"us","code":"6000thpt","ids":",us6000thpt,usauto6000thpt,","sources":",us,usauto,","types":",dyfi,internal-moment-tensor,origin,phase-data,","nst":71,"dmin":3.557,"rms":0.72,"gap":121,"magType":"mww","type":"earthquake","title":"M 5.2 - 66 km WNW of San Alejandro, Peru"},"geometry":{"type":"Point","coordinates":[-75.7603,-8.5724,125.256]},"id":"us6000thpt"},
{"type":"Feature","properties":{"mag":4.3,"place":"Fiji region","time":1785720936296,"updated":1785723323040,"tz":null,"url":"https://earthquake.usgs.gov/earthquakes/eventpage/us6000thps","detail":"https://earthquake.usgs.gov/fdsnws/event/1/query?eventid=us6000thps&format=geojson","felt":null,"cdi":null,"mmi":null,"alert":null,"status":"reviewed","tsunami":0,"sig":284,"net":"us","code":"6000thps","ids":",us6000thps,","sources":",us,","types":",origin,phase-data,","nst":43,"dmin":4.081,"rms":1.04,"gap":90,"magType":"mb","type":"earthquake","title":"M 4.3 - Fiji region"},"geometry":{"type":"Point","coordinates":[-177.4503,-19.2296,574.371]},"id":"us6000thps"},
{"type":"Feature","properties":{"mag":5,"place":"39 km NNE of Suez, Egypt","time":1785715233174,"updated":1786668600347,"tz":null,"url":"https://earthquake.usgs.gov/earthquakes/eventpage/us6000thpb","detail":"https://earthquake.usgs.gov/fdsnws/event/1/query?eventid=us6000thpb&format=geojson","felt":426,"cdi":4.7,"mmi":null,"alert":null,"status":"reviewed","tsunami":0,"sig":585,"net":"us","code":"6000thpb","ids":",us6000thpb,usauto6000thpb,","sources":",us,usauto,","types":",dyfi,internal-moment-tensor,moment-tensor,origin,phase-data,","nst":106,"dmin":2.105,"rms":0.79,"gap":40,"magType":"mww","type":"earthquake","title":"M 5.0 - 39 km NNE of Suez, Egypt"},"geometry":{"type":"Point","coordinates":[32.6422,30.3186,10]},"id":"us6000thpb"},
{"type":"Feature","properties":{"mag":4.4,"place":"212 km SSE of Vilyuchinsk, Russia","time":1785713757347,"updated":1786668181040,"tz":null,"url":"https://earthquake.usgs.gov/earthquakes/eventpage/us6000thp6","detail":"https://earthquake.usgs.gov/fdsnws/event/1/query?eventid=us6000thp6&format=geojson","felt":null,"cdi":null,"mmi":null,"alert":null,"status":"reviewed","tsunami":0,"sig":298,"net":"us","code":"6000thp6","ids":",us6000thp6,","sources":",us,","types":",origin,phase-data,","nst":37,"dmin":1.929,"rms":0.98,"gap":159,"magType":"mb","type":"earthquake","title":"M 4.4 - 212 km SSE of Vilyuchinsk, Russia"},"geometry":{"type":"Point","coordinates":[159.9256,51.264,10]},"id":"us6000thp6"},
{"type":"Feature","properties":{"mag":4.5,"place":"11 km WSW of Sarangani, Philippines","time":1785710917577,"updated":1786667095040,"tz":null,"url":"https://earthquake.usgs.gov/earthquakes/eventpage/us6000thp0","detail":"https://earthquake.usgs.gov/fdsnws/event/1/query?eventid=us6000thp0&format=geojson","felt":null,"cdi":null,"mmi":null,"alert":null,"status":"reviewed","tsunami":0,"sig":312,"net":"us","code":"6000thp0","ids":",us6000thp0,","sources":",us,","types":",origin,phase-data,","nst":41,"dmin":1.702,"rms":0.67,"gap":125,"magType":"mb","type":"earthquake","title":"M 4.5 - 11 km WSW of Sarangani, Philippines"},"geometry":{"type":"Point","coordinates":[125.3647,5.37,67.847]},"id":"us6000thp0"},
{"type":"Feature","properties":{"mag":4.2,"place":"207 km ESE of Ozernovskiy, Russia","time":1785710321928,"updated":1786666683040,"tz":null,"url":"https://earthquake.usgs.gov/earthquakes/eventpage/us6000tinq","detail":"https://earthquake.usgs.gov/fdsnws/event/1/query?eventid=us6000tinq&format=geojson","felt":null,"cdi":null,"mmi":null,"alert":null,"status":"reviewed","tsunami":0,"sig":271,"net":"us","code":"6000tinq","ids":",us6000tinq,","sources":",us,","types":",origin,phase-data,","nst":14,"dmin":2.001,"rms":0.65,"gap":200,"magType":"mb","type":"earthquake","title":"M 4.2 - 207 km ESE of Ozernovskiy, Russia"},"geometry":{"type":"Point","coordinates":[159.3983,51.0795,10]},"id":"us6000tinq"},
{"type":"Feature","properties":{"mag":4,"place":"217 km SSE of Vilyuchinsk, Russia","time":1785709434459,"updated":1786665812040,"tz":null,"url":"https://earthquake.usgs.gov/earthquakes/eventpage/us6000tinp","detail":"https://earthquake.usgs.gov/fdsnws/event/1/query?eventid=us6000tinp&format=geojson","felt":null,"cdi":null,"mmi":null,"alert":null,"status":"reviewed","tsunami":0,"sig":246,"net":"us","code":"6000tinp","ids":",us6000tinp,","sources":",us,","types":",origin,phase-data,","nst":15,"dmin":1.98,"rms":0.38,"gap":174,"magType":"mb","type":"earthquake","title":"M 4.0 - 217 km SSE of Vilyuchinsk, Russia"},"geometry":{"type":"Point","coordinates":[159.76,51.1686,10]},"id":"us6000tinp"},
{"type":"Feature","properties":{"mag":4.5,"place":"11 km SE of Hinundayan, Philippines","time":1785709328941,"updated":1786665245040,"tz":null,"url":"https://earthquake.usgs.gov/earthquakes/eventpage/us6000tinr","detail":"https://earthquake.usgs.gov/fdsnws/event/1/query?eventid=us6000tinr&format=geojson","felt":null,"cdi":null,"mmi":null,"alert":null,"status":"reviewed","tsunami":0,"sig":312,"net":"us","code":"6000tinr","ids":",us6000tinr,","sources":",us,","types":",origin,phase-data,","nst":19,"dmin":3.199,"rms":0.87,"gap":116,"magType":"mb","type":"earthquake","title":"M 4.5 - 11 km SE of Hinundayan, Philippines"},"geometry":{"type":"Point","coordinates":[125.3268,10.2795,10]},"id":"us6000tinr"},
{"type":"Feature","properties":{"mag":4.4,"place":"134 km ESE of Teluk Dalam, Indonesia","time":1785708873788,"updated":1786664731040,"tz":null,"url":"https://earthquake.usgs.gov/earthquakes/eventpage/us6000tinn","detail":"https://earthquake.usgs.gov/fdsnws/event/1/query?eventid=us6000tinn&format=geojson","felt":null,"cdi":null,"mmi":null,"alert":null,"status":"reviewed","tsunami":0,"sig":298,"net":"us","code":"6000tinn","ids":",us6000tinn,","sources":",us,","types":",origin,phase-data,","nst":26,"dmin":1.757,"rms":0.67,"gap":133,"magType":"mb","type":"earthquake","title":"M 4.4 - 134 km ESE of Teluk Dalam, Indonesia"},"geometry":{"type":"Point","coordinates":[98.9508,0.2025,45.095]},"id":"us6000tinn"},
{"type":"Feature","properties":{"mag":4.1,"place":"17 km E of Calingasta, Argentina","time":1785708425204,"updated":1786663687040,"tz":null,"url":"https://earthquake.usgs.gov/earthquakes/eventpage/us6000thnw","detail":"https://earthquake.usgs.gov/fdsnws/event/1/query?eventid=us6000thnw&format=geojson","felt":null,"cdi":null,"mmi":null,"alert":null,"status":"reviewed","tsunami":0,"sig":259,"net":"us","code":"6000thnw","ids":",us6000thnw,","sources":",us,","types":",origin,phase-data,","nst":30,"dmin":0.522,"rms":0.8,"gap":66,"magType":"mb","type":"earthquake","title":"M 4.1 - 17 km E of Calingasta, Argentina"},"geometry":{"type":"Point","coordinates":[-69.2412,-31.3576,116.929]},"id":"us6000thnw"},
{"type":"Feature","properties":{"mag":4,"place":"54 km NE of Tulsīpur, Nepal","time":1785705736837,"updated":1786597527040,"tz":null,"url":"https://earthquake.usgs.gov/earthquakes/eventpage/us6000tinm","detail":"https://earthquake.usgs.gov/fdsnws/event/1/query?eventid=us6000tinm&format=geojson","felt":null,"cdi":null,"mmi":null,"alert":null,"status":"reviewed","tsunami":0,"sig":246,"net":"us","code":"6000tinm","ids":",us6000tinm,","sources":",us,","types":",origin,phase-data,","nst":22,"dmin":9.486,"rms":0.76,"gap":173,"magType":"mb","type":"earthquake","title":"M 4.0 - 54 km NE of Tulsīpur, Nepal"},"geometry":{"type":"Point","coordinates":[82.6058,28.5389,19.476]},"id":"us6000tinm"},
{"type":"Feature","properties":{"mag":4.3,"place":"7 km SSW of Fiambalá, Argentina","time":1785704010262,"updated":1786813203040,"tz":null,"url":"https://earthquake.usgs.gov/earthquakes/eventpage/us6000thng","detail":"https://earthquake.usgs.gov/fdsnws/event/1/query?eventid=us6000thng&format=geojson","felt":null,"cdi":null,"mmi":null,"alert":null,"status":"reviewed","tsunami":0,"sig":284,"net":"us","code":"6000thng","ids":",us6000thng,","sources":",us,","types":",origin,phase-data,","nst":23,"dmin":2.424,"rms":0.61,"gap":130,"magType":"mb","type":"earthquake","title":"M 4.3 - 7 km SSW of Fiambalá, Argentina"},"geometry":{"type":"Point","coordinates":[-67.6577,-27.7343,140.357]},"id":"us6000thng"},
{"type":"Feature","properties":{"mag":4.5,"place":"73 km SSE of Shikotan, Russia","time":1785700930849,"updated":1786813072040,"tz":null,"url":"https://earthquake.usgs.gov/earthquakes/eventpage/us6000thna","detail":"https://earthquake.usgs.gov/fdsnws/event/1/query?eventid=us6000thna&format=geojson","felt":null,"cdi":null,"mmi":null,"alert":null,"status":"reviewed","tsunami":0,"sig":312,"net":"us","code":"6000thna","ids":",us6000thna,","sources":",us,","types":",origin,phase-data,","nst":95,"dmin":3.068,"rms":0.54,"gap":134,"magType":"mb","type":"earthquake","title":"M 4.5 - 73 km SSE of Shikotan, Russia"},"geometry":{"type":"Point","coordinates":[147.0047,43.1737,35]},"id":"us6000thna"},
{"type":"Feature","properties":{"mag":4.2,"place":"14 km SE of Baixi, China","time":1785700442212,"updated":1786720747040,"tz":null,"url":"https://earthquake.usgs.gov/earthquakes/eventpage/us6000tinl","detail":"https://earthquake.usgs.gov/fdsnws/event/1/query?eventid=us6000tinl&format=geojson","felt":null,"cdi":null,"mmi":null,"alert":null,"status":"reviewed","tsunami":0,"sig":271,"net":"us","code":"6000tinl","ids":",us6000tinl,","sources":",us,","types":",origin,phase-data,","nst":27,"dmin":7.383,"rms":0.59,"gap":95,"magType":"mb","type":"earthquake","title":"M 4.2 - 14 km SE of Baixi, China"},"geometry":{"type":"Point","coordinates":[104.644,28.5952,10]},"id":"us6000tinl"},
{"type":"Feature","properties":{"mag":4.3,"place":"2 km ENE of Qingfu, China","time":1785698963669,"updated":1786652391040,"tz":null,"url":"https://earthquake.usgs.gov/earthquakes/eventpage/us6000tink","detail":"https://earthquake.usgs.gov/fdsnws/event/1/query?eventid=us6000tink&format=geojson","felt":null,"cdi":null,"mmi":null,"alert":null,"status":"reviewed","tsunami":0,"sig":284,"net":"us","code":"6000tink","ids":",us6000tink,","sources":",us,","types":",origin,phase-data,","nst":24,"dmin":7.525,"rms":0.53,"gap":154,"magType":"mb","type":"earthquake","title":"M 4.3 - 2 km ENE of Qingfu, China"},"geometry":{"type":"Point","coordinates":[104.5433,28.4435,10]},"id":"us6000tink"},
{"type":"Feature","properties":{"mag":4.5,"place":"Kermadec Islands region","time":1785696358631,"updated":1786651538040,"tz":null,"url":"https://earthquake.usgs.gov/earthquakes/eventpage/us6000tinj","detail":"https://earthquake.usgs.gov/fdsnws/event/1/query?eventid=us6000tinj&format=geojson","felt":null,"cdi":null,"mmi":null,"alert":null,"status":"reviewed","tsunami":0,"sig":312,"net":"us","code":"6000tinj","ids":",us6000tinj,","sources":",us,","types":",origin,phase-data,","nst":15,"dmin":1.577,"rms":0.43,"gap":89,"magType":"mb","type":"earthquake","title":"M 4.5 - Kermadec Islands region"},"geometry":{"type":"Point","coordinates":[-176.4003,-28.4122,10]},"id":"us6000tinj"},
{"type":"Feature","properties":{"mag":4.3,"place":"220 km ESE of Attu Station, Alaska","time":1785695493364,"updated":1786812902040,"tz":null,"url":"https://earthquake.usgs.gov/earthquakes/eventpage/us6000thn1","detail":"https://earthquake.usgs.gov/fdsnws/event/1/query?eventid=us6000thn1&format=geojson","felt":null,"cdi":null,"mmi":2.585,"alert":null,"status":"reviewed","tsunami":0,"sig":284,"net":"us","code":"6000thn1","ids":",aka2026pevtak,us6000thn1,","sources":",ak,us,","types":",origin,phase-data,shakemap,","nst":49,"dmin":1.41,"rms":0.5,"gap":159,"magType":"mb","type":"earthquake","title":"M 4.3 - 220 km ESE of Attu Station, Alaska"},"geometry":{"type":"Point","coordinates":[176.2624,52.2109,10]},"id":"us6000thn1"},
{"type":"Feature","properties":{"mag":5,"place":"8 km NNE of Xunchang, China","time":1785694905760,"updated":1786812781040,"tz":null,"url":"https://earthquake.usgs.gov/earthquakes/eventpage/us6000thn0","detail":"https://earthquake.usgs.gov/fdsnws/event/1/query?eventid=us6000thn0&format=geojson","felt":null,"cdi":null,"mmi":null,"alert":null,"status":"reviewed","tsunami":0,"sig":385,"net":"us","code":"6000thn0","ids":",usauto6000thn0,us6000thn0,","sources":",usauto,us,","types":",internal-moment-tensor,moment-tensor,origin,phase-data,","nst":122,"dmin":7.457,"rms":0.52,"gap":26,"magType":"mww","type":"earthquake","title":"M 5.0 - 8 km NNE of Xunchang, China"},"geometry":{"type":"Point","coordinates":[104.7446,28.5301,10]},"id":"us6000thn0"},
{"type":"Feature","properties":{"mag":4.4,"place":"24 km NNW of Riosucio, Colombia","time":1785690755137,"updated":1786634429040,"tz":null,"url":"https://earthquake.usgs.gov/earthquakes/eventpage/us6000thmv","detail":"https://earthquake.usgs.gov/fdsnws/event/1/query?eventid=us6000thmv&format=geojson","felt":null,"cdi":null,"mmi":null,"alert":null,"status":"reviewed","tsunami":0,"sig":298,"net":"us","code":"6000thmv","ids":",us6000thmv,","sources":",us,","types":",origin,phase-data,","nst":35,"dmin":1.45,"rms":0.44,"gap":95,"magType":"mb","type":"earthquake","title":"M 4.4 - 24 km NNW of Riosucio, Colombia"},"geometry":{"type":"Point","coordinates":[-77.1911,7.6498,34.424]},"id":"us6000thmv"},
{"type":"Feature","properties":{"mag":4.3,"place":"85 km ENE of Alianza Cristiana, Peru","time":1785690584170,"updated":1786812256040,"tz":null,"url":"https://earthquake.usgs.gov/earthquakes/eventpage/us6000thmt","detail":"https://earthquake.usgs.gov/fdsnws/event/1/query?eventid=us6000thmt&format=geojson","felt":null,"cdi":null,"mmi":null,"alert":null,"status":"reviewed","tsunami":0,"sig":284,"net":"us","code":"6000thmt","ids":",us6000thmt,","sources":",us,","types":",origin,phase-data,","nst":17,"dmin":3.485,"rms":0.56,"gap":100,"magType":"mb","type":"earthquake","title":"M 4.3 - 85 km ENE of Alianza Cristiana, Peru"},"geometry":{"type":"Point","coordinates":[-75.7595,-3.1069,140.288]},"id":"us6000thmt"},
{"type":"Feature","properties":{"mag":4.1,"place":"230 km ESE of Attu Station, Alaska","time":1785688068352,"updated":1786052947073,"tz":null,"url":"https://earthquake.usgs.gov/earthquakes/eventpage/aka2026perpqc","detail":"https://earthquake.usgs.gov/fdsnws/event/1/query?eventid=aka2026perpqc&format=geojson","felt":null,"cdi":null,"mmi":2.219,"alert":null,"status":"reviewed","tsunami":0,"sig":259,"net":"ak","code":"a2026perpqc","ids":",aka2026perpqc,","sources":",ak,","types":",origin,phase-data,shakemap,","nst":23,"dmin":1.4,"rms":0.9,"gap":197,"magType":"ml","type":"earthquake","title":"M 4.1 - 230 km ESE of Attu Station, Alaska"},"geometry":{"type":"Point","coordinates":[176.222,51.934,5]},"id":"aka2026perpqc"},
{"type":"Feature","properties":{"mag":4.7,"place":"170 km SE of Sarangani, Philippines","time":1785688022032,"updated":1785689765040,"tz":null,"url":"https://earthquake.usgs.gov/earthquakes/eventpage/us6000thmn","detail":"https://earthquake.usgs.gov/fdsnws/event/1/query?eventid=us6000thmn&format=geojson","felt":null,"cdi":null,"mmi":null,"alert":null,"status":"reviewed","tsunami":0,"sig":340,"net":"us","code":"6000thmn","ids":",us6000thmn,","sources":",us,","types":",origin,phase-data,","nst":41,"dmin":9.162,"rms":1.31,"gap":109,"magType":"mb","type":"earthquake","title":"M 4.7 - 170 km SE of Sarangani, Philippines"},"geometry":{"type":"Point","coordinates":[126.3895,4.1753,29.553]},"id":"us6000thmn"},
{"type":"Feature","properties":{"mag":4.6,"place":"8 km N of Belén, Nicaragua","time":1785686970420,"updated":1785687921040,"tz":null,"url":"https://earthquake.usgs.gov/earthquakes/eventpage/us6000thmh","detail":"https://earthquake.usgs.gov/fdsnws/event/1/query?eventid=us6000thmh&format=geojson","felt":null,"cdi":null,"mmi":null,"alert":null,"status":"reviewed","tsunami":0,"sig":326,"net":"us","code":"6000thmh","ids":",us6000thmh,","sources":",us,","types":",origin,phase-data,","nst":62,"dmin":0.904,"rms":1.07,"gap":139,"magType":"mb","type":"earthquake","title":"M 4.6 - 8 km N of Belén, Nicaragua"},"geometry":{"type":"Point","coordinates":[-85.8978,11.5792,136.506]},"id":"us6000thmh"},
{"type":"Feature","properties":{"mag":5,"place":"south of Tonga","time":1785684930843,"updated":1785686119040,"tz":null,"url":"https://earthquake.usgs.gov/earthquakes/eventpage/us6000thmd","detail":"https://earthquake.usgs.gov/fdsnws/event/1/query?eventid=us6000thmd&format=geojson","felt":null,"cdi":null,"mmi":null,"alert":null,"status":"reviewed","tsunami":0,"sig":385,"net":"us","code":"6000thmd","ids":",us6000thmd,","sources":",us,","types":",origin,phase-data,","nst":31,"dmin":9.644,"rms":0.97,"gap":139,"magType":"mb","type":"earthquake","title":"M 5.0 - south of Tonga"},"geometry":{"type":"Point","coordinates":[-175.1322,-25.0444,10]},"id":"us6000thmd"},
{"type":"Feature","properties":{"mag":4.8,"place":"18 km N of Honchō, Japan","time":1785682187350,"updated":1785685562183,"tz":null,"url":"https://earthquake.usgs.gov/earthquakes/eventpage/us6000thm9","detail":"https://earthquake.usgs.gov/fdsnws/event/1/query?eventid=us6000thm9&format=geojson","felt":2,"cdi":2.7,"mmi":null,"alert":null,"status":"reviewed","tsunami":0,"sig":355,"net":"us","code":"6000thm9","ids":",us6000thm9,","sources":",us,","types":",dyfi,origin,phase-data,","nst":90,"dmin":0.33,"rms":0.67,"gap":89,"magType":"mb","type":"earthquake","title":"M 4.8 - 18 km N of Honchō, Japan"},"geometry":{"type":"Point","coordinates":[142.9193,42.2943,62.562]},"id":"us6000thm9"},
{"type":"Feature","properties":{"mag":4.9,"place":"207 km NW of Oula Xiuma, China","time":1785681102674,"updated":1785682280040,"tz":null,"url":"https://earthquake.usgs.gov/earthquakes/eventpage/us6000thm7","detail":"https://earthquake.usgs.gov/fdsnws/event/1/query?eventid=us6000thm7&format=geojson","felt":null,"cdi":null,"mmi":null,"alert":null,"status":"reviewed","tsunami":0,"sig":369,"net":"us","code":"6000thm7","ids":",us6000thm7,","sources":",us,","types":",origin,phase-data,","nst":57,"dmin":3.6,"rms":1.34,"gap":91,"magType":"mb","type":"earthquake","title":"M 4.9 - 207 km NW of Oula Xiuma, China"},"geometry":{"type":"Point","coordinates":[99.3272,35.3923,10]},"id":"us6000thm7"},
{"type":"Feature","properties":{"mag":4.6,"place":"65 km NW of Ende, Indonesia","time":1785680261663,"updated":1785681580040,"tz":null,"url":"https://earthquake.usgs.gov/earthquakes/eventpage/us6000thm6","detail":"https://earthquake.usgs.gov/fdsnws/event/1/query?eventid=us6000thm6&format=geojson","felt":null,"cdi":null,"mmi":null,"alert":null,"status":"reviewed","tsunami":0,"sig":326,"net":"us","code":"6000thm6","ids":",us6000thm6,","sources":",us,","types":",origin,phase-data,","nst":25,"dmin":3.281,"rms":0.98,"gap":69,"magType":"mb","type":"earthquake","title":"M 4.6 - 65 km NW of Ende, Indonesia"},"geometry":{"type":"Point","coordinates":[121.2141,-8.453,51.437]},"id":"us6000thm6"},
{"type":"Feature","properties":{"mag":5.1,"place":"60 km W of Bahía de Lobos, Mexico","time":1785676247947,"updated":1785763319040,"tz":null,"url":"https://earthquake.usgs.gov/earthquakes/eventpage/us6000thm1","detail":"https://earthquake.usgs.gov/fdsnws/event/1/query?eventid=us6000thm1&format=geojson","felt":null,"cdi":null,"mmi":null,"alert":null,"status":"reviewed","tsunami":0,"sig":400,"net":"us","code":"6000thm1","ids":",usauto6000thm1,us6000thm1,","sources":",usauto,us,","types":",internal-moment-tensor,moment-tensor,origin,phase-data,","nst":53,"dmin":1.643,"rms":1.31,"gap":185,"magType":"mww","type":"earthquake","title":"M 5.1 - 60 km W of Bahía de Lobos, Mexico"},"geometry":{"type":"Point","coordinates":[-111.0607,27.3736,10]},"id":"us6000thm1"},
{"type":"Feature","properties":{"mag":5.3,"place":"north of Ascension Island","time":1785671553048,"updated":1785674177040,"tz":null,"url":"https://earthquake.usgs.gov/earthquakes/eventpage/us6000thly","detail":"https://earthquake.usgs.gov/fdsnws/event/1/query?eventid=us6000thly&format=geojson","felt":null,"cdi":null,"mmi":null,"alert":null,"status":"reviewed","tsunami":0,"sig":432,"net":"us","code":"6000thly","ids":",usauto6000thly,us6000thly,","sources":",usauto,us,","types":",internal-moment-tensor,origin,phase-data,","nst":94,"dmin":5.166,"rms":0.9,"gap":28,"magType":"mb","type":"earthquake","title":"M 5.3 - north of Ascension Island"},"geometry":{"type":"Point","coordinates":[-12.1759,-3.2144,10]},"id":"us6000thly"},
{"type":"Feature","properties":{"mag":5.3,"place":"265 km S of ‘Ohonua, Tonga","time":1785666854181,"updated":1785667994040,"tz":null,"url":"https://earthquake.usgs.gov/earthquakes/eventpage/us6000thlj","detail":"https://earthquake.usgs.gov/fdsnws/event/1/query?eventid=us6000thlj&format=geojson","felt":null,"cdi":null,"mmi":null,"alert":null,"status":"reviewed","tsunami":0,"sig":432,"net":"us","code":"6000thlj","ids":",usauto6000thlj,us6000thlj,","sources":",usauto,us,","types":",internal-moment-tensor,origin,phase-data,","nst":74,"dmin":6.101,"rms":1.3,"gap":37,"magType":"mb","type":"earthquake","title":"M 5.3 - 265 km S of ‘Ohonua, Tonga"},"geometry":{"type":"Point","coordinates":[-174.9439,-23.7388,10]},"id":"us6000thlj"},
{"type":"Feature","properties":{"mag":4.3,"place":"13 km NNW of China, Japan","time":1785665436633,"updated":1786103229040,"tz":null,"url":"https://earthquake.usgs.gov/earthquakes/eventpage/us6000tin4","detail":"https://earthquake.usgs.gov/fdsnws/event/1/query?eventid=us6000tin4&format=geojson","felt":null,"cdi":null,"mmi":null,"alert":null,"status":"reviewed","tsunami":0,"sig":284,"net":"us","code":"6000tin4","ids":",us6000tin4,","sources":",us,","types":",origin,phase-data,","nst":47,"dmin":0.652,"rms":1.27,"gap":52,"magType":"mb","type":"earthquake","title":"M 4.3 - 13 km NNW of China, Japan"},"geometry":{"type":"Point","coordinates":[128.5322,27.4479,61.951]},"id":"us6000tin4"},
{"type":"Feature","properties":{"mag":4.6,"place":"14 km SE of Honmachi, Japan","time":1785664808813,"updated":1785679753759,"tz":null,"url":"https://earthquake.usgs.gov/earthquakes/eventpage/us6000thlf","detail":"https://earthquake.usgs.gov/fdsnws/event/1/query?eventid=us6000thlf&format=geojson","felt":2,"cdi":2.7,"mmi":null,"alert":null,"status":"reviewed","tsunami":0,"sig":326,"net":"us","code":"6000thlf","ids":",us6000thlf,","sources":",us,","types":",dyfi,origin,phase-data,","nst":31,"dmin":0.908,"rms":1.15,"gap":130,"magType":"mb","type":"earthquake","title":"M 4.6 - 14 km SE of Honmachi, Japan"},"geometry":{"type":"Point","coordinates":[130.6919,32.3966,10]},"id":"us6000thlf"},
{"type":"Feature","properties":{"mag":5,"place":"north of Ascension Island","time":1785662231235,"updated":1785663428040,"tz":null,"url":"https://earthquake.usgs.gov/earthquakes/eventpage/us6000thlb","detail":"https://earthquake.usgs.gov/fdsnws/event/1/query?eventid=us6000thlb&format=geojson","felt":null,"cdi":null,"mmi":null,"alert":null,"status":"reviewed","tsunami":0,"sig":385,"net":"us","code":"6000thlb","ids":",us6000thlb,","sources":",us,","types":",origin,phase-data,","nst":45,"dmin":5.065,"rms":0.92,"gap":72,"magType":"mb","type":"earthquake","title":"M 5.0 - north of Ascension Island"},"geometry":{"type":"Point","coordinates":[-12.2442,-3.2948,10]},"id":"us6000thlb"},
{"type":"Feature","properties":{"mag":4.5,"place":"80 km W of San Antonio de los Cobres, Argentina","time":1785660592218,"updated":1786522607040,"tz":null,"url":"https://earthquake.usgs.gov/earthquakes/eventpage/us6000thl6","detail":"https://earthquake.usgs.gov/fdsnws/event/1/query?eventid=us6000thl6&format=geojson","felt":null,"cdi":null,"mmi":null,"alert":null,"status":"reviewed","tsunami":0,"sig":312,"net":"us","code":"6000thl6","ids":",us6000thl6,","sources":",us,","types":",origin,phase-data,","nst":26,"dmin":1.654,"rms":1.13,"gap":94,"magType":"mb","type":"earthquake","title":"M 4.5 - 80 km W of San Antonio de los Cobres, Argentina"},"geometry":{"type":"Point","coordinates":[-67.1048,-24.2872,167.674]},"id":"us6000thl6"},
{"type":"Feature","properties":{"mag":5.6,"place":"12 km W of Hicks Bay, New Zealand","time":1785659727743,"updated":1786529536460,"tz":null,"url":"https://earthquake.usgs.gov/earthquakes/eventpage/us6000thl3","detail":"https://earthquake.usgs.gov/fdsnws/event/1/query?eventid=us6000thl3&format=geojson","felt":24,"cdi":4.7,"mmi":4.277,"alert":"green","status":"reviewed","tsunami":0,"sig":494,"net":"us","code":"6000thl3","ids":",us6000thl3,usauto6000thl3,","sources":",us,usauto,","types":",dyfi,internal-moment-tensor,losspager,moment-tensor,origin,phase-data,shakemap,","nst":68,"dmin":0.119,"rms":0.67,"gap":46,"magType":"mww","type":"earthquake","title":"M 5.6 - 12 km W of Hicks Bay, New Zealand"},"geometry":{"type":"Point","coordinates":[178.1622,-37.5922,53.374]},"id":"us6000thl3"},
{"type":"Feature","properties":{"mag":4.9,"place":"155 km S of Severo-Kuril’sk, Russia","time":1785658926843,"updated":1786530018040,"tz":null,"url":"https://earthquake.usgs.gov/earthquakes/eventpage/us6000thl2","detail":"https://earthquake.usgs.gov/fdsnws/event/1/query?eventid=us6000thl2&format=geojson","felt":null,"cdi":null,"mmi":null,"alert":null,"status":"reviewed","tsunami":0,"sig":369,"net":"us","code":"6000thl2","ids":",us6000thl2,","sources":",us,","types":",origin,phase-data,","nst":72,"dmin":4.019,"rms":0.74,"gap":135,"magType":"mb","type":"earthquake","title":"M 4.9 - 155 km S of Severo-Kuril’sk, Russia"},"geometry":{"type":"Point","coordinates":[156.3251,49.2847,42.04]},"id":"us6000thl2"},
{"type":"Feature","properties":{"mag":4.4,"place":"42 km ENE of Dennery, Saint Lucia","time":1785654268285,"updated":1786261188040,"tz":null,"url":"https://earthquake.usgs.gov/earthquakes/eventpage/us6000tin0","detail":"https://earthquake.usgs.gov/fdsnws/event/1/query?eventid=us6000tin0&format=geojson","felt":null,"cdi":null,"mmi":null,"alert":null,"status":"reviewed","tsunami":0,"sig":298,"net":"us","code":"6000tin0","ids":",us6000tin0,","sources":",us,","types":",origin,phase-data,","nst":43,"dmin":1.314,"rms":0.65,"gap":100,"magType":"mb","type":"earthquake","title":"M 4.4 - 42 km ENE of Dennery, Saint Lucia"},"geometry":{"type":"Point","coordinates":[-60.5302,14.0621,10]},"id":"us6000tin0"},
{"type":"Feature","properties":{"mag":4.5,"place":"271 km SSW of ‘Ohonua, Tonga","time":1785651341996,"updated":1786257239040,"tz":null,"url":"https://earthquake.usgs.gov/earthquakes/eventpage/us6000timv","detail":"https://earthquake.usgs.gov/fdsnws/event/1/query?eventid=us6000timv&format=geojson","felt":null,"cdi":null,"mmi":null,"alert":null,"status":"reviewed","tsunami":0,"sig":312,"net":"us","code":"6000timv","ids":",us6000timv,","sources":",us,","types":",origin,phase-data,","nst":20,"dmin":34.525,"rms":1.02,"gap":123,"magType":"mb","type":"earthquake","title":"M 4.5 - 271 km SSW of ‘Ohonua, Tonga"},"geometry":{"type":"Point","coordinates":[-176.3083,-23.4417,10]},"id":"us6000timv"},
{"type":"Feature","properties":{"mag":4.8,"place":"41 km S of Mendi, Papua New Guinea","time":1785649138072,"updated":1786189200040,"tz":null,"url":"https://earthquake.usgs.gov/earthquakes/eventpage/us6000thki","detail":"https://earthquake.usgs.gov/fdsnws/event/1/query?eventid=us6000thki&format=geojson","felt":null,"cdi":null,"mmi":null,"alert":null,"status":"reviewed","tsunami":0,"sig":354,"net":"us","code":"6000thki","ids":",us6000thki,","sources":",us,","types":",origin,phase-data,","nst":45,"dmin":4.513,"rms":0.31,"gap":103,"magType":"mb","type":"earthquake","title":"M 4.8 - 41 km S of Mendi, Papua New Guinea"},"geometry":{"type":"Point","coordinates":[143.6372,-6.5232,10]},"id":"us6000thki"},
{"type":"Feature","properties":{"mag":4.8,"place":"82 km SE of Atka, Alaska","time":1785647920623,"updated":1786188971040,"tz":null,"url":"https://earthquake.usgs.gov/earthquakes/eventpage/us6000thkg","detail":"https://earthquake.usgs.gov/fdsnws/event/1/query?eventid=us6000thkg&format=geojson","felt":null,"cdi":null,"mmi":3.275,"alert":null,"status":"reviewed","tsunami":0,"sig":354,"net":"us","code":"6000thkg","ids":",aka2026pdvhjv,us6000thkg,","sources":",ak,us,","types":",origin,phase-data,shakemap,","nst":93,"dmin":0.743,"rms":0.84,"gap":135,"magType":"mb","type":"earthquake","title":"M 4.8 - 82 km SE of Atka, Alaska"},"geometry":{"type":"Point","coordinates":[-173.4424,51.625,48.984]},"id":"us6000thkg"},
{"type":"Feature","properties":{"mag":4.3,"place":"159 km ESE of Saipan, Northern Mariana Islands","time":1785647588518,"updated":1786188699040,"tz":null,"url":"https://earthquake.usgs.gov/earthquakes/eventpage/us6000tinw","detail":"https://earthquake.usgs.gov/fdsnws/event/1/query?eventid=us6000tinw&format=geojson","felt":null,"cdi":null,"mmi":null,"alert":null,"status":"reviewed","tsunami":0,"sig":284,"net":"us","code":"6000tinw","ids":",us6000tinw,","sources":",us,","types":",origin,phase-data,","nst":14,"dmin":1.405,"rms":0.81,"gap":153,"magType":"mb","type":"earthquake","title":"M 4.3 - 159 km ESE of Saipan, Northern Mariana Islands"},"geometry":{"type":"Point","coordinates":[147.1236,14.6668,10]},"id":"us6000tinw"},
{"type":"Feature","properties":{"mag":4.4,"place":"185 km W of Abepura, Indonesia","time":1785647448935,"updated":1786187458040,"tz":null,"url":"https://earthquake.usgs.gov/earthquakes/eventpage/us6000timu","detail":"https://earthquake.usgs.gov/fdsnws/event/1/query?eventid=us6000timu&format=geojson","felt":null,"cdi":null,"mmi":null,"alert":null,"status":"reviewed","tsunami":0,"sig":298,"net":"us","code":"6000timu","ids":",us6000timu,","sources":",us,","types":",origin,phase-data,","nst":23,"dmin":1.738,"rms":1.06,"gap":111,"magType":"mb","type":"earthquake","title":"M 4.4 - 185 km W of Abepura, Indonesia"},"geometry":{"type":"Point","coordinates":[138.9669,-2.6255,36.446]},"id":"us6000timu"},
{"type":"Feature","properties":{"mag":4.5,"place":"7 km SSW of Yumare, Venezuela","time":1785640605100,"updated":1785704463375,"tz":null,"url":"https://earthquake.usgs.gov/earthquakes/eventpage/us6000thk4","detail":"https://earthquake.usgs.gov/fdsnws/event/1/query?eventid=us6000thk4&format=geojson","felt":20,"cdi":4.1,"mmi":null,"alert":null,"status":"reviewed","tsunami":0,"sig":320,"net":"us","code":"6000thk4","ids":",us6000thk4,","sources":",us,","types":",dyfi,origin,phase-data,","nst":35,"dmin":0.751,"rms":0.73,"gap":100,"magType":"mb","type":"earthquake","title":"M 4.5 - 7 km SSW of Yumare, Venezuela"},"geometry":{"type":"Point","coordinates":[-68.6899,10.5328,10]},"id":"us6000thk4"},
{"type":"Feature","properties":{"mag":4.2,"place":"233 km NNW of Nagqu, China","time":1785640537010,"updated":1785888047040,"tz":null,"url":"https://earthquake.usgs.gov/earthquakes/eventpage/us6000thk5","detail":"https://earthquake.usgs.gov/fdsnws/event/1/query?eventid=us6000thk5&format=geojson","felt":null,"cdi":null,"mmi":null,"alert":null,"status":"reviewed","tsunami":0,"sig":271,"net":"us","code":"6000thk5","ids":",us6000thk5,","sources":",us,","types":",origin,phase-data,","nst":33,"dmin":10.346,"rms":0.87,"gap":138,"magType":"mb","type":"earthquake","title":"M 4.2 - 233 km NNW of Nagqu, China"},"geometry":{"type":"Point","coordinates":[91.4718,33.5255,10]},"id":"us6000thk5"},
{"type":"Feature","properties":{"mag":4.2,"place":"60 km NE of Bandar Abbas, Iran","time":1785634625718,"updated":1785635409040,"tz":null,"url":"https://earthquake.usgs.gov/earthquakes/eventpage/us6000thjv","detail":"https://earthquake.usgs.gov/fdsnws/event/1/query?eventid=us6000thjv&format=geojson","felt":null,"cdi":null,"mmi":null,"alert":null,"status":"reviewed","tsunami":0,"sig":271,"net":"us","code":"6000thjv","ids":",us6000thjv,","sources":",us,","types":",origin,phase-data,","nst":33,"dmin":2.705,"rms":0.62,"gap":144,"magType":"mb","type":"earthquake","title":"M 4.2 - 60 km NE of Bandar Abbas, Iran"},"geometry":{"type":"Point","coordinates":[56.6209,27.6358,10]},"id":"us6000thjv"},
{"type":"Feature","properties":{"mag":4.4,"place":"42 km W of Cartagena, Chile","time":1785633698211,"updated":1785638585904,"tz":null,"url":"https://earthquake.usgs.gov/earthquakes/eventpage/us6000thjs","detail":"https://earthquake.usgs.gov/fdsnws/event/1/query?eventid=us6000thjs&format=geojson","felt":1,"cdi":2,"mmi":null,"alert":null,"status":"reviewed","tsunami":0,"sig":298,"net":"us","code":"6000thjs","ids":",us6000thjs,","sources":",us,","types":",dyfi,moment-tensor,origin,phase-data,","nst":37,"dmin":0.398,"rms":1.21,"gap":169,"magType":"mwr","type":"earthquake","title":"M 4.4 - 42 km W of Cartagena, Chile"},"geometry":{"type":"Point","coordinates":[-72.0649,-33.5262,25.745]},"id":"us6000thjs"},
{"type":"Feature","properties":{"mag":4.8,"place":"64 km ENE of Noda, Japan","time":1785631540187,"updated":1785632921040,"tz":null,"url":"https://earthquake.usgs.gov/earthquakes/eventpage/us6000thjm","detail":"https://earthquake.usgs.gov/fdsnws/event/1/query?eventid=us6000thjm&format=geojson","felt":null,"cdi":null,"mmi":null,"alert":null,"status":"reviewed","tsunami":0,"sig":354,"net":"us","code":"6000thjm","ids":",us6000thjm,","sources":",us,","types":",origin,phase-data,","nst":71,"dmin":1.219,"rms":0.82,"gap":134,"magType":"mb","type":"earthquake","title":"M 4.8 - 64 km ENE of Noda, Japan"},"geometry":{"type":"Point","coordinates":[142.5317,40.302,56.352]},"id":"us6000thjm"},
{"type":"Feature","properties":{"mag":5.2,"place":"112 km SW of Severo-Kuril’sk, Russia","time":1785629618325,"updated":1785630552040,"tz":null,"url":"https://earthquake.usgs.gov/earthquakes/eventpage/us6000thj5","detail":"https://earthquake.usgs.gov/fdsnws/event/1/query?eventid=us6000thj5&format=geojson","felt":null,"cdi":null,"mmi":null,"alert":null,"status":"reviewed","tsunami":0,"sig":416,"net":"us","code":"6000thj5","ids":",us6000thj5,","sources":",us,","types":",origin,phase-data,","nst":101,"dmin":10.333,"rms":1.03,"gap":45,"magType":"mb","type":"earthquake","title":"M 5.2 - 112 km SW of Severo-Kuril’sk, Russia"},"geometry":{"type":"Point","coordinates":[155.1713,49.8672,80.691]},"id":"us6000thj5"},
{"type":"Feature","properties":{"mag":4.2,"place":"7 km S of El Arenal, Mexico","time":1785627597183,"updated":1785637607040,"tz":null,"url":"https://earthquake.usgs.gov/earthquakes/eventpage/us6000thj0","detail":"https://earthquake.usgs.gov/fdsnws/event/1/query?eventid=us6000thj0&format=geojson","felt":null,"cdi":null,"mmi":null,"alert":null,"status":"reviewed","tsunami":0,"sig":271,"net":"us","code":"6000thj0","ids":",us6000thj0,","sources":",us,","types":",origin,phase-data,","nst":28,"dmin":3.069,"rms":0.83,"gap":206,"magType":"mb","type":"earthquake","title":"M 4.2 - 7 km S of El Arenal, Mexico"},"geometry":{"type":"Point","coordinates":[-92.6988,15.1043,79.674]},"id":"us6000thj0"},
{"type":"Feature","properties":{"mag":4.4,"place":"107 km SW of El Arenal, Mexico","time":1785627326571,"updated":1785629768040,"tz":null,"url":"https://earthquake.usgs.gov/earthquakes/eventpage/us6000thit","detail":"https://earthquake.usgs.gov/fdsnws/event/1/query?eventid=us6000thit&format=geojson","felt":null,"cdi":null,"mmi":null,"alert":null,"status":"reviewed","tsunami":0,"sig":298,"net":"us","code":"6000thit","ids":",us6000thit,","sources":",us,","types":",origin,phase-data,","nst":48,"dmin":3.574,"rms":0.73,"gap":189,"magType":"mb","type":"earthquake","title":"M 4.4 - 107 km SW of El Arenal, Mexico"},"geometry":{"type":"Point","coordinates":[-93.4141,14.4998,35]},"id":"us6000thit"},
{"type":"Feature","properties":{"mag":4.3,"place":"73 km WSW of Puerto Madero, Mexico","time":1785626561312,"updated":1785628910040,"tz":null,"url":"https://earthquake.usgs.gov/earthquakes/eventpage/us6000thin","detail":"https://earthquake.usgs.gov/fdsnws/event/1/query?eventid=us6000thin&format=geojson","felt":null,"cdi":null,"mmi":null,"alert":null,"status":"reviewed","tsunami":0,"sig":284,"net":"us","code":"6000thin","ids":",us6000thin,","sources":",us,","types":",origin,phase-data,","nst":26,"dmin":3.194,"rms":0.96,"gap":205,"magType":"mb","type":"earthquake","title":"M 4.3 - 73 km WSW of Puerto Madero, Mexico"},"geometry":{"type":"Point","coordinates":[-93.0308,14.4155,35]},"id":"us6000thin"},
{"type":"Feature","properties":{"mag":4.9,"place":"83 km SSE of Atka, Alaska","time":1785625623666,"updated":1785627185040,"tz":null,"url":"https://earthquake.usgs.gov/earthquakes/eventpage/us6000thii","detail":"https://earthquake.usgs.gov/fdsnws/event/1/query?eventid=us6000thii&format=geojson","felt":null,"cdi":null,"mmi":3.411,"alert":null,"status":"reviewed","tsunami":0,"sig":369,"net":"us","code":"6000thii","ids":",aka2026pdixdb,us6000thii,","sources":",ak,us,","types":",origin,phase-data,shakemap,","nst":93,"dmin":0.757,"rms":0.85,"gap":138,"magType":"mb","type":"earthquake","title":"M 4.9 - 83 km SSE of Atka, Alaska"},"geometry":{"type":"Point","coordinates":[-173.5639,51.5554,35]},"id":"us6000thii"},
{"type":"Feature","properties":{"mag":4.4,"place":"Fiji region","time":1785623379433,"updated":1785624435040,"tz":null,"url":"https://earthquake.usgs.gov/earthquakes/eventpage/us6000thid","detail":"https://earthquake.usgs.gov/fdsnws/event/1/query?eventid=us6000thid&format=geojson","felt":null,"cdi":null,"mmi":null,"alert":null,"status":"reviewed","tsunami":0,"sig":298,"net":"us","code":"6000thid","ids":",us6000thid,","sources":",us,","types":",origin,phase-data,","nst":39,"dmin":4.455,"rms":1.13,"gap":122,"magType":"mb","type":"earthquake","title":"M 4.4 - Fiji region"},"geometry":{"type":"Point","coordinates":[-177.9988,-20.1867,522.669]},"id":"us6000thid"},
{"type":"Feature","properties":{"mag":4.5,"place":"188 km W of Abepura, Indonesia","time":1785619567221,"updated":1785628195040,"tz":null,"url":"https://earthquake.usgs.gov/earthquakes/eventpage/us6000thi4","detail":"https://earthquake.usgs.gov/fdsnws/event/1/query?eventid=us6000thi4&format=geojson","felt":null,"cdi":null,"mmi":null,"alert":null,"status":"reviewed","tsunami":0,"sig":312,"net":"us","code":"6000thi4","ids":",us6000thi4,","sources":",us,","types":",origin,phase-data,","nst":25,"dmin":1.765,"rms":0.55,"gap":87,"magType":"mb","type":"earthquake","title":"M 4.5 - 188 km W of Abepura, Indonesia"},"geometry":{"type":"Point","coordinates":[138.9386,-2.6121,10]},"id":"us6000thi4"},
{"type":"Feature","properties":{"mag":4.1,"place":"19 km SSE of Kirkuk, Iraq","time":1785616148290,"updated":1786650110040,"tz":null,"url":"https://earthquake.usgs.gov/earthquakes/eventpage/us6000tima","detail":"https://earthquake.usgs.gov/fdsnws/event/1/query?eventid=us6000tima&format=geojson","felt":null,"cdi":null,"mmi":null,"alert":null,"status":"reviewed","tsunami":0,"sig":259,"net":"us","code":"6000tima","ids":",us6000tima,","sources":",us,","types":",origin,phase-data,","nst":44,"dmin":0.841,"rms":0.64,"gap":144,"magType":"mb","type":"earthquake","title":"M 4.1 - 19 km SSE of Kirkuk, Iraq"},"geometry":{"type":"Point","coordinates":[44.5123,35.3201,10]},"id":"us6000tima"},
{"type":"Feature","properties":{"mag":4.4,"place":"30 km SE of Kirkuk, Iraq","time":1785616055947,"updated":1786637162037,"tz":null,"url":"https://earthquake.usgs.gov/earthquakes/eventpage/us6000thht","detail":"https://earthquake.usgs.gov/fdsnws/event/1/query?eventid=us6000thht&format=geojson","felt":1,"cdi":3.4,"mmi":null,"alert":null,"status":"reviewed","tsunami":0,"sig":298,"net":"us","code":"6000thht","ids":",us6000thht,","sources":",us,","types":",dyfi,origin,phase-data,","nst":82,"dmin":0.826,"rms":0.68,"gap":86,"magType":"mb","type":"earthquake","title":"M 4.4 - 30 km SE of Kirkuk, Iraq"},"geometry":{"type":"Point","coordinates":[44.5765,35.2431,10]},"id":"us6000thht"},
{"type":"Feature","properties":{"mag":4.1,"place":"208 km NW of Tobelo, Indonesia","time":1785614888844,"updated":1786648043040,"tz":null,"url":"https://earthquake.usgs.gov/earthquakes/eventpage/us6000tim2","detail":"https://earthquake.usgs.gov/fdsnws/event/1/query?eventid=us6000tim2&format=geojson","felt":null,"cdi":null,"mmi":null,"alert":null,"status":"reviewed","tsunami":0,"sig":259,"net":"us","code":"6000tim2","ids":",us6000tim2,","sources":",us,","types":",origin,phase-data,","nst":24,"dmin":8.046,"rms":0.58,"gap":115,"magType":"mb","type":"earthquake","title":"M 4.1 - 208 km NW of Tobelo, Indonesia"},"geometry":{"type":"Point","coordinates":[126.4682,2.804,56.089]},"id":"us6000tim2"},
{"type":"Feature","properties":{"mag":5.2,"place":"159 km SSW of Severo-Kuril’sk, Russia","time":1785614567387,"updated":1786801108040,"tz":null,"url":"https://earthquake.usgs.gov/earthquakes/eventpage/us6000thhr","detail":"https://earthquake.usgs.gov/fdsnws/event/1/query?eventid=us6000thhr&format=geojson","felt":null,"cdi":null,"mmi":null,"alert":null,"status":"reviewed","tsunami":0,"sig":416,"net":"us","code":"6000thhr","ids":",us6000thhr,","sources":",us,","types":",moment-tensor,origin,phase-data,","nst":84,"dmin":4.246,"rms":0.74,"gap":124,"magType":"mww","type":"earthquake","title":"M 5.2 - 159 km SSW of Severo-Kuril’sk, Russia"},"geometry":{"type":"Point","coordinates":[155.2981,49.3423,56.61]},"id":"us6000thhr"},
{"type":"Feature","properties":{"mag":4.07,"place":"49 km N of Charlotte Amalie, U.S. Virgin Islands","time":1785614441590,"updated":1786800266040,"tz":null,"url":"https://earthquake.usgs.gov/earthquakes/eventpage/pr2026213000","detail":"https://earthquake.usgs.gov/fdsnws/event/1/query?eventid=pr2026213000&format=geojson","felt":10,"cdi":3.4,"mmi":null,"alert":null,"status":"reviewed","tsunami":0,"sig":258,"net":"pr","code":"2026213000","ids":",us6000thhq,pr2026213000,","sources":",us,pr,","types":",dyfi,origin,phase-data,","nst":28,"dmin":0.4346,"rms":0.39,"gap":218,"magType":"md","type":"earthquake","title":"M 4.1 - 49 km N of Charlotte Amalie, U.S. Virgin Islands"},"geometry":{"type":"Point","coordinates":[-64.9225,18.7861,19]},"id":"pr2026213000"},
{"type":"Feature","properties":{"mag":5.3,"place":"44 km SE of Tsunō, Japan","time":1785611453802,"updated":1786730702196,"tz":null,"url":"https://earthquake.usgs.gov/earthquakes/eventpage/us6000thhk","detail":"https://earthquake.usgs.gov/fdsnws/event/1/query?eventid=us6000thhk&format=geojson","felt":1,"cdi":2.7,"mmi":null,"alert":null,"status":"reviewed","tsunami":0,"sig":432,"net":"us","code":"6000thhk","ids":",us6000thhk,usauto6000thhk,","sources":",us,usauto,","types":",dyfi,internal-moment-tensor,moment-tensor,origin,phase-data,","nst":97,"dmin":1.379,"rms":0.71,"gap":80,"magType":"mww","type":"earthquake","title":"M 5.3 - 44 km SE of Tsunō, Japan"},"geometry":{"type":"Point","coordinates":[131.9561,32.0214,35]},"id":"us6000thhk"},
{"type":"Feature","properties":{"mag":4.3,"place":"28 km S of Sulangan, Philippines","time":1785610798340,"updated":1786636288040,"tz":null,"url":"https://earthquake.usgs.gov/earthquakes/eventpage/us6000thhj","detail":"https://earthquake.usgs.gov/fdsnws/event/1/query?eventid=us6000thhj&format=geojson","felt":null,"cdi":null,"mmi":null,"alert":null,"status":"reviewed","tsunami":0,"sig":284,"net":"us","code":"6000thhj","ids":",us6000thhj,","sources":",us,","types":",origin,phase-data,","nst":54,"dmin":3.602,"rms":0.62,"gap":123,"magType":"mb","type":"earthquake","title":"M 4.3 - 28 km S of Sulangan, Philippines"},"geometry":{"type":"Point","coordinates":[125.8721,10.6831,41.096]},"id":"us6000thhj"},
{"type":"Feature","properties":{"mag":4.2,"place":"119 km SW of Merizo Village, Guam","time":1785608701262,"updated":1786644586040,"tz":null,"url":"https://earthquake.usgs.gov/earthquakes/eventpage/us6000tim0","detail":"https://earthquake.usgs.gov/fdsnws/event/1/query?eventid=us6000tim0&format=geojson","felt":null,"cdi":null,"mmi":null,"alert":null,"status":"reviewed","tsunami":0,"sig":271,"net":"us","code":"6000tim0","ids":",us6000tim0,","sources":",us,","types":",origin,phase-data,","nst":29,"dmin":1.444,"rms":0.51,"gap":81,"magType":"mb","type":"earthquake","title":"M 4.2 - 119 km SW of Merizo Village, Guam"},"geometry":{"type":"Point","coordinates":[143.8951,12.4943,37.109]},"id":"us6000tim0"},
{"type":"Feature","properties":{"mag":4.4,"place":"150 km ENE of Masohi, Indonesia","time":1785605401453,"updated":1786725903040,"tz":null,"url":"https://earthquake.usgs.gov/earthquakes/eventpage/us6000thhe","detail":"https://earthquake.usgs.gov/fdsnws/event/1/query?eventid=us6000thhe&format=geojson","felt":null,"cdi":null,"mmi":null,"alert":null,"status":"reviewed","tsunami":0,"sig":298,"net":"us","code":"6000thhe","ids":",us6000thhe,","sources":",us,","types":",origin,phase-data,","nst":39,"dmin":1.763,"rms":0.75,"gap":64,"magType":"mb","type":"earthquake","title":"M 4.4 - 150 km ENE of Masohi, Indonesia"},"geometry":{"type":"Point","coordinates":[130.2218,-2.7767,10]},"id":"us6000thhe"},
{"type":"Feature","properties":{"mag":4.6,"place":"14 km WSW of Honmachi, Japan","time":1785600441753,"updated":1785622745681,"tz":null,"url":"https://earthquake.usgs.gov/earthquakes/eventpage/us6000thgz","detail":"https://earthquake.usgs.gov/fdsnws/event/1/query?eventid=us6000thgz&format=geojson","felt":1,"cdi":2.7,"mmi":null,"alert":null,"status":"reviewed","tsunami":0,"sig":326,"net":"us","code":"6000thgz","ids":",us6000thgz,","sources":",us,","types":",dyfi,origin,phase-data,","nst":79,"dmin":0.937,"rms":0.64,"gap":108,"magType":"mb","type":"earthquake","title":"M 4.6 - 14 km WSW of Honmachi, Japan"},"geometry":{"type":"Point","coordinates":[130.4599,32.4488,10]},"id":"us6000thgz"},
{"type":"Feature","properties":{"mag":5.1,"place":"south of the Fiji Islands","time":1785599471360,"updated":1785600625040,"tz":null,"url":"https://earthquake.usgs.gov/earthquakes/eventpage/us6000thgx","detail":"https://earthquake.usgs.gov/fdsnws/event/1/query?eventid=us6000thgx&format=geojson","felt":null,"cdi":null,"mmi":null,"alert":null,"status":"reviewed","tsunami":0,"sig":400,"net":"us","code":"6000thgx","ids":",usauto6000thgx,us6000thgx,","sources":",usauto,us,","types":",internal-moment-tensor,origin,phase-data,","nst":124,"dmin":4.936,"rms":0.69,"gap":51,"magType":"mww","type":"earthquake","title":"M 5.1 - south of the Fiji Islands"},"geometry":{"type":"Point","coordinates":[-176.7959,-24.3942,69.752]},"id":"us6000thgx"},
{"type":"Feature","properties":{"mag":4.2,"place":"Banda Sea","time":1785594911146,"updated":1785604786040,"tz":null,"url":"https://earthquake.usgs.gov/earthquakes/eventpage/us6000thgp","detail":"https://earthquake.usgs.gov/fdsnws/event/1/query?eventid=us6000thgp&format=geojson","felt":null,"cdi":null,"mmi":null,"alert":null,"status":"reviewed","tsunami":0,"sig":271,"net":"us","code":"6000thgp","ids":",us6000thgp,","sources":",us,","types":",origin,phase-data,","nst":19,"dmin":2.224,"rms":0.66,"gap":85,"magType":"mb","type":"earthquake","title":"M 4.2 - Banda Sea"},"geometry":{"type":"Point","coordinates":[129.7032,-6.7517,139.529]},"id":"us6000thgp"},
{"type":"Feature","properties":{"mag":4.9,"place":"8 km W of Matsubase, Japan","time":1785588443360,"updated":1786187138040,"tz":null,"url":"https://earthquake.usgs.gov/earthquakes/eventpage/us6000thgg","detail":"https://earthquake.usgs.gov/fdsnws/event/1/query?eventid=us6000thgg&format=geojson","felt":null,"cdi":null,"mmi":null,"alert":null,"status":"reviewed","tsunami":0,"sig":369,"net":"us","code":"6000thgg","ids":",us6000thgg,","sources":",us,","types":",origin,phase-data,","nst":70,"dmin":1.146,"rms":0.63,"gap":101,"magType":"mb","type":"earthquake","title":"M 4.9 - 8 km W of Matsubase, Japan"},"geometry":{"type":"Point","coordinates":[130.5789,32.654,10]},"id":"us6000thgg"},
{"type":"Feature","properties":{"mag":4.5,"place":"170 km WSW of Fakfak, Indonesia","time":1785587449350,"updated":1786186039040,"tz":null,"url":"https://earthquake.usgs.gov/earthquakes/eventpage/us6000thgf","detail":"https://earthquake.usgs.gov/fdsnws/event/1/query?eventid=us6000thgf&format=geojson","felt":null,"cdi":null,"mmi":null,"alert":null,"status":"reviewed","tsunami":0,"sig":312,"net":"us","code":"6000thgf","ids":",us6000thgf,","sources":",us,","types":",origin,phase-data,","nst":33,"dmin":1.484,"rms":0.79,"gap":78,"magType":"mb","type":"earthquake","title":"M 4.5 - 170 km WSW of Fakfak, Indonesia"},"geometry":{"type":"Point","coordinates":[130.8088,-3.2875,10]},"id":"us6000thgf"},
{"type":"Feature","properties":{"mag":4.5,"place":"152 km ENE of Masohi, Indonesia","time":1785586327612,"updated":1786185890040,"tz":null,"url":"https://earthquake.usgs.gov/earthquakes/eventpage/us6000thgc","detail":"https://earthquake.usgs.gov/fdsnws/event/1/query?eventid=us6000thgc&format=geojson","felt":null,"cdi":null,"mmi":null,"alert":null,"status":"reviewed","tsunami":0,"sig":312,"net":"us","code":"6000thgc","ids":",us6000thgc,","sources":",us,","types":",origin,phase-data,","nst":28,"dmin":1.664,"rms":0.93,"gap":92,"magType":"mb","type":"earthquake","title":"M 4.5 - 152 km ENE of Masohi, Indonesia"},"geometry":{"type":"Point","coordinates":[130.2762,-2.8888,10]},"id":"us6000thgc"},
{"type":"Feature","properties":{"mag":4.7,"place":"Tristan da Cunha region","time":1785582783962,"updated":1786184308040,"tz":null,"url":"https://earthquake.usgs.gov/earthquakes/eventpage/us6000tilt","detail":"https://earthquake.usgs.gov/fdsnws/event/1/query?eventid=us6000tilt&format=geojson","felt":null,"cdi":null,"mmi":null,"alert":null,"status":"reviewed","tsunami":0,"sig":340,"net":"us","code":"6000tilt","ids":",us6000tilt,","sources":",us,","types":",origin,phase-data,","nst":17,"dmin":3.632,"rms":0.84,"gap":70,"magType":"mb","type":"earthquake","title":"M 4.7 - Tristan da Cunha region"},"geometry":{"type":"Point","coordinates":[-15.9417,-39.3144,10]},"id":"us6000tilt"},
{"type":"Feature","properties":{"mag":5.2,"place":"Tristan da Cunha region","time":1785582440193,"updated":1786183281040,"tz":null,"url":"https://earthquake.usgs.gov/earthquakes/eventpage/us6000thg5","detail":"https://earthquake.usgs.gov/fdsnws/event/1/query?eventid=us6000thg5&format=geojson","felt":null,"cdi":null,"mmi":null,"alert":null,"status":"reviewed","tsunami":0,"sig":416,"net":"us","code":"6000thg5","ids":",us6000thg5,","sources":",us,","types":",origin,phase-data,","nst":38,"dmin":3.677,"rms":0.92,"gap":65,"magType":"mb","type":"earthquake","title":"M 5.2 - Tristan da Cunha region"},"geometry":{"type":"Point","coordinates":[-15.8701,-39.4578,10]},"id":"us6000thg5"},
{"type":"Feature","properties":{"mag":5.1,"place":"Tristan da Cunha region","time":1785577833882,"updated":1786183155040,"tz":null,"url":"https://earthquake.usgs.gov/earthquakes/eventpage/us6000thfp","detail":"https://earthquake.usgs.gov/fdsnws/event/1/query?eventid=us6000thfp&format=geojson","felt":null,"cdi":null,"mmi":null,"alert":null,"status":"reviewed","tsunami":0,"sig":400,"net":"us","code":"6000thfp","ids":",us6000thfp,","sources":",us,","types":",origin,phase-data,","nst":35,"dmin":3.902,"rms":0.53,"gap":80,"magType":"mb","type":"earthquake","title":"M 5.1 - Tristan da Cunha region"},"geometry":{"type":"Point","coordinates":[-15.9654,-39.7185,10]},"id":"us6000thfp"},
{"type":"Feature","properties":{"mag":4.5,"place":"Kermadec Islands region","time":1785577210770,"updated":1786182987040,"tz":null,"url":"https://earthquake.usgs.gov/earthquakes/eventpage/us6000tils","detail":"https://earthquake.usgs.gov/fdsnws/event/1/query?eventid=us6000tils&format=geojson","felt":null,"cdi":null,"mmi":null,"alert":null,"status":"reviewed","tsunami":0,"sig":312,"net":"us","code":"6000tils","ids":",us6000tils,","sources":",us,","types":",origin,phase-data,","nst":16,"dmin":1.691,"rms":0.97,"gap":94,"magType":"mb","type":"earthquake","title":"M 4.5 - Kermadec Islands region"},"geometry":{"type":"Point","coordinates":[-176.6412,-27.9847,10]},"id":"us6000tils"},
{"type":"Feature","properties":{"mag":4.6,"place":"99 km WSW of Puerto Madero, Mexico","time":1785572507571,"updated":1785746641040,"tz":null,"url":"https://earthquake.usgs.gov/earthquakes/eventpage/us6000thfh","detail":"https://earthquake.usgs.gov/fdsnws/event/1/query?eventid=us6000thfh&format=geojson","felt":null,"cdi":null,"mmi":null,"alert":null,"status":"reviewed","tsunami":0,"sig":326,"net":"us","code":"6000thfh","ids":",us6000thfh,","sources":",us,","types":",origin,phase-data,","nst":152,"dmin":3.403,"rms":0.46,"gap":145,"magType":"mb","type":"earthquake","title":"M 4.6 - 99 km WSW of Puerto Madero, Mexico"},"geometry":{"type":"Point","coordinates":[-93.2587,14.3393,11.917]},"id":"us6000thfh"},
{"type":"Feature","properties":{"mag":4.4,"place":"28 km SW of Ollagüe, Chile","time":1785570645439,"updated":1785574656040,"tz":null,"url":"https://earthquake.usgs.gov/earthquakes/eventpage/us6000thf5","detail":"https://earthquake.usgs.gov/fdsnws/event/1/query?eventid=us6000thf5&format=geojson","felt":null,"cdi":null,"mmi":null,"alert":null,"status":"reviewed","tsunami":0,"sig":298,"net":"us","code":"6000thf5","ids":",us6000thf5,","sources":",us,","types":",origin,phase-data,","nst":24,"dmin":0.832,"rms":0.71,"gap":70,"magType":"mb","type":"earthquake","title":"M 4.4 - 28 km SW of Ollagüe, Chile"},"geometry":{"type":"Point","coordinates":[-68.451,-21.4068,142.886]},"id":"us6000thf5"},
{"type":"Feature","properties":{"mag":5.1,"place":"south of the Fiji Islands","time":1785570363634,"updated":1785571323040,"tz":null,"url":"https://earthquake.usgs.gov/earthquakes/eventpage/us6000thf3","detail":"https://earthquake.usgs.gov/fdsnws/event/1/query?eventid=us6000thf3&format=geojson","felt":null,"cdi":null,"mmi":null,"alert":null,"status":"reviewed","tsunami":0,"sig":400,"net":"us","code":"6000thf3","ids":",us6000thf3,","sources":",us,","types":",origin,phase-data,","nst":74,"dmin":5.32,"rms":0.84,"gap":45,"magType":"mb","type":"earthquake","title":"M 5.1 - south of the Fiji Islands"},"geometry":{"type":"Point","coordinates":[-179.1255,-22.3815,544.366]},"id":"us6000thf3"},
{"type":"Feature","properties":{"mag":4.3,"place":"53 km NNE of Tokur, Russia","time":1785567726338,"updated":1785754023040,"tz":null,"url":"https://earthquake.usgs.gov/earthquakes/eventpage/us6000they","detail":"https://earthquake.usgs.gov/fdsnws/event/1/query?eventid=us6000they&format=geojson","felt":null,"cdi":null,"mmi":null,"alert":null,"status":"reviewed","tsunami":0,"sig":284,"net":"us","code":"6000they","ids":",us6000they,","sources":",us,","types":",origin,phase-data,","nst":57,"dmin":8.664,"rms":0.64,"gap":103,"magType":"mb","type":"earthquake","title":"M 4.3 - 53 km NNE of Tokur, Russia"},"geometry":{"type":"Point","coordinates":[133.1523,53.5895,10]},"id":"us6000they"},
{"type":"Feature","properties":{"mag":4.4,"place":"273 km SSW of Severo-Kuril’sk, Russia","time":1785566892038,"updated":1785569889040,"tz":null,"url":"https://earthquake.usgs.gov/earthquakes/eventpage/us6000thex","detail":"https://earthquake.usgs.gov/fdsnws/event/1/query?eventid=us6000thex&format=geojson","felt":null,"cdi":null,"mmi":null,"alert":null,"status":"reviewed","tsunami":0,"sig":298,"net":"us","code":"6000thex","ids":",us6000thex,","sources":",us,","types":",origin,phase-data,","nst":36,"dmin":5.088,"rms":0.83,"gap":133,"magType":"mb","type":"earthquake","title":"M 4.4 - 273 km SSW of Severo-Kuril’sk, Russia"},"geometry":{"type":"Point","coordinates":[154.7658,48.3782,35]},"id":"us6000thex"},
{"type":"Feature","properties":{"mag":4.4,"place":"Volcano Islands, Japan region","time":1785564117638,"updated":1785568342040,"tz":null,"url":"https://earthquake.usgs.gov/earthquakes/eventpage/us6000thev","detail":"https://earthquake.usgs.gov/fdsnws/event/1/query?eventid=us6000thev&format=geojson","felt":null,"cdi":null,"mmi":null,"alert":null,"status":"reviewed","tsunami":0,"sig":298,"net":"us","code":"6000thev","ids":",us6000thev,","sources":",us,","types":",origin,phase-data,","nst":45,"dmin":10.383,"rms":0.57,"gap":138,"magType":"mb","type":"earthquake","title":"M 4.4 - Volcano Islands, Japan region"},"geometry":{"type":"Point","coordinates":[142.5554,24.3042,35]},"id":"us6000thev"},
{"type":"Feature","properties":{"mag":4.5,"place":"south of the Fiji Islands","time":1785559812163,"updated":1785561321040,"tz":null,"url":"https://earthquake.usgs.gov/earthquakes/eventpage/us6000thel","detail":"https://earthquake.usgs.gov/fdsnws/event/1/query?eventid=us6000thel&format=geojson","felt":null,"cdi":null,"mmi":null,"alert":null,"status":"reviewed","tsunami":0,"sig":312,"net":"us","code":"6000thel","ids":",us6000thel,","sources":",us,","types":",origin,phase-data,","nst":28,"dmin":6.373,"rms":1.15,"gap":156,"magType":"mb","type":"earthquake","title":"M 4.5 - south of the Fiji Islands"},"geometry":{"type":"Point","coordinates":[-179.5569,-23.7435,493.554]},"id":"us6000thel"},
{"type":"Feature","properties":{"mag":5.6,"place":"200 km SW of Port McNeill, Canada","time":1785559741269,"updated":1785950967733,"tz":null,"url":"https://earthquake.usgs.gov/earthquakes/eventpage/us6000thej","detail":"https://earthquake.usgs.gov/fdsnws/event/1/query?eventid=us6000thej&format=geojson","felt":12,"cdi":2.7,"mmi":3.588,"alert":"green","status":"reviewed","tsunami":0,"sig":486,"net":"us","code":"6000thej","ids":",us6000thej,usauto6000thej,","sources":",us,usauto,","types":",dyfi,internal-moment-tensor,losspager,moment-tensor,origin,phase-data,shakemap,","nst":106,"dmin":1.33,"rms":1.41,"gap":152,"magType":"mww","type":"earthquake","title":"M 5.6 - 200 km SW of Port McNeill, Canada"},"geometry":{"type":"Point","coordinates":[-129.4251,49.6033,10]},"id":"us6000thej"},
{"type":"Feature","properties":{"mag":4.6,"place":"25 km S of Daliao, Philippines","time":1785555770806,"updated":1785572824843,"tz":null,"url":"https://earthquake.usgs.gov/earthquakes/eventpage/us6000thef","detail":"https://earthquake.usgs.gov/fdsnws/event/1/query?eventid=us6000thef&format=geojson","felt":4,"cdi":4.1,"mmi":null,"alert":null,"status":"reviewed","tsunami":0,"sig":327,"net":"us","code":"6000thef","ids":",us6000thef,","sources":",us,","types":",dyfi,origin,phase-data,","nst":36,"dmin":1.566,"rms":1.01,"gap":117,"magType":"mb","type":"earthquake","title":"M 4.6 - 25 km S of Daliao, Philippines"},"geometry":{"type":"Point","coordinates":[124.9258,5.6352,35]},"id":"us6000thef"},
{"type":"Feature","properties":{"mag":4.8,"place":"44 km NW of Te Anau, New Zealand","time":1785554635189,"updated":1785791110112,"tz":null,"url":"https://earthquake.usgs.gov/earthquakes/eventpage/us6000the7","detail":"https://earthquake.usgs.gov/fdsnws/event/1/query?eventid=us6000the7&format=geojson","felt":12,"cdi":3.8,"mmi":null,"alert":null,"status":"reviewed","tsunami":0,"sig":359,"net":"us","code":"6000the7","ids":",us6000the7,","sources":",us,","types":",dyfi,origin,phase-data,","nst":34,"dmin":0.399,"rms":0.69,"gap":85,"magType":"mb","type":"earthquake","title":"M 4.8 - 44 km NW of Te Anau, New Zealand"},"geometry":{"type":"Point","coordinates":[167.3746,-45.0973,112.486]},"id":"us6000the7"},
{"type":"Feature","properties":{"mag":5.5,"place":"57 km E of Mutsu, Japan","time":1785552481570,"updated":1785682242040,"tz":null,"url":"https://earthquake.usgs.gov/earthquakes/eventpage/us6000thdk","detail":"https://earthquake.usgs.gov/fdsnws/event/1/query?eventid=us6000thdk&format=geojson","felt":7,"cdi":3.8,"mmi":4.35,"alert":"green","status":"reviewed","tsunami":0,"sig":468,"net":"us","code":"6000thdk","ids":",us6000thdk,usauto6000thdk,","sources":",us,usauto,","types":",dyfi,internal-moment-tensor,losspager,moment-tensor,origin,phase-data,shakemap,","nst":73,"dmin":0.843,"rms":0.83,"gap":72,"magType":"mww","type":"earthquake","title":"M 5.5 - 57 km E of Mutsu, Japan"},"geometry":{"type":"Point","coordinates":[141.8958,41.352,82.29]},"id":"us6000thdk"},
{"type":"Feature","properties":{"mag":4.3,"place":"7 km SE of Orosi, Costa Rica","time":1785550587638,"updated":1785588851097,"tz":null,"url":"https://earthquake.usgs.gov/earthquakes/eventpage/us6000thdg","detail":"https://earthquake.usgs.gov/fdsnws/event/1/query?eventid=us6000thdg&format=geojson","felt":33,"cdi":4.8,"mmi":null,"alert":null,"status":"reviewed","tsunami":0,"sig":300,"net":"us","code":"6000thdg","ids":",us6000thdg,","sources":",us,","types":",dyfi,origin,phase-data,","nst":21,"dmin":0.394,"rms":1.12,"gap":164,"magType":"mb","type":"earthquake","title":"M 4.3 - 7 km SE of Orosi, Costa Rica"},"geometry":{"type":"Point","coordinates":[-83.8046,9.7477,10]},"id":"us6000thdg"},
{"type":"Feature","properties":{"mag":4.7,"place":"206 km NW of Oula Xiuma, China","time":1785547776859,"updated":1785549057040,"tz":null,"url":"https://earthquake.usgs.gov/earthquakes/eventpage/us6000thdc","detail":"https://earthquake.usgs.gov/fdsnws/event/1/query?eventid=us6000thdc&format=geojson","felt":null,"cdi":null,"mmi":null,"alert":null,"status":"reviewed","tsunami":0,"sig":340,"net":"us","code":"6000thdc","ids":",us6000thdc,","sources":",us,","types":",origin,phase-data,","nst":38,"dmin":3.506,"rms":0.77,"gap":115,"magType":"mb","type":"earthquake","title":"M 4.7 - 206 km NW of Oula Xiuma, China"},"geometry":{"type":"Point","coordinates":[99.4261,35.4802,10]},"id":"us6000thdc"},
{"type":"Feature","properties":{"mag":4.6,"place":"163 km ENE of Tokār, Sudan","time":1785547449262,"updated":1785548337040,"tz":null,"url":"https://earthquake.usgs.gov/earthquakes/eventpage/us6000thdb","detail":"https://earthquake.usgs.gov/fdsnws/event/1/query?eventid=us6000thdb&format=geojson","felt":null,"cdi":null,"mmi":null,"alert":null,"status":"reviewed","tsunami":0,"sig":326,"net":"us","code":"6000thdb","ids":",us6000thdb,","sources":",us,","types":",origin,phase-data,","nst":47,"dmin":6.565,"rms":0.95,"gap":106,"magType":"mb","type":"earthquake","title":"M 4.6 - 163 km ENE of Tokār, Sudan"},"geometry":{"type":"Point","coordinates":[39.1998,18.877,10]},"id":"us6000thdb"},
{"type":"Feature","properties":{"mag":4.5,"place":"40 km ESE of Sulangan, Philippines","time":1785540963277,"updated":1785542887040,"tz":null,"url":"https://earthquake.usgs.gov/earthquakes/eventpage/us6000thcu","detail":"https://earthquake.usgs.gov/fdsnws/event/1/query?eventid=us6000thcu&format=geojson","felt":null,"cdi":null,"mmi":null,"alert":null,"status":"reviewed","tsunami":0,"sig":312,"net":"us","code":"6000thcu","ids":",us6000thcu,","sources":",us,","types":",origin,phase-data,","nst":36,"dmin":3.692,"rms":1.06,"gap":120,"magType":"mb","type":"earthquake","title":"M 4.5 - 40 km ESE of Sulangan, Philippines"},"geometry":{"type":"Point","coordinates":[126.1452,10.7428,10.001]},"id":"us6000thcu"},
{"type":"Feature","properties":{"mag":5.1,"place":"132 km ENE of Masohi, Indonesia","time":1785539857106,"updated":1785541274040,"tz":null,"url":"https://earthquake.usgs.gov/earthquakes/eventpage/us6000thcs","detail":"https://earthquake.usgs.gov/fdsnws/event/1/query?eventid=us6000thcs&format=geojson","felt":null,"cdi":null,"mmi":null,"alert":null,"status":"reviewed","tsunami":0,"sig":400,"net":"us","code":"6000thcs","ids":",us6000thcs,","sources":",us,","types":",origin,phase-data,","nst":50,"dmin":1.525,"rms":0.72,"gap":68,"magType":"mb","type":"earthquake","title":"M 5.1 - 132 km ENE of Masohi, Indonesia"},"geometry":{"type":"Point","coordinates":[130.1237,-3.0027,10]},"id":"us6000thcs"},
{"type":"Feature","properties":{"mag":4.1,"place":"117 km ESE of Yamada, Japan","time":1785535314262,"updated":1785548218040,"tz":null,"url":"https://earthquake.usgs.gov/earthquakes/eventpage/us6000thci","detail":"https://earthquake.usgs.gov/fdsnws/event/1/query?eventid=us6000thci&format=geojson","felt":null,"cdi":null,"mmi":null,"alert":null,"status":"reviewed","tsunami":0,"sig":259,"net":"us","code":"6000thci","ids":",us6000thci,","sources":",us,","types":",origin,phase-data,","nst":28,"dmin":2.313,"rms":1.02,"gap":194,"magType":"mb","type":"earthquake","title":"M 4.1 - 117 km ESE of Yamada, Japan"},"geometry":{"type":"Point","coordinates":[143.2752,39.2159,28.09]},"id":"us6000thci"},
{"type":"Feature","properties":{"mag":4.5,"place":"54 km NE of Simao, China","time":1785533050934,"updated":1785539724040,"tz":null,"url":"https://earthquake.usgs.gov/earthquakes/eventpage/us6000thc9","detail":"https://earthquake.usgs.gov/fdsnws/event/1/query?eventid=us6000thc9&format=geojson","felt":null,"cdi":null,"mmi":null,"alert":null,"status":"reviewed","tsunami":0,"sig":312,"net":"us","code":"6000thc9","ids":",us6000thc9,","sources":",us,","types":",origin,phase-data,","nst":42,"dmin":3.067,"rms":0.81,"gap":62,"magType":"mb","type":"earthquake","title":"M 4.5 - 54 km NE of Simao, China"},"geometry":{"type":"Point","coordinates":[101.2878,23.1907,10]},"id":"us6000thc9"},
{"type":"Feature","properties":{"mag":4.4,"place":"105 km ESE of Sarangani, Philippines","time":1785533038079,"updated":1785536864040,"tz":null,"url":"https://earthquake.usgs.gov/earthquakes/eventpage/us6000thca","detail":"https://earthquake.usgs.gov/fdsnws/event/1/query?eventid=us6000thca&format=geojson","felt":null,"cdi":null,"mmi":null,"alert":null,"status":"reviewed","tsunami":0,"sig":298,"net":"us","code":"6000thca","ids":",us6000thca,","sources":",us,","types":",origin,phase-data,","nst":25,"dmin":2.271,"rms":0.58,"gap":132,"magType":"mb","type":"earthquake","title":"M 4.4 - 105 km ESE of Sarangani, Philippines"},"geometry":{"type":"Point","coordinates":[126.2704,4.8905,68.804]},"id":"us6000thca"},
{"type":"Feature","properties":{"mag":4.4,"place":"144 km ENE of Masohi, Indonesia","time":1785532236213,"updated":1785534697040,"tz":null,"url":"https://earthquake.usgs.gov/earthquakes/eventpage/us6000thc6","detail":"https://earthquake.usgs.gov/fdsnws/event/1/query?eventid=us6000thc6&format=geojson","felt":null,"cdi":null,"mmi":null,"alert":null,"status":"reviewed","tsunami":0,"sig":298,"net":"us","code":"6000thc6","ids":",us6000thc6,","sources":",us,","types":",origin,phase-data,","nst":20,"dmin":1.633,"rms":0.81,"gap":68,"magType":"mb","type":"earthquake","title":"M 4.4 - 144 km ENE of Masohi, Indonesia"},"geometry":{"type":"Point","coordinates":[130.2088,-2.9075,10]},"id":"us6000thc6"},
{"type":"Feature","properties":{"mag":4.4,"place":"123 km WSW of Puerto Madero, Mexico","time":1785531554225,"updated":1785604150040,"tz":null,"url":"https://earthquake.usgs.gov/earthquakes/eventpage/us6000thc1","detail":"https://earthquake.usgs.gov/fdsnws/event/1/query?eventid=us6000thc1&format=geojson","felt":null,"cdi":null,"mmi":null,"alert":null,"status":"reviewed","tsunami":0,"sig":298,"net":"us","code":"6000thc1","ids":",us6000thc1,","sources":",us,","types":",origin,phase-data,","nst":81,"dmin":3.563,"rms":0.72,"gap":144,"magType":"mb","type":"earthquake","title":"M 4.4 - 123 km WSW of Puerto Madero, Mexico"},"geometry":{"type":"Point","coordinates":[-93.4388,14.2008,10]},"id":"us6000thc1"},
{"type":"Feature","properties":{"mag":4.4,"place":"south of the Fiji Islands","time":1785529942003,"updated":1785603376040,"tz":null,"url":"https://earthquake.usgs.gov/earthquakes/eventpage/us6000thbz","detail":"https://earthquake.usgs.gov/fdsnws/event/1/query?eventid=us6000thbz&format=geojson","felt":null,"cdi":null,"mmi":null,"alert":null,"status":"reviewed","tsunami":0,"sig":298,"net":"us","code":"6000thbz","ids":",us6000thbz,","sources":",us,","types":",origin,phase-data,","nst":42,"dmin":2.568,"rms":0.8,"gap":116,"magType":"mb","type":"earthquake","title":"M 4.4 - south of the Fiji Islands"},"geometry":{"type":"Point","coordinates":[-178.8251,-26.793,347.147]},"id":"us6000thbz"},
{"type":"Feature","properties":{"mag":4.6,"place":"132 km ENE of Masohi, Indonesia","time":1785529750879,"updated":1785602516040,"tz":null,"url":"https://earthquake.usgs.gov/earthquakes/eventpage/us6000thbu","detail":"https://earthquake.usgs.gov/fdsnws/event/1/query?eventid=us6000thbu&format=geojson","felt":null,"cdi":null,"mmi":null,"alert":null,"status":"reviewed","tsunami":0,"sig":326,"net":"us","code":"6000thbu","ids":",us6000thbu,","sources":",us,","types":",origin,phase-data,","nst":60,"dmin":1.611,"rms":0.6,"gap":50,"magType":"mb","type":"earthquake","title":"M 4.6 - 132 km ENE of Masohi, Indonesia"},"geometry":{"type":"Point","coordinates":[130.0959,-2.9125,10]},"id":"us6000thbu"},
{"type":"Feature","properties":{"mag":4.4,"place":"10 km S of Kŭlob, Tajikistan","time":1785529609821,"updated":1785601800040,"tz":null,"url":"https://earthquake.usgs.gov/earthquakes/eventpage/us6000thbs","detail":"https://earthquake.usgs.gov/fdsnws/event/1/query?eventid=us6000thbs&format=geojson","felt":null,"cdi":null,"mmi":null,"alert":null,"status":"reviewed","tsunami":0,"sig":298,"net":"us","code":"6000thbs","ids":",us6000thbs,","sources":",us,","types":",origin,phase-data,","nst":97,"dmin":2.184,"rms":0.82,"gap":81,"magType":"mb","type":"earthquake","title":"M 4.4 - 10 km S of Kŭlob, Tajikistan"},"geometry":{"type":"Point","coordinates":[69.7889,37.8214,45.838]},"id":"us6000thbs"},
{"type":"Feature","properties":{"mag":5.3,"place":"140 km ENE of Masohi, Indonesia","time":1785529166522,"updated":1785598661040,"tz":null,"url":"https://earthquake.usgs.gov/earthquakes/eventpage/us6000thbq","detail":"https://earthquake.usgs.gov/fdsnws/event/1/query?eventid=us6000thbq&format=geojson","felt":null,"cdi":null,"mmi":null,"alert":null,"status":"reviewed","tsunami":0,"sig":432,"net":"us","code":"6000thbq","ids":",usauto6000thbq,us6000thbq,","sources":",usauto,us,","types":",internal-moment-tensor,moment-tensor,origin,phase-data,","nst":171,"dmin":1.654,"rms":0.68,"gap":28,"magType":"mww","type":"earthquake","title":"M 5.3 - 140 km ENE of Masohi, Indonesia"},"geometry":{"type":"Point","coordinates":[130.1637,-2.8782,10]},"id":"us6000thbq"},
{"type":"Feature","properties":{"mag":4.3,"place":"36 km WSW of El Arenal, Mexico","time":1785527847461,"updated":1785534880040,"tz":null,"url":"https://earthquake.usgs.gov/earthquakes/eventpage/us6000thbi","detail":"https://earthquake.usgs.gov/fdsnws/event/1/query?eventid=us6000thbi&format=geojson","felt":null,"cdi":null,"mmi":null,"alert":null,"status":"reviewed","tsunami":0,"sig":284,"net":"us","code":"6000thbi","ids":",us6000thbi,","sources":",us,","types":",origin,phase-data,","nst":62,"dmin":3.348,"rms":0.83,"gap":196,"magType":"mb","type":"earthquake","title":"M 4.3 - 36 km WSW of El Arenal, Mexico"},"geometry":{"type":"Point","coordinates":[-93.0238,15.0665,67.96]},"id":"us6000thbi"},
{"type":"Feature","properties":{"mag":5.2,"place":"South Sandwich Islands region","time":1785524288689,"updated":1786725095040,"tz":null,"url":"https://earthquake.usgs.gov/earthquakes/eventpage/us6000thb5","detail":"https://earthquake.usgs.gov/fdsnws/event/1/query?eventid=us6000thb5&format=geojson","felt":null,"cdi":null,"mmi":null,"alert":null,"status":"reviewed","tsunami":0,"sig":416,"net":"us","code":"6000thb5","ids":",us6000thb5,","sources":",us,","types":",origin,phase-data,","nst":59,"dmin":7.622,"rms":0.63,"gap":44,"magType":"mb","type":"earthquake","title":"M 5.2 - South Sandwich Islands region"},"geometry":{"type":"Point","coordinates":[-25.2107,-58.6503,35]},"id":"us6000thb5"},
{"type":"Feature","properties":{"mag":4.5,"place":"Kermadec Islands region","time":1785520316040,"updated":1786640968040,"tz":null,"url":"https://earthquake.usgs.gov/earthquakes/eventpage/us6000tibz","detail":"https://earthquake.usgs.gov/fdsnws/event/1/query?eventid=us6000tibz&format=geojson","felt":null,"cdi":null,"mmi":null,"alert":null,"status":"reviewed","tsunami":0,"sig":312,"net":"us","code":"6000tibz","ids":",us6000tibz,","sources":",us,","types":",origin,phase-data,","nst":16,"dmin":1.42,"rms":0.63,"gap":215,"magType":"mb","type":"earthquake","title":"M 4.5 - Kermadec Islands region"},"geometry":{"type":"Point","coordinates":[-176.5838,-28.4529,10]},"id":"us6000tibz"},
{"type":"Feature","properties":{"mag":5,"place":"76 km W of Coquimbo, Chile","time":1785520025666,"updated":1786723989040,"tz":null,"url":"https://earthquake.usgs.gov/earthquakes/eventpage/us6000th96","detail":"https://earthquake.usgs.gov/fdsnws/event/1/query?eventid=us6000th96&format=geojson","felt":null,"cdi":null,"mmi":null,"alert":null,"status":"reviewed","tsunami":0,"sig":385,"net":"us","code":"6000th96","ids":",usauto6000th96,us6000th96,","sources":",usauto,us,","types":",internal-moment-tensor,moment-tensor,origin,phase-data,","nst":109,"dmin":0.767,"rms":0.84,"gap":57,"magType":"mww","type":"earthquake","title":"M 5.0 - 76 km W of Coquimbo, Chile"},"geometry":{"type":"Point","coordinates":[-72.1202,-29.867,11.851]},"id":"us6000th96"},
{"type":"Feature","properties":{"mag":4.5,"place":"0 km SW of Torretta-Scalzapecora, Italy","time":1785520003912,"updated":1786634349481,"tz":null,"url":"https://earthquake.usgs.gov/earthquakes/eventpage/us6000th99","detail":"https://earthquake.usgs.gov/fdsnws/event/1/query?eventid=us6000th99&format=geojson","felt":13,"cdi":5.7,"mmi":6.207,"alert":"green","status":"reviewed","tsunami":0,"sig":319,"net":"us","code":"6000th99","ids":",us6000th99,","sources":",us,","types":",dyfi,ground-failure,losspager,origin,phase-data,shakemap,","nst":73,"dmin":0.356,"rms":0.44,"gap":69,"magType":"mww","type":"earthquake","title":"M 4.5 - 0 km SW of Torretta-Scalzapecora, Italy"},"geometry":{"type":"Point","coordinates":[14.1271,40.9056,5]},"id":"us6000th99"},
{"type":"Feature","properties":{"mag":5.2,"place":"85 km SW of El Arenal, Mexico","time":1785514558641,"updated":1785515533040,"tz":null,"url":"https://earthquake.usgs.gov/earthquakes/eventpage/us6000th8n","detail":"https://earthquake.usgs.gov/fdsnws/event/1/query?eventid=us6000th8n&format=geojson","felt":null,"cdi":null,"mmi":null,"alert":null,"status":"reviewed","tsunami":0,"sig":416,"net":"us","code":"6000th8n","ids":",usauto6000th8n,us6000th8n,","sources":",usauto,us,","types":",internal-moment-tensor,origin,phase-data,","nst":59,"dmin":3.418,"rms":1.15,"gap":199,"magType":"mww","type":"earthquake","title":"M 5.2 - 85 km SW of El Arenal, Mexico"},"geometry":{"type":"Point","coordinates":[-93.2309,14.6031,10]},"id":"us6000th8n"},
{"type":"Feature","properties":{"mag":4.7,"place":"260 km NNW of Puerto Ayora, Ecuador","time":1785513851680,"updated":1785517086040,"tz":null,"url":"https://earthquake.usgs.gov/earthquakes/eventpage/us6000th8m","detail":"https://earthquake.usgs.gov/fdsnws/event/1/query?eventid=us6000th8m&format=geojson","felt":null,"cdi":null,"mmi":null,"alert":null,"status":"reviewed","tsunami":0,"sig":340,"net":"us","code":"6000th8m","ids":",usauto6000th8m,us6000th8m,","sources":",usauto,us,","types":",internal-moment-tensor,origin,phase-data,","nst":47,"dmin":2.287,"rms":0.94,"gap":83,"magType":"mb","type":"earthquake","title":"M 4.7 - 260 km NNW of Puerto Ayora, Ecuador"},"geometry":{"type":"Point","coordinates":[-90.9633,1.5255,10]},"id":"us6000th8m"},
{"type":"Feature","properties":{"mag":4.6,"place":"95 km WNW of Amagi, Japan","time":1785502720829,"updated":1785504329040,"tz":null,"url":"https://earthquake.usgs.gov/earthquakes/eventpage/us6000th7y","detail":"https://earthquake.usgs.gov/fdsnws/event/1/query?eventid=us6000th7y&format=geojson","felt":null,"cdi":null,"mmi":null,"alert":null,"status":"reviewed","tsunami":0,"sig":326,"net":"us","code":"6000th7y","ids":",us6000th7y,","sources":",us,","types":",origin,phase-data,","nst":33,"dmin":1.377,"rms":0.7,"gap":111,"magType":"mb","type":"earthquake","title":"M 4.6 - 95 km WNW of Amagi, Japan"},"geometry":{"type":"Point","coordinates":[128.0296,28.2012,10]},"id":"us6000th7y"},
{"type":"Feature","properties":{"mag":4.5,"place":"31 km WNW of Titahi Bay, New Zealand","time":1785496162344,"updated":1785500899824,"tz":null,"url":"https://earthquake.usgs.gov/earthquakes/eventpage/us6000th7q","detail":"https://earthquake.usgs.gov/fdsnws/event/1/query?eventid=us6000th7q&format=geojson","felt":4,"cdi":3.4,"mmi":null,"alert":null,"status":"reviewed","tsunami":0,"sig":313,"net":"us","code":"6000th7q","ids":",us6000th7q,","sources":",us,","types":",dyfi,origin,phase-data,","nst":31,"dmin":0.349,"rms":0.8,"gap":76,"magType":"mb","type":"earthquake","title":"M 4.5 - 31 km WNW of Titahi Bay, New Zealand"},"geometry":{"type":"Point","coordinates":[174.4771,-41.0049,55.622]},"id":"us6000th7q"},
{"type":"Feature","properties":{"mag":4.3,"place":"27 km S of Balkh, Afghanistan","time":1785491088255,"updated":1785744523040,"tz":null,"url":"https://earthquake.usgs.gov/earthquakes/eventpage/us6000th7i","detail":"https://earthquake.usgs.gov/fdsnws/event/1/query?eventid=us6000th7i&format=geojson","felt":null,"cdi":null,"mmi":null,"alert":null,"status":"reviewed","tsunami":0,"sig":284,"net":"us","code":"6000th7i","ids":",us6000th7i,","sources":",us,","types":",origin,phase-data,","nst":26,"dmin":2.796,"rms":0.63,"gap":170,"magType":"mb","type":"earthquake","title":"M 4.3 - 27 km S of Balkh, Afghanistan"},"geometry":{"type":"Point","coordinates":[66.8998,36.5084,10]},"id":"us6000th7i"},
{"type":"Feature","properties":{"mag":4.4,"place":"120 km SW of Puerto Madero, Mexico","time":1785490808012,"updated":1785497740040,"tz":null,"url":"https://earthquake.usgs.gov/earthquakes/eventpage/us6000th7g","detail":"https://earthquake.usgs.gov/fdsnws/event/1/query?eventid=us6000th7g&format=geojson","felt":null,"cdi":null,"mmi":null,"alert":null,"status":"reviewed","tsunami":0,"sig":298,"net":"us","code":"6000th7g","ids":",us6000th7g,","sources":",us,","types":",origin,phase-data,","nst":106,"dmin":3.719,"rms":0.69,"gap":159,"magType":"mb","type":"earthquake","title":"M 4.4 - 120 km SW of Puerto Madero, Mexico"},"geometry":{"type":"Point","coordinates":[-93.2612,14.0049,10]},"id":"us6000th7g"},
{"type":"Feature","properties":{"mag":4.6,"place":"37 km WNW of Dāmghān, Iran","time":1785488935647,"updated":1785493172040,"tz":null,"url":"https://earthquake.usgs.gov/earthquakes/eventpage/us6000th6a","detail":"https://earthquake.usgs.gov/fdsnws/event/1/query?eventid=us6000th6a&format=geojson","felt":null,"cdi":null,"mmi":null,"alert":null,"status":"reviewed","tsunami":0,"sig":326,"net":"us","code":"6000th6a","ids":",us6000th6a,","sources":",us,","types":",origin,phase-data,","nst":114,"dmin":4.848,"rms":0.4,"gap":54,"magType":"mb","type":"earthquake","title":"M 4.6 - 37 km WNW of Dāmghān, Iran"},"geometry":{"type":"Point","coordinates":[53.9299,36.2353,10]},"id":"us6000th6a"},
{"type":"Feature","properties":{"mag":4.1,"place":"Kermadec Islands region","time":1785487079322,"updated":1786008179040,"tz":null,"url":"https://earthquake.usgs.gov/earthquakes/eventpage/us6000tibl","detail":"https://earthquake.usgs.gov/fdsnws/event/1/query?eventid=us6000tibl&format=geojson","felt":null,"cdi":null,"mmi":null,"alert":null,"status":"reviewed","tsunami":0,"sig":259,"net":"us","code":"6000tibl","ids":",us6000tibl,","sources":",us,","types":",origin,phase-data,","nst":18,"dmin":2.323,"rms":0.52,"gap":144,"magType":"mb","type":"earthquake","title":"M 4.1 - Kermadec Islands region"},"geometry":{"type":"Point","coordinates":[-179.4566,-31.1617,186.332]},"id":"us6000tibl"},
{"type":"Feature","properties":{"mag":4.9,"place":"287 km SW of Banda Aceh, Indonesia","time":1785486688631,"updated":1786007708040,"tz":null,"url":"https://earthquake.usgs.gov/earthquakes/eventpage/us6000th68","detail":"https://earthquake.usgs.gov/fdsnws/event/1/query?eventid=us6000th68&format=geojson","felt":null,"cdi":null,"mmi":null,"alert":null,"status":"reviewed","tsunami":0,"sig":369,"net":"us","code":"6000th68","ids":",us6000th68,","sources":",us,","types":",origin,phase-data,","nst":42,"dmin":3.92,"rms":0.53,"gap":53,"magType":"mww","type":"earthquake","title":"M 4.9 - 287 km SW of Banda Aceh, Indonesia"},"geometry":{"type":"Point","coordinates":[93.1811,4.0899,10]},"id":"us6000th68"},
{"type":"Feature","properties":{"mag":4.3,"place":"157 km SSW of Hengchun, Taiwan","time":1785485467484,"updated":1786007138040,"tz":null,"url":"https://earthquake.usgs.gov/earthquakes/eventpage/us6000tibj","detail":"https://earthquake.usgs.gov/fdsnws/event/1/query?eventid=us6000tibj&format=geojson","felt":null,"cdi":null,"mmi":null,"alert":null,"status":"reviewed","tsunami":0,"sig":284,"net":"us","code":"6000tibj","ids":",us6000tibj,","sources":",us,","types":",origin,phase-data,","nst":23,"dmin":2.273,"rms":0.97,"gap":145,"magType":"mb","type":"earthquake","title":"M 4.3 - 157 km SSW of Hengchun, Taiwan"},"geometry":{"type":"Point","coordinates":[119.9255,20.8038,10]},"id":"us6000tibj"},
{"type":"Feature","properties":{"mag":4.4,"place":"Fiji region","time":1785483174871,"updated":1786006160040,"tz":null,"url":"https://earthquake.usgs.gov/earthquakes/eventpage/us6000th63","detail":"https://earthquake.usgs.gov/fdsnws/event/1/query?eventid=us6000th63&format=geojson","felt":null,"cdi":null,"mmi":null,"alert":null,"status":"reviewed","tsunami":0,"sig":298,"net":"us","code":"6000th63","ids":",us6000th63,","sources":",us,","types":",origin,phase-data,","nst":39,"dmin":4.121,"rms":0.9,"gap":90,"magType":"mb","type":"earthquake","title":"M 4.4 - Fiji region"},"geometry":{"type":"Point","coordinates":[-177.4889,-19.3295,576.772]},"id":"us6000th63"},
{"type":"Feature","properties":{"mag":5,"place":"Kermadec Islands region","time":1785479426157,"updated":1785480481040,"tz":null,"url":"https://earthquake.usgs.gov/earthquakes/eventpage/us6000th5s","detail":"https://earthquake.usgs.gov/fdsnws/event/1/query?eventid=us6000th5s&format=geojson","felt":null,"cdi":null,"mmi":null,"alert":null,"status":"reviewed","tsunami":0,"sig":385,"net":"us","code":"6000th5s","ids":",us6000th5s,","sources":",us,","types":",origin,phase-data,","nst":45,"dmin":1.213,"rms":1.32,"gap":148,"magType":"mb","type":"earthquake","title":"M 5.0 - Kermadec Islands region"},"geometry":{"type":"Point","coordinates":[-176.5524,-29.4109,37.846]},"id":"us6000th5s"},
{"type":"Feature","properties":{"mag":4.1,"place":"111 km N of Campbell River, Canada","time":1785476757740,"updated":1785563621544,"tz":null,"url":"https://earthquake.usgs.gov/earthquakes/eventpage/us6000th5m","detail":"https://earthquake.usgs.gov/fdsnws/event/1/query?eventid=us6000th5m&format=geojson","felt":3,"cdi":2,"mmi":3.85,"alert":"green","status":"reviewed","tsunami":0,"sig":259,"net":"us","code":"6000th5m","ids":",us6000th5m,","sources":",us,","types":",dyfi,losspager,origin,phase-data,shakemap,","nst":64,"dmin":1.681,"rms":1,"gap":79,"magType":"mb","type":"earthquake","title":"M 4.1 - 111 km N of Campbell River, Canada"},"geometry":{"type":"Point","coordinates":[-125.5443,50.9988,10]},"id":"us6000th5m"},
{"type":"Feature","properties":{"mag":4.1,"place":"17 km ESE of Kirkuk, Iraq","time":1785473377379,"updated":1785546774224,"tz":null,"url":"https://earthquake.usgs.gov/earthquakes/eventpage/us6000th5i","detail":"https://earthquake.usgs.gov/fdsnws/event/1/query?eventid=us6000th5i&format=geojson","felt":1,"cdi":2.7,"mmi":null,"alert":null,"status":"reviewed","tsunami":0,"sig":259,"net":"us","code":"6000th5i","ids":",us6000th5i,","sources":",us,","types":",dyfi,origin,phase-data,","nst":15,"dmin":0.772,"rms":1.02,"gap":163,"magType":"mb","type":"earthquake","title":"M 4.1 - 17 km ESE of Kirkuk, Iraq"},"geometry":{"type":"Point","coordinates":[44.5639,35.4057,10]},"id":"us6000th5i"},
{"type":"Feature","properties":{"mag":4.6,"place":"Kermadec Islands region","time":1785471419457,"updated":1785671534040,"tz":null,"url":"https://earthquake.usgs.gov/earthquakes/eventpage/us6000thlu","detail":"https://earthquake.usgs.gov/fdsnws/event/1/query?eventid=us6000thlu&format=geojson","felt":null,"cdi":null,"mmi":null,"alert":null,"status":"reviewed","tsunami":0,"sig":326,"net":"us","code":"6000thlu","ids":",us6000thlu,","sources":",us,","types":",origin,phase-data,","nst":18,"dmin":0.673,"rms":0.79,"gap":97,"magType":"mb","type":"earthquake","title":"M 4.6 - Kermadec Islands region"},"geometry":{"type":"Point","coordinates":[-178.4196,-28.7252,7.126]},"id":"us6000thlu"},
{"type":"Feature","properties":{"mag":5,"place":"Kermadec Islands region","time":1785470573372,"updated":1785471746040,"tz":null,"url":"https://earthquake.usgs.gov/earthquakes/eventpage/us6000th5f","detail":"https://earthquake.usgs.gov/fdsnws/event/1/query?eventid=us6000th5f&format=geojson","felt":null,"cdi":null,"mmi":null,"alert":null,"status":"reviewed","tsunami":0,"sig":385,"net":"us","code":"6000th5f","ids":",us6000th5f,","sources":",us,","types":",origin,phase-data,","nst":46,"dmin":1.353,"rms":1.14,"gap":76,"magType":"mb","type":"earthquake","title":"M 5.0 - Kermadec Islands region"},"geometry":{"type":"Point","coordinates":[-176.7278,-28.3933,35]},"id":"us6000th5f"},
{"type":"Feature","properties":{"mag":4.6,"place":"Kermadec Islands region","time":1785463676445,"updated":1785465296040,"tz":null,"url":"https://earthquake.usgs.gov/earthquakes/eventpage/us6000th54","detail":"https://earthquake.usgs.gov/fdsnws/event/1/query?eventid=us6000th54&format=geojson","felt":null,"cdi":null,"mmi":null,"alert":null,"status":"reviewed","tsunami":0,"sig":326,"net":"us","code":"6000th54","ids":",us6000th54,","sources":",us,","types":",origin,phase-data,","nst":25,"dmin":1.085,"rms":0.86,"gap":139,"magType":"mb","type":"earthquake","title":"M 4.6 - Kermadec Islands region"},"geometry":{"type":"Point","coordinates":[-176.9647,-28.5632,44.986]},"id":"us6000th54"},
{"type":"Feature","properties":{"mag":4.3,"place":"46 km NW of Manta, Ecuador","time":1785460200736,"updated":1785461030040,"tz":null,"url":"https://earthquake.usgs.gov/earthquakes/eventpage/us6000th4p","detail":"https://earthquake.usgs.gov/fdsnws/event/1/query?eventid=us6000th4p&format=geojson","felt":null,"cdi":null,"mmi":null,"alert":null,"status":"reviewed","tsunami":0,"sig":284,"net":"us","code":"6000th4p","ids":",us6000th4p,","sources":",us,","types":",origin,phase-data,","nst":13,"dmin":2.086,"rms":0.98,"gap":233,"magType":"mb","type":"earthquake","title":"M 4.3 - 46 km NW of Manta, Ecuador"},"geometry":{"type":"Point","coordinates":[-80.9479,-0.6197,10]},"id":"us6000th4p"},
{"type":"Feature","properties":{"mag":5.6,"place":"13 km ENE of San Fernando, Peru","time":1785459524364,"updated":1785546270311,"tz":null,"url":"https://earthquake.usgs.gov/earthquakes/eventpage/us6000th4k","detail":"https://earthquake.usgs.gov/fdsnws/event/1/query?eventid=us6000th4k&format=geojson","felt":13,"cdi":3.4,"mmi":3.646,"alert":"green","status":"reviewed","tsunami":0,"sig":487,"net":"us","code":"6000th4k","ids":",us6000th4k,usauto6000th4k,","sources":",us,usauto,","types":",dyfi,internal-moment-tensor,losspager,origin,phase-data,shakemap,","nst":89,"dmin":1.816,"rms":1.41,"gap":97,"magType":"mww","type":"earthquake","title":"M 5.6 - 13 km ENE of San Fernando, Peru"},"geometry":{"type":"Point","coordinates":[-74.4353,-8.3349,154.355]},"id":"us6000th4k"},
{"type":"Feature","properties":{"mag":4.7,"place":"77 km E of Petropavlovsk-Kamchatsky, Russia","time":1785450287988,"updated":1785453133040,"tz":null,"url":"https://earthquake.usgs.gov/earthquakes/eventpage/us6000th43","detail":"https://earthquake.usgs.gov/fdsnws/event/1/query?eventid=us6000th43&format=geojson","felt":null,"cdi":null,"mmi":null,"alert":null,"status":"reviewed","tsunami":0,"sig":340,"net":"us","code":"6000th43","ids":",us6000th43,","sources":",us,","types":",origin,phase-data,","nst":81,"dmin":1.258,"rms":0.67,"gap":127,"magType":"mb","type":"earthquake","title":"M 4.7 - 77 km E of Petropavlovsk-Kamchatsky, Russia"},"geometry":{"type":"Point","coordinates":[159.7845,53.0865,64.149]},"id":"us6000th43"},
{"type":"Feature","properties":{"mag":5.1,"place":"67 km E of Petropavlovsk-Kamchatsky, Russia","time":1785448406269,"updated":1785449380040,"tz":null,"url":"https://earthquake.usgs.gov/earthquakes/eventpage/us6000th3m","detail":"https://earthquake.usgs.gov/fdsnws/event/1/query?eventid=us6000th3m&format=geojson","felt":null,"cdi":null,"mmi":null,"alert":null,"status":"reviewed","tsunami":0,"sig":400,"net":"us","code":"6000th3m","ids":",us6000th3m,","sources":",us,","types":",origin,phase-data,","nst":97,"dmin":1.171,"rms":0.91,"gap":95,"magType":"mb","type":"earthquake","title":"M 5.1 - 67 km E of Petropavlovsk-Kamchatsky, Russia"},"geometry":{"type":"Point","coordinates":[159.6405,53.0742,63.921]},"id":"us6000th3m"},
{"type":"Feature","properties":{"mag":5,"place":"Kermadec Islands region","time":1785443196299,"updated":1785444491040,"tz":null,"url":"https://earthquake.usgs.gov/earthquakes/eventpage/us6000th30","detail":"https://earthquake.usgs.gov/fdsnws/event/1/query?eventid=us6000th30&format=geojson","felt":null,"cdi":null,"mmi":null,"alert":null,"status":"reviewed","tsunami":0,"sig":385,"net":"us","code":"6000th30","ids":",us6000th30,","sources":",us,","types":",origin,phase-data,","nst":39,"dmin":1.379,"rms":0.69,"gap":151,"magType":"mb","type":"earthquake","title":"M 5.0 - Kermadec Islands region"},"geometry":{"type":"Point","coordinates":[-176.5707,-28.5478,35]},"id":"us6000th30"},
{"type":"Feature","properties":{"mag":4.4,"place":"204 km NW of Oula Xiuma, China","time":1785442448778,"updated":1785448312040,"tz":null,"url":"https://earthquake.usgs.gov/earthquakes/eventpage/us6000th2x","detail":"https://earthquake.usgs.gov/fdsnws/event/1/query?eventid=us6000th2x&format=geojson","felt":null,"cdi":null,"mmi":null,"alert":null,"status":"reviewed","tsunami":0,"sig":298,"net":"us","code":"6000th2x","ids":",us6000th2x,","sources":",us,","types":",origin,phase-data,","nst":34,"dmin":3.491,"rms":0.56,"gap":95,"magType":"mb","type":"earthquake","title":"M 4.4 - 204 km NW of Oula Xiuma, China"},"geometry":{"type":"Point","coordinates":[99.4461,35.4713,10]},"id":"us6000th2x"},
{"type":"Feature","properties":{"mag":4.9,"place":"54 km SW of Puerto Madero, Mexico","time":1785435636265,"updated":1785438025040,"tz":null,"url":"https://earthquake.usgs.gov/earthquakes/eventpage/us6000th1t","detail":"https://earthquake.usgs.gov/fdsnws/event/1/query?eventid=us6000th1t&format=geojson","felt":null,"cdi":null,"mmi":null,"alert":null,"status":"reviewed","tsunami":0,"sig":369,"net":"us","code":"6000th1t","ids":",usauto6000th1t,us6000th1t,","sources":",usauto,us,","types":",internal-moment-tensor,origin,phase-data,","nst":122,"dmin":3.371,"rms":0.61,"gap":134,"magType":"mww","type":"earthquake","title":"M 4.9 - 54 km SW of Puerto Madero, Mexico"},"geometry":{"type":"Point","coordinates":[-92.8291,14.4337,31.03]},"id":"us6000th1t"},
{"type":"Feature","properties":{"mag":4.5,"place":"211 km SSE of Ambon, Indonesia","time":1785435063520,"updated":1785439103040,"tz":null,"url":"https://earthquake.usgs.gov/earthquakes/eventpage/us6000th1p","detail":"https://earthquake.usgs.gov/fdsnws/event/1/query?eventid=us6000th1p&format=geojson","felt":null,"cdi":null,"mmi":null,"alert":null,"status":"reviewed","tsunami":0,"sig":312,"net":"us","code":"6000th1p","ids":",us6000th1p,","sources":",us,","types":",origin,phase-data,","nst":82,"dmin":1.208,"rms":0.64,"gap":64,"magType":"mb","type":"earthquake","title":"M 4.5 - 211 km SSE of Ambon, Indonesia"},"geometry":{"type":"Point","coordinates":[129.0625,-5.3977,256.241]},"id":"us6000th1p"},
{"type":"Feature","properties":{"mag":5.9,"place":"247 km NNE of Colonia, Micronesia","time":1785434159690,"updated":1785521081702,"tz":null,"url":"https://earthquake.usgs.gov/earthquakes/eventpage/us6000th1h","detail":"https://earthquake.usgs.gov/fdsnws/event/1/query?eventid=us6000th1h&format=geojson","felt":null,"cdi":null,"mmi":0,"alert":"green","status":"reviewed","tsunami":0,"sig":536,"net":"us","code":"6000th1h","ids":",usauto6000th1h,us6000th1h,","sources":",usauto,us,","types":",internal-moment-tensor,losspager,moment-tensor,origin,phase-data,shakemap,","nst":114,"dmin":7.54,"rms":1.01,"gap":28,"magType":"mww","type":"earthquake","title":"M 5.9 - 247 km NNE of Colonia, Micronesia"},"geometry":{"type":"Point","coordinates":[138.9989,11.5807,34.505]},"id":"us6000th1h"},
{"type":"Feature","properties":{"mag":5.2,"place":"Kermadec Islands region","time":1785433695234,"updated":1785438632040,"tz":null,"url":"https://earthquake.usgs.gov/earthquakes/eventpage/us6000th1b","detail":"https://earthquake.usgs.gov/fdsnws/event/1/query?eventid=us6000th1b&format=geojson","felt":null,"cdi":null,"mmi":null,"alert":null,"status":"reviewed","tsunami":0,"sig":416,"net":"us","code":"6000th1b","ids":",us6000th1b,","sources":",us,","types":",origin,phase-data,","nst":23,"dmin":2.071,"rms":1.11,"gap":162,"magType":"mb","type":"earthquake","title":"M 5.2 - Kermadec Islands region"},"geometry":{"type":"Point","coordinates":[-177.9701,-31.3231,46.02]},"id":"us6000th1b"},
{"type":"Feature","properties":{"mag":4.5,"place":"98 km E of Yujing, Taiwan","time":1785430715880,"updated":1785443550040,"tz":null,"url":"https://earthquake.usgs.gov/earthquakes/eventpage/us6000th0z","detail":"https://earthquake.usgs.gov/fdsnws/event/1/query?eventid=us6000th0z&format=geojson","felt":null,"cdi":null,"mmi":null,"alert":null,"status":"reviewed","tsunami":0,"sig":312,"net":"us","code":"6000th0z","ids":",us6000th0z,","sources":",us,","types":",origin,phase-data,","nst":49,"dmin":0.314,"rms":0.8,"gap":90,"magType":"mb","type":"earthquake","title":"M 4.5 - 98 km E of Yujing, Taiwan"},"geometry":{"type":"Point","coordinates":[121.4235,23.0993,18.282]},"id":"us6000th0z"},
{"type":"Feature","properties":{"mag":4.3,"place":"41 km ENE of Noda, Japan","time":1785428450548,"updated":1786828892040,"tz":null,"url":"https://earthquake.usgs.gov/earthquakes/eventpage/us6000th0s","detail":"https://earthquake.usgs.gov/fdsnws/event/1/query?eventid=us6000th0s&format=geojson","felt":null,"cdi":null,"mmi":null,"alert":null,"status":"reviewed","tsunami":0,"sig":284,"net":"us","code":"6000th0s","ids":",us6000th0s,","sources":",us,","types":",origin,phase-data,","nst":42,"dmin":1.043,"rms":0.8,"gap":152,"magType":"mb","type":"earthquake","title":"M 4.3 - 41 km ENE of Noda, Japan"},"geometry":{"type":"Point","coordinates":[142.2522,40.2709,66.192]},"id":"us6000th0s"},
{"type":"Feature","properties":{"mag":4.2,"place":"50 km SE of San Pedro de Atacama, Chile","time":1785428274570,"updated":1786828749040,"tz":null,"url":"https://earthquake.usgs.gov/earthquakes/eventpage/us6000tgzq","detail":"https://earthquake.usgs.gov/fdsnws/event/1/query?eventid=us6000tgzq&format=geojson","felt":null,"cdi":null,"mmi":null,"alert":null,"status":"reviewed","tsunami":0,"sig":271,"net":"us","code":"6000tgzq","ids":",us6000tgzq,","sources":",us,","types":",origin,phase-data,","nst":19,"dmin":0.413,"rms":0.61,"gap":122,"magType":"mb","type":"earthquake","title":"M 4.2 - 50 km SE of San Pedro de Atacama, Chile"},"geometry":{"type":"Point","coordinates":[-67.8723,-23.2557,137.734]},"id":"us6000tgzq"},
{"type":"Feature","properties":{"mag":4.1,"place":"58 km W of San Antonio de los Cobres, Argentina","time":1785426591764,"updated":1786827181040,"tz":null,"url":"https://earthquake.usgs.gov/earthquakes/eventpage/us6000tgzi","detail":"https://earthquake.usgs.gov/fdsnws/event/1/query?eventid=us6000tgzi&format=geojson","felt":null,"cdi":null,"mmi":null,"alert":null,"status":"reviewed","tsunami":0,"sig":259,"net":"us","code":"6000tgzi","ids":",us6000tgzi,","sources":",us,","types":",origin,phase-data,","nst":23,"dmin":1.695,"rms":1.36,"gap":62,"magType":"mb","type":"earthquake","title":"M 4.1 - 58 km W of San Antonio de los Cobres, Argentina"},"geometry":{"type":"Point","coordinates":[-66.8885,-24.1705,199.112]},"id":"us6000tgzi"},
{"type":"Feature","properties":{"mag":4,"place":"119 km SSW of La Esperanza (El Zapotal), Mexico","time":1785425329303,"updated":1786826219040,"tz":null,"url":"https://earthquake.usgs.gov/earthquakes/eventpage/us6000ti2w","detail":"https://earthquake.usgs.gov/fdsnws/event/1/query?eventid=us6000ti2w&format=geojson","felt":null,"cdi":null,"mmi":null,"alert":null,"status":"reviewed","tsunami":0,"sig":246,"net":"us","code":"6000ti2w","ids":",us6000ti2w,","sources":",us,","types":",origin,phase-data,","nst":13,"dmin":2.274,"rms":1.2,"gap":199,"magType":"mb","type":"earthquake","title":"M 4.0 - 119 km SSW of La Esperanza (El Zapotal), Mexico"},"geometry":{"type":"Point","coordinates":[-93.5015,14.4164,10]},"id":"us6000ti2w"},
{"type":"Feature","properties":{"mag":4.1,"place":"20 km SE of Kirkuk, Iraq","time":1785423506282,"updated":1786822964956,"tz":null,"url":"https://earthquake.usgs.gov/earthquakes/eventpage/us6000tgzc","detail":"https://earthquake.usgs.gov/fdsnws/event/1/query?eventid=us6000tgzc&format=geojson","felt":4,"cdi":4,"mmi":null,"alert":null,"status":"reviewed","tsunami":0,"sig":260,"net":"us","code":"6000tgzc","ids":",us6000tgzc,","sources":",us,","types":",dyfi,origin,phase-data,","nst":29,"dmin":0.834,"rms":0.64,"gap":124,"magType":"mb","type":"earthquake","title":"M 4.1 - 20 km SE of Kirkuk, Iraq"},"geometry":{"type":"Point","coordinates":[44.5244,35.3139,10]},"id":"us6000tgzc"},
{"type":"Feature","properties":{"mag":4.2,"place":"93 km SW of Brisas Barra de Suchiate, Mexico","time":1785422723977,"updated":1786821462040,"tz":null,"url":"https://earthquake.usgs.gov/earthquakes/eventpage/us6000ti2t","detail":"https://earthquake.usgs.gov/fdsnws/event/1/query?eventid=us6000ti2t&format=geojson","felt":null,"cdi":null,"mmi":null,"alert":null,"status":"reviewed","tsunami":0,"sig":271,"net":"us","code":"6000ti2t","ids":",us6000ti2t,","sources":",us,","types":",origin,phase-data,","nst":23,"dmin":2.436,"rms":0.79,"gap":161,"magType":"mb","type":"earthquake","title":"M 4.2 - 93 km SW of Brisas Barra de Suchiate, Mexico"},"geometry":{"type":"Point","coordinates":[-92.8289,13.9252,10]},"id":"us6000ti2t"},
{"type":"Feature","properties":{"mag":4.4,"place":"207 km W of Abepura, Indonesia","time":1785422255160,"updated":1786820122040,"tz":null,"url":"https://earthquake.usgs.gov/earthquakes/eventpage/us6000tgyg","detail":"https://earthquake.usgs.gov/fdsnws/event/1/query?eventid=us6000tgyg&format=geojson","felt":null,"cdi":null,"mmi":null,"alert":null,"status":"reviewed","tsunami":0,"sig":298,"net":"us","code":"6000tgyg","ids":",us6000tgyg,","sources":",us,","types":",origin,phase-data,","nst":23,"dmin":1.938,"rms":1.04,"gap":59,"magType":"mb","type":"earthquake","title":"M 4.4 - 207 km W of Abepura, Indonesia"},"geometry":{"type":"Point","coordinates":[138.7721,-2.7073,30.123]},"id":"us6000tgyg"},
{"type":"Feature","properties":{"mag":4.5,"place":"183 km W of Fakfak, Indonesia","time":1785421416175,"updated":1786655211040,"tz":null,"url":"https://earthquake.usgs.gov/earthquakes/eventpage/us6000th2i","detail":"https://earthquake.usgs.gov/fdsnws/event/1/query?eventid=us6000th2i&format=geojson","felt":null,"cdi":null,"mmi":null,"alert":null,"status":"reviewed","tsunami":0,"sig":312,"net":"us","code":"6000th2i","ids":",us6000th2i,","sources":",us,","types":",origin,phase-data,","nst":20,"dmin":1.601,"rms":1.11,"gap":86,"magType":"mb","type":"earthquake","title":"M 4.5 - 183 km W of Fakfak, Indonesia"},"geometry":{"type":"Point","coordinates":[130.6524,-3.0625,10]},"id":"us6000th2i"},
{"type":"Feature","properties":{"mag":4.5,"place":"199 km W of Abepura, Indonesia","time":1785420014103,"updated":1786653078040,"tz":null,"url":"https://earthquake.usgs.gov/earthquakes/eventpage/us6000ti2p","detail":"https://earthquake.usgs.gov/fdsnws/event/1/query?eventid=us6000ti2p&format=geojson","felt":null,"cdi":null,"mmi":null,"alert":null,"status":"reviewed","tsunami":0,"sig":312,"net":"us","code":"6000ti2p","ids":",us6000ti2p,","sources":",us,","types":",origin,phase-data,","nst":31,"dmin":1.873,"rms":0.96,"gap":101,"magType":"mb","type":"earthquake","title":"M 4.5 - 199 km W of Abepura, Indonesia"},"geometry":{"type":"Point","coordinates":[138.8425,-2.7447,35]},"id":"us6000ti2p"},
{"type":"Feature","properties":{"mag":5,"place":"3 km NW of Uto, Japan","time":1785419259044,"updated":1786652305839,"tz":null,"url":"https://earthquake.usgs.gov/earthquakes/eventpage/us6000tgy8","detail":"https://earthquake.usgs.gov/fdsnws/event/1/query?eventid=us6000tgy8&format=geojson","felt":2,"cdi":4.6,"mmi":null,"alert":null,"status":"reviewed","tsunami":0,"sig":386,"net":"us","code":"6000tgy8","ids":",us6000tgy8,","sources":",us,","types":",dyfi,origin,phase-data,","nst":59,"dmin":1.204,"rms":0.74,"gap":107,"magType":"mb","type":"earthquake","title":"M 5.0 - 3 km NW of Uto, Japan"},"geometry":{"type":"Point","coordinates":[130.6356,32.7068,10]},"id":"us6000tgy8"},
{"type":"Feature","properties":{"mag":4.2,"place":"200 km W of Abepura, Indonesia","time":1785417713060,"updated":1786650824040,"tz":null,"url":"https://earthquake.usgs.gov/earthquakes/eventpage/us6000ti2n","detail":"https://earthquake.usgs.gov/fdsnws/event/1/query?eventid=us6000ti2n&format=geojson","felt":null,"cdi":null,"mmi":null,"alert":null,"status":"reviewed","tsunami":0,"sig":271,"net":"us","code":"6000ti2n","ids":",us6000ti2n,","sources":",us,","types":",origin,phase-data,","nst":18,"dmin":1.883,"rms":1.78,"gap":99,"magType":"mb","type":"earthquake","title":"M 4.2 - 200 km W of Abepura, Indonesia"},"geometry":{"type":"Point","coordinates":[138.8456,-2.8401,35]},"id":"us6000ti2n"},
{"type":"Feature","properties":{"mag":4.3,"place":"148 km NNW of Baukau, Timor Leste","time":1785417270513,"updated":1786651147040,"tz":null,"url":"https://earthquake.usgs.gov/earthquakes/eventpage/us6000tgy6","detail":"https://earthquake.usgs.gov/fdsnws/event/1/query?eventid=us6000tgy6&format=geojson","felt":null,"cdi":null,"mmi":null,"alert":null,"status":"reviewed","tsunami":0,"sig":284,"net":"us","code":"6000tgy6","ids":",us6000tgy6,","sources":",us,","types":",origin,phase-data,","nst":20,"dmin":3.169,"rms":0.83,"gap":83,"magType":"mb","type":"earthquake","title":"M 4.3 - 148 km NNW of Baukau, Timor Leste"},"geometry":{"type":"Point","coordinates":[126.1476,-7.1724,464.296]},"id":"us6000tgy6"},
{"type":"Feature","properties":{"mag":4.2,"place":"Vanuatu region","time":1785416667765,"updated":1786649988040,"tz":null,"url":"https://earthquake.usgs.gov/earthquakes/eventpage/us6000ti2l","detail":"https://earthquake.usgs.gov/fdsnws/event/1/query?eventid=us6000ti2l&format=geojson","felt":null,"cdi":null,"mmi":null,"alert":null,"status":"reviewed","tsunami":0,"sig":271,"net":"us","code":"6000ti2l","ids":",us6000ti2l,","sources":",us,","types":",origin,phase-data,","nst":19,"dmin":7.158,"rms":0.42,"gap":95,"magType":"mb","type":"earthquake","title":"M 4.2 - Vanuatu region"},"geometry":{"type":"Point","coordinates":[171.8487,-13.7751,621.457]},"id":"us6000ti2l"},
{"type":"Feature","properties":{"mag":4.4,"place":"66 km ESE of Murghob, Tajikistan","time":1785404315546,"updated":1785414445040,"tz":null,"url":"https://earthquake.usgs.gov/earthquakes/eventpage/us6000tgx5","detail":"https://earthquake.usgs.gov/fdsnws/event/1/query?eventid=us6000tgx5&format=geojson","felt":null,"cdi":null,"mmi":null,"alert":null,"status":"reviewed","tsunami":0,"sig":298,"net":"us","code":"6000tgx5","ids":",us6000tgx5,","sources":",us,","types":",origin,phase-data,","nst":37,"dmin":1.748,"rms":1.23,"gap":148,"magType":"mb","type":"earthquake","title":"M 4.4 - 66 km ESE of Murghob, Tajikistan"},"geometry":{"type":"Point","coordinates":[74.6389,37.8995,10]},"id":"us6000tgx5"},
{"type":"Feature","properties":{"mag":4.5,"place":"51 km ESE of Murghob, Tajikistan","time":1785403248309,"updated":1785415648040,"tz":null,"url":"https://earthquake.usgs.gov/earthquakes/eventpage/us6000tgx1","detail":"https://earthquake.usgs.gov/fdsnws/event/1/query?eventid=us6000tgx1&format=geojson","felt":null,"cdi":null,"mmi":null,"alert":null,"status":"reviewed","tsunami":0,"sig":312,"net":"us","code":"6000tgx1","ids":",us6000tgx1,","sources":",us,","types":",origin,phase-data,","nst":32,"dmin":1.633,"rms":1.25,"gap":155,"magType":"mb","type":"earthquake","title":"M 4.5 - 51 km ESE of Murghob, Tajikistan"},"geometry":{"type":"Point","coordinates":[74.53,38.0465,10]},"id":"us6000tgx1"},
{"type":"Feature","properties":{"mag":4.3,"place":"83 km WNW of Coquimbo, Chile","time":1785402093633,"updated":1785498603040,"tz":null,"url":"https://earthquake.usgs.gov/earthquakes/eventpage/us6000tgwy","detail":"https://earthquake.usgs.gov/fdsnws/event/1/query?eventid=us6000tgwy&format=geojson","felt":null,"cdi":null,"mmi":null,"alert":null,"status":"reviewed","tsunami":0,"sig":284,"net":"us","code":"6000tgwy","ids":",us6000tgwy,","sources":",us,","types":",origin,phase-data,","nst":35,"dmin":0.831,"rms":0.82,"gap":193,"magType":"mb","type":"earthquake","title":"M 4.3 - 83 km WNW of Coquimbo, Chile"},"geometry":{"type":"Point","coordinates":[-72.1863,-29.8063,10]},"id":"us6000tgwy"},
{"type":"Feature","properties":{"mag":4.6,"place":"208 km W of Abepura, Indonesia","time":1785399825982,"updated":1786006041040,"tz":null,"url":"https://earthquake.usgs.gov/earthquakes/eventpage/us6000ti29","detail":"https://earthquake.usgs.gov/fdsnws/event/1/query?eventid=us6000ti29&format=geojson","felt":null,"cdi":null,"mmi":null,"alert":null,"status":"reviewed","tsunami":0,"sig":326,"net":"us","code":"6000ti29","ids":",us6000ti29,","sources":",us,","types":",origin,phase-data,","nst":26,"dmin":1.953,"rms":0.77,"gap":90,"magType":"mb","type":"earthquake","title":"M 4.6 - 208 km W of Abepura, Indonesia"},"geometry":{"type":"Point","coordinates":[138.7574,-2.7077,21.547]},"id":"us6000ti29"},
{"type":"Feature","properties":{"mag":4.4,"place":"191 km W of Abepura, Indonesia","time":1785399546482,"updated":1786005075040,"tz":null,"url":"https://earthquake.usgs.gov/earthquakes/eventpage/us6000ti26","detail":"https://earthquake.usgs.gov/fdsnws/event/1/query?eventid=us6000ti26&format=geojson","felt":null,"cdi":null,"mmi":null,"alert":null,"status":"reviewed","tsunami":0,"sig":298,"net":"us","code":"6000ti26","ids":",us6000ti26,","sources":",us,","types":",origin,phase-data,","nst":21,"dmin":1.787,"rms":1.08,"gap":84,"magType":"mb","type":"earthquake","title":"M 4.4 - 191 km W of Abepura, Indonesia"},"geometry":{"type":"Point","coordinates":[138.914,-2.5001,32.931]},"id":"us6000ti26"},
{"type":"Feature","properties":{"mag":4.4,"place":"179 km W of Abepura, Indonesia","time":1785399376726,"updated":1786004757040,"tz":null,"url":"https://earthquake.usgs.gov/earthquakes/eventpage/us6000ti28","detail":"https://earthquake.usgs.gov/fdsnws/event/1/query?eventid=us6000ti28&format=geojson","felt":null,"cdi":null,"mmi":null,"alert":null,"status":"reviewed","tsunami":0,"sig":298,"net":"us","code":"6000ti28","ids":",us6000ti28,","sources":",us,","types":",origin,phase-data,","nst":16,"dmin":1.685,"rms":1.06,"gap":85,"magType":"mb","type":"earthquake","title":"M 4.4 - 179 km W of Abepura, Indonesia"},"geometry":{"type":"Point","coordinates":[139.0159,-2.5273,39.827]},"id":"us6000ti28"},
{"type":"Feature","properties":{"mag":4.8,"place":"68 km SW of Mago, Russia","time":1785398936933,"updated":1786004013040,"tz":null,"url":"https://earthquake.usgs.gov/earthquakes/eventpage/us6000tgwu","detail":"https://earthquake.usgs.gov/fdsnws/event/1/query?eventid=us6000tgwu&format=geojson","felt":null,"cdi":null,"mmi":null,"alert":null,"status":"reviewed","tsunami":0,"sig":354,"net":"us","code":"6000tgwu","ids":",us6000tgwu,","sources":",us,","types":",origin,phase-data,","nst":73,"dmin":6.254,"rms":0.86,"gap":77,"magType":"mb","type":"earthquake","title":"M 4.8 - 68 km SW of Mago, Russia"},"geometry":{"type":"Point","coordinates":[139.4481,52.8301,10]},"id":"us6000tgwu"},
{"type":"Feature","properties":{"mag":4.8,"place":"25 km ESE of Qarnābād, Iran","time":1785398834516,"updated":1786003535653,"tz":null,"url":"https://earthquake.usgs.gov/earthquakes/eventpage/us6000tgwt","detail":"https://earthquake.usgs.gov/fdsnws/event/1/query?eventid=us6000tgwt&format=geojson","felt":3,"cdi":4.1,"mmi":null,"alert":null,"status":"reviewed","tsunami":0,"sig":356,"net":"us","code":"6000tgwt","ids":",us6000tgwt,","sources":",us,","types":",dyfi,origin,phase-data,","nst":50,"dmin":5.156,"rms":0.75,"gap":104,"magType":"mb","type":"earthquake","title":"M 4.8 - 25 km ESE of Qarnābād, Iran"},"geometry":{"type":"Point","coordinates":[54.8538,36.725,10]},"id":"us6000tgwt"},
{"type":"Feature","properties":{"mag":4.5,"place":"Kermadec Islands region","time":1785394863063,"updated":1786002611040,"tz":null,"url":"https://earthquake.usgs.gov/earthquakes/eventpage/us6000ti24","detail":"https://earthquake.usgs.gov/fdsnws/event/1/query?eventid=us6000ti24&format=geojson","felt":null,"cdi":null,"mmi":null,"alert":null,"status":"reviewed","tsunami":0,"sig":312,"net":"us","code":"6000ti24","ids":",us6000ti24,","sources":",us,","types":",origin,phase-data,","nst":17,"dmin":1.418,"rms":0.9,"gap":132,"magType":"mb","type":"earthquake","title":"M 4.5 - Kermadec Islands region"},"geometry":{"type":"Point","coordinates":[-176.5703,-28.4739,10]},"id":"us6000ti24"},
{"type":"Feature","properties":{"mag":5,"place":"11 km W of La Democracia, Guatemala","time":1785394735505,"updated":1786002135710,"tz":null,"url":"https://earthquake.usgs.gov/earthquakes/eventpage/us6000tgwd","detail":"https://earthquake.usgs.gov/fdsnws/event/1/query?eventid=us6000tgwd&format=geojson","felt":51,"cdi":4.3,"mmi":null,"alert":null,"status":"reviewed","tsunami":0,"sig":407,"net":"us","code":"6000tgwd","ids":",us6000tgwd,usauto6000tgwd,","sources":",us,usauto,","types":",dyfi,internal-moment-tensor,moment-tensor,origin,phase-data,","nst":60,"dmin":1.281,"rms":1.02,"gap":142,"magType":"mww","type":"earthquake","title":"M 5.0 - 11 km W of La Democracia, Guatemala"},"geometry":{"type":"Point","coordinates":[-91.0582,14.2218,91.052]},"id":"us6000tgwd"},
{"type":"Feature","properties":{"mag":4.1,"place":"117 km WNW of Ie, Japan","time":1785393017848,"updated":1786001533040,"tz":null,"url":"https://earthquake.usgs.gov/earthquakes/eventpage/us6000ti23","detail":"https://earthquake.usgs.gov/fdsnws/event/1/query?eventid=us6000ti23&format=geojson","felt":null,"cdi":null,"mmi":null,"alert":null,"status":"reviewed","tsunami":0,"sig":259,"net":"us","code":"6000ti23","ids":",us6000ti23,","sources":",us,","types":",origin,phase-data,","nst":19,"dmin":1.448,"rms":0.91,"gap":77,"magType":"mb","type":"earthquake","title":"M 4.1 - 117 km WNW of Ie, Japan"},"geometry":{"type":"Point","coordinates":[126.6572,26.9657,132.116]},"id":"us6000ti23"},
{"type":"Feature","properties":{"mag":4.5,"place":"63 km ENE of La Tirana, Chile","time":1785391461063,"updated":1786000500921,"tz":null,"url":"https://earthquake.usgs.gov/earthquakes/eventpage/us6000tgw3","detail":"https://earthquake.usgs.gov/fdsnws/event/1/query?eventid=us6000tgw3&format=geojson","felt":4,"cdi":2,"mmi":null,"alert":null,"status":"reviewed","tsunami":0,"sig":312,"net":"us","code":"6000tgw3","ids":",us6000tgw3,","sources":",us,","types":",dyfi,origin,phase-data,","nst":46,"dmin":0.116,"rms":1.21,"gap":64,"magType":"mb","type":"earthquake","title":"M 4.5 - 63 km ENE of La Tirana, Chile"},"geometry":{"type":"Point","coordinates":[-69.1469,-20.0243,98.375]},"id":"us6000tgw3"},
{"type":"Feature","properties":{"mag":4.7,"place":"205 km W of Abepura, Indonesia","time":1785390955138,"updated":1785999858040,"tz":null,"url":"https://earthquake.usgs.gov/earthquakes/eventpage/us6000tgw4","detail":"https://earthquake.usgs.gov/fdsnws/event/1/query?eventid=us6000tgw4&format=geojson","felt":null,"cdi":null,"mmi":null,"alert":null,"status":"reviewed","tsunami":0,"sig":340,"net":"us","code":"6000tgw4","ids":",us6000tgw4,","sources":",us,","types":",origin,phase-data,","nst":25,"dmin":1.924,"rms":0.59,"gap":94,"magType":"mb","type":"earthquake","title":"M 4.7 - 205 km W of Abepura, Indonesia"},"geometry":{"type":"Point","coordinates":[138.7818,-2.6538,10]},"id":"us6000tgw4"},
{"type":"Feature","properties":{"mag":4.7,"place":"Southwest Indian Ridge","time":1785390412076,"updated":1785998647040,"tz":null,"url":"https://earthquake.usgs.gov/earthquakes/eventpage/us6000tgw1","detail":"https://earthquake.usgs.gov/fdsnws/event/1/query?eventid=us6000tgw1&format=geojson","felt":null,"cdi":null,"mmi":null,"alert":null,"status":"reviewed","tsunami":0,"sig":340,"net":"us","code":"6000tgw1","ids":",us6000tgw1,","sources":",us,","types":",origin,phase-data,","nst":35,"dmin":12.248,"rms":0.73,"gap":101,"magType":"mb","type":"earthquake","title":"M 4.7 - Southwest Indian Ridge"},"geometry":{"type":"Point","coordinates":[52.0465,-36.4627,10]},"id":"us6000tgw1"},
{"type":"Feature","properties":{"mag":4.3,"place":"192 km W of Abepura, Indonesia","time":1785390221527,"updated":1785998390040,"tz":null,"url":"https://earthquake.usgs.gov/earthquakes/eventpage/us6000ti21","detail":"https://earthquake.usgs.gov/fdsnws/event/1/query?eventid=us6000ti21&format=geojson","felt":null,"cdi":null,"mmi":null,"alert":null,"status":"reviewed","tsunami":0,"sig":284,"net":"us","code":"6000ti21","ids":",us6000ti21,","sources":",us,","types":",origin,phase-data,","nst":20,"dmin":1.811,"rms":0.62,"gap":90,"magType":"mb","type":"earthquake","title":"M 4.3 - 192 km W of Abepura, Indonesia"},"geometry":{"type":"Point","coordinates":[138.9176,-2.8311,38.129]},"id":"us6000ti21"},
{"type":"Feature","properties":{"mag":4.6,"place":"Kermadec Islands region","time":1785390140969,"updated":1785998093040,"tz":null,"url":"https://earthquake.usgs.gov/earthquakes/eventpage/us6000ti20","detail":"https://earthquake.usgs.gov/fdsnws/event/1/query?eventid=us6000ti20&format=geojson","felt":null,"cdi":null,"mmi":null,"alert":null,"status":"reviewed","tsunami":0,"sig":326,"net":"us","code":"6000ti20","ids":",us6000ti20,","sources":",us,","types":",origin,phase-data,","nst":22,"dmin":1.366,"rms":0.44,"gap":94,"magType":"mb","type":"earthquake","title":"M 4.6 - Kermadec Islands region"},"geometry":{"type":"Point","coordinates":[-176.5853,-28.5509,10]},"id":"us6000ti20"},
{"type":"Feature","properties":{"mag":4.1,"place":"1 km SSW of Tomakomai, Japan","time":1785389810226,"updated":1785997635040,"tz":null,"url":"https://earthquake.usgs.gov/earthquakes/eventpage/us6000ti1z","detail":"https://earthquake.usgs.gov/fdsnws/event/1/query?eventid=us6000ti1z&format=geojson","felt":null,"cdi":null,"mmi":null,"alert":null,"status":"reviewed","tsunami":0,"sig":259,"net":"us","code":"6000ti1z","ids":",us6000ti1z,","sources":",us,","types":",origin,phase-data,","nst":15,"dmin":1.308,"rms":1.17,"gap":111,"magType":"mb","type":"earthquake","title":"M 4.1 - 1 km SSW of Tomakomai, Japan"},"geometry":{"type":"Point","coordinates":[141.599,42.6274,115.384]},"id":"us6000ti1z"},
{"type":"Feature","properties":{"mag":4.5,"place":"182 km W of Abepura, Indonesia","time":1785388733710,"updated":1785996103040,"tz":null,"url":"https://earthquake.usgs.gov/earthquakes/eventpage/us6000ti1x","detail":"https://earthquake.usgs.gov/fdsnws/event/1/query?eventid=us6000ti1x&format=geojson","felt":null,"cdi":null,"mmi":null,"alert":null,"status":"reviewed","tsunami":0,"sig":312,"net":"us","code":"6000ti1x","ids":",us6000ti1x,","sources":",us,","types":",origin,phase-data,","nst":23,"dmin":1.708,"rms":0.98,"gap":93,"magType":"mb","type":"earthquake","title":"M 4.5 - 182 km W of Abepura, Indonesia"},"geometry":{"type":"Point","coordinates":[138.9957,-2.6135,20.157]},"id":"us6000ti1x"},
{"type":"Feature","properties":{"mag":4.9,"place":"Kermadec Islands region","time":1785388375595,"updated":1785995152040,"tz":null,"url":"https://earthquake.usgs.gov/earthquakes/eventpage/us6000ti1w","detail":"https://earthquake.usgs.gov/fdsnws/event/1/query?eventid=us6000ti1w&format=geojson","felt":null,"cdi":null,"mmi":null,"alert":null,"status":"reviewed","tsunami":0,"sig":369,"net":"us","code":"6000ti1w","ids":",us6000ti1w,","sources":",us,","types":",origin,phase-data,","nst":33,"dmin":1.571,"rms":0.97,"gap":113,"magType":"mb","type":"earthquake","title":"M 4.9 - Kermadec Islands region"},"geometry":{"type":"Point","coordinates":[-176.3421,-28.5133,10]},"id":"us6000ti1w"},
{"type":"Feature","properties":{"mag":5.8,"place":"Kermadec Islands region","time":1785388111888,"updated":1785474934848,"tz":null,"url":"https://earthquake.usgs.gov/earthquakes/eventpage/us6000tgvz","detail":"https://earthquake.usgs.gov/fdsnws/event/1/query?eventid=us6000tgvz&format=geojson","felt":null,"cdi":null,"mmi":3.162,"alert":"green","status":"reviewed","tsunami":0,"sig":518,"net":"us","code":"6000tgvz","ids":",usauto6000tgvz,us6000tgvz,","sources":",usauto,us,","types":",internal-moment-tensor,losspager,origin,phase-data,shakemap,","nst":61,"dmin":1.338,"rms":1.3,"gap":62,"magType":"mww","type":"earthquake","title":"M 5.8 - Kermadec Islands region"},"geometry":{"type":"Point","coordinates":[-176.5759,-28.6242,10]},"id":"us6000tgvz"},
{"type":"Feature","properties":{"mag":5.4,"place":"201 km W of Abepura, Indonesia","time":1785386532667,"updated":1785473337008,"tz":null,"url":"https://earthquake.usgs.gov/earthquakes/eventpage/us6000tgvu","detail":"https://earthquake.usgs.gov/fdsnws/event/1/query?eventid=us6000tgvu&format=geojson","felt":null,"cdi":null,"mmi":4.668,"alert":"green","status":"reviewed","tsunami":0,"sig":449,"net":"us","code":"6000tgvu","ids":",usauto6000tgvu,us6000tgvu,","sources":",usauto,us,","types":",internal-moment-tensor,losspager,origin,phase-data,shakemap,","nst":39,"dmin":1.883,"rms":0.75,"gap":58,"magType":"mb","type":"earthquake","title":"M 5.4 - 201 km W of Abepura, Indonesia"},"geometry":{"type":"Point","coordinates":[138.8205,-2.6018,35]},"id":"us6000tgvu"},
{"type":"Feature","properties":{"mag":5.3,"place":"217 km SE of Kokopo, Papua New Guinea","time":1785379584341,"updated":1785380686040,"tz":null,"url":"https://earthquake.usgs.gov/earthquakes/eventpage/us6000tgva","detail":"https://earthquake.usgs.gov/fdsnws/event/1/query?eventid=us6000tgva&format=geojson","felt":null,"cdi":null,"mmi":null,"alert":null,"status":"reviewed","tsunami":0,"sig":432,"net":"us","code":"6000tgva","ids":",us6000tgva,","sources":",us,","types":",origin,phase-data,","nst":58,"dmin":2.14,"rms":1.11,"gap":117,"magType":"mb","type":"earthquake","title":"M 5.3 - 217 km SE of Kokopo, Papua New Guinea"},"geometry":{"type":"Point","coordinates":[153.5797,-5.8112,10]},"id":"us6000tgva"},
{"type":"Feature","properties":{"mag":4.8,"place":"206 km SE of Kokopo, Papua New Guinea","time":1785379532308,"updated":1785381320040,"tz":null,"url":"https://earthquake.usgs.gov/earthquakes/eventpage/us6000tgvc","detail":"https://earthquake.usgs.gov/fdsnws/event/1/query?eventid=us6000tgvc&format=geojson","felt":null,"cdi":null,"mmi":null,"alert":null,"status":"reviewed","tsunami":0,"sig":354,"net":"us","code":"6000tgvc","ids":",us6000tgvc,","sources":",us,","types":",origin,phase-data,","nst":53,"dmin":2.039,"rms":0.58,"gap":122,"magType":"mb","type":"earthquake","title":"M 4.8 - 206 km SE of Kokopo, Papua New Guinea"},"geometry":{"type":"Point","coordinates":[153.6032,-5.6505,10]},"id":"us6000tgvc"},
{"type":"Feature","properties":{"mag":4.4,"place":"100 km WSW of Puerto Madero, Mexico","time":1785367058357,"updated":1786743630040,"tz":null,"url":"https://earthquake.usgs.gov/earthquakes/eventpage/us6000tgup","detail":"https://earthquake.usgs.gov/fdsnws/event/1/query?eventid=us6000tgup&format=geojson","felt":null,"cdi":null,"mmi":null,"alert":null,"status":"reviewed","tsunami":0,"sig":298,"net":"us","code":"6000tgup","ids":",us6000tgup,","sources":",us,","types":",origin,phase-data,","nst":56,"dmin":2.18,"rms":1.14,"gap":182,"magType":"mb","type":"earthquake","title":"M 4.4 - 100 km WSW of Puerto Madero, Mexico"},"geometry":{"type":"Point","coordinates":[-93.2964,14.4002,35]},"id":"us6000tgup"},
{"type":"Feature","properties":{"mag":4.2,"place":"272 km E of Levuka, Fiji","time":1785365551507,"updated":1786497566040,"tz":null,"url":"https://earthquake.usgs.gov/earthquakes/eventpage/us6000thuk","detail":"https://earthquake.usgs.gov/fdsnws/event/1/query?eventid=us6000thuk&format=geojson","felt":null,"cdi":null,"mmi":null,"alert":null,"status":"reviewed","tsunami":0,"sig":271,"net":"us","code":"6000thuk","ids":",us6000thuk,","sources":",us,","types":",origin,phase-data,","nst":20,"dmin":3.692,"rms":0.6,"gap":170,"magType":"mb","type":"earthquake","title":"M 4.2 - 272 km E of Levuka, Fiji"},"geometry":{"type":"Point","coordinates":[-178.1311,-18.4246,581.709]},"id":"us6000thuk"},
{"type":"Feature","properties":{"mag":5.1,"place":"Kermadec Islands region","time":1785364945196,"updated":1786496904040,"tz":null,"url":"https://earthquake.usgs.gov/earthquakes/eventpage/us6000tguj","detail":"https://earthquake.usgs.gov/fdsnws/event/1/query?eventid=us6000tguj&format=geojson","felt":null,"cdi":null,"mmi":null,"alert":null,"status":"reviewed","tsunami":0,"sig":400,"net":"us","code":"6000tguj","ids":",us6000tguj,","sources":",us,","types":",origin,phase-data,","nst":56,"dmin":1.32,"rms":0.62,"gap":67,"magType":"mb","type":"earthquake","title":"M 5.1 - Kermadec Islands region"},"geometry":{"type":"Point","coordinates":[-176.6553,-28.5381,10]},"id":"us6000tguj"},
{"type":"Feature","properties":{"mag":4.7,"place":"Kermadec Islands region","time":1785364905286,"updated":1786496625040,"tz":null,"url":"https://earthquake.usgs.gov/earthquakes/eventpage/us6000thur","detail":"https://earthquake.usgs.gov/fdsnws/event/1/query?eventid=us6000thur&format=geojson","felt":null,"cdi":null,"mmi":null,"alert":null,"status":"reviewed","tsunami":0,"sig":340,"net":"us","code":"6000thur","ids":",us6000thur,","sources":",us,","types":",origin,phase-data,","nst":19,"dmin":1.586,"rms":0.35,"gap":215,"magType":"mb","type":"earthquake","title":"M 4.7 - Kermadec Islands region"},"geometry":{"type":"Point","coordinates":[-176.5661,-28.2002,10]},"id":"us6000thur"},
{"type":"Feature","properties":{"mag":4.8,"place":"Kermadec Islands region","time":1785364800772,"updated":1786495298040,"tz":null,"url":"https://earthquake.usgs.gov/earthquakes/eventpage/us6000thuj","detail":"https://earthquake.usgs.gov/fdsnws/event/1/query?eventid=us6000thuj&format=geojson","felt":null,"cdi":null,"mmi":null,"alert":null,"status":"reviewed","tsunami":0,"sig":354,"net":"us","code":"6000thuj","ids":",us6000thuj,","sources":",us,","types":",origin,phase-data,","nst":24,"dmin":1.544,"rms":0.61,"gap":76,"magType":"mb","type":"earthquake","title":"M 4.8 - Kermadec Islands region"},"geometry":{"type":"Point","coordinates":[-176.4538,-28.4005,10]},"id":"us6000thuj"},
{"type":"Feature","properties":{"mag":5.9,"place":"Kermadec Islands region","time":1785364077292,"updated":1786495226231,"tz":null,"url":"https://earthquake.usgs.gov/earthquakes/eventpage/us6000tguf","detail":"https://earthquake.usgs.gov/fdsnws/event/1/query?eventid=us6000tguf&format=geojson","felt":null,"cdi":null,"mmi":3.142,"alert":"green","status":"reviewed","tsunami":0,"sig":536,"net":"us","code":"6000tguf","ids":",usauto6000tguf,us6000tguf,","sources":",usauto,us,","types":",internal-moment-tensor,losspager,moment-tensor,origin,phase-data,shakemap,","nst":103,"dmin":1.402,"rms":0.64,"gap":39,"magType":"mww","type":"earthquake","title":"M 5.9 - Kermadec Islands region"},"geometry":{"type":"Point","coordinates":[-176.6235,-28.4336,10]},"id":"us6000tguf"},
{"type":"Feature","properties":{"mag":4.6,"place":"Kermadec Islands region","time":1785363822330,"updated":1786493845040,"tz":null,"url":"https://earthquake.usgs.gov/earthquakes/eventpage/us6000thui","detail":"https://earthquake.usgs.gov/fdsnws/event/1/query?eventid=us6000thui&format=geojson","felt":null,"cdi":null,"mmi":null,"alert":null,"status":"reviewed","tsunami":0,"sig":326,"net":"us","code":"6000thui","ids":",us6000thui,","sources":",us,","types":",origin,phase-data,","nst":19,"dmin":2.456,"rms":0.7,"gap":145,"magType":"mb","type":"earthquake","title":"M 4.6 - Kermadec Islands region"},"geometry":{"type":"Point","coordinates":[-179.516,-31.2879,161.771]},"id":"us6000thui"},
{"type":"Feature","properties":{"mag":4.5,"place":"225 km S of Pagar Alam, Indonesia","time":1785363389163,"updated":1786492667040,"tz":null,"url":"https://earthquake.usgs.gov/earthquakes/eventpage/us6000thuh","detail":"https://earthquake.usgs.gov/fdsnws/event/1/query?eventid=us6000thuh&format=geojson","felt":null,"cdi":null,"mmi":null,"alert":null,"status":"reviewed","tsunami":0,"sig":312,"net":"us","code":"6000thuh","ids":",us6000thuh,","sources":",us,","types":",origin,phase-data,","nst":22,"dmin":1.685,"rms":0.68,"gap":136,"magType":"mb","type":"earthquake","title":"M 4.5 - 225 km S of Pagar Alam, Indonesia"},"geometry":{"type":"Point","coordinates":[103.0491,-6.0542,35]},"id":"us6000thuh"},
{"type":"Feature","properties":{"mag":5.6,"place":"Pacific-Antarctic Ridge","time":1785362887559,"updated":1786491886780,"tz":null,"url":"https://earthquake.usgs.gov/earthquakes/eventpage/us6000tgud","detail":"https://earthquake.usgs.gov/fdsnws/event/1/query?eventid=us6000tgud&format=geojson","felt":null,"cdi":null,"mmi":6.336,"alert":"green","status":"reviewed","tsunami":0,"sig":482,"net":"us","code":"6000tgud","ids":",usauto6000tgud,us6000tgud,","sources":",usauto,us,","types":",internal-moment-tensor,losspager,origin,phase-data,shakemap,","nst":60,"dmin":13.507,"rms":1.05,"gap":42,"magType":"mww","type":"earthquake","title":"M 5.6 - Pacific-Antarctic Ridge"},"geometry":{"type":"Point","coordinates":[-179.2592,-65.0783,10]},"id":"us6000tgud"},
{"type":"Feature","properties":{"mag":5,"place":"southern Mid-Atlantic Ridge","time":1785360963784,"updated":1786489909040,"tz":null,"url":"https://earthquake.usgs.gov/earthquakes/eventpage/us6000thug","detail":"https://earthquake.usgs.gov/fdsnws/event/1/query?eventid=us6000thug&format=geojson","felt":null,"cdi":null,"mmi":null,"alert":null,"status":"reviewed","tsunami":0,"sig":385,"net":"us","code":"6000thug","ids":",us6000thug,","sources":",us,","types":",origin,phase-data,","nst":53,"dmin":29.69,"rms":0.93,"gap":86,"magType":"mb","type":"earthquake","title":"M 5.0 - southern Mid-Atlantic Ridge"},"geometry":{"type":"Point","coordinates":[-17.571,-40.4551,10]},"id":"us6000thug"},
{"type":"Feature","properties":{"mag":5.1,"place":"south of Tonga","time":1785358330187,"updated":1785524162040,"tz":null,"url":"https://earthquake.usgs.gov/earthquakes/eventpage/us6000tgtc","detail":"https://earthquake.usgs.gov/fdsnws/event/1/query?eventid=us6000tgtc&format=geojson","felt":null,"cdi":null,"mmi":null,"alert":null,"status":"reviewed","tsunami":0,"sig":400,"net":"us","code":"6000tgtc","ids":",us6000tgtc,","sources":",us,","types":",origin,phase-data,","nst":135,"dmin":5.13,"rms":0.83,"gap":70,"magType":"mb","type":"earthquake","title":"M 5.1 - south of Tonga"},"geometry":{"type":"Point","coordinates":[-175.2781,-24.6741,10]},"id":"us6000tgtc"},
{"type":"Feature","properties":{"mag":4.8,"place":"7 km W of Honmachi, Japan","time":1785356195520,"updated":1785362419040,"tz":null,"url":"https://earthquake.usgs.gov/earthquakes/eventpage/us6000tgt4","detail":"https://earthquake.usgs.gov/fdsnws/event/1/query?eventid=us6000tgt4&format=geojson","felt":null,"cdi":null,"mmi":null,"alert":null,"status":"reviewed","tsunami":0,"sig":354,"net":"us","code":"6000tgt4","ids":",us6000tgt4,","sources":",us,","types":",origin,phase-data,","nst":142,"dmin":0.984,"rms":0.52,"gap":84,"magType":"mb","type":"earthquake","title":"M 4.8 - 7 km W of Honmachi, Japan"},"geometry":{"type":"Point","coordinates":[130.5159,32.4953,11.68]},"id":"us6000tgt4"},
{"type":"Feature","properties":{"mag":4.9,"place":"northern Mid-Atlantic Ridge","time":1785348586141,"updated":1785520216040,"tz":null,"url":"https://earthquake.usgs.gov/earthquakes/eventpage/us6000tgs2","detail":"https://earthquake.usgs.gov/fdsnws/event/1/query?eventid=us6000tgs2&format=geojson","felt":null,"cdi":null,"mmi":null,"alert":null,"status":"reviewed","tsunami":0,"sig":369,"net":"us","code":"6000tgs2","ids":",us6000tgs2,","sources":",us,","types":",origin,phase-data,","nst":154,"dmin":12.158,"rms":0.77,"gap":39,"magType":"mb","type":"earthquake","title":"M 4.9 - northern Mid-Atlantic Ridge"},"geometry":{"type":"Point","coordinates":[-45.7996,15.3008,10]},"id":"us6000tgs2"},
{"type":"Feature","properties":{"mag":5,"place":"south of Tonga","time":1785344855235,"updated":1785516784040,"tz":null,"url":"https://earthquake.usgs.gov/earthquakes/eventpage/us6000tgrk","detail":"https://earthquake.usgs.gov/fdsnws/event/1/query?eventid=us6000tgrk&format=geojson","felt":null,"cdi":null,"mmi":null,"alert":null,"status":"reviewed","tsunami":0,"sig":385,"net":"us","code":"6000tgrk","ids":",usauto6000tgrk,us6000tgrk,","sources":",usauto,us,","types":",internal-moment-tensor,moment-tensor,origin,phase-data,","nst":102,"dmin":5.063,"rms":0.91,"gap":51,"magType":"mww","type":"earthquake","title":"M 5.0 - south of Tonga"},"geometry":{"type":"Point","coordinates":[-175.2137,-24.7806,10]},"id":"us6000tgrk"},
{"type":"Feature","properties":{"mag":4.3,"place":"64 km WNW of Tomohon, Indonesia","time":1785341522001,"updated":1785884631164,"tz":null,"url":"https://earthquake.usgs.gov/earthquakes/eventpage/us6000tgrb","detail":"https://earthquake.usgs.gov/fdsnws/event/1/query?eventid=us6000tgrb&format=geojson","felt":1,"cdi":2,"mmi":null,"alert":null,"status":"reviewed","tsunami":0,"sig":285,"net":"us","code":"6000tgrb","ids":",us6000tgrb,","sources":",us,","types":",dyfi,origin,phase-data,","nst":51,"dmin":9.108,"rms":0.47,"gap":125,"magType":"mb","type":"earthquake","title":"M 4.3 - 64 km WNW of Tomohon, Indonesia"},"geometry":{"type":"Point","coordinates":[124.2466,1.4659,245.625]},"id":"us6000tgrb"},
{"type":"Feature","properties":{"mag":5.4,"place":"58 km E of Rapu-Rapu, Philippines","time":1785337798044,"updated":1786571400176,"tz":null,"url":"https://earthquake.usgs.gov/earthquakes/eventpage/us6000tgpr","detail":"https://earthquake.usgs.gov/fdsnws/event/1/query?eventid=us6000tgpr&format=geojson","felt":2,"cdi":4.1,"mmi":4.085,"alert":"green","status":"reviewed","tsunami":0,"sig":449,"net":"us","code":"6000tgpr","ids":",us6000tgpr,usauto6000tgpr,","sources":",us,usauto,","types":",dyfi,internal-moment-tensor,losspager,moment-tensor,origin,phase-data,shakemap,","nst":146,"dmin":6.106,"rms":0.77,"gap":33,"magType":"mww","type":"earthquake","title":"M 5.4 - 58 km E of Rapu-Rapu, Philippines"},"geometry":{"type":"Point","coordinates":[124.665,13.1473,10]},"id":"us6000tgpr"},
{"type":"Feature","properties":{"mag":4.4,"place":"57 km WSW of Valparaíso, Chile","time":1785335812176,"updated":1786566181874,"tz":null,"url":"https://earthquake.usgs.gov/earthquakes/eventpage/us6000tgpj","detail":"https://earthquake.usgs.gov/fdsnws/event/1/query?eventid=us6000tgpj&format=geojson","felt":2,"cdi":2.7,"mmi":null,"alert":null,"status":"reviewed","tsunami":0,"sig":298,"net":"us","code":"6000tgpj","ids":",us6000tgpj,","sources":",us,","types":",dyfi,moment-tensor,origin,phase-data,","nst":96,"dmin":0.583,"rms":0.51,"gap":63,"magType":"mwr","type":"earthquake","title":"M 4.4 - 57 km WSW of Valparaíso, Chile"},"geometry":{"type":"Point","coordinates":[-72.1646,-33.2976,17.649]},"id":"us6000tgpj"},
{"type":"Feature","properties":{"mag":5.1,"place":"83 km NE of Casuguran, Philippines","time":1785334263619,"updated":1786565638094,"tz":null,"url":"https://earthquake.usgs.gov/earthquakes/eventpage/us6000tgnu","detail":"https://earthquake.usgs.gov/fdsnws/event/1/query?eventid=us6000tgnu&format=geojson","felt":14,"cdi":3.4,"mmi":null,"alert":null,"status":"reviewed","tsunami":0,"sig":405,"net":"us","code":"6000tgnu","ids":",us6000tgnu,usauto6000tgnu,","sources":",us,usauto,","types":",dyfi,internal-moment-tensor,origin,phase-data,","nst":126,"dmin":7.639,"rms":0.79,"gap":38,"magType":"mww","type":"earthquake","title":"M 5.1 - 83 km NE of Casuguran, Philippines"},"geometry":{"type":"Point","coordinates":[122.8423,15.3225,10]},"id":"us6000tgnu"},
{"type":"Feature","properties":{"mag":4.2,"place":"7 km WNW of Mandalay, Burma (Myanmar)","time":1785333763362,"updated":1786565196468,"tz":null,"url":"https://earthquake.usgs.gov/earthquakes/eventpage/us6000tgnj","detail":"https://earthquake.usgs.gov/fdsnws/event/1/query?eventid=us6000tgnj&format=geojson","felt":2,"cdi":3.4,"mmi":null,"alert":null,"status":"reviewed","tsunami":0,"sig":272,"net":"us","code":"6000tgnj","ids":",us6000tgnj,","sources":",us,","types":",dyfi,origin,phase-data,","nst":26,"dmin":1.302,"rms":0.68,"gap":88,"magType":"mb","type":"earthquake","title":"M 4.2 - 7 km WNW of Mandalay, Burma (Myanmar)"},"geometry":{"type":"Point","coordinates":[96.0221,22.0075,10]},"id":"us6000tgnj"},
{"type":"Feature","properties":{"mag":4.6,"place":"8 km W of Honmachi, Japan","time":1785333754648,"updated":1786564204040,"tz":null,"url":"https://earthquake.usgs.gov/earthquakes/eventpage/us6000tgn1","detail":"https://earthquake.usgs.gov/fdsnws/event/1/query?eventid=us6000tgn1&format=geojson","felt":null,"cdi":null,"mmi":null,"alert":null,"status":"reviewed","tsunami":0,"sig":326,"net":"us","code":"6000tgn1","ids":",us6000tgn1,","sources":",us,","types":",origin,phase-data,","nst":79,"dmin":1.001,"rms":0.61,"gap":62,"magType":"mb","type":"earthquake","title":"M 4.6 - 8 km W of Honmachi, Japan"},"geometry":{"type":"Point","coordinates":[130.5078,32.512,10]},"id":"us6000tgn1"},
{"type":"Feature","properties":{"mag":5,"place":"40 km SW of Balangonan, Philippines","time":1785331436282,"updated":1786552830179,"tz":null,"url":"https://earthquake.usgs.gov/earthquakes/eventpage/us6000tgn0","detail":"https://earthquake.usgs.gov/fdsnws/event/1/query?eventid=us6000tgn0&format=geojson","felt":9,"cdi":3.1,"mmi":null,"alert":null,"status":"reviewed","tsunami":0,"sig":387,"net":"us","code":"6000tgn0","ids":",us6000tgn0,","sources":",us,","types":",dyfi,origin,phase-data,","nst":112,"dmin":1.804,"rms":0.71,"gap":24,"magType":"mb","type":"earthquake","title":"M 5.0 - 40 km SW of Balangonan, Philippines"},"geometry":{"type":"Point","coordinates":[125.0972,5.3185,69.855]},"id":"us6000tgn0"},
{"type":"Feature","properties":{"mag":5.3,"place":"12 km N of Tsunagi, Japan","time":1785331176674,"updated":1786552422468,"tz":null,"url":"https://earthquake.usgs.gov/earthquakes/eventpage/us6000tgmx","detail":"https://earthquake.usgs.gov/fdsnws/event/1/query?eventid=us6000tgmx&format=geojson","felt":4,"cdi":5.4,"mmi":6.737,"alert":"green","status":"reviewed","tsunami":0,"sig":434,"net":"us","code":"6000tgmx","ids":",us6000tgmx,usauto6000tgmx,","sources":",us,usauto,","types":",dyfi,ground-failure,internal-moment-tensor,losspager,moment-tensor,origin,phase-data,shakemap,","nst":93,"dmin":0.834,"rms":0.54,"gap":73,"magType":"mww","type":"earthquake","title":"M 5.3 - 12 km N of Tsunagi, Japan"},"geometry":{"type":"Point","coordinates":[130.4586,32.3461,10]},"id":"us6000tgmx"},
{"type":"Feature","properties":{"mag":5,"place":"5 km NNE of Balangonan, Philippines","time":1785331019747,"updated":1786552100789,"tz":null,"url":"https://earthquake.usgs.gov/earthquakes/eventpage/us6000tgmy","detail":"https://earthquake.usgs.gov/fdsnws/event/1/query?eventid=us6000tgmy&format=geojson","felt":11,"cdi":3.6,"mmi":null,"alert":null,"status":"reviewed","tsunami":0,"sig":389,"net":"us","code":"6000tgmy","ids":",us6000tgmy,","sources":",us,","types":",dyfi,origin,phase-data,","nst":74,"dmin":1.459,"rms":0.69,"gap":81,"magType":"mb","type":"earthquake","title":"M 5.0 - 5 km NNE of Balangonan, Philippines"},"geometry":{"type":"Point","coordinates":[125.3758,5.6147,60.594]},"id":"us6000tgmy"},
{"type":"Feature","properties":{"mag":4.1,"place":"Rat Islands, Aleutian Islands, Alaska","time":1785329105880,"updated":1785342785938,"tz":null,"url":"https://earthquake.usgs.gov/earthquakes/eventpage/us6000tgmr","detail":"https://earthquake.usgs.gov/fdsnws/event/1/query?eventid=us6000tgmr&format=geojson","felt":null,"cdi":null,"mmi":1.535,"alert":null,"status":"reviewed","tsunami":0,"sig":259,"net":"us","code":"6000tgmr","ids":",aka2026oxabjv,us6000tgmr,","sources":",ak,us,","types":",origin,phase-data,shakemap,","nst":104,"dmin":0.181,"rms":0.54,"gap":91,"magType":"mb","type":"earthquake","title":"M 4.1 - Rat Islands, Aleutian Islands, Alaska"},"geometry":{"type":"Point","coordinates":[178.304,51.8835,133.985]},"id":"us6000tgmr"},
{"type":"Feature","properties":{"mag":4.4,"place":"14 km ESE of Shimabara, Japan","time":1785325673799,"updated":1785330210040,"tz":null,"url":"https://earthquake.usgs.gov/earthquakes/eventpage/us6000tgmj","detail":"https://earthquake.usgs.gov/fdsnws/event/1/query?eventid=us6000tgmj&format=geojson","felt":null,"cdi":null,"mmi":null,"alert":null,"status":"reviewed","tsunami":0,"sig":298,"net":"us","code":"6000tgmj","ids":",us6000tgmj,","sources":",us,","types":",origin,phase-data,","nst":40,"dmin":1.203,"rms":0.65,"gap":105,"magType":"mb","type":"earthquake","title":"M 4.4 - 14 km ESE of Shimabara, Japan"},"geometry":{"type":"Point","coordinates":[130.5047,32.7155,10]},"id":"us6000tgmj"},
{"type":"Feature","properties":{"mag":5,"place":"South Sandwich Islands region","time":1785321059826,"updated":1785322106040,"tz":null,"url":"https://earthquake.usgs.gov/earthquakes/eventpage/us6000tgm6","detail":"https://earthquake.usgs.gov/fdsnws/event/1/query?eventid=us6000tgm6&format=geojson","felt":null,"cdi":null,"mmi":null,"alert":null,"status":"reviewed","tsunami":0,"sig":385,"net":"us","code":"6000tgm6","ids":",us6000tgm6,","sources":",us,","types":",origin,phase-data,","nst":47,"dmin":5.479,"rms":0.52,"gap":75,"magType":"mb","type":"earthquake","title":"M 5.0 - South Sandwich Islands region"},"geometry":{"type":"Point","coordinates":[-27.3636,-55.8769,60.675]},"id":"us6000tgm6"},
{"type":"Feature","properties":{"mag":4.1,"place":"84 km NE of San Pedro de Atacama, Chile","time":1785313272792,"updated":1785316244040,"tz":null,"url":"https://earthquake.usgs.gov/earthquakes/eventpage/us6000tglq","detail":"https://earthquake.usgs.gov/fdsnws/event/1/query?eventid=us6000tglq&format=geojson","felt":null,"cdi":null,"mmi":null,"alert":null,"status":"reviewed","tsunami":0,"sig":259,"net":"us","code":"6000tglq","ids":",us6000tglq,","sources":",us,","types":",origin,phase-data,","nst":27,"dmin":0.774,"rms":0.9,"gap":93,"magType":"mb","type":"earthquake","title":"M 4.1 - 84 km NE of San Pedro de Atacama, Chile"},"geometry":{"type":"Point","coordinates":[-67.6387,-22.358,193.528]},"id":"us6000tglq"},
{"type":"Feature","properties":{"mag":4.6,"place":"102 km WNW of Aykol, China","time":1785305397133,"updated":1785306594040,"tz":null,"url":"https://earthquake.usgs.gov/earthquakes/eventpage/us6000tgla","detail":"https://earthquake.usgs.gov/fdsnws/event/1/query?eventid=us6000tgla&format=geojson","felt":null,"cdi":null,"mmi":null,"alert":null,"status":"reviewed","tsunami":0,"sig":326,"net":"us","code":"6000tgla","ids":",us6000tgla,","sources":",us,","types":",origin,phase-data,","nst":36,"dmin":2.18,"rms":0.81,"gap":111,"magType":"mb","type":"earthquake","title":"M 4.6 - 102 km WNW of Aykol, China"},"geometry":{"type":"Point","coordinates":[78.9587,41.1814,10]},"id":"us6000tgla"},
{"type":"Feature","properties":{"mag":4.9,"place":"204 km ENE of Levuka, Fiji","time":1785298042994,"updated":1786744243040,"tz":null,"url":"https://earthquake.usgs.gov/earthquakes/eventpage/us6000tgkg","detail":"https://earthquake.usgs.gov/fdsnws/event/1/query?eventid=us6000tgkg&format=geojson","felt":null,"cdi":null,"mmi":null,"alert":null,"status":"reviewed","tsunami":0,"sig":369,"net":"us","code":"6000tgkg","ids":",us6000tgkg,","sources":",us,","types":",origin,phase-data,","nst":78,"dmin":2.084,"rms":0.64,"gap":78,"magType":"mb","type":"earthquake","title":"M 4.9 - 204 km ENE of Levuka, Fiji"},"geometry":{"type":"Point","coordinates":[-178.807,-17.6259,525.916]},"id":"us6000tgkg"},
{"type":"Feature","properties":{"mag":4.4,"place":"south of Tonga","time":1785297870846,"updated":1786667796040,"tz":null,"url":"https://earthquake.usgs.gov/earthquakes/eventpage/us6000thts","detail":"https://earthquake.usgs.gov/fdsnws/event/1/query?eventid=us6000thts&format=geojson","felt":null,"cdi":null,"mmi":null,"alert":null,"status":"reviewed","tsunami":0,"sig":298,"net":"us","code":"6000thts","ids":",us6000thts,","sources":",us,","types":",origin,phase-data,","nst":14,"dmin":4.688,"rms":0.71,"gap":123,"magType":"mb","type":"earthquake","title":"M 4.4 - south of Tonga"},"geometry":{"type":"Point","coordinates":[-175.7522,-24.9601,24.904]},"id":"us6000thts"},
{"type":"Feature","properties":{"mag":4.1,"place":"121 km SW of Puerto Madero, Mexico","time":1785297193571,"updated":1786754556040,"tz":null,"url":"https://earthquake.usgs.gov/earthquakes/eventpage/us6000tgke","detail":"https://earthquake.usgs.gov/fdsnws/event/1/query?eventid=us6000tgke&format=geojson","felt":null,"cdi":null,"mmi":null,"alert":null,"status":"reviewed","tsunami":0,"sig":259,"net":"us","code":"6000tgke","ids":",us6000tgke,","sources":",us,","types":",origin,phase-data,","nst":38,"dmin":2.536,"rms":1.35,"gap":188,"magType":"mb","type":"earthquake","title":"M 4.1 - 121 km SW of Puerto Madero, Mexico"},"geometry":{"type":"Point","coordinates":[-93.242,13.9678,35]},"id":"us6000tgke"},
{"type":"Feature","properties":{"mag":5.1,"place":"south of Tonga","time":1785297141901,"updated":1786756691040,"tz":null,"url":"https://earthquake.usgs.gov/earthquakes/eventpage/us6000tgkd","detail":"https://earthquake.usgs.gov/fdsnws/event/1/query?eventid=us6000tgkd&format=geojson","felt":null,"cdi":null,"mmi":null,"alert":null,"status":"reviewed","tsunami":0,"sig":400,"net":"us","code":"6000tgkd","ids":",us6000tgkd,","sources":",us,","types":",origin,phase-data,","nst":58,"dmin":5.169,"rms":1.15,"gap":76,"magType":"mb","type":"earthquake","title":"M 5.1 - south of Tonga"},"geometry":{"type":"Point","coordinates":[-175.1021,-24.7151,10]},"id":"us6000tgkd"},
{"type":"Feature","properties":{"mag":4,"place":"62 km SSE of Ḩājjīābād, Iran","time":1785296373767,"updated":1786758019040,"tz":null,"url":"https://earthquake.usgs.gov/earthquakes/eventpage/us6000tgk9","detail":"https://earthquake.usgs.gov/fdsnws/event/1/query?eventid=us6000tgk9&format=geojson","felt":null,"cdi":null,"mmi":null,"alert":null,"status":"reviewed","tsunami":0,"sig":246,"net":"us","code":"6000tgk9","ids":",us6000tgk9,","sources":",us,","types":",origin,phase-data,","nst":21,"dmin":2.852,"rms":1.1,"gap":135,"magType":"mb","type":"earthquake","title":"M 4.0 - 62 km SSE of Ḩājjīābād, Iran"},"geometry":{"type":"Point","coordinates":[56.203,27.8093,40.393]},"id":"us6000tgk9"},
{"type":"Feature","properties":{"mag":4.3,"place":"115 km SW of Puerto Madero, Mexico","time":1785296144901,"updated":1786683051040,"tz":null,"url":"https://earthquake.usgs.gov/earthquakes/eventpage/us6000tgk6","detail":"https://earthquake.usgs.gov/fdsnws/event/1/query?eventid=us6000tgk6&format=geojson","felt":null,"cdi":null,"mmi":null,"alert":null,"status":"reviewed","tsunami":0,"sig":284,"net":"us","code":"6000tgk6","ids":",us6000tgk6,","sources":",us,","types":",origin,phase-data,","nst":60,"dmin":2.459,"rms":1.06,"gap":182,"magType":"mb","type":"earthquake","title":"M 4.3 - 115 km SW of Puerto Madero, Mexico"},"geometry":{"type":"Point","coordinates":[-93.2468,14.0556,10]},"id":"us6000tgk6"},
{"type":"Feature","properties":{"mag":5.1,"place":"Kermadec Islands region","time":1785295850508,"updated":1786683372040,"tz":null,"url":"https://earthquake.usgs.gov/earthquakes/eventpage/us6000tgk8","detail":"https://earthquake.usgs.gov/fdsnws/event/1/query?eventid=us6000tgk8&format=geojson","felt":null,"cdi":null,"mmi":null,"alert":null,"status":"reviewed","tsunami":0,"sig":400,"net":"us","code":"6000tgk8","ids":",us6000tgk8,","sources":",us,","types":",origin,phase-data,","nst":23,"dmin":1.216,"rms":0.6,"gap":120,"magType":"mb","type":"earthquake","title":"M 5.1 - Kermadec Islands region"},"geometry":{"type":"Point","coordinates":[-176.8402,-28.489,35]},"id":"us6000tgk8"},
{"type":"Feature","properties":{"mag":4.8,"place":"194 km W of Abepura, Indonesia","time":1785292815019,"updated":1786681900040,"tz":null,"url":"https://earthquake.usgs.gov/earthquakes/eventpage/us6000tgjx","detail":"https://earthquake.usgs.gov/fdsnws/event/1/query?eventid=us6000tgjx&format=geojson","felt":null,"cdi":null,"mmi":null,"alert":null,"status":"reviewed","tsunami":0,"sig":354,"net":"us","code":"6000tgjx","ids":",us6000tgjx,","sources":",us,","types":",origin,phase-data,","nst":34,"dmin":1.817,"rms":0.7,"gap":54,"magType":"mb","type":"earthquake","title":"M 4.8 - 194 km W of Abepura, Indonesia"},"geometry":{"type":"Point","coordinates":[138.8873,-2.6265,35]},"id":"us6000tgjx"},
{"type":"Feature","properties":{"mag":4.24,"place":"8 km ESE of Cloverdale, CA","time":1785292806740,"updated":1786682051372,"tz":null,"url":"https://earthquake.usgs.gov/earthquakes/eventpage/nc75407577","detail":"https://earthquake.usgs.gov/fdsnws/event/1/query?eventid=nc75407577&format=geojson","felt":240,"cdi":5,"mmi":4.733,"alert":"green","status":"reviewed","tsunami":0,"sig":397,"net":"nc","code":"75407577","ids":",ew1785292810,us6000tgju,nc75407577,","sources":",ew,us,nc,","types":",dyfi,event-sequence,focal-mechanism,losspager,moment-tensor,nearby-cities,oaf,origin,phase-data,scitech-link,shake-alert,shakemap,","nst":114,"dmin":0.0484,"rms":0.09,"gap":31,"magType":"mw","type":"earthquake","title":"M 4.2 - 8 km ESE of Cloverdale, CA"},"geometry":{"type":"Point","coordinates":[-122.935666666667,38.777,5.92]},"id":"nc75407577"},
{"type":"Feature","properties":{"mag":4.1,"place":"196 km SW of Xihai, China","time":1785291804996,"updated":1786677419040,"tz":null,"url":"https://earthquake.usgs.gov/earthquakes/eventpage/us6000tgjt","detail":"https://earthquake.usgs.gov/fdsnws/event/1/query?eventid=us6000tgjt&format=geojson","felt":null,"cdi":null,"mmi":null,"alert":null,"status":"reviewed","tsunami":0,"sig":259,"net":"us","code":"6000tgjt","ids":",us6000tgjt,","sources":",us,","types":",origin,phase-data,","nst":28,"dmin":3.404,"rms":0.81,"gap":129,"magType":"mb","type":"earthquake","title":"M 4.1 - 196 km SW of Xihai, China"},"geometry":{"type":"Point","coordinates":[99.5429,35.5303,10]},"id":"us6000tgjt"},
{"type":"Feature","properties":{"mag":4.3,"place":"south of the Fiji Islands","time":1785287530389,"updated":1786671170040,"tz":null,"url":"https://earthquake.usgs.gov/earthquakes/eventpage/us6000thtl","detail":"https://earthquake.usgs.gov/fdsnws/event/1/query?eventid=us6000thtl&format=geojson","felt":null,"cdi":null,"mmi":null,"alert":null,"status":"reviewed","tsunami":0,"sig":284,"net":"us","code":"6000thtl","ids":",us6000thtl,","sources":",us,","types":",origin,phase-data,","nst":23,"dmin":6.435,"rms":0.83,"gap":162,"magType":"mb","type":"earthquake","title":"M 4.3 - south of the Fiji Islands"},"geometry":{"type":"Point","coordinates":[179.9141,-23.9713,531.303]},"id":"us6000thtl"},
{"type":"Feature","properties":{"mag":4.4,"place":"12 km SSE of Sarangani, Philippines","time":1785287447184,"updated":1786672620040,"tz":null,"url":"https://earthquake.usgs.gov/earthquakes/eventpage/us6000thtk","detail":"https://earthquake.usgs.gov/fdsnws/event/1/query?eventid=us6000thtk&format=geojson","felt":null,"cdi":null,"mmi":null,"alert":null,"status":"reviewed","tsunami":0,"sig":298,"net":"us","code":"6000thtk","ids":",us6000thtk,","sources":",us,","types":",origin,phase-data,","nst":22,"dmin":1.764,"rms":1.3,"gap":126,"magType":"mb","type":"earthquake","title":"M 4.4 - 12 km SSE of Sarangani, Philippines"},"geometry":{"type":"Point","coordinates":[125.4922,5.2959,35]},"id":"us6000thtk"},
{"type":"Feature","properties":{"mag":4.3,"place":"104 km S of La Libertad, El Salvador","time":1785286851827,"updated":1786673713040,"tz":null,"url":"https://earthquake.usgs.gov/earthquakes/eventpage/us6000thtj","detail":"https://earthquake.usgs.gov/fdsnws/event/1/query?eventid=us6000thtj&format=geojson","felt":null,"cdi":null,"mmi":null,"alert":null,"status":"reviewed","tsunami":0,"sig":284,"net":"us","code":"6000thtj","ids":",us6000thtj,","sources":",us,","types":",origin,phase-data,","nst":19,"dmin":1.108,"rms":1.07,"gap":202,"magType":"mb","type":"earthquake","title":"M 4.3 - 104 km S of La Libertad, El Salvador"},"geometry":{"type":"Point","coordinates":[-89.3437,12.5442,35]},"id":"us6000thtj"},
{"type":"Feature","properties":{"mag":5.4,"place":"145 km NE of Neiafu, Tonga","time":1785286079168,"updated":1786487929689,"tz":null,"url":"https://earthquake.usgs.gov/earthquakes/eventpage/us6000tgje","detail":"https://earthquake.usgs.gov/fdsnws/event/1/query?eventid=us6000tgje&format=geojson","felt":null,"cdi":null,"mmi":3.188,"alert":"green","status":"reviewed","tsunami":0,"sig":449,"net":"us","code":"6000tgje","ids":",usauto6000tgje,us6000tgje,","sources":",usauto,us,","types":",internal-moment-tensor,losspager,origin,phase-data,shakemap,","nst":79,"dmin":3.041,"rms":0.68,"gap":44,"magType":"mww","type":"earthquake","title":"M 5.4 - 145 km NE of Neiafu, Tonga"},"geometry":{"type":"Point","coordinates":[-172.8747,-17.8772,10]},"id":"us6000tgje"},
{"type":"Feature","properties":{"mag":4.4,"place":"123 km SW of Puerto Madero, Mexico","time":1785285610287,"updated":1786487063040,"tz":null,"url":"https://earthquake.usgs.gov/earthquakes/eventpage/us6000tgjb","detail":"https://earthquake.usgs.gov/fdsnws/event/1/query?eventid=us6000tgjb&format=geojson","felt":null,"cdi":null,"mmi":null,"alert":null,"status":"reviewed","tsunami":0,"sig":298,"net":"us","code":"6000tgjb","ids":",us6000tgjb,","sources":",us,","types":",origin,phase-data,","nst":61,"dmin":2.548,"rms":0.87,"gap":136,"magType":"mb","type":"earthquake","title":"M 4.4 - 123 km SW of Puerto Madero, Mexico"},"geometry":{"type":"Point","coordinates":[-93.2703,13.9669,35]},"id":"us6000tgjb"},
{"type":"Feature","properties":{"mag":4.9,"place":"25 km N of Santa Monica, Philippines","time":1785285576427,"updated":1786486635335,"tz":null,"url":"https://earthquake.usgs.gov/earthquakes/eventpage/us6000tgjc","detail":"https://earthquake.usgs.gov/fdsnws/event/1/query?eventid=us6000tgjc&format=geojson","felt":1,"cdi":4.1,"mmi":null,"alert":null,"status":"reviewed","tsunami":0,"sig":370,"net":"us","code":"6000tgjc","ids":",us6000tgjc,","sources":",us,","types":",dyfi,origin,phase-data,","nst":72,"dmin":3.189,"rms":0.89,"gap":93,"magType":"mb","type":"earthquake","title":"M 4.9 - 25 km N of Santa Monica, Philippines"},"geometry":{"type":"Point","coordinates":[126.0314,10.2473,52.181]},"id":"us6000tgjc"},
{"type":"Feature","properties":{"mag":4.1,"place":"21 km ESE of Looc, Philippines","time":1785284604322,"updated":1786486323040,"tz":null,"url":"https://earthquake.usgs.gov/earthquakes/eventpage/us6000thti","detail":"https://earthquake.usgs.gov/fdsnws/event/1/query?eventid=us6000thti&format=geojson","felt":null,"cdi":null,"mmi":null,"alert":null,"status":"reviewed","tsunami":0,"sig":259,"net":"us","code":"6000thti","ids":",us6000thti,","sources":",us,","types":",origin,phase-data,","nst":32,"dmin":20.151,"rms":0.47,"gap":102,"magType":"mb","type":"earthquake","title":"M 4.1 - 21 km ESE of Looc, Philippines"},"geometry":{"type":"Point","coordinates":[120.4443,13.6688,199.395]},"id":"us6000thti"},
{"type":"Feature","properties":{"mag":4.2,"place":"125 km NW of Neiafu, Tonga","time":1785284286511,"updated":1786485112040,"tz":null,"url":"https://earthquake.usgs.gov/earthquakes/eventpage/us6000thth","detail":"https://earthquake.usgs.gov/fdsnws/event/1/query?eventid=us6000thth&format=geojson","felt":null,"cdi":null,"mmi":null,"alert":null,"status":"reviewed","tsunami":0,"sig":271,"net":"us","code":"6000thth","ids":",us6000thth,","sources":",us,","types":",origin,phase-data,","nst":14,"dmin":4.773,"rms":0.85,"gap":114,"magType":"mb","type":"earthquake","title":"M 4.2 - 125 km NW of Neiafu, Tonga"},"geometry":{"type":"Point","coordinates":[-174.7773,-17.8091,231.292]},"id":"us6000thth"},
{"type":"Feature","properties":{"mag":4,"place":"117 km SW of Puerto Madero, Mexico","time":1785282875632,"updated":1786483222040,"tz":null,"url":"https://earthquake.usgs.gov/earthquakes/eventpage/us6000tiu1","detail":"https://earthquake.usgs.gov/fdsnws/event/1/query?eventid=us6000tiu1&format=geojson","felt":null,"cdi":null,"mmi":null,"alert":null,"status":"reviewed","tsunami":0,"sig":246,"net":"us","code":"6000tiu1","ids":",us6000tiu1,","sources":",us,","types":",origin,phase-data,","nst":22,"dmin":2.481,"rms":0.6,"gap":206,"magType":"mb","type":"earthquake","title":"M 4.0 - 117 km SW of Puerto Madero, Mexico"},"geometry":{"type":"Point","coordinates":[-93.2515,14.0329,10]},"id":"us6000tiu1"},
{"type":"Feature","properties":{"mag":4.8,"place":"86 km E of Kokopo, Papua New Guinea","time":1785282704661,"updated":1786482759040,"tz":null,"url":"https://earthquake.usgs.gov/earthquakes/eventpage/us6000tgiz","detail":"https://earthquake.usgs.gov/fdsnws/event/1/query?eventid=us6000tgiz&format=geojson","felt":null,"cdi":null,"mmi":null,"alert":null,"status":"reviewed","tsunami":0,"sig":354,"net":"us","code":"6000tgiz","ids":",us6000tgiz,","sources":",us,","types":",origin,phase-data,","nst":39,"dmin":0.899,"rms":0.96,"gap":126,"magType":"mb","type":"earthquake","title":"M 4.8 - 86 km E of Kokopo, Papua New Guinea"},"geometry":{"type":"Point","coordinates":[153.0418,-4.3948,10]},"id":"us6000tgiz"},
{"type":"Feature","properties":{"mag":4.1,"place":"276 km ENE of Lospalos, Timor Leste","time":1785279732479,"updated":1786411760040,"tz":null,"url":"https://earthquake.usgs.gov/earthquakes/eventpage/us6000than","detail":"https://earthquake.usgs.gov/fdsnws/event/1/query?eventid=us6000than&format=geojson","felt":null,"cdi":null,"mmi":null,"alert":null,"status":"reviewed","tsunami":0,"sig":259,"net":"us","code":"6000than","ids":",us6000than,","sources":",us,","types":",origin,phase-data,","nst":17,"dmin":5.38,"rms":1.31,"gap":82,"magType":"mb","type":"earthquake","title":"M 4.1 - 276 km ENE of Lospalos, Timor Leste"},"geometry":{"type":"Point","coordinates":[129.2509,-7.4254,71.782]},"id":"us6000than"},
{"type":"Feature","properties":{"mag":4.3,"place":"south of the Fiji Islands","time":1785276604390,"updated":1786410967040,"tz":null,"url":"https://earthquake.usgs.gov/earthquakes/eventpage/us6000tgi4","detail":"https://earthquake.usgs.gov/fdsnws/event/1/query?eventid=us6000tgi4&format=geojson","felt":null,"cdi":null,"mmi":null,"alert":null,"status":"reviewed","tsunami":0,"sig":284,"net":"us","code":"6000tgi4","ids":",us6000tgi4,","sources":",us,","types":",origin,phase-data,","nst":28,"dmin":8.476,"rms":0.65,"gap":102,"magType":"mb","type":"earthquake","title":"M 4.3 - south of the Fiji Islands"},"geometry":{"type":"Point","coordinates":[179.3044,-26.1823,530.943]},"id":"us6000tgi4"},
{"type":"Feature","properties":{"mag":4.8,"place":"south of the Fiji Islands","time":1785275247157,"updated":1786410583040,"tz":null,"url":"https://earthquake.usgs.gov/earthquakes/eventpage/us6000thal","detail":"https://earthquake.usgs.gov/fdsnws/event/1/query?eventid=us6000thal&format=geojson","felt":null,"cdi":null,"mmi":null,"alert":null,"status":"reviewed","tsunami":0,"sig":354,"net":"us","code":"6000thal","ids":",us6000thal,","sources":",us,","types":",origin,phase-data,","nst":28,"dmin":3.995,"rms":0.67,"gap":127,"magType":"mb","type":"earthquake","title":"M 4.8 - south of the Fiji Islands"},"geometry":{"type":"Point","coordinates":[179.2071,-26.1486,542.496]},"id":"us6000thal"},
{"type":"Feature","properties":{"mag":4.8,"place":"South Sandwich Islands region","time":1785274356323,"updated":1786409825040,"tz":null,"url":"https://earthquake.usgs.gov/earthquakes/eventpage/us6000tghp","detail":"https://earthquake.usgs.gov/fdsnws/event/1/query?eventid=us6000tghp&format=geojson","felt":null,"cdi":null,"mmi":null,"alert":null,"status":"reviewed","tsunami":0,"sig":354,"net":"us","code":"6000tghp","ids":",us6000tghp,","sources":",us,","types":",origin,phase-data,","nst":43,"dmin":8.291,"rms":0.9,"gap":70,"magType":"mb","type":"earthquake","title":"M 4.8 - South Sandwich Islands region"},"geometry":{"type":"Point","coordinates":[-23.976,-58.8701,10]},"id":"us6000tghp"},
{"type":"Feature","properties":{"mag":5,"place":"52 km E of Denali National Park, Alaska","time":1785271764979,"updated":1786654766492,"tz":null,"url":"https://earthquake.usgs.gov/earthquakes/eventpage/aka2026ovufno","detail":"https://earthquake.usgs.gov/fdsnws/event/1/query?eventid=aka2026ovufno&format=geojson","felt":164,"cdi":4.5,"mmi":5.23,"alert":null,"status":"reviewed","tsunami":0,"sig":458,"net":"ak","code":"a2026ovufno","ids":",aka2026ovufno,us6000tggw,","sources":",ak,us,","types":",dyfi,event-sequence,moment-tensor,oaf,origin,phase-data,shakemap,","nst":208,"dmin":0.5,"rms":1,"gap":23,"magType":"ml","type":"earthquake","title":"M 5.0 - 52 km E of Denali National Park, Alaska"},"geometry":{"type":"Point","coordinates":[-150.673,63.611,5]},"id":"aka2026ovufno"},
{"type":"Feature","properties":{"mag":5.4,"place":"207 km WNW of Panguna, Papua New Guinea","time":1785270476153,"updated":1786549193377,"tz":null,"url":"https://earthquake.usgs.gov/earthquakes/eventpage/us6000tggm","detail":"https://earthquake.usgs.gov/fdsnws/event/1/query?eventid=us6000tggm&format=geojson","felt":1,"cdi":2.5,"mmi":3.49,"alert":"green","status":"reviewed","tsunami":0,"sig":449,"net":"us","code":"6000tggm","ids":",us6000tggm,usauto6000tggm,","sources":",us,usauto,","types":",dyfi,internal-moment-tensor,losspager,moment-tensor,origin,phase-data,shakemap,","nst":142,"dmin":2.183,"rms":1.02,"gap":70,"magType":"mww","type":"earthquake","title":"M 5.4 - 207 km WNW of Panguna, Papua New Guinea"},"geometry":{"type":"Point","coordinates":[153.6953,-5.7635,10]},"id":"us6000tggm"},
{"type":"Feature","properties":{"mag":4.9,"place":"south of the Fiji Islands","time":1785270222130,"updated":1786546046040,"tz":null,"url":"https://earthquake.usgs.gov/earthquakes/eventpage/us6000tggi","detail":"https://earthquake.usgs.gov/fdsnws/event/1/query?eventid=us6000tggi&format=geojson","felt":null,"cdi":null,"mmi":null,"alert":null,"status":"reviewed","tsunami":0,"sig":369,"net":"us","code":"6000tggi","ids":",us6000tggi,","sources":",us,","types":",origin,phase-data,","nst":99,"dmin":4.737,"rms":0.91,"gap":40,"magType":"mb","type":"earthquake","title":"M 4.9 - south of the Fiji Islands"},"geometry":{"type":"Point","coordinates":[179.5965,-22.2771,572.261]},"id":"us6000tggi"},
{"type":"Feature","properties":{"mag":4.7,"place":"5 km NNE of Rodotópi, Greece","time":1785269432108,"updated":1786545094040,"tz":null,"url":"https://earthquake.usgs.gov/earthquakes/eventpage/us6000tggf","detail":"https://earthquake.usgs.gov/fdsnws/event/1/query?eventid=us6000tggf&format=geojson","felt":null,"cdi":null,"mmi":null,"alert":null,"status":"reviewed","tsunami":0,"sig":340,"net":"us","code":"6000tggf","ids":",us6000tggf,","sources":",us,","types":",moment-tensor,origin,phase-data,","nst":111,"dmin":1.38,"rms":0.71,"gap":45,"magType":"mww","type":"earthquake","title":"M 4.7 - 5 km NNE of Rodotópi, Greece"},"geometry":{"type":"Point","coordinates":[20.752,39.7574,9.246]},"id":"us6000tggf"},
{"type":"Feature","properties":{"mag":4.3,"place":"221 km WNW of Panguna, Papua New Guinea","time":1785268205953,"updated":1786542672040,"tz":null,"url":"https://earthquake.usgs.gov/earthquakes/eventpage/us6000thak","detail":"https://earthquake.usgs.gov/fdsnws/event/1/query?eventid=us6000thak&format=geojson","felt":null,"cdi":null,"mmi":null,"alert":null,"status":"reviewed","tsunami":0,"sig":284,"net":"us","code":"6000thak","ids":",us6000thak,","sources":",us,","types":",origin,phase-data,","nst":16,"dmin":2.189,"rms":1.21,"gap":182,"magType":"mb","type":"earthquake","title":"M 4.3 - 221 km WNW of Panguna, Papua New Guinea"},"geometry":{"type":"Point","coordinates":[153.5232,-5.9224,10]},"id":"us6000thak"},
{"type":"Feature","properties":{"mag":5,"place":"82 km SW of Kirakira, Solomon Islands","time":1785266889054,"updated":1786466520040,"tz":null,"url":"https://earthquake.usgs.gov/earthquakes/eventpage/us6000tgg2","detail":"https://earthquake.usgs.gov/fdsnws/event/1/query?eventid=us6000tgg2&format=geojson","felt":null,"cdi":null,"mmi":null,"alert":null,"status":"reviewed","tsunami":0,"sig":385,"net":"us","code":"6000tgg2","ids":",us6000tgg2,","sources":",us,","types":",origin,phase-data,","nst":42,"dmin":1.983,"rms":0.55,"gap":89,"magType":"mb","type":"earthquake","title":"M 5.0 - 82 km SW of Kirakira, Solomon Islands"},"geometry":{"type":"Point","coordinates":[161.318,-10.9013,10]},"id":"us6000tgg2"},
{"type":"Feature","properties":{"mag":4.5,"place":"81 km SSE of Hihifo, Tonga","time":1785266743016,"updated":1786465840040,"tz":null,"url":"https://earthquake.usgs.gov/earthquakes/eventpage/us6000tgg0","detail":"https://earthquake.usgs.gov/fdsnws/event/1/query?eventid=us6000tgg0&format=geojson","felt":null,"cdi":null,"mmi":null,"alert":null,"status":"reviewed","tsunami":0,"sig":312,"net":"us","code":"6000tgg0","ids":",us6000tgg0,","sources":",us,","types":",origin,phase-data,","nst":19,"dmin":3.269,"rms":1,"gap":65,"magType":"mb","type":"earthquake","title":"M 4.5 - 81 km SSE of Hihifo, Tonga"},"geometry":{"type":"Point","coordinates":[-173.6145,-16.6741,139.094]},"id":"us6000tgg0"},
{"type":"Feature","properties":{"mag":4.2,"place":"121 km ESE of Madang, Papua New Guinea","time":1785266264382,"updated":1786460712040,"tz":null,"url":"https://earthquake.usgs.gov/earthquakes/eventpage/us6000thaj","detail":"https://earthquake.usgs.gov/fdsnws/event/1/query?eventid=us6000thaj&format=geojson","felt":null,"cdi":null,"mmi":null,"alert":null,"status":"reviewed","tsunami":0,"sig":271,"net":"us","code":"6000thaj","ids":",us6000thaj,","sources":",us,","types":",origin,phase-data,","nst":25,"dmin":3.481,"rms":0.91,"gap":72,"magType":"mb","type":"earthquake","title":"M 4.2 - 121 km ESE of Madang, Papua New Guinea"},"geometry":{"type":"Point","coordinates":[146.8452,-5.5088,235.01]},"id":"us6000thaj"},
{"type":"Feature","properties":{"mag":4.7,"place":"38 km SW of Puerto Madero, Mexico","time":1785255257220,"updated":1785342089040,"tz":null,"url":"https://earthquake.usgs.gov/earthquakes/eventpage/us6000tget","detail":"https://earthquake.usgs.gov/fdsnws/event/1/query?eventid=us6000tget&format=geojson","felt":null,"cdi":null,"mmi":null,"alert":null,"status":"reviewed","tsunami":0,"sig":340,"net":"us","code":"6000tget","ids":",usauto6000tget,us6000tget,","sources":",usauto,us,","types":",internal-moment-tensor,origin,phase-data,","nst":135,"dmin":2.804,"rms":0.57,"gap":171,"magType":"mb","type":"earthquake","title":"M 4.7 - 38 km SW of Puerto Madero, Mexico"},"geometry":{"type":"Point","coordinates":[-92.6196,14.4329,54.609]},"id":"us6000tget"},
{"type":"Feature","properties":{"mag":4.2,"place":"218 km SSW of Shaliuhe, China","time":1785253102200,"updated":1785255382040,"tz":null,"url":"https://earthquake.usgs.gov/earthquakes/eventpage/us6000tgep","detail":"https://earthquake.usgs.gov/fdsnws/event/1/query?eventid=us6000tgep&format=geojson","felt":null,"cdi":null,"mmi":null,"alert":null,"status":"reviewed","tsunami":0,"sig":271,"net":"us","code":"6000tgep","ids":",us6000tgep,","sources":",us,","types":",origin,phase-data,","nst":35,"dmin":13.429,"rms":0.75,"gap":103,"magType":"mb","type":"earthquake","title":"M 4.2 - 218 km SSW of Shaliuhe, China"},"geometry":{"type":"Point","coordinates":[99.102,35.5401,10]},"id":"us6000tgep"},
{"type":"Feature","properties":{"mag":4.9,"place":"Drake Passage","time":1785250308884,"updated":1785340065040,"tz":null,"url":"https://earthquake.usgs.gov/earthquakes/eventpage/us6000tggd","detail":"https://earthquake.usgs.gov/fdsnws/event/1/query?eventid=us6000tggd&format=geojson","felt":null,"cdi":null,"mmi":null,"alert":null,"status":"reviewed","tsunami":0,"sig":369,"net":"us","code":"6000tggd","ids":",us6000tggd,","sources":",us,","types":",origin,phase-data,","nst":34,"dmin":4.652,"rms":1.07,"gap":122,"magType":"mb","type":"earthquake","title":"M 4.9 - Drake Passage"},"geometry":{"type":"Point","coordinates":[-62.2684,-60.2135,10]},"id":"us6000tggd"},
{"type":"Feature","properties":{"mag":4.8,"place":"17 km W of Uki, Japan","time":1785247318034,"updated":1786857473040,"tz":null,"url":"https://earthquake.usgs.gov/earthquakes/eventpage/us6000tgd4","detail":"https://earthquake.usgs.gov/fdsnws/event/1/query?eventid=us6000tgd4&format=geojson","felt":null,"cdi":null,"mmi":null,"alert":null,"status":"reviewed","tsunami":0,"sig":354,"net":"us","code":"6000tgd4","ids":",us6000tgd4,","sources":",us,","types":",moment-tensor,origin,phase-data,","nst":124,"dmin":0.586,"rms":0.6,"gap":68,"magType":"mwr","type":"earthquake","title":"M 4.8 - 17 km W of Uki, Japan"},"geometry":{"type":"Point","coordinates":[130.4731,32.6459,13.288]},"id":"us6000tgd4"},
{"type":"Feature","properties":{"mag":4.5,"place":"44 km SSE of Bodden Town, Cayman Islands","time":1785246137919,"updated":1785303603273,"tz":null,"url":"https://earthquake.usgs.gov/earthquakes/eventpage/us6000tgd1","detail":"https://earthquake.usgs.gov/fdsnws/event/1/query?eventid=us6000tgd1&format=geojson","felt":45,"cdi":4.6,"mmi":null,"alert":null,"status":"reviewed","tsunami":0,"sig":332,"net":"us","code":"6000tgd1","ids":",us6000tgd1,","sources":",us,","types":",dyfi,origin,phase-data,","nst":139,"dmin":3.479,"rms":0.66,"gap":36,"magType":"mb","type":"earthquake","title":"M 4.5 - 44 km SSE of Bodden Town, Cayman Islands"},"geometry":{"type":"Point","coordinates":[-81.1356,18.8891,10]},"id":"us6000tgd1"},
{"type":"Feature","properties":{"mag":5.3,"place":"151 km WSW of Puerto Santa, Peru","time":1785245073262,"updated":1785341194040,"tz":null,"url":"https://earthquake.usgs.gov/earthquakes/eventpage/us6000tgcx","detail":"https://earthquake.usgs.gov/fdsnws/event/1/query?eventid=us6000tgcx&format=geojson","felt":null,"cdi":null,"mmi":null,"alert":null,"status":"reviewed","tsunami":0,"sig":432,"net":"us","code":"6000tgcx","ids":",usauto6000tgcx,us6000tgcx,","sources":",usauto,us,","types":",internal-moment-tensor,moment-tensor,origin,phase-data,","nst":165,"dmin":3.703,"rms":0.74,"gap":83,"magType":"mww","type":"earthquake","title":"M 5.3 - 151 km WSW of Puerto Santa, Peru"},"geometry":{"type":"Point","coordinates":[-79.8217,-9.7052,13.804]},"id":"us6000tgcx"},
{"type":"Feature","properties":{"mag":4.7,"place":"8 km SSW of Mifune, Japan","time":1785241578600,"updated":1785247062040,"tz":null,"url":"https://earthquake.usgs.gov/earthquakes/eventpage/us6000tgcq","detail":"https://earthquake.usgs.gov/fdsnws/event/1/query?eventid=us6000tgcq&format=geojson","felt":null,"cdi":null,"mmi":null,"alert":null,"status":"reviewed","tsunami":0,"sig":340,"net":"us","code":"6000tgcq","ids":",us6000tgcq,","sources":",us,","types":",origin,phase-data,","nst":66,"dmin":1.165,"rms":0.63,"gap":99,"magType":"mb","type":"earthquake","title":"M 4.7 - 8 km SSW of Mifune, Japan"},"geometry":{"type":"Point","coordinates":[130.7799,32.6443,10]},"id":"us6000tgcq"},
{"type":"Feature","properties":{"mag":4.4,"place":"10 km SE of Honmachi, Japan","time":1785233378222,"updated":1785236021040,"tz":null,"url":"https://earthquake.usgs.gov/earthquakes/eventpage/us6000tgc8","detail":"https://earthquake.usgs.gov/fdsnws/event/1/query?eventid=us6000tgc8&format=geojson","felt":null,"cdi":null,"mmi":null,"alert":null,"status":"reviewed","tsunami":0,"sig":298,"net":"us","code":"6000tgc8","ids":",us6000tgc8,","sources":",us,","types":",origin,phase-data,","nst":45,"dmin":0.937,"rms":0.53,"gap":109,"magType":"mb","type":"earthquake","title":"M 4.4 - 10 km SE of Honmachi, Japan"},"geometry":{"type":"Point","coordinates":[130.675,32.43,10]},"id":"us6000tgc8"},
{"type":"Feature","properties":{"mag":4.4,"place":"10 km ESE of Uki, Japan","time":1785232993200,"updated":1785234553040,"tz":null,"url":"https://earthquake.usgs.gov/earthquakes/eventpage/us6000tgc6","detail":"https://earthquake.usgs.gov/fdsnws/event/1/query?eventid=us6000tgc6&format=geojson","felt":null,"cdi":null,"mmi":null,"alert":null,"status":"reviewed","tsunami":0,"sig":298,"net":"us","code":"6000tgc6","ids":",us6000tgc6,","sources":",us,","types":",origin,phase-data,","nst":35,"dmin":1.092,"rms":0.51,"gap":110,"magType":"mb","type":"earthquake","title":"M 4.4 - 10 km ESE of Uki, Japan"},"geometry":{"type":"Point","coordinates":[130.753,32.5747,10]},"id":"us6000tgc6"},
{"type":"Feature","properties":{"mag":4.7,"place":"198 km NW of Oula Xiuma, China","time":1785232321259,"updated":1785235345040,"tz":null,"url":"https://earthquake.usgs.gov/earthquakes/eventpage/us6000tgc3","detail":"https://earthquake.usgs.gov/fdsnws/event/1/query?eventid=us6000tgc3&format=geojson","felt":null,"cdi":null,"mmi":null,"alert":null,"status":"reviewed","tsunami":0,"sig":340,"net":"us","code":"6000tgc3","ids":",us6000tgc3,","sources":",us,","types":",origin,phase-data,","nst":101,"dmin":3.569,"rms":0.6,"gap":49,"magType":"mb","type":"earthquake","title":"M 4.7 - 198 km NW of Oula Xiuma, China"},"geometry":{"type":"Point","coordinates":[99.3836,35.32,10]},"id":"us6000tgc3"},
{"type":"Feature","properties":{"mag":4.9,"place":"10 km SE of Kawalu, Indonesia","time":1785230484953,"updated":1785234753678,"tz":null,"url":"https://earthquake.usgs.gov/earthquakes/eventpage/us6000tgbx","detail":"https://earthquake.usgs.gov/fdsnws/event/1/query?eventid=us6000tgbx&format=geojson","felt":1,"cdi":2,"mmi":null,"alert":null,"status":"reviewed","tsunami":0,"sig":370,"net":"us","code":"6000tgbx","ids":",us6000tgbx,","sources":",us,","types":",dyfi,origin,phase-data,","nst":98,"dmin":0.63,"rms":0.68,"gap":35,"magType":"mb","type":"earthquake","title":"M 4.9 - 10 km SE of Kawalu, Indonesia"},"geometry":{"type":"Point","coordinates":[108.2848,-7.4435,158.966]},"id":"us6000tgbx"},
{"type":"Feature","properties":{"mag":4.2,"place":"118 km SW of Puerto Madero, Mexico","time":1785230156691,"updated":1785310707040,"tz":null,"url":"https://earthquake.usgs.gov/earthquakes/eventpage/us6000tgc0","detail":"https://earthquake.usgs.gov/fdsnws/event/1/query?eventid=us6000tgc0&format=geojson","felt":null,"cdi":null,"mmi":null,"alert":null,"status":"reviewed","tsunami":0,"sig":271,"net":"us","code":"6000tgc0","ids":",us6000tgc0,","sources":",us,","types":",origin,phase-data,","nst":69,"dmin":3.296,"rms":0.56,"gap":228,"magType":"mb","type":"earthquake","title":"M 4.2 - 118 km SW of Puerto Madero, Mexico"},"geometry":{"type":"Point","coordinates":[-93.1742,13.9346,10]},"id":"us6000tgc0"},
{"type":"Feature","properties":{"mag":4.9,"place":"14 km NNE of Tsunagi, Japan","time":1785226734076,"updated":1785227769040,"tz":null,"url":"https://earthquake.usgs.gov/earthquakes/eventpage/us6000tgbn","detail":"https://earthquake.usgs.gov/fdsnws/event/1/query?eventid=us6000tgbn&format=geojson","felt":null,"cdi":null,"mmi":null,"alert":null,"status":"reviewed","tsunami":0,"sig":369,"net":"us","code":"6000tgbn","ids":",us6000tgbn,","sources":",us,","types":",origin,phase-data,","nst":57,"dmin":0.85,"rms":0.71,"gap":106,"magType":"mb","type":"earthquake","title":"M 4.9 - 14 km NNE of Tsunagi, Japan"},"geometry":{"type":"Point","coordinates":[130.5429,32.3585,10]},"id":"us6000tgbn"},
{"type":"Feature","properties":{"mag":5.6,"place":"16 km NE of Tsunagi, Japan","time":1785226115421,"updated":1785369986447,"tz":null,"url":"https://earthquake.usgs.gov/earthquakes/eventpage/us6000tgbm","detail":"https://earthquake.usgs.gov/fdsnws/event/1/query?eventid=us6000tgbm&format=geojson","felt":null,"cdi":null,"mmi":6.164,"alert":"green","status":"reviewed","tsunami":0,"sig":482,"net":"us","code":"6000tgbm","ids":",us6000tgbm,usauto6000tgbm,","sources":",us,usauto,","types":",ground-failure,internal-moment-tensor,losspager,moment-tensor,origin,phase-data,shakemap,","nst":71,"dmin":0.849,"rms":1.37,"gap":82,"magType":"mww","type":"earthquake","title":"M 5.6 - 16 km NE of Tsunagi, Japan"},"geometry":{"type":"Point","coordinates":[130.5868,32.3529,10]},"id":"us6000tgbm"},
{"type":"Feature","properties":{"mag":5.1,"place":"198 km NW of Oula Xiuma, China","time":1785225850636,"updated":1785227485040,"tz":null,"url":"https://earthquake.usgs.gov/earthquakes/eventpage/us6000tgbk","detail":"https://earthquake.usgs.gov/fdsnws/event/1/query?eventid=us6000tgbk&format=geojson","felt":null,"cdi":null,"mmi":null,"alert":null,"status":"reviewed","tsunami":0,"sig":400,"net":"us","code":"6000tgbk","ids":",us6000tgbk,","sources":",us,","types":",origin,phase-data,","nst":63,"dmin":3.461,"rms":1.35,"gap":57,"magType":"mb","type":"earthquake","title":"M 5.1 - 198 km NW of Oula Xiuma, China"},"geometry":{"type":"Point","coordinates":[99.493,35.4249,10]},"id":"us6000tgbk"},
{"type":"Feature","properties":{"mag":6.8,"place":"The 2026 Kumamoto Region, Japan Earthquake","time":1785223635512,"updated":1786696100401,"tz":null,"url":"https://earthquake.usgs.gov/earthquakes/eventpage/us6000tgb9","detail":"https://earthquake.usgs.gov/fdsnws/event/1/query?eventid=us6000tgb9&format=geojson","felt":92,"cdi":8.7,"mmi":9.243,"alert":"red","status":"reviewed","tsunami":0,"sig":723,"net":"us","code":"6000tgb9","ids":",attivjdk,pt26209004,us6000tgb9,usauto6000tgb9,","sources":",at,pt,us,usauto,","types":",associate,dyfi,earthquake-name,finite-fault,general-text,ground-failure,internal-moment-tensor,internal-origin,losspager,moment-tensor,origin,phase-data,shakemap,significance,","nst":102,"dmin":1.191,"rms":1.38,"gap":39,"magType":"mww","type":"earthquake","title":"M 6.8 - The 2026 Kumamoto Region, Japan Earthquake"},"geometry":{"type":"Point","coordinates":[130.7217,32.6817,10]},"id":"us6000tgb9"},
{"type":"Feature","properties":{"mag":4.5,"place":"38 km N of Ishqoshim, Tajikistan","time":1785221827301,"updated":1785222873040,"tz":null,"url":"https://earthquake.usgs.gov/earthquakes/eventpage/us6000tgb4","detail":"https://earthquake.usgs.gov/fdsnws/event/1/query?eventid=us6000tgb4&format=geojson","felt":null,"cdi":null,"mmi":null,"alert":null,"status":"reviewed","tsunami":0,"sig":312,"net":"us","code":"6000tgb4","ids":",us6000tgb4,","sources":",us,","types":",origin,phase-data,","nst":76,"dmin":1.416,"rms":0.75,"gap":68,"magType":"mb","type":"earthquake","title":"M 4.5 - 38 km N of Ishqoshim, Tajikistan"},"geometry":{"type":"Point","coordinates":[71.6147,37.0744,132.057]},"id":"us6000tgb4"},
{"type":"Feature","properties":{"mag":4.8,"place":"26 km WSW of Santa Cruz, Chile","time":1785217124298,"updated":1785249260484,"tz":null,"url":"https://earthquake.usgs.gov/earthquakes/eventpage/us6000tgav","detail":"https://earthquake.usgs.gov/fdsnws/event/1/query?eventid=us6000tgav&format=geojson","felt":3,"cdi":2.4,"mmi":null,"alert":null,"status":"reviewed","tsunami":0,"sig":355,"net":"us","code":"6000tgav","ids":",us6000tgav,","sources":",us,","types":",dyfi,origin,phase-data,","nst":54,"dmin":0.688,"rms":0.64,"gap":123,"magType":"mb","type":"earthquake","title":"M 4.8 - 26 km WSW of Santa Cruz, Chile"},"geometry":{"type":"Point","coordinates":[-71.6161,-34.7576,53.496]},"id":"us6000tgav"},
{"type":"Feature","properties":{"mag":5.4,"place":"109 km S of Akureyri, Iceland","time":1785216999419,"updated":1785496147543,"tz":null,"url":"https://earthquake.usgs.gov/earthquakes/eventpage/us6000tgaw","detail":"https://earthquake.usgs.gov/fdsnws/event/1/query?eventid=us6000tgaw&format=geojson","felt":1,"cdi":4.3,"mmi":7.661,"alert":"green","status":"reviewed","tsunami":0,"sig":449,"net":"us","code":"6000tgaw","ids":",us6000tgaw,usauto6000tgaw,","sources":",us,usauto,","types":",dyfi,ground-failure,internal-moment-tensor,losspager,origin,phase-data,shakemap,","nst":89,"dmin":1.553,"rms":0.76,"gap":77,"magType":"mww","type":"earthquake","title":"M 5.4 - 109 km S of Akureyri, Iceland"},"geometry":{"type":"Point","coordinates":[-17.7103,64.7107,10]},"id":"us6000tgaw"},
{"type":"Feature","properties":{"mag":5.9,"place":"50 km WSW of Brisas Barra de Suchiate, Mexico","time":1785216918079,"updated":1785395137517,"tz":null,"url":"https://earthquake.usgs.gov/earthquakes/eventpage/us6000tgau","detail":"https://earthquake.usgs.gov/fdsnws/event/1/query?eventid=us6000tgau&format=geojson","felt":22,"cdi":5,"mmi":4.473,"alert":"green","status":"reviewed","tsunami":0,"sig":547,"net":"us","code":"6000tgau","ids":",us6000tgau,usauto6000tgau,","sources":",us,usauto,","types":",dyfi,internal-moment-tensor,losspager,moment-tensor,origin,phase-data,shakemap,","nst":105,"dmin":2.785,"rms":0.93,"gap":86,"magType":"mww","type":"earthquake","title":"M 5.9 - 50 km WSW of Brisas Barra de Suchiate, Mexico"},"geometry":{"type":"Point","coordinates":[-92.6223,14.296,35]},"id":"us6000tgau"},
{"type":"Feature","properties":{"mag":5.8,"place":"152 km E of Ust’-Kamchatsk Staryy, Russia","time":1785213738454,"updated":1785819443832,"tz":null,"url":"https://earthquake.usgs.gov/earthquakes/eventpage/us6000tgae","detail":"https://earthquake.usgs.gov/fdsnws/event/1/query?eventid=us6000tgae&format=geojson","felt":null,"cdi":null,"mmi":4.106,"alert":"green","status":"reviewed","tsunami":0,"sig":518,"net":"us","code":"6000tgae","ids":",usauto6000tgae,attivbqo,us6000tgae,aka2026ouoany,","sources":",usauto,at,us,ak,","types":",internal-moment-tensor,internal-origin,losspager,moment-tensor,origin,phase-data,shakemap,","nst":194,"dmin":4.698,"rms":0.48,"gap":41,"magType":"mww","type":"earthquake","title":"M 5.8 - 152 km E of Ust’-Kamchatsk Staryy, Russia"},"geometry":{"type":"Point","coordinates":[164.8901,55.9941,10]},"id":"us6000tgae"},
{"type":"Feature","properties":{"mag":4.2,"place":"43 km SSW of Puerto El Triunfo, El Salvador","time":1785212169656,"updated":1785819218040,"tz":null,"url":"https://earthquake.usgs.gov/earthquakes/eventpage/us6000tgaa","detail":"https://earthquake.usgs.gov/fdsnws/event/1/query?eventid=us6000tgaa&format=geojson","felt":null,"cdi":null,"mmi":null,"alert":null,"status":"reviewed","tsunami":0,"sig":271,"net":"us","code":"6000tgaa","ids":",us6000tgaa,","sources":",us,","types":",origin,phase-data,","nst":48,"dmin":0.641,"rms":0.74,"gap":158,"magType":"mb","type":"earthquake","title":"M 4.2 - 43 km SSW of Puerto El Triunfo, El Salvador"},"geometry":{"type":"Point","coordinates":[-88.6307,12.8991,70.007]},"id":"us6000tgaa"},
{"type":"Feature","properties":{"mag":5.8,"place":"194 km NW of Oula Xiuma, China","time":1785209645627,"updated":1785821295115,"tz":null,"url":"https://earthquake.usgs.gov/earthquakes/eventpage/us6000tga9","detail":"https://earthquake.usgs.gov/fdsnws/event/1/query?eventid=us6000tga9&format=geojson","felt":1,"cdi":2,"mmi":7.348,"alert":"yellow","status":"reviewed","tsunami":0,"sig":650,"net":"us","code":"6000tga9","ids":",us6000tga9,usauto6000tga9,","sources":",us,usauto,","types":",dyfi,ground-failure,internal-moment-tensor,losspager,origin,phase-data,shakemap,","nst":249,"dmin":3.41,"rms":0.54,"gap":27,"magType":"mww","type":"earthquake","title":"M 5.8 - 194 km NW of Oula Xiuma, China"},"geometry":{"type":"Point","coordinates":[99.5557,35.429,10]},"id":"us6000tga9"},
{"type":"Feature","properties":{"mag":5.7,"place":"199 km NW of Oula Xiuma, China","time":1785208568865,"updated":1785887951360,"tz":null,"url":"https://earthquake.usgs.gov/earthquakes/eventpage/us6000tga6","detail":"https://earthquake.usgs.gov/fdsnws/event/1/query?eventid=us6000tga6&format=geojson","felt":1,"cdi":2,"mmi":7.1,"alert":"yellow","status":"reviewed","tsunami":0,"sig":650,"net":"us","code":"6000tga6","ids":",us6000tga6,usauto6000tga6,","sources":",us,usauto,","types":",dyfi,ground-failure,internal-moment-tensor,losspager,moment-tensor,origin,phase-data,shakemap,","nst":267,"dmin":3.476,"rms":0.85,"gap":33,"magType":"mww","type":"earthquake","title":"M 5.7 - 199 km NW of Oula Xiuma, China"},"geometry":{"type":"Point","coordinates":[99.4752,35.4217,10]},"id":"us6000tga6"},
{"type":"Feature","properties":{"mag":4.6,"place":"46 km S of Mendoza, Argentina","time":1785202661959,"updated":1786063180108,"tz":null,"url":"https://earthquake.usgs.gov/earthquakes/eventpage/us6000tg9q","detail":"https://earthquake.usgs.gov/fdsnws/event/1/query?eventid=us6000tg9q&format=geojson","felt":16,"cdi":3.8,"mmi":null,"alert":null,"status":"reviewed","tsunami":0,"sig":332,"net":"us","code":"6000tg9q","ids":",us6000tg9q,","sources":",us,","types":",dyfi,origin,phase-data,","nst":55,"dmin":1.037,"rms":1.02,"gap":46,"magType":"mb","type":"earthquake","title":"M 4.6 - 46 km S of Mendoza, Argentina"},"geometry":{"type":"Point","coordinates":[-68.9006,-33.3022,35]},"id":"us6000tg9q"},
{"type":"Feature","properties":{"mag":4.2,"place":"63 km E of Kimbe, Papua New Guinea","time":1785202280663,"updated":1785889035040,"tz":null,"url":"https://earthquake.usgs.gov/earthquakes/eventpage/us6000th9p","detail":"https://earthquake.usgs.gov/fdsnws/event/1/query?eventid=us6000th9p&format=geojson","felt":null,"cdi":null,"mmi":null,"alert":null,"status":"reviewed","tsunami":0,"sig":271,"net":"us","code":"6000th9p","ids":",us6000th9p,","sources":",us,","types":",origin,phase-data,","nst":17,"dmin":1.957,"rms":0.63,"gap":138,"magType":"mb","type":"earthquake","title":"M 4.2 - 63 km E of Kimbe, Papua New Guinea"},"geometry":{"type":"Point","coordinates":[150.709,-5.5151,94.862]},"id":"us6000th9p"},
{"type":"Feature","properties":{"mag":5.3,"place":"southern Mid-Atlantic Ridge","time":1785202072147,"updated":1785893152040,"tz":null,"url":"https://earthquake.usgs.gov/earthquakes/eventpage/us6000tg9n","detail":"https://earthquake.usgs.gov/fdsnws/event/1/query?eventid=us6000tg9n&format=geojson","felt":null,"cdi":null,"mmi":null,"alert":null,"status":"reviewed","tsunami":0,"sig":432,"net":"us","code":"6000tg9n","ids":",usauto6000tg9n,us6000tg9n,","sources":",usauto,us,","types":",internal-moment-tensor,origin,phase-data,","nst":180,"dmin":4.764,"rms":0.5,"gap":19,"magType":"mb","type":"earthquake","title":"M 5.3 - southern Mid-Atlantic Ridge"},"geometry":{"type":"Point","coordinates":[-14.5798,-12.7219,10]},"id":"us6000tg9n"},
{"type":"Feature","properties":{"mag":4.1,"place":"Bonin Islands, Japan region","time":1785194446278,"updated":1786406937040,"tz":null,"url":"https://earthquake.usgs.gov/earthquakes/eventpage/us6000tg99","detail":"https://earthquake.usgs.gov/fdsnws/event/1/query?eventid=us6000tg99&format=geojson","felt":null,"cdi":null,"mmi":null,"alert":null,"status":"reviewed","tsunami":0,"sig":259,"net":"us","code":"6000tg99","ids":",us6000tg99,","sources":",us,","types":",origin,phase-data,","nst":44,"dmin":1.693,"rms":0.79,"gap":82,"magType":"mb","type":"earthquake","title":"M 4.1 - Bonin Islands, Japan region"},"geometry":{"type":"Point","coordinates":[140.2855,27.1014,464.461]},"id":"us6000tg99"},
{"type":"Feature","properties":{"mag":5.1,"place":"south of Tonga","time":1785193932123,"updated":1786406662040,"tz":null,"url":"https://earthquake.usgs.gov/earthquakes/eventpage/us6000tg95","detail":"https://earthquake.usgs.gov/fdsnws/event/1/query?eventid=us6000tg95&format=geojson","felt":null,"cdi":null,"mmi":null,"alert":null,"status":"reviewed","tsunami":0,"sig":400,"net":"us","code":"6000tg95","ids":",us6000tg95,","sources":",us,","types":",origin,phase-data,","nst":45,"dmin":9.436,"rms":0.95,"gap":133,"magType":"mb","type":"earthquake","title":"M 5.1 - south of Tonga"},"geometry":{"type":"Point","coordinates":[-175.2173,-24.8313,10]},"id":"us6000tg95"},
{"type":"Feature","properties":{"mag":4.9,"place":"south of Tonga","time":1785193749540,"updated":1786403321040,"tz":null,"url":"https://earthquake.usgs.gov/earthquakes/eventpage/us6000th7c","detail":"https://earthquake.usgs.gov/fdsnws/event/1/query?eventid=us6000th7c&format=geojson","felt":null,"cdi":null,"mmi":null,"alert":null,"status":"reviewed","tsunami":0,"sig":369,"net":"us","code":"6000th7c","ids":",us6000th7c,","sources":",us,","types":",origin,phase-data,","nst":38,"dmin":5.466,"rms":0.6,"gap":124,"magType":"mb","type":"earthquake","title":"M 4.9 - south of Tonga"},"geometry":{"type":"Point","coordinates":[-175.2294,-24.3205,10]},"id":"us6000th7c"},
{"type":"Feature","properties":{"mag":5.3,"place":"16 km ENE of Baganga, Philippines","time":1785193593907,"updated":1786406247491,"tz":null,"url":"https://earthquake.usgs.gov/earthquakes/eventpage/us6000tg94","detail":"https://earthquake.usgs.gov/fdsnws/event/1/query?eventid=us6000tg94&format=geojson","felt":3,"cdi":2,"mmi":null,"alert":null,"status":"reviewed","tsunami":0,"sig":433,"net":"us","code":"6000tg94","ids":",us6000tg94,usauto6000tg94,","sources":",us,usauto,","types":",dyfi,internal-moment-tensor,origin,phase-data,","nst":117,"dmin":1.245,"rms":0.76,"gap":90,"magType":"mb","type":"earthquake","title":"M 5.3 - 16 km ENE of Baganga, Philippines"},"geometry":{"type":"Point","coordinates":[126.702,7.6302,71.033]},"id":"us6000tg94"},
{"type":"Feature","properties":{"mag":4.4,"place":"177 km WNW of Abepura, Indonesia","time":1785193035612,"updated":1786405516040,"tz":null,"url":"https://earthquake.usgs.gov/earthquakes/eventpage/us6000th7b","detail":"https://earthquake.usgs.gov/fdsnws/event/1/query?eventid=us6000th7b&format=geojson","felt":null,"cdi":null,"mmi":null,"alert":null,"status":"reviewed","tsunami":0,"sig":298,"net":"us","code":"6000th7b","ids":",us6000th7b,","sources":",us,","types":",origin,phase-data,","nst":25,"dmin":1.633,"rms":0.87,"gap":144,"magType":"mb","type":"earthquake","title":"M 4.4 - 177 km WNW of Abepura, Indonesia"},"geometry":{"type":"Point","coordinates":[139.1552,-1.9863,35]},"id":"us6000th7b"},
{"type":"Feature","properties":{"mag":4.4,"place":"4 km NE of Honoria, Peru","time":1785191801723,"updated":1786405138040,"tz":null,"url":"https://earthquake.usgs.gov/earthquakes/eventpage/us6000tg8x","detail":"https://earthquake.usgs.gov/fdsnws/event/1/query?eventid=us6000tg8x&format=geojson","felt":null,"cdi":null,"mmi":null,"alert":null,"status":"reviewed","tsunami":0,"sig":298,"net":"us","code":"6000tg8x","ids":",us6000tg8x,","sources":",us,","types":",origin,phase-data,","nst":37,"dmin":3.862,"rms":0.85,"gap":106,"magType":"mb","type":"earthquake","title":"M 4.4 - 4 km NE of Honoria, Peru"},"geometry":{"type":"Point","coordinates":[-74.6779,-8.7451,144.445]},"id":"us6000tg8x"},
{"type":"Feature","properties":{"mag":5,"place":"103 km ENE of Georgetown, Saint Helena","time":1785191522178,"updated":1786404471040,"tz":null,"url":"https://earthquake.usgs.gov/earthquakes/eventpage/us6000tg8z","detail":"https://earthquake.usgs.gov/fdsnws/event/1/query?eventid=us6000tg8z&format=geojson","felt":null,"cdi":null,"mmi":null,"alert":null,"status":"reviewed","tsunami":0,"sig":385,"net":"us","code":"6000tg8z","ids":",us6000tg8z,","sources":",us,","types":",origin,phase-data,","nst":71,"dmin":0.882,"rms":0.6,"gap":58,"magType":"mb","type":"earthquake","title":"M 5.0 - 103 km ENE of Georgetown, Saint Helena"},"geometry":{"type":"Point","coordinates":[-13.5846,-7.4962,10]},"id":"us6000tg8z"},
{"type":"Feature","properties":{"mag":4.4,"place":"61 km E of Noda, Japan","time":1785191196805,"updated":1786403884040,"tz":null,"url":"https://earthquake.usgs.gov/earthquakes/eventpage/us6000th7a","detail":"https://earthquake.usgs.gov/fdsnws/event/1/query?eventid=us6000th7a&format=geojson","felt":null,"cdi":null,"mmi":null,"alert":null,"status":"reviewed","tsunami":0,"sig":298,"net":"us","code":"6000th7a","ids":",us6000th7a,","sources":",us,","types":",origin,phase-data,","nst":25,"dmin":1.313,"rms":0.65,"gap":174,"magType":"mb","type":"earthquake","title":"M 4.4 - 61 km E of Noda, Japan"},"geometry":{"type":"Point","coordinates":[142.5413,40.1136,35]},"id":"us6000th7a"},
{"type":"Feature","properties":{"mag":4.5,"place":"15 km N of El Triunfo ( El Cruce), Peru","time":1785189825162,"updated":1786325029040,"tz":null,"url":"https://earthquake.usgs.gov/earthquakes/eventpage/us6000tg8q","detail":"https://earthquake.usgs.gov/fdsnws/event/1/query?eventid=us6000tg8q&format=geojson","felt":null,"cdi":null,"mmi":null,"alert":null,"status":"reviewed","tsunami":0,"sig":312,"net":"us","code":"6000tg8q","ids":",us6000tg8q,","sources":",us,","types":",origin,phase-data,","nst":18,"dmin":2.477,"rms":0.78,"gap":159,"magType":"mb","type":"earthquake","title":"M 4.5 - 15 km N of El Triunfo ( El Cruce), Peru"},"geometry":{"type":"Point","coordinates":[-71.8606,-16.3517,162.482]},"id":"us6000tg8q"},
{"type":"Feature","properties":{"mag":4.3,"place":"32 km ENE of Napier, New Zealand","time":1785187468466,"updated":1786323557646,"tz":null,"url":"https://earthquake.usgs.gov/earthquakes/eventpage/us6000tg7w","detail":"https://earthquake.usgs.gov/fdsnws/event/1/query?eventid=us6000tg7w&format=geojson","felt":2,"cdi":3.4,"mmi":null,"alert":null,"status":"reviewed","tsunami":0,"sig":285,"net":"us","code":"6000tg7w","ids":",us6000tg7w,","sources":",us,","types":",dyfi,origin,phase-data,","nst":17,"dmin":0.743,"rms":0.7,"gap":109,"magType":"mb","type":"earthquake","title":"M 4.3 - 32 km ENE of Napier, New Zealand"},"geometry":{"type":"Point","coordinates":[177.228,-39.3339,27.198]},"id":"us6000tg7w"},
{"type":"Feature","properties":{"mag":4.2,"place":"102 km NW of Mugia, Spain","time":1785185816754,"updated":1786205287040,"tz":null,"url":"https://earthquake.usgs.gov/earthquakes/eventpage/us6000th76","detail":"https://earthquake.usgs.gov/fdsnws/event/1/query?eventid=us6000th76&format=geojson","felt":null,"cdi":null,"mmi":null,"alert":null,"status":"reviewed","tsunami":0,"sig":271,"net":"us","code":"6000th76","ids":",us6000th76,","sources":",us,","types":",origin,phase-data,","nst":42,"dmin":3.842,"rms":0.7,"gap":130,"magType":"mb","type":"earthquake","title":"M 4.2 - 102 km NW of Mugia, Spain"},"geometry":{"type":"Point","coordinates":[-10.1745,43.7074,10]},"id":"us6000th76"},
{"type":"Feature","properties":{"mag":4.5,"place":"western Indian-Antarctic Ridge","time":1785184835657,"updated":1786204586040,"tz":null,"url":"https://earthquake.usgs.gov/earthquakes/eventpage/us6000th75","detail":"https://earthquake.usgs.gov/fdsnws/event/1/query?eventid=us6000th75&format=geojson","felt":null,"cdi":null,"mmi":null,"alert":null,"status":"reviewed","tsunami":0,"sig":312,"net":"us","code":"6000th75","ids":",us6000th75,","sources":",us,","types":",origin,phase-data,","nst":21,"dmin":14.936,"rms":0.83,"gap":88,"magType":"mb","type":"earthquake","title":"M 4.5 - western Indian-Antarctic Ridge"},"geometry":{"type":"Point","coordinates":[116.1568,-47.8578,10]},"id":"us6000th75"},
{"type":"Feature","properties":{"mag":5,"place":"97 km SE of Sola, Vanuatu","time":1785183001606,"updated":1786289653040,"tz":null,"url":"https://earthquake.usgs.gov/earthquakes/eventpage/us6000tg75","detail":"https://earthquake.usgs.gov/fdsnws/event/1/query?eventid=us6000tg75&format=geojson","felt":null,"cdi":null,"mmi":null,"alert":null,"status":"reviewed","tsunami":0,"sig":385,"net":"us","code":"6000tg75","ids":",us6000tg75,","sources":",us,","types":",origin,phase-data,","nst":61,"dmin":6.959,"rms":0.51,"gap":102,"magType":"mb","type":"earthquake","title":"M 5.0 - 97 km SE of Sola, Vanuatu"},"geometry":{"type":"Point","coordinates":[168.0967,-14.5826,10]},"id":"us6000tg75"},
{"type":"Feature","properties":{"mag":4.4,"place":"Bonin Islands, Japan region","time":1785179018183,"updated":1786289068040,"tz":null,"url":"https://earthquake.usgs.gov/earthquakes/eventpage/us6000tg6e","detail":"https://earthquake.usgs.gov/fdsnws/event/1/query?eventid=us6000tg6e&format=geojson","felt":null,"cdi":null,"mmi":null,"alert":null,"status":"reviewed","tsunami":0,"sig":298,"net":"us","code":"6000tg6e","ids":",us6000tg6e,","sources":",us,","types":",origin,phase-data,","nst":76,"dmin":2.228,"rms":0.77,"gap":64,"magType":"mb","type":"earthquake","title":"M 4.4 - Bonin Islands, Japan region"},"geometry":{"type":"Point","coordinates":[139.9355,28.0899,427.411]},"id":"us6000tg6e"},
{"type":"Feature","properties":{"mag":4.5,"place":"south of Tonga","time":1785178674977,"updated":1786203871040,"tz":null,"url":"https://earthquake.usgs.gov/earthquakes/eventpage/us6000th74","detail":"https://earthquake.usgs.gov/fdsnws/event/1/query?eventid=us6000th74&format=geojson","felt":null,"cdi":null,"mmi":null,"alert":null,"status":"reviewed","tsunami":0,"sig":312,"net":"us","code":"6000th74","ids":",us6000th74,","sources":",us,","types":",origin,phase-data,","nst":16,"dmin":5.363,"rms":0.48,"gap":138,"magType":"mb","type":"earthquake","title":"M 4.5 - south of Tonga"},"geometry":{"type":"Point","coordinates":[-175.0507,-24.5189,10]},"id":"us6000th74"},
{"type":"Feature","properties":{"mag":4.5,"place":"south of Tonga","time":1785178497422,"updated":1786290188040,"tz":null,"url":"https://earthquake.usgs.gov/earthquakes/eventpage/us6000tgxq","detail":"https://earthquake.usgs.gov/fdsnws/event/1/query?eventid=us6000tgxq&format=geojson","felt":null,"cdi":null,"mmi":null,"alert":null,"status":"reviewed","tsunami":0,"sig":312,"net":"us","code":"6000tgxq","ids":",us6000tgxq,","sources":",us,","types":",origin,phase-data,","nst":19,"dmin":5.109,"rms":0.6,"gap":249,"magType":"mb","type":"earthquake","title":"M 4.5 - south of Tonga"},"geometry":{"type":"Point","coordinates":[-175.3541,-24.6628,10]},"id":"us6000tgxq"},
{"type":"Feature","properties":{"mag":4.2,"place":"110 km S of Honchō, Japan","time":1785177622940,"updated":1786286509040,"tz":null,"url":"https://earthquake.usgs.gov/earthquakes/eventpage/us6000tg64","detail":"https://earthquake.usgs.gov/fdsnws/event/1/query?eventid=us6000tg64&format=geojson","felt":null,"cdi":null,"mmi":null,"alert":null,"status":"reviewed","tsunami":0,"sig":271,"net":"us","code":"6000tg64","ids":",us6000tg64,","sources":",us,","types":",origin,phase-data,","nst":38,"dmin":0.879,"rms":0.98,"gap":134,"magType":"mb","type":"earthquake","title":"M 4.2 - 110 km S of Honchō, Japan"},"geometry":{"type":"Point","coordinates":[143.047,41.1395,44.837]},"id":"us6000tg64"},
{"type":"Feature","properties":{"mag":4.5,"place":"15 km SSE of Ashkāsham, Afghanistan","time":1785174421488,"updated":1786286248040,"tz":null,"url":"https://earthquake.usgs.gov/earthquakes/eventpage/us6000tg5f","detail":"https://earthquake.usgs.gov/fdsnws/event/1/query?eventid=us6000tg5f&format=geojson","felt":null,"cdi":null,"mmi":null,"alert":null,"status":"reviewed","tsunami":0,"sig":312,"net":"us","code":"6000tg5f","ids":",us6000tg5f,","sources":",us,","types":",origin,phase-data,","nst":64,"dmin":1.892,"rms":0.71,"gap":58,"magType":"mb","type":"earthquake","title":"M 4.5 - 15 km SSE of Ashkāsham, Afghanistan"},"geometry":{"type":"Point","coordinates":[71.5953,36.5552,121.056]},"id":"us6000tg5f"},
{"type":"Feature","properties":{"mag":4.1,"place":"9 km N of Quilpué, Chile","time":1785172776712,"updated":1786286018302,"tz":null,"url":"https://earthquake.usgs.gov/earthquakes/eventpage/us6000tg56","detail":"https://earthquake.usgs.gov/fdsnws/event/1/query?eventid=us6000tg56&format=geojson","felt":4,"cdi":2.2,"mmi":null,"alert":null,"status":"reviewed","tsunami":0,"sig":259,"net":"us","code":"6000tg56","ids":",us6000tg56,","sources":",us,","types":",dyfi,origin,phase-data,","nst":31,"dmin":0.193,"rms":0.47,"gap":78,"magType":"mb","type":"earthquake","title":"M 4.1 - 9 km N of Quilpué, Chile"},"geometry":{"type":"Point","coordinates":[-71.4287,-32.9625,53.862]},"id":"us6000tg56"},
{"type":"Feature","properties":{"mag":4.5,"place":"189 km SSE of Burica, Panama","time":1785171006616,"updated":1786310478040,"tz":null,"url":"https://earthquake.usgs.gov/earthquakes/eventpage/us6000tgxl","detail":"https://earthquake.usgs.gov/fdsnws/event/1/query?eventid=us6000tgxl&format=geojson","felt":null,"cdi":null,"mmi":null,"alert":null,"status":"reviewed","tsunami":0,"sig":312,"net":"us","code":"6000tgxl","ids":",us6000tgxl,","sources":",us,","types":",origin,phase-data,","nst":39,"dmin":2.974,"rms":1.25,"gap":155,"magType":"mb","type":"earthquake","title":"M 4.5 - 189 km SSE of Burica, Panama"},"geometry":{"type":"Point","coordinates":[-82.5166,6.3585,10]},"id":"us6000tgxl"},
{"type":"Feature","properties":{"mag":4.6,"place":"central Mid-Atlantic Ridge","time":1785169787420,"updated":1786310375040,"tz":null,"url":"https://earthquake.usgs.gov/earthquakes/eventpage/us6000th72","detail":"https://earthquake.usgs.gov/fdsnws/event/1/query?eventid=us6000th72&format=geojson","felt":null,"cdi":null,"mmi":null,"alert":null,"status":"reviewed","tsunami":0,"sig":326,"net":"us","code":"6000th72","ids":",us6000th72,","sources":",us,","types":",origin,phase-data,","nst":35,"dmin":13.188,"rms":0.94,"gap":73,"magType":"mb","type":"earthquake","title":"M 4.6 - central Mid-Atlantic Ridge"},"geometry":{"type":"Point","coordinates":[-39.8428,8.6594,10]},"id":"us6000th72"},
{"type":"Feature","properties":{"mag":4.9,"place":"202 km W of Abepura, Indonesia","time":1785167493267,"updated":1786309126040,"tz":null,"url":"https://earthquake.usgs.gov/earthquakes/eventpage/us6000tg2t","detail":"https://earthquake.usgs.gov/fdsnws/event/1/query?eventid=us6000tg2t&format=geojson","felt":null,"cdi":null,"mmi":null,"alert":null,"status":"reviewed","tsunami":0,"sig":369,"net":"us","code":"6000tg2t","ids":",us6000tg2t,","sources":",us,","types":",origin,phase-data,","nst":40,"dmin":1.894,"rms":0.83,"gap":76,"magType":"mb","type":"earthquake","title":"M 4.9 - 202 km W of Abepura, Indonesia"},"geometry":{"type":"Point","coordinates":[138.8091,-2.5939,10]},"id":"us6000tg2t"},
{"type":"Feature","properties":{"mag":4.6,"place":"205 km W of Abepura, Indonesia","time":1785166240040,"updated":1786309004040,"tz":null,"url":"https://earthquake.usgs.gov/earthquakes/eventpage/us7000t3pe","detail":"https://earthquake.usgs.gov/fdsnws/event/1/query?eventid=us7000t3pe&format=geojson","felt":null,"cdi":null,"mmi":null,"alert":null,"status":"reviewed","tsunami":0,"sig":326,"net":"us","code":"7000t3pe","ids":",us7000t3pe,","sources":",us,","types":",origin,phase-data,","nst":21,"dmin":1.91,"rms":1.22,"gap":121,"magType":"mb","type":"earthquake","title":"M 4.6 - 205 km W of Abepura, Indonesia"},"geometry":{"type":"Point","coordinates":[138.8002,-2.3252,10]},"id":"us7000t3pe"},
{"type":"Feature","properties":{"mag":5,"place":"145 km SW of Kokopo, Papua New Guinea","time":1785162816240,"updated":1786392250040,"tz":null,"url":"https://earthquake.usgs.gov/earthquakes/eventpage/us7000t3p2","detail":"https://earthquake.usgs.gov/fdsnws/event/1/query?eventid=us7000t3p2&format=geojson","felt":null,"cdi":null,"mmi":null,"alert":null,"status":"reviewed","tsunami":0,"sig":385,"net":"us","code":"7000t3p2","ids":",us7000t3p2,","sources":",us,","types":",origin,phase-data,","nst":120,"dmin":1.209,"rms":0.62,"gap":31,"magType":"mb","type":"earthquake","title":"M 5.0 - 145 km SW of Kokopo, Papua New Guinea"},"geometry":{"type":"Point","coordinates":[151.4893,-5.3975,92.272]},"id":"us7000t3p2"},
{"type":"Feature","properties":{"mag":4.3,"place":"south of Tonga","time":1785159662388,"updated":1786390822040,"tz":null,"url":"https://earthquake.usgs.gov/earthquakes/eventpage/us6000th6y","detail":"https://earthquake.usgs.gov/fdsnws/event/1/query?eventid=us6000th6y&format=geojson","felt":null,"cdi":null,"mmi":null,"alert":null,"status":"reviewed","tsunami":0,"sig":284,"net":"us","code":"6000th6y","ids":",us6000th6y,","sources":",us,","types":",origin,phase-data,","nst":17,"dmin":9.187,"rms":0.98,"gap":209,"magType":"mb","type":"earthquake","title":"M 4.3 - south of Tonga"},"geometry":{"type":"Point","coordinates":[-175.6816,-24.8759,10]},"id":"us6000th6y"},
{"type":"Feature","properties":{"mag":4.6,"place":"120 km E of Kokopo, Papua New Guinea","time":1785153587014,"updated":1785154599040,"tz":null,"url":"https://earthquake.usgs.gov/earthquakes/eventpage/us7000t3ng","detail":"https://earthquake.usgs.gov/fdsnws/event/1/query?eventid=us7000t3ng&format=geojson","felt":null,"cdi":null,"mmi":null,"alert":null,"status":"reviewed","tsunami":0,"sig":326,"net":"us","code":"7000t3ng","ids":",us7000t3ng,","sources":",us,","types":",origin,phase-data,","nst":59,"dmin":1.21,"rms":0.81,"gap":130,"magType":"mb","type":"earthquake","title":"M 4.6 - 120 km E of Kokopo, Papua New Guinea"},"geometry":{"type":"Point","coordinates":[153.3412,-4.4854,114.648]},"id":"us7000t3ng"},
{"type":"Feature","properties":{"mag":4.9,"place":"southeast of the Loyalty Islands","time":1785149215447,"updated":1786712442040,"tz":null,"url":"https://earthquake.usgs.gov/earthquakes/eventpage/us7000t3mw","detail":"https://earthquake.usgs.gov/fdsnws/event/1/query?eventid=us7000t3mw&format=geojson","felt":null,"cdi":null,"mmi":null,"alert":null,"status":"reviewed","tsunami":0,"sig":369,"net":"us","code":"7000t3mw","ids":",us7000t3mw,","sources":",us,","types":",origin,phase-data,","nst":61,"dmin":3.586,"rms":0.72,"gap":78,"magType":"mb","type":"earthquake","title":"M 4.9 - southeast of the Loyalty Islands"},"geometry":{"type":"Point","coordinates":[171.2964,-22.1982,122.18]},"id":"us7000t3mw"},
{"type":"Feature","properties":{"mag":4.6,"place":"57 km E of La Tirana, Chile","time":1785147892954,"updated":1786688813749,"tz":null,"url":"https://earthquake.usgs.gov/earthquakes/eventpage/us7000t3mh","detail":"https://earthquake.usgs.gov/fdsnws/event/1/query?eventid=us7000t3mh&format=geojson","felt":13,"cdi":3.3,"mmi":null,"alert":null,"status":"reviewed","tsunami":0,"sig":330,"net":"us","code":"7000t3mh","ids":",us7000t3mh,","sources":",us,","types":",dyfi,origin,phase-data,","nst":64,"dmin":0.13,"rms":1.27,"gap":58,"magType":"mb","type":"earthquake","title":"M 4.6 - 57 km E of La Tirana, Chile"},"geometry":{"type":"Point","coordinates":[-69.1149,-20.267,101.702]},"id":"us7000t3mh"},
{"type":"Feature","properties":{"mag":5.4,"place":"82 km SSW of San Pedro de Atacama, Chile","time":1785142663758,"updated":1786853647040,"tz":null,"url":"https://earthquake.usgs.gov/earthquakes/eventpage/us7000t3m7","detail":"https://earthquake.usgs.gov/fdsnws/event/1/query?eventid=us7000t3m7&format=geojson","felt":4,"cdi":2.2,"mmi":4.189,"alert":"green","status":"reviewed","tsunami":0,"sig":449,"net":"us","code":"7000t3m7","ids":",us7000t3m7,usauto7000t3m7,","sources":",us,usauto,","types":",dyfi,internal-moment-tensor,losspager,moment-tensor,origin,phase-data,shakemap,","nst":52,"dmin":0.723,"rms":1.4,"gap":56,"magType":"mb","type":"earthquake","title":"M 5.4 - 82 km SSW of San Pedro de Atacama, Chile"},"geometry":{"type":"Point","coordinates":[-68.633,-23.5454,106.991]},"id":"us7000t3m7"},
{"type":"Feature","properties":{"mag":5.2,"place":"south of Tonga","time":1785142038681,"updated":1785144078040,"tz":null,"url":"https://earthquake.usgs.gov/earthquakes/eventpage/us7000t3m6","detail":"https://earthquake.usgs.gov/fdsnws/event/1/query?eventid=us7000t3m6&format=geojson","felt":null,"cdi":null,"mmi":null,"alert":null,"status":"reviewed","tsunami":0,"sig":416,"net":"us","code":"7000t3m6","ids":",us7000t3m6,","sources":",us,","types":",origin,phase-data,","nst":39,"dmin":5.045,"rms":0.77,"gap":170,"magType":"mb","type":"earthquake","title":"M 5.2 - south of Tonga"},"geometry":{"type":"Point","coordinates":[-175.3545,-24.7345,10]},"id":"us7000t3m6"},
{"type":"Feature","properties":{"mag":5.2,"place":"south of Tonga","time":1785141848090,"updated":1785143014040,"tz":null,"url":"https://earthquake.usgs.gov/earthquakes/eventpage/us7000t3m5","detail":"https://earthquake.usgs.gov/fdsnws/event/1/query?eventid=us7000t3m5&format=geojson","felt":null,"cdi":null,"mmi":null,"alert":null,"status":"reviewed","tsunami":0,"sig":416,"net":"us","code":"7000t3m5","ids":",usauto7000t3m5,us7000t3m5,","sources":",usauto,us,","types":",internal-moment-tensor,origin,phase-data,","nst":70,"dmin":5.125,"rms":0.85,"gap":55,"magType":"mb","type":"earthquake","title":"M 5.2 - south of Tonga"},"geometry":{"type":"Point","coordinates":[-175.244,-24.6958,10]},"id":"us7000t3m5"},
{"type":"Feature","properties":{"mag":4.8,"place":"south of Tonga","time":1785131711467,"updated":1785133549040,"tz":null,"url":"https://earthquake.usgs.gov/earthquakes/eventpage/us7000t3ll","detail":"https://earthquake.usgs.gov/fdsnws/event/1/query?eventid=us7000t3ll&format=geojson","felt":null,"cdi":null,"mmi":null,"alert":null,"status":"reviewed","tsunami":0,"sig":354,"net":"us","code":"7000t3ll","ids":",us7000t3ll,","sources":",us,","types":",origin,phase-data,","nst":30,"dmin":5.316,"rms":0.83,"gap":145,"magType":"mb","type":"earthquake","title":"M 4.8 - south of Tonga"},"geometry":{"type":"Point","coordinates":[-175.1045,-24.5457,10]},"id":"us7000t3ll"},
{"type":"Feature","properties":{"mag":4.2,"place":"118 km ENE of Petropavlovsk-Kamchatsky, Russia","time":1785131674340,"updated":1785141331040,"tz":null,"url":"https://earthquake.usgs.gov/earthquakes/eventpage/us7000t3lm","detail":"https://earthquake.usgs.gov/fdsnws/event/1/query?eventid=us7000t3lm&format=geojson","felt":null,"cdi":null,"mmi":null,"alert":null,"status":"reviewed","tsunami":0,"sig":271,"net":"us","code":"7000t3lm","ids":",us7000t3lm,","sources":",us,","types":",origin,phase-data,","nst":61,"dmin":1.571,"rms":0.43,"gap":105,"magType":"mb","type":"earthquake","title":"M 4.2 - 118 km ENE of Petropavlovsk-Kamchatsky, Russia"},"geometry":{"type":"Point","coordinates":[160.2106,53.5528,51.719]},"id":"us7000t3lm"},
{"type":"Feature","properties":{"mag":4.6,"place":"191 km SSE of Kokopo, Papua New Guinea","time":1785127240998,"updated":1785894498040,"tz":null,"url":"https://earthquake.usgs.gov/earthquakes/eventpage/us7000t3lg","detail":"https://earthquake.usgs.gov/fdsnws/event/1/query?eventid=us7000t3lg&format=geojson","felt":null,"cdi":null,"mmi":null,"alert":null,"status":"reviewed","tsunami":0,"sig":326,"net":"us","code":"7000t3lg","ids":",us7000t3lg,","sources":",us,","types":",origin,phase-data,","nst":25,"dmin":1.903,"rms":0.53,"gap":117,"magType":"mb","type":"earthquake","title":"M 4.6 - 191 km SSE of Kokopo, Papua New Guinea"},"geometry":{"type":"Point","coordinates":[153.2121,-5.7926,10]},"id":"us7000t3lg"},
{"type":"Feature","properties":{"mag":4.4,"place":"14 km NNW of Eloy Alfaro, Ecuador","time":1785127138348,"updated":1785894641298,"tz":null,"url":"https://earthquake.usgs.gov/earthquakes/eventpage/us7000t3lb","detail":"https://earthquake.usgs.gov/fdsnws/event/1/query?eventid=us7000t3lb&format=geojson","felt":4,"cdi":3.8,"mmi":null,"alert":null,"status":"reviewed","tsunami":0,"sig":299,"net":"us","code":"7000t3lb","ids":",us7000t3lb,","sources":",us,","types":",dyfi,origin,phase-data,","nst":36,"dmin":0.359,"rms":1.14,"gap":129,"magType":"mb","type":"earthquake","title":"M 4.4 - 14 km NNW of Eloy Alfaro, Ecuador"},"geometry":{"type":"Point","coordinates":[-79.8886,-2.049,83.356]},"id":"us7000t3lb"},
{"type":"Feature","properties":{"mag":4.2,"place":"western Xizang","time":1785126683536,"updated":1785895019040,"tz":null,"url":"https://earthquake.usgs.gov/earthquakes/eventpage/us7000t3lc","detail":"https://earthquake.usgs.gov/fdsnws/event/1/query?eventid=us7000t3lc&format=geojson","felt":null,"cdi":null,"mmi":null,"alert":null,"status":"reviewed","tsunami":0,"sig":271,"net":"us","code":"7000t3lc","ids":",us7000t3lc,","sources":",us,","types":",origin,phase-data,","nst":26,"dmin":10.192,"rms":0.92,"gap":146,"magType":"mb","type":"earthquake","title":"M 4.2 - western Xizang"},"geometry":{"type":"Point","coordinates":[87.6649,35.3264,10]},"id":"us7000t3lc"},
{"type":"Feature","properties":{"mag":4.6,"place":"south of Tonga","time":1785126129714,"updated":1785896050040,"tz":null,"url":"https://earthquake.usgs.gov/earthquakes/eventpage/us6000th6m","detail":"https://earthquake.usgs.gov/fdsnws/event/1/query?eventid=us6000th6m&format=geojson","felt":null,"cdi":null,"mmi":null,"alert":null,"status":"reviewed","tsunami":0,"sig":326,"net":"us","code":"6000th6m","ids":",us6000th6m,","sources":",us,","types":",origin,phase-data,","nst":14,"dmin":7.591,"rms":0.81,"gap":134,"magType":"mb","type":"earthquake","title":"M 4.6 - south of Tonga"},"geometry":{"type":"Point","coordinates":[-175.6428,-24.5298,35]},"id":"us6000th6m"},
{"type":"Feature","properties":{"mag":4.4,"place":"120 km E of Vallenar, Chile","time":1785123844662,"updated":1785896786040,"tz":null,"url":"https://earthquake.usgs.gov/earthquakes/eventpage/us7000t3l4","detail":"https://earthquake.usgs.gov/fdsnws/event/1/query?eventid=us7000t3l4&format=geojson","felt":null,"cdi":null,"mmi":null,"alert":null,"status":"reviewed","tsunami":0,"sig":298,"net":"us","code":"7000t3l4","ids":",us7000t3l4,","sources":",us,","types":",origin,phase-data,","nst":39,"dmin":1.444,"rms":0.86,"gap":59,"magType":"mb","type":"earthquake","title":"M 4.4 - 120 km E of Vallenar, Chile"},"geometry":{"type":"Point","coordinates":[-69.5336,-28.7024,114.785]},"id":"us7000t3l4"},
{"type":"Feature","properties":{"mag":5.2,"place":"south of Tonga","time":1785123403373,"updated":1785897699040,"tz":null,"url":"https://earthquake.usgs.gov/earthquakes/eventpage/us7000t3l3","detail":"https://earthquake.usgs.gov/fdsnws/event/1/query?eventid=us7000t3l3&format=geojson","felt":null,"cdi":null,"mmi":null,"alert":null,"status":"reviewed","tsunami":0,"sig":416,"net":"us","code":"7000t3l3","ids":",usauto7000t3l3,us7000t3l3,","sources":",usauto,us,","types":",internal-moment-tensor,origin,phase-data,","nst":102,"dmin":5.336,"rms":0.54,"gap":82,"magType":"mww","type":"earthquake","title":"M 5.2 - south of Tonga"},"geometry":{"type":"Point","coordinates":[-175.2951,-24.4357,10]},"id":"us7000t3l3"},
{"type":"Feature","properties":{"mag":5,"place":"south of Tonga","time":1785121924194,"updated":1785901763040,"tz":null,"url":"https://earthquake.usgs.gov/earthquakes/eventpage/us7000t3kz","detail":"https://earthquake.usgs.gov/fdsnws/event/1/query?eventid=us7000t3kz&format=geojson","felt":null,"cdi":null,"mmi":null,"alert":null,"status":"reviewed","tsunami":0,"sig":385,"net":"us","code":"7000t3kz","ids":",us7000t3kz,","sources":",us,","types":",origin,phase-data,","nst":77,"dmin":5.382,"rms":0.6,"gap":57,"magType":"mb","type":"earthquake","title":"M 5.0 - south of Tonga"},"geometry":{"type":"Point","coordinates":[-175.1064,-24.4705,10]},"id":"us7000t3kz"},
{"type":"Feature","properties":{"mag":4.1,"place":"17 km SW of Khorugh, Tajikistan","time":1785121768729,"updated":1785902204040,"tz":null,"url":"https://earthquake.usgs.gov/earthquakes/eventpage/us7000t3ky","detail":"https://earthquake.usgs.gov/fdsnws/event/1/query?eventid=us7000t3ky&format=geojson","felt":null,"cdi":null,"mmi":null,"alert":null,"status":"reviewed","tsunami":0,"sig":259,"net":"us","code":"7000t3ky","ids":",us7000t3ky,","sources":",us,","types":",origin,phase-data,","nst":27,"dmin":1.263,"rms":0.65,"gap":128,"magType":"mb","type":"earthquake","title":"M 4.1 - 17 km SW of Khorugh, Tajikistan"},"geometry":{"type":"Point","coordinates":[71.4302,37.3635,112.196]},"id":"us7000t3ky"},
{"type":"Feature","properties":{"mag":4.5,"place":"south of Tonga","time":1785121461833,"updated":1785902489040,"tz":null,"url":"https://earthquake.usgs.gov/earthquakes/eventpage/us6000th6j","detail":"https://earthquake.usgs.gov/fdsnws/event/1/query?eventid=us6000th6j&format=geojson","felt":null,"cdi":null,"mmi":null,"alert":null,"status":"reviewed","tsunami":0,"sig":312,"net":"us","code":"6000th6j","ids":",us6000th6j,","sources":",us,","types":",origin,phase-data,","nst":14,"dmin":38.899,"rms":0.65,"gap":140,"magType":"mb","type":"earthquake","title":"M 4.5 - south of Tonga"},"geometry":{"type":"Point","coordinates":[-175.2184,-24.7317,10]},"id":"us6000th6j"},
{"type":"Feature","properties":{"mag":4.9,"place":"south of Tonga","time":1785120129393,"updated":1786680084040,"tz":null,"url":"https://earthquake.usgs.gov/earthquakes/eventpage/us7000t3kw","detail":"https://earthquake.usgs.gov/fdsnws/event/1/query?eventid=us7000t3kw&format=geojson","felt":null,"cdi":null,"mmi":null,"alert":null,"status":"reviewed","tsunami":0,"sig":369,"net":"us","code":"7000t3kw","ids":",usauto7000t3kw,us7000t3kw,","sources":",usauto,us,","types":",internal-moment-tensor,origin,phase-data,","nst":31,"dmin":35.213,"rms":1.16,"gap":67,"magType":"mww","type":"earthquake","title":"M 4.9 - south of Tonga"},"geometry":{"type":"Point","coordinates":[-175.0946,-24.4032,10]},"id":"us7000t3kw"},
{"type":"Feature","properties":{"mag":4.9,"place":"south of Tonga","time":1785119572886,"updated":1786679391040,"tz":null,"url":"https://earthquake.usgs.gov/earthquakes/eventpage/us7000t3ku","detail":"https://earthquake.usgs.gov/fdsnws/event/1/query?eventid=us7000t3ku&format=geojson","felt":null,"cdi":null,"mmi":null,"alert":null,"status":"reviewed","tsunami":0,"sig":369,"net":"us","code":"7000t3ku","ids":",us7000t3ku,","sources":",us,","types":",origin,phase-data,","nst":38,"dmin":35.09,"rms":0.59,"gap":67,"magType":"mww","type":"earthquake","title":"M 4.9 - south of Tonga"},"geometry":{"type":"Point","coordinates":[-175.2014,-24.4935,10]},"id":"us7000t3ku"},
{"type":"Feature","properties":{"mag":4.3,"place":"204 km SW of Río Grande, Panama","time":1785118841162,"updated":1786676145040,"tz":null,"url":"https://earthquake.usgs.gov/earthquakes/eventpage/us7000t3kq","detail":"https://earthquake.usgs.gov/fdsnws/event/1/query?eventid=us7000t3kq&format=geojson","felt":null,"cdi":null,"mmi":null,"alert":null,"status":"reviewed","tsunami":0,"sig":284,"net":"us","code":"7000t3kq","ids":",us7000t3kq,","sources":",us,","types":",origin,phase-data,","nst":24,"dmin":3.118,"rms":0.89,"gap":150,"magType":"mb","type":"earthquake","title":"M 4.3 - 204 km SW of Río Grande, Panama"},"geometry":{"type":"Point","coordinates":[-82.4279,6.2315,10]},"id":"us7000t3kq"},
{"type":"Feature","properties":{"mag":4.5,"place":"10 km NE of Yujing, Taiwan","time":1785118490866,"updated":1786675683343,"tz":null,"url":"https://earthquake.usgs.gov/earthquakes/eventpage/us7000t3kn","detail":"https://earthquake.usgs.gov/fdsnws/event/1/query?eventid=us7000t3kn&format=geojson","felt":1,"cdi":2.2,"mmi":null,"alert":null,"status":"reviewed","tsunami":0,"sig":312,"net":"us","code":"7000t3kn","ids":",us7000t3kn,","sources":",us,","types":",dyfi,origin,phase-data,","nst":59,"dmin":0.144,"rms":1.06,"gap":68,"magType":"mb","type":"earthquake","title":"M 4.5 - 10 km NE of Yujing, Taiwan"},"geometry":{"type":"Point","coordinates":[120.5417,23.1812,22.804]},"id":"us7000t3kn"},
{"type":"Feature","properties":{"mag":4.9,"place":"South Atlantic Ocean","time":1785118292204,"updated":1786675426040,"tz":null,"url":"https://earthquake.usgs.gov/earthquakes/eventpage/us7000t3kp","detail":"https://earthquake.usgs.gov/fdsnws/event/1/query?eventid=us7000t3kp&format=geojson","felt":null,"cdi":null,"mmi":null,"alert":null,"status":"reviewed","tsunami":0,"sig":369,"net":"us","code":"7000t3kp","ids":",us7000t3kp,","sources":",us,","types":",origin,phase-data,","nst":48,"dmin":19.928,"rms":1.15,"gap":62,"magType":"mb","type":"earthquake","title":"M 4.9 - South Atlantic Ocean"},"geometry":{"type":"Point","coordinates":[-20.2587,-22.349,10]},"id":"us7000t3kp"},
{"type":"Feature","properties":{"mag":5.1,"place":"south of Tonga","time":1785117254251,"updated":1786678888040,"tz":null,"url":"https://earthquake.usgs.gov/earthquakes/eventpage/us7000t3km","detail":"https://earthquake.usgs.gov/fdsnws/event/1/query?eventid=us7000t3km&format=geojson","felt":null,"cdi":null,"mmi":null,"alert":null,"status":"reviewed","tsunami":0,"sig":400,"net":"us","code":"7000t3km","ids":",us7000t3km,","sources":",us,","types":",origin,phase-data,","nst":49,"dmin":17.223,"rms":1.12,"gap":67,"magType":"mb","type":"earthquake","title":"M 5.1 - south of Tonga"},"geometry":{"type":"Point","coordinates":[-175.1262,-24.5032,10]},"id":"us7000t3km"},
{"type":"Feature","properties":{"mag":4.9,"place":"south of Tonga","time":1785116323438,"updated":1786678075040,"tz":null,"url":"https://earthquake.usgs.gov/earthquakes/eventpage/us7000t3kk","detail":"https://earthquake.usgs.gov/fdsnws/event/1/query?eventid=us7000t3kk&format=geojson","felt":null,"cdi":null,"mmi":null,"alert":null,"status":"reviewed","tsunami":0,"sig":369,"net":"us","code":"7000t3kk","ids":",us7000t3kk,","sources":",us,","types":",origin,phase-data,","nst":30,"dmin":16.024,"rms":0.97,"gap":67,"magType":"mb","type":"earthquake","title":"M 4.9 - south of Tonga"},"geometry":{"type":"Point","coordinates":[-175.1968,-24.4659,10]},"id":"us7000t3kk"},
{"type":"Feature","properties":{"mag":4.9,"place":"south of Tonga","time":1785116069453,"updated":1786677721040,"tz":null,"url":"https://earthquake.usgs.gov/earthquakes/eventpage/us7000t3kj","detail":"https://earthquake.usgs.gov/fdsnws/event/1/query?eventid=us7000t3kj&format=geojson","felt":null,"cdi":null,"mmi":null,"alert":null,"status":"reviewed","tsunami":0,"sig":369,"net":"us","code":"7000t3kj","ids":",us7000t3kj,","sources":",us,","types":",origin,phase-data,","nst":37,"dmin":15.998,"rms":0.76,"gap":124,"magType":"mb","type":"earthquake","title":"M 4.9 - south of Tonga"},"geometry":{"type":"Point","coordinates":[-175.2333,-24.5884,10]},"id":"us7000t3kj"},
{"type":"Feature","properties":{"mag":4.7,"place":"64 km SSW of Hihifo, Tonga","time":1785114337178,"updated":1786677040040,"tz":null,"url":"https://earthquake.usgs.gov/earthquakes/eventpage/us7000t3kd","detail":"https://earthquake.usgs.gov/fdsnws/event/1/query?eventid=us7000t3kd&format=geojson","felt":null,"cdi":null,"mmi":null,"alert":null,"status":"reviewed","tsunami":0,"sig":340,"net":"us","code":"7000t3kd","ids":",us7000t3kd,","sources":",us,","types":",origin,phase-data,","nst":42,"dmin":3.353,"rms":0.99,"gap":79,"magType":"mb","type":"earthquake","title":"M 4.7 - 64 km SSW of Hihifo, Tonga"},"geometry":{"type":"Point","coordinates":[-174.0046,-16.5005,71.647]},"id":"us7000t3kd"},
{"type":"Feature","properties":{"mag":4.4,"place":"33 km E of Sibolga, Indonesia","time":1785113452453,"updated":1786319673040,"tz":null,"url":"https://earthquake.usgs.gov/earthquakes/eventpage/us6000th6c","detail":"https://earthquake.usgs.gov/fdsnws/event/1/query?eventid=us6000th6c&format=geojson","felt":null,"cdi":null,"mmi":null,"alert":null,"status":"reviewed","tsunami":0,"sig":298,"net":"us","code":"6000th6c","ids":",us6000th6c,","sources":",us,","types":",origin,phase-data,","nst":22,"dmin":0.912,"rms":0.36,"gap":72,"magType":"mb","type":"earthquake","title":"M 4.4 - 33 km E of Sibolga, Indonesia"},"geometry":{"type":"Point","coordinates":[99.0799,1.7908,10]},"id":"us6000th6c"},
{"type":"Feature","properties":{"mag":4.6,"place":"South Atlantic Ocean","time":1785105697812,"updated":1786316226040,"tz":null,"url":"https://earthquake.usgs.gov/earthquakes/eventpage/us6000th0n","detail":"https://earthquake.usgs.gov/fdsnws/event/1/query?eventid=us6000th0n&format=geojson","felt":null,"cdi":null,"mmi":null,"alert":null,"status":"reviewed","tsunami":0,"sig":326,"net":"us","code":"6000th0n","ids":",us6000th0n,","sources":",us,","types":",origin,phase-data,","nst":24,"dmin":16.003,"rms":0.59,"gap":67,"magType":"mb","type":"earthquake","title":"M 4.6 - South Atlantic Ocean"},"geometry":{"type":"Point","coordinates":[-20.2388,-22.5548,10]},"id":"us6000th0n"},
{"type":"Feature","properties":{"mag":5,"place":"South Atlantic Ocean","time":1785105542723,"updated":1786315532040,"tz":null,"url":"https://earthquake.usgs.gov/earthquakes/eventpage/us7000t3jr","detail":"https://earthquake.usgs.gov/fdsnws/event/1/query?eventid=us7000t3jr&format=geojson","felt":null,"cdi":null,"mmi":null,"alert":null,"status":"reviewed","tsunami":0,"sig":385,"net":"us","code":"7000t3jr","ids":",us7000t3jr,","sources":",us,","types":",origin,phase-data,","nst":53,"dmin":19.951,"rms":0.84,"gap":53,"magType":"mb","type":"earthquake","title":"M 5.0 - South Atlantic Ocean"},"geometry":{"type":"Point","coordinates":[-20.2581,-22.5406,10]},"id":"us7000t3jr"},
{"type":"Feature","properties":{"mag":4.3,"place":"107 km W of San Antonio de los Cobres, Argentina","time":1785102248200,"updated":1786314107040,"tz":null,"url":"https://earthquake.usgs.gov/earthquakes/eventpage/us7000t3ji","detail":"https://earthquake.usgs.gov/fdsnws/event/1/query?eventid=us7000t3ji&format=geojson","felt":null,"cdi":null,"mmi":null,"alert":null,"status":"reviewed","tsunami":0,"sig":284,"net":"us","code":"7000t3ji","ids":",us7000t3ji,","sources":",us,","types":",origin,phase-data,","nst":21,"dmin":1.627,"rms":0.52,"gap":75,"magType":"mb","type":"earthquake","title":"M 4.3 - 107 km W of San Antonio de los Cobres, Argentina"},"geometry":{"type":"Point","coordinates":[-67.3585,-24.4019,175.13]},"id":"us7000t3ji"},
{"type":"Feature","properties":{"mag":4.3,"place":"58 km NNW of Finschhafen, Papua New Guinea","time":1785101364506,"updated":1786313269040,"tz":null,"url":"https://earthquake.usgs.gov/earthquakes/eventpage/us6000th0m","detail":"https://earthquake.usgs.gov/fdsnws/event/1/query?eventid=us6000th0m&format=geojson","felt":null,"cdi":null,"mmi":null,"alert":null,"status":"reviewed","tsunami":0,"sig":284,"net":"us","code":"6000th0m","ids":",us6000th0m,","sources":",us,","types":",origin,phase-data,","nst":14,"dmin":3.305,"rms":0.35,"gap":154,"magType":"mb","type":"earthquake","title":"M 4.3 - 58 km NNW of Finschhafen, Papua New Guinea"},"geometry":{"type":"Point","coordinates":[147.5825,-6.1045,97.666]},"id":"us6000th0m"},
{"type":"Feature","properties":{"mag":4.5,"place":"South Sandwich Islands region","time":1785099696531,"updated":1786311703040,"tz":null,"url":"https://earthquake.usgs.gov/earthquakes/eventpage/us6000th0l","detail":"https://earthquake.usgs.gov/fdsnws/event/1/query?eventid=us6000th0l&format=geojson","felt":null,"cdi":null,"mmi":null,"alert":null,"status":"reviewed","tsunami":0,"sig":312,"net":"us","code":"6000th0l","ids":",us6000th0l,","sources":",us,","types":",origin,phase-data,","nst":17,"dmin":4.064,"rms":0.79,"gap":102,"magType":"mb","type":"earthquake","title":"M 4.5 - South Sandwich Islands region"},"geometry":{"type":"Point","coordinates":[-29.7639,-55.4805,10]},"id":"us6000th0l"},
{"type":"Feature","properties":{"mag":4.3,"place":"15 km NNE of Niños Héroes, Mexico","time":1785097015738,"updated":1786285439040,"tz":null,"url":"https://earthquake.usgs.gov/earthquakes/eventpage/us7000t3j7","detail":"https://earthquake.usgs.gov/fdsnws/event/1/query?eventid=us7000t3j7&format=geojson","felt":null,"cdi":null,"mmi":null,"alert":null,"status":"reviewed","tsunami":0,"sig":284,"net":"us","code":"7000t3j7","ids":",us7000t3j7,","sources":",us,","types":",origin,phase-data,","nst":58,"dmin":0.389,"rms":0.87,"gap":62,"magType":"mb","type":"earthquake","title":"M 4.3 - 15 km NNE of Niños Héroes, Mexico"},"geometry":{"type":"Point","coordinates":[-94.458,17.57,171.75]},"id":"us7000t3j7"},
{"type":"Feature","properties":{"mag":4.2,"place":"132 km ESE of Kuril’sk, Russia","time":1785094280409,"updated":1786201896040,"tz":null,"url":"https://earthquake.usgs.gov/earthquakes/eventpage/us6000th0i","detail":"https://earthquake.usgs.gov/fdsnws/event/1/query?eventid=us6000th0i&format=geojson","felt":null,"cdi":null,"mmi":null,"alert":null,"status":"reviewed","tsunami":0,"sig":271,"net":"us","code":"6000th0i","ids":",us6000th0i,","sources":",us,","types":",origin,phase-data,","nst":44,"dmin":4.937,"rms":0.75,"gap":136,"magType":"mb","type":"earthquake","title":"M 4.2 - 132 km ESE of Kuril’sk, Russia"},"geometry":{"type":"Point","coordinates":[149.4287,44.7588,35]},"id":"us6000th0i"},
{"type":"Feature","properties":{"mag":5.4,"place":"northern Mid-Atlantic Ridge","time":1785089980494,"updated":1786306376270,"tz":null,"url":"https://earthquake.usgs.gov/earthquakes/eventpage/us7000t3in","detail":"https://earthquake.usgs.gov/fdsnws/event/1/query?eventid=us7000t3in&format=geojson","felt":null,"cdi":null,"mmi":0,"alert":"green","status":"reviewed","tsunami":0,"sig":449,"net":"us","code":"7000t3in","ids":",usauto7000t3in,us7000t3in,","sources":",usauto,us,","types":",internal-moment-tensor,losspager,moment-tensor,origin,phase-data,shakemap,","nst":117,"dmin":16.333,"rms":0.56,"gap":63,"magType":"mww","type":"earthquake","title":"M 5.4 - northern Mid-Atlantic Ridge"},"geometry":{"type":"Point","coordinates":[-42.7859,29.8963,10]},"id":"us7000t3in"},
{"type":"Feature","properties":{"mag":4.4,"place":"south of the Fiji Islands","time":1785089730852,"updated":1786039156040,"tz":null,"url":"https://earthquake.usgs.gov/earthquakes/eventpage/us7000t3il","detail":"https://earthquake.usgs.gov/fdsnws/event/1/query?eventid=us7000t3il&format=geojson","felt":null,"cdi":null,"mmi":null,"alert":null,"status":"reviewed","tsunami":0,"sig":298,"net":"us","code":"7000t3il","ids":",us7000t3il,","sources":",us,","types":",origin,phase-data,","nst":43,"dmin":6.055,"rms":0.8,"gap":67,"magType":"mb","type":"earthquake","title":"M 4.4 - south of the Fiji Islands"},"geometry":{"type":"Point","coordinates":[179.9371,-23.5667,532.119]},"id":"us7000t3il"},
{"type":"Feature","properties":{"mag":4.4,"place":"Kuril Islands","time":1785088803220,"updated":1786305461040,"tz":null,"url":"https://earthquake.usgs.gov/earthquakes/eventpage/us7000t3ij","detail":"https://earthquake.usgs.gov/fdsnws/event/1/query?eventid=us7000t3ij&format=geojson","felt":null,"cdi":null,"mmi":null,"alert":null,"status":"reviewed","tsunami":0,"sig":298,"net":"us","code":"7000t3ij","ids":",us7000t3ij,","sources":",us,","types":",origin,phase-data,","nst":62,"dmin":5.321,"rms":0.57,"gap":134,"magType":"mb","type":"earthquake","title":"M 4.4 - Kuril Islands"},"geometry":{"type":"Point","coordinates":[154.1785,48.2859,74.15]},"id":"us7000t3ij"},
{"type":"Feature","properties":{"mag":4.6,"place":"54 km SE of Londres, Argentina","time":1785086953610,"updated":1786305202040,"tz":null,"url":"https://earthquake.usgs.gov/earthquakes/eventpage/us7000t3ia","detail":"https://earthquake.usgs.gov/fdsnws/event/1/query?eventid=us7000t3ia&format=geojson","felt":null,"cdi":null,"mmi":null,"alert":null,"status":"reviewed","tsunami":0,"sig":326,"net":"us","code":"7000t3ia","ids":",us7000t3ia,","sources":",us,","types":",origin,phase-data,","nst":37,"dmin":3.32,"rms":0.72,"gap":45,"magType":"mb","type":"earthquake","title":"M 4.6 - 54 km SE of Londres, Argentina"},"geometry":{"type":"Point","coordinates":[-66.6801,-27.9949,156.081]},"id":"us7000t3ia"},
{"type":"Feature","properties":{"mag":4.1,"place":"69 km SSW of Nueva Concepción, Guatemala","time":1785080937425,"updated":1785166993040,"tz":null,"url":"https://earthquake.usgs.gov/earthquakes/eventpage/us7000t3hy","detail":"https://earthquake.usgs.gov/fdsnws/event/1/query?eventid=us7000t3hy&format=geojson","felt":null,"cdi":null,"mmi":null,"alert":null,"status":"reviewed","tsunami":0,"sig":259,"net":"us","code":"7000t3hy","ids":",us7000t3hy,","sources":",us,","types":",origin,phase-data,","nst":25,"dmin":1.792,"rms":0.91,"gap":233,"magType":"mb","type":"earthquake","title":"M 4.1 - 69 km SSW of Nueva Concepción, Guatemala"},"geometry":{"type":"Point","coordinates":[-91.6062,13.6502,68.029]},"id":"us7000t3hy"},
{"type":"Feature","properties":{"mag":4.3,"place":"10 km E of Nueva Concepción, Guatemala","time":1785080042884,"updated":1785165909040,"tz":null,"url":"https://earthquake.usgs.gov/earthquakes/eventpage/us7000t3hw","detail":"https://earthquake.usgs.gov/fdsnws/event/1/query?eventid=us7000t3hw&format=geojson","felt":null,"cdi":null,"mmi":null,"alert":null,"status":"reviewed","tsunami":0,"sig":284,"net":"us","code":"7000t3hw","ids":",us7000t3hw,","sources":",us,","types":",origin,phase-data,","nst":55,"dmin":1.414,"rms":0.91,"gap":198,"magType":"mb","type":"earthquake","title":"M 4.3 - 10 km E of Nueva Concepción, Guatemala"},"geometry":{"type":"Point","coordinates":[-91.2056,14.1966,95.936]},"id":"us7000t3hw"},
{"type":"Feature","properties":{"mag":4.2,"place":"16 km SW of Sarangani, Philippines","time":1785079358832,"updated":1786305256040,"tz":null,"url":"https://earthquake.usgs.gov/earthquakes/eventpage/us6000th0e","detail":"https://earthquake.usgs.gov/fdsnws/event/1/query?eventid=us6000th0e&format=geojson","felt":null,"cdi":null,"mmi":null,"alert":null,"status":"reviewed","tsunami":0,"sig":271,"net":"us","code":"6000th0e","ids":",us6000th0e,","sources":",us,","types":",origin,phase-data,","nst":25,"dmin":1.756,"rms":0.86,"gap":181,"magType":"mb","type":"earthquake","title":"M 4.2 - 16 km SW of Sarangani, Philippines"},"geometry":{"type":"Point","coordinates":[125.3392,5.3184,55.058]},"id":"us6000th0e"},
{"type":"Feature","properties":{"mag":4.2,"place":"northwest of the Kuril Islands","time":1785075362080,"updated":1786302037040,"tz":null,"url":"https://earthquake.usgs.gov/earthquakes/eventpage/us7000t3hh","detail":"https://earthquake.usgs.gov/fdsnws/event/1/query?eventid=us7000t3hh&format=geojson","felt":null,"cdi":null,"mmi":null,"alert":null,"status":"reviewed","tsunami":0,"sig":271,"net":"us","code":"7000t3hh","ids":",us7000t3hh,","sources":",us,","types":",origin,phase-data,","nst":98,"dmin":3.44,"rms":0.9,"gap":106,"magType":"mb","type":"earthquake","title":"M 4.2 - northwest of the Kuril Islands"},"geometry":{"type":"Point","coordinates":[152.1882,52.3324,498.701]},"id":"us7000t3hh"},
{"type":"Feature","properties":{"mag":4.4,"place":"205 km SE of Atlasovo, Russia","time":1785074703884,"updated":1786301848040,"tz":null,"url":"https://earthquake.usgs.gov/earthquakes/eventpage/us7000t3hd","detail":"https://earthquake.usgs.gov/fdsnws/event/1/query?eventid=us7000t3hd&format=geojson","felt":null,"cdi":null,"mmi":null,"alert":null,"status":"reviewed","tsunami":0,"sig":298,"net":"us","code":"7000t3hd","ids":",us7000t3hd,","sources":",us,","types":",origin,phase-data,","nst":39,"dmin":2.219,"rms":1.41,"gap":107,"magType":"mb","type":"earthquake","title":"M 4.4 - 205 km SE of Atlasovo, Russia"},"geometry":{"type":"Point","coordinates":[161.7761,54.228,35.952]},"id":"us7000t3hd"},
{"type":"Feature","properties":{"mag":4.4,"place":"62 km NW of San Antonio de los Cobres, Argentina","time":1785072977454,"updated":1786298767040,"tz":null,"url":"https://earthquake.usgs.gov/earthquakes/eventpage/us7000t3h2","detail":"https://earthquake.usgs.gov/fdsnws/event/1/query?eventid=us7000t3h2&format=geojson","felt":null,"cdi":null,"mmi":null,"alert":null,"status":"reviewed","tsunami":0,"sig":298,"net":"us","code":"7000t3h2","ids":",us7000t3h2,","sources":",us,","types":",origin,phase-data,","nst":52,"dmin":1.577,"rms":0.97,"gap":59,"magType":"mb","type":"earthquake","title":"M 4.4 - 62 km NW of San Antonio de los Cobres, Argentina"},"geometry":{"type":"Point","coordinates":[-66.7317,-23.8046,198.68]},"id":"us7000t3h2"},
{"type":"Feature","properties":{"mag":4.3,"place":"72 km SE of Atka, Alaska","time":1785071923603,"updated":1785449706127,"tz":null,"url":"https://earthquake.usgs.gov/earthquakes/eventpage/us7000t3gz","detail":"https://earthquake.usgs.gov/fdsnws/event/1/query?eventid=us7000t3gz&format=geojson","felt":null,"cdi":null,"mmi":3.138,"alert":null,"status":"reviewed","tsunami":0,"sig":284,"net":"us","code":"7000t3gz","ids":",aka2026orndpn,us7000t3gz,","sources":",ak,us,","types":",origin,phase-data,shakemap,","nst":77,"dmin":0.659,"rms":0.71,"gap":129,"magType":"mb","type":"earthquake","title":"M 4.3 - 72 km SE of Atka, Alaska"},"geometry":{"type":"Point","coordinates":[-173.4513,51.7323,43.18]},"id":"us7000t3gz"},
{"type":"Feature","properties":{"mag":4.7,"place":"15 km ESE of Pinglin, Taiwan","time":1785069377467,"updated":1785094922484,"tz":null,"url":"https://earthquake.usgs.gov/earthquakes/eventpage/us7000t3gt","detail":"https://earthquake.usgs.gov/fdsnws/event/1/query?eventid=us7000t3gt&format=geojson","felt":21,"cdi":3.4,"mmi":null,"alert":null,"status":"reviewed","tsunami":0,"sig":347,"net":"us","code":"7000t3gt","ids":",us7000t3gt,","sources":",us,","types":",dyfi,origin,phase-data,","nst":91,"dmin":0.333,"rms":0.68,"gap":42,"magType":"mww","type":"earthquake","title":"M 4.7 - 15 km ESE of Pinglin, Taiwan"},"geometry":{"type":"Point","coordinates":[121.8508,24.8852,93.836]},"id":"us7000t3gt"},
{"type":"Feature","properties":{"mag":5.3,"place":"25 km NW of Kupang, Indonesia","time":1785063457061,"updated":1785067077795,"tz":null,"url":"https://earthquake.usgs.gov/earthquakes/eventpage/us7000t3g4","detail":"https://earthquake.usgs.gov/fdsnws/event/1/query?eventid=us7000t3g4&format=geojson","felt":2,"cdi":3.6,"mmi":null,"alert":null,"status":"reviewed","tsunami":0,"sig":433,"net":"us","code":"7000t3g4","ids":",us7000t3g4,","sources":",us,","types":",dyfi,origin,phase-data,","nst":68,"dmin":0.852,"rms":1.08,"gap":40,"magType":"mb","type":"earthquake","title":"M 5.3 - 25 km NW of Kupang, Indonesia"},"geometry":{"type":"Point","coordinates":[123.4402,-10.007,10]},"id":"us7000t3g4"},
{"type":"Feature","properties":{"mag":4.2,"place":"18 km SSW of Ocós, Guatemala","time":1785060295964,"updated":1785061842040,"tz":null,"url":"https://earthquake.usgs.gov/earthquakes/eventpage/us7000t3fw","detail":"https://earthquake.usgs.gov/fdsnws/event/1/query?eventid=us7000t3fw&format=geojson","felt":null,"cdi":null,"mmi":null,"alert":null,"status":"reviewed","tsunami":0,"sig":271,"net":"us","code":"7000t3fw","ids":",us7000t3fw,","sources":",us,","types":",origin,phase-data,","nst":23,"dmin":2.442,"rms":0.73,"gap":184,"magType":"mb","type":"earthquake","title":"M 4.2 - 18 km SSW of Ocós, Guatemala"},"geometry":{"type":"Point","coordinates":[-92.2547,14.3522,35]},"id":"us7000t3fw"},
{"type":"Feature","properties":{"mag":4.6,"place":"68 km SSW of Masachapa, Nicaragua","time":1785058015020,"updated":1785060021040,"tz":null,"url":"https://earthquake.usgs.gov/earthquakes/eventpage/us7000t3fs","detail":"https://earthquake.usgs.gov/fdsnws/event/1/query?eventid=us7000t3fs&format=geojson","felt":null,"cdi":null,"mmi":null,"alert":null,"status":"reviewed","tsunami":0,"sig":326,"net":"us","code":"7000t3fs","ids":",us7000t3fs,","sources":",us,","types":",origin,phase-data,","nst":54,"dmin":2.051,"rms":0.98,"gap":176,"magType":"mb","type":"earthquake","title":"M 4.6 - 68 km SSW of Masachapa, Nicaragua"},"geometry":{"type":"Point","coordinates":[-86.8076,11.2364,35]},"id":"us7000t3fs"},
{"type":"Feature","properties":{"mag":4.2,"place":"35 km SW of Ashkāsham, Afghanistan","time":1785055306216,"updated":1785929640040,"tz":null,"url":"https://earthquake.usgs.gov/earthquakes/eventpage/us7000t3fn","detail":"https://earthquake.usgs.gov/fdsnws/event/1/query?eventid=us7000t3fn&format=geojson","felt":null,"cdi":null,"mmi":null,"alert":null,"status":"reviewed","tsunami":0,"sig":271,"net":"us","code":"7000t3fn","ids":",us7000t3fn,","sources":",us,","types":",origin,phase-data,","nst":18,"dmin":2.105,"rms":1.19,"gap":97,"magType":"mb","type":"earthquake","title":"M 4.2 - 35 km SW of Ashkāsham, Afghanistan"},"geometry":{"type":"Point","coordinates":[71.3005,36.4279,121.589]},"id":"us7000t3fn"},
{"type":"Feature","properties":{"mag":5.8,"place":"109 km SE of Atka, Alaska","time":1785054918418,"updated":1786697123295,"tz":null,"url":"https://earthquake.usgs.gov/earthquakes/eventpage/us7000t3fm","detail":"https://earthquake.usgs.gov/fdsnws/event/1/query?eventid=us7000t3fm&format=geojson","felt":null,"cdi":null,"mmi":4.177,"alert":"green","status":"reviewed","tsunami":0,"sig":518,"net":"us","code":"7000t3fm","ids":",us7000t3fm,usauto7000t3fm,attirx71,aka2026ordrxw,","sources":",us,usauto,at,ak,","types":",event-sequence,internal-moment-tensor,losspager,moment-tensor,oaf,origin,phase-data,shakemap,","nst":137,"dmin":0.992,"rms":0.84,"gap":97,"magType":"mww","type":"earthquake","title":"M 5.8 - 109 km SE of Atka, Alaska"},"geometry":{"type":"Point","coordinates":[-173.1399,51.4588,10]},"id":"us7000t3fm"},
{"type":"Feature","properties":{"mag":4.4,"place":"68 km E of Sarangani, Philippines","time":1785053253005,"updated":1785927191040,"tz":null,"url":"https://earthquake.usgs.gov/earthquakes/eventpage/us6000th06","detail":"https://earthquake.usgs.gov/fdsnws/event/1/query?eventid=us6000th06&format=geojson","felt":null,"cdi":null,"mmi":null,"alert":null,"status":"reviewed","tsunami":0,"sig":298,"net":"us","code":"6000th06","ids":",us6000th06,","sources":",us,","types":",origin,phase-data,","nst":20,"dmin":1.659,"rms":0.75,"gap":150,"magType":"mb","type":"earthquake","title":"M 4.4 - 68 km E of Sarangani, Philippines"},"geometry":{"type":"Point","coordinates":[126.0766,5.4754,8.038]},"id":"us6000th06"},
{"type":"Feature","properties":{"mag":4.4,"place":"37 km ESE of Khorugh, Tajikistan","time":1785048514386,"updated":1785925908040,"tz":null,"url":"https://earthquake.usgs.gov/earthquakes/eventpage/us7000t3f9","detail":"https://earthquake.usgs.gov/fdsnws/event/1/query?eventid=us7000t3f9&format=geojson","felt":null,"cdi":null,"mmi":null,"alert":null,"status":"reviewed","tsunami":0,"sig":298,"net":"us","code":"7000t3f9","ids":",us7000t3f9,","sources":",us,","types":",origin,phase-data,","nst":57,"dmin":1.07,"rms":0.85,"gap":59,"magType":"mb","type":"earthquake","title":"M 4.4 - 37 km ESE of Khorugh, Tajikistan"},"geometry":{"type":"Point","coordinates":[71.9348,37.3338,177.02]},"id":"us7000t3f9"},
{"type":"Feature","properties":{"mag":4.4,"place":"155 km ESE of Petropavlovsk-Kamchatsky, Russia","time":1785047262089,"updated":1785925789040,"tz":null,"url":"https://earthquake.usgs.gov/earthquakes/eventpage/us6000th03","detail":"https://earthquake.usgs.gov/fdsnws/event/1/query?eventid=us6000th03&format=geojson","felt":null,"cdi":null,"mmi":null,"alert":null,"status":"reviewed","tsunami":0,"sig":298,"net":"us","code":"6000th03","ids":",us6000th03,","sources":",us,","types":",origin,phase-data,","nst":24,"dmin":1.382,"rms":0.76,"gap":148,"magType":"mb","type":"earthquake","title":"M 4.4 - 155 km ESE of Petropavlovsk-Kamchatsky, Russia"},"geometry":{"type":"Point","coordinates":[160.8899,52.7608,10]},"id":"us6000th03"},
{"type":"Feature","properties":{"mag":4.4,"place":"259 km N of Ama, Japan","time":1785045532196,"updated":1785923202040,"tz":null,"url":"https://earthquake.usgs.gov/earthquakes/eventpage/us7000t3f0","detail":"https://earthquake.usgs.gov/fdsnws/event/1/query?eventid=us7000t3f0&format=geojson","felt":null,"cdi":null,"mmi":null,"alert":null,"status":"reviewed","tsunami":0,"sig":298,"net":"us","code":"7000t3f0","ids":",us7000t3f0,","sources":",us,","types":",origin,phase-data,","nst":87,"dmin":4.2,"rms":0.65,"gap":62,"magType":"mb","type":"earthquake","title":"M 4.4 - 259 km N of Ama, Japan"},"geometry":{"type":"Point","coordinates":[133.4355,38.4122,445.264]},"id":"us7000t3f0"},
{"type":"Feature","properties":{"mag":4.1,"place":"46 km NNE of Mutsu, Japan","time":1785041953139,"updated":1786674111040,"tz":null,"url":"https://earthquake.usgs.gov/earthquakes/eventpage/us6000th02","detail":"https://earthquake.usgs.gov/fdsnws/event/1/query?eventid=us6000th02&format=geojson","felt":null,"cdi":null,"mmi":null,"alert":null,"status":"reviewed","tsunami":0,"sig":259,"net":"us","code":"6000th02","ids":",us6000th02,","sources":",us,","types":",origin,phase-data,","nst":37,"dmin":0.92,"rms":0.61,"gap":125,"magType":"mb","type":"earthquake","title":"M 4.1 - 46 km NNE of Mutsu, Japan"},"geometry":{"type":"Point","coordinates":[141.4672,41.6586,117.753]},"id":"us6000th02"},
{"type":"Feature","properties":{"mag":4.6,"place":"162 km ESE of Modisi, Indonesia","time":1785039703706,"updated":1786674887040,"tz":null,"url":"https://earthquake.usgs.gov/earthquakes/eventpage/us6000th00","detail":"https://earthquake.usgs.gov/fdsnws/event/1/query?eventid=us6000th00&format=geojson","felt":null,"cdi":null,"mmi":null,"alert":null,"status":"reviewed","tsunami":0,"sig":326,"net":"us","code":"6000th00","ids":",us6000th00,","sources":",us,","types":",origin,phase-data,","nst":34,"dmin":5.497,"rms":0.93,"gap":72,"magType":"mb","type":"earthquake","title":"M 4.6 - 162 km ESE of Modisi, Indonesia"},"geometry":{"type":"Point","coordinates":[125.8475,0.0628,10]},"id":"us6000th00"},
{"type":"Feature","properties":{"mag":4.4,"place":"west of Macquarie Island","time":1785037119869,"updated":1786675808040,"tz":null,"url":"https://earthquake.usgs.gov/earthquakes/eventpage/us6000tgzz","detail":"https://earthquake.usgs.gov/fdsnws/event/1/query?eventid=us6000tgzz&format=geojson","felt":null,"cdi":null,"mmi":null,"alert":null,"status":"reviewed","tsunami":0,"sig":298,"net":"us","code":"6000tgzz","ids":",us6000tgzz,","sources":",us,","types":",origin,phase-data,","nst":15,"dmin":19.352,"rms":1.28,"gap":144,"magType":"mb","type":"earthquake","title":"M 4.4 - west of Macquarie Island"},"geometry":{"type":"Point","coordinates":[147.0886,-56.8855,10]},"id":"us6000tgzz"},
{"type":"Feature","properties":{"mag":4.7,"place":"south of the Kermadec Islands","time":1785036437524,"updated":1786680319040,"tz":null,"url":"https://earthquake.usgs.gov/earthquakes/eventpage/us6000tgzx","detail":"https://earthquake.usgs.gov/fdsnws/event/1/query?eventid=us6000tgzx&format=geojson","felt":null,"cdi":null,"mmi":null,"alert":null,"status":"reviewed","tsunami":0,"sig":340,"net":"us","code":"6000tgzx","ids":",us6000tgzx,","sources":",us,","types":",origin,phase-data,","nst":14,"dmin":4.359,"rms":0.75,"gap":152,"magType":"mb","type":"earthquake","title":"M 4.7 - south of the Kermadec Islands"},"geometry":{"type":"Point","coordinates":[-177.6702,-33.6116,10]},"id":"us6000tgzx"},
{"type":"Feature","properties":{"mag":4.6,"place":"19 km WNW of Ubalá, Colombia","time":1785032026363,"updated":1786833406040,"tz":null,"url":"https://earthquake.usgs.gov/earthquakes/eventpage/us7000t3eb","detail":"https://earthquake.usgs.gov/fdsnws/event/1/query?eventid=us7000t3eb&format=geojson","felt":null,"cdi":null,"mmi":null,"alert":null,"status":"reviewed","tsunami":0,"sig":326,"net":"us","code":"7000t3eb","ids":",us7000t3eb,","sources":",us,","types":",origin,phase-data,","nst":71,"dmin":1.144,"rms":0.84,"gap":58,"magType":"mb","type":"earthquake","title":"M 4.6 - 19 km WNW of Ubalá, Colombia"},"geometry":{"type":"Point","coordinates":[-72.7048,4.8056,10]},"id":"us7000t3eb"},
{"type":"Feature","properties":{"mag":4.1,"place":"78 km SE of Atka, Alaska","time":1785031030346,"updated":1786833165456,"tz":null,"url":"https://earthquake.usgs.gov/earthquakes/eventpage/us7000t3e9","detail":"https://earthquake.usgs.gov/fdsnws/event/1/query?eventid=us7000t3e9&format=geojson","felt":null,"cdi":null,"mmi":2.922,"alert":"green","status":"reviewed","tsunami":0,"sig":259,"net":"us","code":"7000t3e9","ids":",us7000t3e9,aka2026oqqkqr,","sources":",us,ak,","types":",losspager,origin,phase-data,shakemap,","nst":75,"dmin":0.707,"rms":0.59,"gap":173,"magType":"mb","type":"earthquake","title":"M 4.1 - 78 km SE of Atka, Alaska"},"geometry":{"type":"Point","coordinates":[-173.2847,51.777,43.036]},"id":"us7000t3e9"},
{"type":"Feature","properties":{"mag":5.3,"place":"Tristan da Cunha region","time":1785029563993,"updated":1786832439040,"tz":null,"url":"https://earthquake.usgs.gov/earthquakes/eventpage/us7000t3e7","detail":"https://earthquake.usgs.gov/fdsnws/event/1/query?eventid=us7000t3e7&format=geojson","felt":null,"cdi":null,"mmi":null,"alert":null,"status":"reviewed","tsunami":0,"sig":432,"net":"us","code":"7000t3e7","ids":",usauto7000t3e7,us7000t3e7,","sources":",usauto,us,","types":",internal-moment-tensor,origin,phase-data,","nst":61,"dmin":3.436,"rms":0.61,"gap":60,"magType":"mww","type":"earthquake","title":"M 5.3 - Tristan da Cunha region"},"geometry":{"type":"Point","coordinates":[-14.5373,-34.1414,10]},"id":"us7000t3e7"},
{"type":"Feature","properties":{"mag":4.4,"place":"Greenland Sea","time":1785025698671,"updated":1786675152040,"tz":null,"url":"https://earthquake.usgs.gov/earthquakes/eventpage/us7000t3dx","detail":"https://earthquake.usgs.gov/fdsnws/event/1/query?eventid=us7000t3dx&format=geojson","felt":null,"cdi":null,"mmi":null,"alert":null,"status":"reviewed","tsunami":0,"sig":298,"net":"us","code":"7000t3dx","ids":",us7000t3dx,","sources":",us,","types":",origin,phase-data,","nst":36,"dmin":5.574,"rms":0.68,"gap":112,"magType":"mb","type":"earthquake","title":"M 4.4 - Greenland Sea"},"geometry":{"type":"Point","coordinates":[7.3189,73.4807,10]},"id":"us7000t3dx"},
{"type":"Feature","properties":{"mag":4.3,"place":"31 km ESE of Bardsīr, Iran","time":1785024986281,"updated":1786674801040,"tz":null,"url":"https://earthquake.usgs.gov/earthquakes/eventpage/us7000t3dw","detail":"https://earthquake.usgs.gov/fdsnws/event/1/query?eventid=us7000t3dw&format=geojson","felt":null,"cdi":null,"mmi":null,"alert":null,"status":"reviewed","tsunami":0,"sig":284,"net":"us","code":"7000t3dw","ids":",us7000t3dw,","sources":",us,","types":",origin,phase-data,","nst":37,"dmin":4.844,"rms":0.65,"gap":139,"magType":"mb","type":"earthquake","title":"M 4.3 - 31 km ESE of Bardsīr, Iran"},"geometry":{"type":"Point","coordinates":[56.8553,29.7732,75.194]},"id":"us7000t3dw"},
{"type":"Feature","properties":{"mag":4.3,"place":"278 km WSW of Houma, Tonga","time":1785024137484,"updated":1786672998040,"tz":null,"url":"https://earthquake.usgs.gov/earthquakes/eventpage/us7000t3dt","detail":"https://earthquake.usgs.gov/fdsnws/event/1/query?eventid=us7000t3dt&format=geojson","felt":null,"cdi":null,"mmi":null,"alert":null,"status":"reviewed","tsunami":0,"sig":284,"net":"us","code":"7000t3dt","ids":",us7000t3dt,","sources":",us,","types":",origin,phase-data,","nst":42,"dmin":5.479,"rms":0.74,"gap":107,"magType":"mb","type":"earthquake","title":"M 4.3 - 278 km WSW of Houma, Tonga"},"geometry":{"type":"Point","coordinates":[-177.9208,-21.7211,387.627]},"id":"us7000t3dt"},
{"type":"Feature","properties":{"mag":4.5,"place":"68 km SE of Severo-Kuril’sk, Russia","time":1785022848901,"updated":1786672876040,"tz":null,"url":"https://earthquake.usgs.gov/earthquakes/eventpage/us7000t3dp","detail":"https://earthquake.usgs.gov/fdsnws/event/1/query?eventid=us7000t3dp&format=geojson","felt":null,"cdi":null,"mmi":null,"alert":null,"status":"reviewed","tsunami":0,"sig":312,"net":"us","code":"7000t3dp","ids":",us7000t3dp,","sources":",us,","types":",origin,phase-data,","nst":64,"dmin":2.856,"rms":0.72,"gap":165,"magType":"mb","type":"earthquake","title":"M 4.5 - 68 km SE of Severo-Kuril’sk, Russia"},"geometry":{"type":"Point","coordinates":[156.8903,50.3015,55.06]},"id":"us7000t3dp"},
{"type":"Feature","properties":{"mag":4,"place":"131 km SSE of Atka, Alaska","time":1785022303649,"updated":1786424689040,"tz":null,"url":"https://earthquake.usgs.gov/earthquakes/eventpage/us7000t3dn","detail":"https://earthquake.usgs.gov/fdsnws/event/1/query?eventid=us7000t3dn&format=geojson","felt":null,"cdi":null,"mmi":3.139,"alert":null,"status":"reviewed","tsunami":0,"sig":246,"net":"us","code":"7000t3dn","ids":",aka2026oqlopr,us7000t3dn,","sources":",ak,us,","types":",origin,phase-data,shakemap,","nst":55,"dmin":1.94,"rms":1.25,"gap":188,"magType":"mb","type":"earthquake","title":"M 4.0 - 131 km SSE of Atka, Alaska"},"geometry":{"type":"Point","coordinates":[-173.287,51.1614,10]},"id":"us7000t3dn"},
{"type":"Feature","properties":{"mag":4.5,"place":"54 km SE of Tuensang, India","time":1785020966701,"updated":1786672333040,"tz":null,"url":"https://earthquake.usgs.gov/earthquakes/eventpage/us7000t3di","detail":"https://earthquake.usgs.gov/fdsnws/event/1/query?eventid=us7000t3di&format=geojson","felt":null,"cdi":null,"mmi":null,"alert":null,"status":"reviewed","tsunami":0,"sig":312,"net":"us","code":"7000t3di","ids":",us7000t3di,","sources":",us,","types":",origin,phase-data,","nst":45,"dmin":4.767,"rms":0.69,"gap":94,"magType":"mb","type":"earthquake","title":"M 4.5 - 54 km SE of Tuensang, India"},"geometry":{"type":"Point","coordinates":[95.2638,25.9839,69.714]},"id":"us7000t3di"},
{"type":"Feature","properties":{"mag":4.9,"place":"Kermadec Islands, New Zealand","time":1785015541899,"updated":1786672088040,"tz":null,"url":"https://earthquake.usgs.gov/earthquakes/eventpage/us7000t3d9","detail":"https://earthquake.usgs.gov/fdsnws/event/1/query?eventid=us7000t3d9&format=geojson","felt":null,"cdi":null,"mmi":null,"alert":null,"status":"reviewed","tsunami":0,"sig":369,"net":"us","code":"7000t3d9","ids":",us7000t3d9,","sources":",us,","types":",origin,phase-data,","nst":28,"dmin":0.352,"rms":0.74,"gap":134,"magType":"mb","type":"earthquake","title":"M 4.9 - Kermadec Islands, New Zealand"},"geometry":{"type":"Point","coordinates":[-177.6144,-29.4664,56.081]},"id":"us7000t3d9"},
{"type":"Feature","properties":{"mag":4.9,"place":"102 km SE of Atka, Alaska","time":1785013395040,"updated":1786692209040,"tz":null,"url":"https://earthquake.usgs.gov/earthquakes/eventpage/us7000t3cv","detail":"https://earthquake.usgs.gov/fdsnws/event/1/query?eventid=us7000t3cv&format=geojson","felt":null,"cdi":null,"mmi":3.157,"alert":null,"status":"reviewed","tsunami":0,"sig":369,"net":"us","code":"7000t3cv","ids":",us7000t3cv,aka2026oqgpvp,","sources":",us,ak,","types":",moment-tensor,origin,phase-data,shakemap,","nst":115,"dmin":0.927,"rms":0.77,"gap":110,"magType":"mww","type":"earthquake","title":"M 4.9 - 102 km SE of Atka, Alaska"},"geometry":{"type":"Point","coordinates":[-173.2145,51.5045,20.263]},"id":"us7000t3cv"},
{"type":"Feature","properties":{"mag":4.3,"place":"57 km S of Gahkuch, Pakistan","time":1785005669217,"updated":1786303468040,"tz":null,"url":"https://earthquake.usgs.gov/earthquakes/eventpage/us7000t3ce","detail":"https://earthquake.usgs.gov/fdsnws/event/1/query?eventid=us7000t3ce&format=geojson","felt":null,"cdi":null,"mmi":null,"alert":null,"status":"reviewed","tsunami":0,"sig":284,"net":"us","code":"7000t3ce","ids":",us7000t3ce,","sources":",us,","types":",origin,phase-data,","nst":72,"dmin":2.039,"rms":0.95,"gap":65,"magType":"mb","type":"earthquake","title":"M 4.3 - 57 km S of Gahkuch, Pakistan"},"geometry":{"type":"Point","coordinates":[73.6994,35.6631,62.346]},"id":"us7000t3ce"},
{"type":"Feature","properties":{"mag":4.4,"place":"195 km SW of Port McNeill, Canada","time":1785004397547,"updated":1786302692850,"tz":null,"url":"https://earthquake.usgs.gov/earthquakes/eventpage/us7000t3c8","detail":"https://earthquake.usgs.gov/fdsnws/event/1/query?eventid=us7000t3c8&format=geojson","felt":1,"cdi":1,"mmi":null,"alert":null,"status":"reviewed","tsunami":0,"sig":298,"net":"us","code":"7000t3c8","ids":",us7000t3c8,","sources":",us,","types":",dyfi,moment-tensor,origin,phase-data,","nst":82,"dmin":1.323,"rms":0.77,"gap":79,"magType":"mwr","type":"earthquake","title":"M 4.4 - 195 km SW of Port McNeill, Canada"},"geometry":{"type":"Point","coordinates":[-129.2995,49.5528,10]},"id":"us7000t3c8"},
{"type":"Feature","properties":{"mag":4.3,"place":"239 km ENE of Lospalos, Timor Leste","time":1785001378937,"updated":1786302374040,"tz":null,"url":"https://earthquake.usgs.gov/earthquakes/eventpage/us7000t3c6","detail":"https://earthquake.usgs.gov/fdsnws/event/1/query?eventid=us7000t3c6&format=geojson","felt":null,"cdi":null,"mmi":null,"alert":null,"status":"reviewed","tsunami":0,"sig":284,"net":"us","code":"7000t3c6","ids":",us7000t3c6,","sources":",us,","types":",origin,phase-data,","nst":36,"dmin":3.005,"rms":0.66,"gap":111,"magType":"mb","type":"earthquake","title":"M 4.3 - 239 km ENE of Lospalos, Timor Leste"},"geometry":{"type":"Point","coordinates":[128.8227,-7.3467,131.342]},"id":"us7000t3c6"},
{"type":"Feature","properties":{"mag":4.3,"place":"153 km SSW of Merizo Village, Guam","time":1785000756925,"updated":1786043181040,"tz":null,"url":"https://earthquake.usgs.gov/earthquakes/eventpage/us6000tgz3","detail":"https://earthquake.usgs.gov/fdsnws/event/1/query?eventid=us6000tgz3&format=geojson","felt":null,"cdi":null,"mmi":null,"alert":null,"status":"reviewed","tsunami":0,"sig":284,"net":"us","code":"6000tgz3","ids":",us6000tgz3,","sources":",us,","types":",origin,phase-data,","nst":28,"dmin":1.75,"rms":0.47,"gap":161,"magType":"mb","type":"earthquake","title":"M 4.3 - 153 km SSW of Merizo Village, Guam"},"geometry":{"type":"Point","coordinates":[144.1921,11.9587,10]},"id":"us6000tgz3"},
{"type":"Feature","properties":{"mag":4.1,"place":"37 km S of Farkhār, Afghanistan","time":1784998570962,"updated":1785013810040,"tz":null,"url":"https://earthquake.usgs.gov/earthquakes/eventpage/us7000t3bz","detail":"https://earthquake.usgs.gov/fdsnws/event/1/query?eventid=us7000t3bz&format=geojson","felt":null,"cdi":null,"mmi":null,"alert":null,"status":"reviewed","tsunami":0,"sig":259,"net":"us","code":"7000t3bz","ids":",us7000t3bz,","sources":",us,","types":",origin,phase-data,","nst":25,"dmin":2.945,"rms":1.25,"gap":104,"magType":"mb","type":"earthquake","title":"M 4.1 - 37 km S of Farkhār, Afghanistan"},"geometry":{"type":"Point","coordinates":[69.8583,36.2386,126.288]},"id":"us7000t3bz"},
{"type":"Feature","properties":{"mag":4.4,"place":"Kuril Islands","time":1784991867300,"updated":1785005595040,"tz":null,"url":"https://earthquake.usgs.gov/earthquakes/eventpage/us7000t3bu","detail":"https://earthquake.usgs.gov/fdsnws/event/1/query?eventid=us7000t3bu&format=geojson","felt":null,"cdi":null,"mmi":null,"alert":null,"status":"reviewed","tsunami":0,"sig":298,"net":"us","code":"7000t3bu","ids":",us7000t3bu,","sources":",us,","types":",origin,phase-data,","nst":107,"dmin":6.649,"rms":0.63,"gap":131,"magType":"mb","type":"earthquake","title":"M 4.4 - Kuril Islands"},"geometry":{"type":"Point","coordinates":[153.1701,47.1353,89.719]},"id":"us7000t3bu"},
{"type":"Feature","properties":{"mag":4.4,"place":"134 km E of Kokopo, Papua New Guinea","time":1784981418227,"updated":1785921811040,"tz":null,"url":"https://earthquake.usgs.gov/earthquakes/eventpage/us6000tgyv","detail":"https://earthquake.usgs.gov/fdsnws/event/1/query?eventid=us6000tgyv&format=geojson","felt":null,"cdi":null,"mmi":null,"alert":null,"status":"reviewed","tsunami":0,"sig":298,"net":"us","code":"6000tgyv","ids":",us6000tgyv,","sources":",us,","types":",origin,phase-data,","nst":20,"dmin":1.342,"rms":0.24,"gap":157,"magType":"mb","type":"earthquake","title":"M 4.4 - 134 km E of Kokopo, Papua New Guinea"},"geometry":{"type":"Point","coordinates":[153.4577,-4.5625,114.389]},"id":"us6000tgyv"},
{"type":"Feature","properties":{"mag":5,"place":"57 km S of Sarangani, Philippines","time":1784961966097,"updated":1784963094040,"tz":null,"url":"https://earthquake.usgs.gov/earthquakes/eventpage/us7000t3a4","detail":"https://earthquake.usgs.gov/fdsnws/event/1/query?eventid=us7000t3a4&format=geojson","felt":null,"cdi":null,"mmi":null,"alert":null,"status":"reviewed","tsunami":0,"sig":385,"net":"us","code":"7000t3a4","ids":",us7000t3a4,","sources":",us,","types":",origin,phase-data,","nst":64,"dmin":2.178,"rms":0.95,"gap":101,"magType":"mb","type":"earthquake","title":"M 5.0 - 57 km S of Sarangani, Philippines"},"geometry":{"type":"Point","coordinates":[125.4791,4.8793,52.163]},"id":"us7000t3a4"},
{"type":"Feature","properties":{"mag":4.7,"place":"southern Mid-Atlantic Ridge","time":1784960962916,"updated":1785069052040,"tz":null,"url":"https://earthquake.usgs.gov/earthquakes/eventpage/us7000t3gr","detail":"https://earthquake.usgs.gov/fdsnws/event/1/query?eventid=us7000t3gr&format=geojson","felt":null,"cdi":null,"mmi":null,"alert":null,"status":"reviewed","tsunami":0,"sig":340,"net":"us","code":"7000t3gr","ids":",us7000t3gr,","sources":",us,","types":",origin,phase-data,","nst":21,"dmin":32.09,"rms":0.63,"gap":178,"magType":"mb","type":"earthquake","title":"M 4.7 - southern Mid-Atlantic Ridge"},"geometry":{"type":"Point","coordinates":[-5.603,-56.5851,10]},"id":"us7000t3gr"},
{"type":"Feature","properties":{"mag":4.4,"place":"148 km WSW of Santa Genoveva de Docordó, Colombia","time":1784960957899,"updated":1784976372040,"tz":null,"url":"https://earthquake.usgs.gov/earthquakes/eventpage/us7000t3a3","detail":"https://earthquake.usgs.gov/fdsnws/event/1/query?eventid=us7000t3a3&format=geojson","felt":null,"cdi":null,"mmi":null,"alert":null,"status":"reviewed","tsunami":0,"sig":298,"net":"us","code":"7000t3a3","ids":",us7000t3a3,","sources":",us,","types":",origin,phase-data,","nst":36,"dmin":2.61,"rms":1.16,"gap":130,"magType":"mb","type":"earthquake","title":"M 4.4 - 148 km WSW of Santa Genoveva de Docordó, Colombia"},"geometry":{"type":"Point","coordinates":[-78.6561,3.9136,10]},"id":"us7000t3a3"},
{"type":"Feature","properties":{"mag":5.1,"place":"43 km SW of Puerto Madero, Mexico","time":1784957193842,"updated":1784981440146,"tz":null,"url":"https://earthquake.usgs.gov/earthquakes/eventpage/us7000t3a0","detail":"https://earthquake.usgs.gov/fdsnws/event/1/query?eventid=us7000t3a0&format=geojson","felt":6,"cdi":3.1,"mmi":null,"alert":null,"status":"reviewed","tsunami":0,"sig":402,"net":"us","code":"7000t3a0","ids":",us7000t3a0,usauto7000t3a0,","sources":",us,usauto,","types":",dyfi,internal-moment-tensor,origin,phase-data,","nst":67,"dmin":2.941,"rms":0.85,"gap":146,"magType":"mww","type":"earthquake","title":"M 5.1 - 43 km SW of Puerto Madero, Mexico"},"geometry":{"type":"Point","coordinates":[-92.7508,14.4952,35]},"id":"us7000t3a0"},
{"type":"Feature","properties":{"mag":4.6,"place":"Kermadec Islands region","time":1784941376117,"updated":1786594833040,"tz":null,"url":"https://earthquake.usgs.gov/earthquakes/eventpage/us6000tgyj","detail":"https://earthquake.usgs.gov/fdsnws/event/1/query?eventid=us6000tgyj&format=geojson","felt":null,"cdi":null,"mmi":null,"alert":null,"status":"reviewed","tsunami":0,"sig":326,"net":"us","code":"6000tgyj","ids":",us6000tgyj,","sources":",us,","types":",origin,phase-data,","nst":18,"dmin":0.973,"rms":1.39,"gap":199,"magType":"mb","type":"earthquake","title":"M 4.6 - Kermadec Islands region"},"geometry":{"type":"Point","coordinates":[-176.9419,-29.7004,10]},"id":"us6000tgyj"},
{"type":"Feature","properties":{"mag":5,"place":"93 km NNW of Port-Olry, Vanuatu","time":1784936650370,"updated":1786414888040,"tz":null,"url":"https://earthquake.usgs.gov/earthquakes/eventpage/us7000t38a","detail":"https://earthquake.usgs.gov/fdsnws/event/1/query?eventid=us7000t38a&format=geojson","felt":null,"cdi":null,"mmi":null,"alert":null,"status":"reviewed","tsunami":0,"sig":385,"net":"us","code":"7000t38a","ids":",us7000t38a,","sources":",us,","types":",origin,phase-data,","nst":25,"dmin":6.591,"rms":1.35,"gap":125,"magType":"mb","type":"earthquake","title":"M 5.0 - 93 km NNW of Port-Olry, Vanuatu"},"geometry":{"type":"Point","coordinates":[166.6263,-14.3144,10]},"id":"us7000t38a"},
{"type":"Feature","properties":{"mag":4.3,"place":"184 km S of Tateyama, Japan","time":1784935101750,"updated":1786409503040,"tz":null,"url":"https://earthquake.usgs.gov/earthquakes/eventpage/us7000t389","detail":"https://earthquake.usgs.gov/fdsnws/event/1/query?eventid=us7000t389&format=geojson","felt":null,"cdi":null,"mmi":null,"alert":null,"status":"reviewed","tsunami":0,"sig":284,"net":"us","code":"7000t389","ids":",us7000t389,","sources":",us,","types":",origin,phase-data,","nst":35,"dmin":3.282,"rms":0.95,"gap":124,"magType":"mb","type":"earthquake","title":"M 4.3 - 184 km S of Tateyama, Japan"},"geometry":{"type":"Point","coordinates":[140.2501,33.3505,80.402]},"id":"us7000t389"},
{"type":"Feature","properties":{"mag":5.6,"place":"290 km SSE of Ushuaia, Argentina","time":1784934629976,"updated":1786410042457,"tz":null,"url":"https://earthquake.usgs.gov/earthquakes/eventpage/us7000t387","detail":"https://earthquake.usgs.gov/fdsnws/event/1/query?eventid=us7000t387&format=geojson","felt":null,"cdi":null,"mmi":3.161,"alert":"green","status":"reviewed","tsunami":0,"sig":482,"net":"us","code":"7000t387","ids":",usauto7000t387,us7000t387,","sources":",usauto,us,","types":",internal-moment-tensor,losspager,origin,phase-data,shakemap,","nst":73,"dmin":2.406,"rms":1.03,"gap":100,"magType":"mb","type":"earthquake","title":"M 5.6 - 290 km SSE of Ushuaia, Argentina"},"geometry":{"type":"Point","coordinates":[-66.9317,-57.3001,10]},"id":"us7000t387"},
{"type":"Feature","properties":{"mag":4.9,"place":"7 km S of Sola, Vanuatu","time":1784932759606,"updated":1786408402040,"tz":null,"url":"https://earthquake.usgs.gov/earthquakes/eventpage/us7000t382","detail":"https://earthquake.usgs.gov/fdsnws/event/1/query?eventid=us7000t382&format=geojson","felt":null,"cdi":null,"mmi":null,"alert":null,"status":"reviewed","tsunami":0,"sig":369,"net":"us","code":"7000t382","ids":",us7000t382,","sources":",us,","types":",origin,phase-data,","nst":26,"dmin":7.279,"rms":1.08,"gap":162,"magType":"mb","type":"earthquake","title":"M 4.9 - 7 km S of Sola, Vanuatu"},"geometry":{"type":"Point","coordinates":[167.5644,-13.9426,10]},"id":"us7000t382"},
{"type":"Feature","properties":{"mag":4.4,"place":"5 km W of Pizzone, Italy","time":1784930895532,"updated":1786403976794,"tz":null,"url":"https://earthquake.usgs.gov/earthquakes/eventpage/us7000t37m","detail":"https://earthquake.usgs.gov/fdsnws/event/1/query?eventid=us7000t37m&format=geojson","felt":5,"cdi":3.4,"mmi":null,"alert":null,"status":"reviewed","tsunami":0,"sig":300,"net":"us","code":"7000t37m","ids":",us7000t37m,","sources":",us,","types":",dyfi,origin,phase-data,","nst":45,"dmin":0.343,"rms":0.93,"gap":87,"magType":"mb","type":"earthquake","title":"M 4.4 - 5 km W of Pizzone, Italy"},"geometry":{"type":"Point","coordinates":[13.9656,41.6711,10]},"id":"us7000t37m"},
{"type":"Feature","properties":{"mag":6,"place":"55 km W of Sola, Vanuatu","time":1784929071697,"updated":1786338687752,"tz":null,"url":"https://earthquake.usgs.gov/earthquakes/eventpage/us7000t37a","detail":"https://earthquake.usgs.gov/fdsnws/event/1/query?eventid=us7000t37a&format=geojson","felt":3,"cdi":4.3,"mmi":5.283,"alert":"green","status":"reviewed","tsunami":0,"sig":555,"net":"us","code":"7000t37a","ids":",us7000t37a,usauto7000t37a,attip83b,","sources":",us,usauto,at,","types":",dyfi,ground-failure,internal-moment-tensor,internal-origin,losspager,moment-tensor,origin,phase-data,shakemap,","nst":84,"dmin":7.066,"rms":0.72,"gap":58,"magType":"mww","type":"earthquake","title":"M 6.0 - 55 km W of Sola, Vanuatu"},"geometry":{"type":"Point","coordinates":[167.0409,-13.9559,15]},"id":"us7000t37a"},
{"type":"Feature","properties":{"mag":5.1,"place":"55 km WSW of Sola, Vanuatu","time":1784927982759,"updated":1786336734040,"tz":null,"url":"https://earthquake.usgs.gov/earthquakes/eventpage/us7000t376","detail":"https://earthquake.usgs.gov/fdsnws/event/1/query?eventid=us7000t376&format=geojson","felt":0,"cdi":1,"mmi":null,"alert":null,"status":"reviewed","tsunami":0,"sig":400,"net":"us","code":"7000t376","ids":",us7000t376,usauto7000t376,","sources":",us,usauto,","types":",dyfi,internal-moment-tensor,origin,phase-data,","nst":57,"dmin":20.005,"rms":0.76,"gap":58,"magType":"mww","type":"earthquake","title":"M 5.1 - 55 km WSW of Sola, Vanuatu"},"geometry":{"type":"Point","coordinates":[167.0545,-14.0055,10]},"id":"us7000t376"},
{"type":"Feature","properties":{"mag":5.3,"place":"44 km NW of San Antonio de los Cobres, Argentina","time":1784921922175,"updated":1785341321040,"tz":null,"url":"https://earthquake.usgs.gov/earthquakes/eventpage/us7000t36n","detail":"https://earthquake.usgs.gov/fdsnws/event/1/query?eventid=us7000t36n&format=geojson","felt":null,"cdi":null,"mmi":3.51,"alert":"green","status":"reviewed","tsunami":0,"sig":432,"net":"us","code":"7000t36n","ids":",usauto7000t36n,us7000t36n,","sources":",usauto,us,","types":",internal-moment-tensor,losspager,moment-tensor,origin,phase-data,shakemap,","nst":217,"dmin":1.726,"rms":0.72,"gap":26,"magType":"mww","type":"earthquake","title":"M 5.3 - 44 km NW of San Antonio de los Cobres, Argentina"},"geometry":{"type":"Point","coordinates":[-66.6321,-23.937,191.277]},"id":"us7000t36n"},
{"type":"Feature","properties":{"mag":4.9,"place":"55 km S of Sarangani, Philippines","time":1784919987515,"updated":1785341499040,"tz":null,"url":"https://earthquake.usgs.gov/earthquakes/eventpage/us7000t36g","detail":"https://earthquake.usgs.gov/fdsnws/event/1/query?eventid=us7000t36g&format=geojson","felt":null,"cdi":null,"mmi":null,"alert":null,"status":"reviewed","tsunami":0,"sig":369,"net":"us","code":"7000t36g","ids":",us7000t36g,","sources":",us,","types":",origin,phase-data,","nst":143,"dmin":2.156,"rms":0.7,"gap":53,"magType":"mb","type":"earthquake","title":"M 4.9 - 55 km S of Sarangani, Philippines"},"geometry":{"type":"Point","coordinates":[125.4539,4.903,10]},"id":"us7000t36g"},
{"type":"Feature","properties":{"mag":4.2,"place":"63 km WSW of Puerto Madero, Mexico","time":1784918602878,"updated":1786113715040,"tz":null,"url":"https://earthquake.usgs.gov/earthquakes/eventpage/us6000tgqp","detail":"https://earthquake.usgs.gov/fdsnws/event/1/query?eventid=us6000tgqp&format=geojson","felt":null,"cdi":null,"mmi":null,"alert":null,"status":"reviewed","tsunami":0,"sig":271,"net":"us","code":"6000tgqp","ids":",us6000tgqp,","sources":",us,","types":",origin,phase-data,","nst":66,"dmin":3.138,"rms":0.51,"gap":161,"magType":"mb","type":"earthquake","title":"M 4.2 - 63 km WSW of Puerto Madero, Mexico"},"geometry":{"type":"Point","coordinates":[-92.9601,14.4827,33.578]},"id":"us6000tgqp"},
{"type":"Feature","properties":{"mag":4.5,"place":"Izu Islands, Japan region","time":1784918584252,"updated":1786298426040,"tz":null,"url":"https://earthquake.usgs.gov/earthquakes/eventpage/us7000t36e","detail":"https://earthquake.usgs.gov/fdsnws/event/1/query?eventid=us7000t36e&format=geojson","felt":null,"cdi":null,"mmi":null,"alert":null,"status":"reviewed","tsunami":0,"sig":312,"net":"us","code":"7000t36e","ids":",us7000t36e,","sources":",us,","types":",origin,phase-data,","nst":54,"dmin":4.408,"rms":0.58,"gap":116,"magType":"mb","type":"earthquake","title":"M 4.5 - Izu Islands, Japan region"},"geometry":{"type":"Point","coordinates":[141.4673,31.4744,35]},"id":"us7000t36e"},
{"type":"Feature","properties":{"mag":4.5,"place":"26 km SSW of Las Choapas, Mexico","time":1784914413671,"updated":1786298129040,"tz":null,"url":"https://earthquake.usgs.gov/earthquakes/eventpage/us7000t35u","detail":"https://earthquake.usgs.gov/fdsnws/event/1/query?eventid=us7000t35u&format=geojson","felt":null,"cdi":null,"mmi":null,"alert":null,"status":"reviewed","tsunami":0,"sig":312,"net":"us","code":"7000t35u","ids":",us7000t35u,","sources":",us,","types":",origin,phase-data,","nst":45,"dmin":0.375,"rms":0.66,"gap":84,"magType":"mb","type":"earthquake","title":"M 4.5 - 26 km SSW of Las Choapas, Mexico"},"geometry":{"type":"Point","coordinates":[-94.2042,17.6913,183.546]},"id":"us7000t35u"},
{"type":"Feature","properties":{"mag":4.9,"place":"144 km SW of Kotabumi, Indonesia","time":1784914084953,"updated":1786297977040,"tz":null,"url":"https://earthquake.usgs.gov/earthquakes/eventpage/us7000t35r","detail":"https://earthquake.usgs.gov/fdsnws/event/1/query?eventid=us7000t35r&format=geojson","felt":null,"cdi":null,"mmi":null,"alert":null,"status":"reviewed","tsunami":0,"sig":369,"net":"us","code":"7000t35r","ids":",us7000t35r,","sources":",us,","types":",origin,phase-data,","nst":52,"dmin":1.491,"rms":0.86,"gap":72,"magType":"mb","type":"earthquake","title":"M 4.9 - 144 km SW of Kotabumi, Indonesia"},"geometry":{"type":"Point","coordinates":[103.8222,-5.5841,52.905]},"id":"us7000t35r"},
{"type":"Feature","properties":{"mag":5,"place":"65 km WSW of Pangai, Tonga","time":1784913296043,"updated":1786296492040,"tz":null,"url":"https://earthquake.usgs.gov/earthquakes/eventpage/us7000t35n","detail":"https://earthquake.usgs.gov/fdsnws/event/1/query?eventid=us7000t35n&format=geojson","felt":null,"cdi":null,"mmi":null,"alert":null,"status":"reviewed","tsunami":0,"sig":385,"net":"us","code":"7000t35n","ids":",us7000t35n,","sources":",us,","types":",origin,phase-data,","nst":102,"dmin":6.859,"rms":0.89,"gap":67,"magType":"mb","type":"earthquake","title":"M 5.0 - 65 km WSW of Pangai, Tonga"},"geometry":{"type":"Point","coordinates":[-174.891,-20.1248,49.149]},"id":"us7000t35n"},
{"type":"Feature","properties":{"mag":4.7,"place":"43 km NNE of Hihifo, Tonga","time":1784912131493,"updated":1786217995040,"tz":null,"url":"https://earthquake.usgs.gov/earthquakes/eventpage/us6000tgql","detail":"https://earthquake.usgs.gov/fdsnws/event/1/query?eventid=us6000tgql&format=geojson","felt":null,"cdi":null,"mmi":null,"alert":null,"status":"reviewed","tsunami":0,"sig":340,"net":"us","code":"6000tgql","ids":",us6000tgql,","sources":",us,","types":",origin,phase-data,","nst":29,"dmin":29.915,"rms":1.02,"gap":123,"magType":"mb","type":"earthquake","title":"M 4.7 - 43 km NNE of Hihifo, Tonga"},"geometry":{"type":"Point","coordinates":[-173.6569,-15.5842,35]},"id":"us6000tgql"},
{"type":"Feature","properties":{"mag":5.7,"place":"48 km W of Turangi, New Zealand","time":1784911897251,"updated":1786215115364,"tz":null,"url":"https://earthquake.usgs.gov/earthquakes/eventpage/us7000t34g","detail":"https://earthquake.usgs.gov/fdsnws/event/1/query?eventid=us7000t34g&format=geojson","felt":74,"cdi":5.6,"mmi":6.727,"alert":"green","status":"reviewed","tsunami":0,"sig":541,"net":"us","code":"7000t34g","ids":",us7000t34g,usauto7000t34g,","sources":",us,usauto,","types":",dyfi,ground-failure,internal-moment-tensor,losspager,moment-tensor,origin,phase-data,shakemap,","nst":64,"dmin":0.412,"rms":1.04,"gap":50,"magType":"mww","type":"earthquake","title":"M 5.7 - 48 km W of Turangi, New Zealand"},"geometry":{"type":"Point","coordinates":[175.2483,-38.969,10]},"id":"us7000t34g"},
{"type":"Feature","properties":{"mag":5.1,"place":"108 km ENE of Ozernovskiy, Russia","time":1784910801082,"updated":1786212296040,"tz":null,"url":"https://earthquake.usgs.gov/earthquakes/eventpage/us7000t34c","detail":"https://earthquake.usgs.gov/fdsnws/event/1/query?eventid=us7000t34c&format=geojson","felt":null,"cdi":null,"mmi":null,"alert":null,"status":"reviewed","tsunami":0,"sig":400,"net":"us","code":"7000t34c","ids":",us7000t34c,","sources":",us,","types":",origin,phase-data,","nst":114,"dmin":1.358,"rms":0.86,"gap":83,"magType":"mb","type":"earthquake","title":"M 5.1 - 108 km ENE of Ozernovskiy, Russia"},"geometry":{"type":"Point","coordinates":[158.0173,51.7241,81.515]},"id":"us7000t34c"},
{"type":"Feature","properties":{"mag":4.3,"place":"Fiji region","time":1784908486037,"updated":1786209831040,"tz":null,"url":"https://earthquake.usgs.gov/earthquakes/eventpage/us6000tgqh","detail":"https://earthquake.usgs.gov/fdsnws/event/1/query?eventid=us6000tgqh&format=geojson","felt":null,"cdi":null,"mmi":null,"alert":null,"status":"reviewed","tsunami":0,"sig":284,"net":"us","code":"6000tgqh","ids":",us6000tgqh,","sources":",us,","types":",origin,phase-data,","nst":21,"dmin":4.292,"rms":0.65,"gap":86,"magType":"mb","type":"earthquake","title":"M 4.3 - Fiji region"},"geometry":{"type":"Point","coordinates":[-179.0219,-21.0487,631.748]},"id":"us6000tgqh"},
{"type":"Feature","properties":{"mag":4.8,"place":"46 km NNW of Fiambalá, Argentina","time":1784907272319,"updated":1786049677040,"tz":null,"url":"https://earthquake.usgs.gov/earthquakes/eventpage/us7000t33w","detail":"https://earthquake.usgs.gov/fdsnws/event/1/query?eventid=us7000t33w&format=geojson","felt":null,"cdi":null,"mmi":null,"alert":null,"status":"reviewed","tsunami":0,"sig":354,"net":"us","code":"7000t33w","ids":",us7000t33w,","sources":",us,","types":",origin,phase-data,","nst":47,"dmin":2.26,"rms":1.14,"gap":39,"magType":"mb","type":"earthquake","title":"M 4.8 - 46 km NNW of Fiambalá, Argentina"},"geometry":{"type":"Point","coordinates":[-67.8151,-27.2939,10]},"id":"us7000t33w"},
{"type":"Feature","properties":{"mag":4.2,"place":"182 km W of Abepura, Indonesia","time":1784904843709,"updated":1786049442040,"tz":null,"url":"https://earthquake.usgs.gov/earthquakes/eventpage/us6000tgqf","detail":"https://earthquake.usgs.gov/fdsnws/event/1/query?eventid=us6000tgqf&format=geojson","felt":null,"cdi":null,"mmi":null,"alert":null,"status":"reviewed","tsunami":0,"sig":271,"net":"us","code":"6000tgqf","ids":",us6000tgqf,","sources":",us,","types":",origin,phase-data,","nst":15,"dmin":1.711,"rms":0.98,"gap":71,"magType":"mb","type":"earthquake","title":"M 4.2 - 182 km W of Abepura, Indonesia"},"geometry":{"type":"Point","coordinates":[138.9909,-2.5709,10]},"id":"us6000tgqf"},
{"type":"Feature","properties":{"mag":4.2,"place":"142 km ENE of Biak, Indonesia","time":1784903975556,"updated":1786048839040,"tz":null,"url":"https://earthquake.usgs.gov/earthquakes/eventpage/us6000tgqe","detail":"https://earthquake.usgs.gov/fdsnws/event/1/query?eventid=us6000tgqe&format=geojson","felt":null,"cdi":null,"mmi":null,"alert":null,"status":"reviewed","tsunami":0,"sig":271,"net":"us","code":"6000tgqe","ids":",us6000tgqe,","sources":",us,","types":",origin,phase-data,","nst":16,"dmin":3.825,"rms":1.19,"gap":94,"magType":"mb","type":"earthquake","title":"M 4.2 - 142 km ENE of Biak, Indonesia"},"geometry":{"type":"Point","coordinates":[137.2947,-0.7641,10]},"id":"us6000tgqe"},
{"type":"Feature","properties":{"mag":4.7,"place":"55 km E of Luganville, Vanuatu","time":1784903300833,"updated":1786048388040,"tz":null,"url":"https://earthquake.usgs.gov/earthquakes/eventpage/us7000t32z","detail":"https://earthquake.usgs.gov/fdsnws/event/1/query?eventid=us7000t32z&format=geojson","felt":null,"cdi":null,"mmi":null,"alert":null,"status":"reviewed","tsunami":0,"sig":340,"net":"us","code":"7000t32z","ids":",us7000t32z,","sources":",us,","types":",origin,phase-data,","nst":27,"dmin":5.873,"rms":1.15,"gap":181,"magType":"mb","type":"earthquake","title":"M 4.7 - 55 km E of Luganville, Vanuatu"},"geometry":{"type":"Point","coordinates":[167.6673,-15.6092,153.454]},"id":"us7000t32z"},
{"type":"Feature","properties":{"mag":4.2,"place":"Banda Sea","time":1784902192936,"updated":1786047875040,"tz":null,"url":"https://earthquake.usgs.gov/earthquakes/eventpage/us7000t31u","detail":"https://earthquake.usgs.gov/fdsnws/event/1/query?eventid=us7000t31u&format=geojson","felt":null,"cdi":null,"mmi":null,"alert":null,"status":"reviewed","tsunami":0,"sig":271,"net":"us","code":"7000t31u","ids":",us7000t31u,","sources":",us,","types":",origin,phase-data,","nst":22,"dmin":2.343,"rms":0.46,"gap":84,"magType":"mb","type":"earthquake","title":"M 4.2 - Banda Sea"},"geometry":{"type":"Point","coordinates":[129.5506,-6.8546,190.671]},"id":"us7000t31u"},
{"type":"Feature","properties":{"mag":4.3,"place":"127 km WSW of Puerto Madero, Mexico","time":1784901457560,"updated":1786208861040,"tz":null,"url":"https://earthquake.usgs.gov/earthquakes/eventpage/us7000t31p","detail":"https://earthquake.usgs.gov/fdsnws/event/1/query?eventid=us7000t31p&format=geojson","felt":null,"cdi":null,"mmi":null,"alert":null,"status":"reviewed","tsunami":0,"sig":284,"net":"us","code":"7000t31p","ids":",us7000t31p,","sources":",us,","types":",origin,phase-data,","nst":47,"dmin":2.478,"rms":1.12,"gap":186,"magType":"mb","type":"earthquake","title":"M 4.3 - 127 km WSW of Puerto Madero, Mexico"},"geometry":{"type":"Point","coordinates":[-93.435,14.1315,10]},"id":"us7000t31p"},
{"type":"Feature","properties":{"mag":5.1,"place":"194 km W of Abepura, Indonesia","time":1784896022974,"updated":1784897093040,"tz":null,"url":"https://earthquake.usgs.gov/earthquakes/eventpage/us7000t30v","detail":"https://earthquake.usgs.gov/fdsnws/event/1/query?eventid=us7000t30v&format=geojson","felt":null,"cdi":null,"mmi":null,"alert":null,"status":"reviewed","tsunami":0,"sig":400,"net":"us","code":"7000t30v","ids":",us7000t30v,","sources":",us,","types":",origin,phase-data,","nst":60,"dmin":1.824,"rms":0.74,"gap":77,"magType":"mb","type":"earthquake","title":"M 5.1 - 194 km W of Abepura, Indonesia"},"geometry":{"type":"Point","coordinates":[138.8797,-2.6055,10]},"id":"us7000t30v"},
{"type":"Feature","properties":{"mag":5.4,"place":"202 km W of Abepura, Indonesia","time":1784895268267,"updated":1784982165280,"tz":null,"url":"https://earthquake.usgs.gov/earthquakes/eventpage/us7000t30r","detail":"https://earthquake.usgs.gov/fdsnws/event/1/query?eventid=us7000t30r&format=geojson","felt":null,"cdi":null,"mmi":6.155,"alert":"green","status":"reviewed","tsunami":0,"sig":449,"net":"us","code":"7000t30r","ids":",us7000t30r,usauto7000t30r,","sources":",us,usauto,","types":",ground-failure,internal-moment-tensor,losspager,origin,phase-data,shakemap,","nst":88,"dmin":1.886,"rms":0.8,"gap":53,"magType":"mb","type":"earthquake","title":"M 5.4 - 202 km W of Abepura, Indonesia"},"geometry":{"type":"Point","coordinates":[138.8159,-2.5572,10]},"id":"us7000t30r"},
{"type":"Feature","properties":{"mag":5.3,"place":"197 km W of Abepura, Indonesia","time":1784891494234,"updated":1784892744040,"tz":null,"url":"https://earthquake.usgs.gov/earthquakes/eventpage/us7000t309","detail":"https://earthquake.usgs.gov/fdsnws/event/1/query?eventid=us7000t309&format=geojson","felt":null,"cdi":null,"mmi":null,"alert":null,"status":"reviewed","tsunami":0,"sig":432,"net":"us","code":"7000t309","ids":",usauto7000t309,us7000t309,","sources":",usauto,us,","types":",internal-moment-tensor,origin,phase-data,","nst":72,"dmin":1.84,"rms":1.09,"gap":39,"magType":"mb","type":"earthquake","title":"M 5.3 - 197 km W of Abepura, Indonesia"},"geometry":{"type":"Point","coordinates":[138.8612,-2.5436,10]},"id":"us7000t309"},
{"type":"Feature","properties":{"mag":4.2,"place":"270 km E of Levuka, Fiji","time":1784887777157,"updated":1784893813040,"tz":null,"url":"https://earthquake.usgs.gov/earthquakes/eventpage/us7000t307","detail":"https://earthquake.usgs.gov/fdsnws/event/1/query?eventid=us7000t307&format=geojson","felt":null,"cdi":null,"mmi":null,"alert":null,"status":"reviewed","tsunami":0,"sig":271,"net":"us","code":"7000t307","ids":",us7000t307,","sources":",us,","types":",origin,phase-data,","nst":39,"dmin":2.849,"rms":0.62,"gap":126,"magType":"mb","type":"earthquake","title":"M 4.2 - 270 km E of Levuka, Fiji"},"geometry":{"type":"Point","coordinates":[-178.1299,-18.0389,602.302]},"id":"us7000t307"},
{"type":"Feature","properties":{"mag":4.2,"place":"227 km ESE of Attu Station, Alaska","time":1784887018989,"updated":1784917721642,"tz":null,"url":"https://earthquake.usgs.gov/earthquakes/eventpage/aka2026onojnv","detail":"https://earthquake.usgs.gov/fdsnws/event/1/query?eventid=aka2026onojnv&format=geojson","felt":1,"cdi":3.1,"mmi":2.755,"alert":null,"status":"reviewed","tsunami":0,"sig":272,"net":"ak","code":"a2026onojnv","ids":",aka2026onojnv,","sources":",ak,","types":",dyfi,origin,phase-data,shakemap,","nst":55,"dmin":1.4,"rms":1.2,"gap":199,"magType":"ml","type":"earthquake","title":"M 4.2 - 227 km ESE of Attu Station, Alaska"},"geometry":{"type":"Point","coordinates":[176.342,52.15,10]},"id":"aka2026onojnv"},
{"type":"Feature","properties":{"mag":4.6,"place":"central Mid-Atlantic Ridge","time":1784882467542,"updated":1785915777040,"tz":null,"url":"https://earthquake.usgs.gov/earthquakes/eventpage/us6000tgq0","detail":"https://earthquake.usgs.gov/fdsnws/event/1/query?eventid=us6000tgq0&format=geojson","felt":null,"cdi":null,"mmi":null,"alert":null,"status":"reviewed","tsunami":0,"sig":326,"net":"us","code":"6000tgq0","ids":",us6000tgq0,","sources":",us,","types":",origin,phase-data,","nst":38,"dmin":17.969,"rms":0.6,"gap":158,"magType":"mb","type":"earthquake","title":"M 4.6 - central Mid-Atlantic Ridge"},"geometry":{"type":"Point","coordinates":[-39.4989,8.6615,10]},"id":"us6000tgq0"},
{"type":"Feature","properties":{"mag":4.2,"place":"206 km ENE of Levuka, Fiji","time":1784881251644,"updated":1785675054040,"tz":null,"url":"https://earthquake.usgs.gov/earthquakes/eventpage/us7000t2zt","detail":"https://earthquake.usgs.gov/fdsnws/event/1/query?eventid=us7000t2zt&format=geojson","felt":null,"cdi":null,"mmi":null,"alert":null,"status":"reviewed","tsunami":0,"sig":271,"net":"us","code":"7000t2zt","ids":",us7000t2zt,","sources":",us,","types":",origin,phase-data,","nst":35,"dmin":2.081,"rms":0.6,"gap":122,"magType":"mb","type":"earthquake","title":"M 4.2 - 206 km ENE of Levuka, Fiji"},"geometry":{"type":"Point","coordinates":[-178.7956,-17.6022,578.251]},"id":"us7000t2zt"},
{"type":"Feature","properties":{"mag":5.1,"place":"Mid-Indian Ridge","time":1784880078986,"updated":1785674582040,"tz":null,"url":"https://earthquake.usgs.gov/earthquakes/eventpage/us7000t2ye","detail":"https://earthquake.usgs.gov/fdsnws/event/1/query?eventid=us7000t2ye&format=geojson","felt":null,"cdi":null,"mmi":null,"alert":null,"status":"reviewed","tsunami":0,"sig":400,"net":"us","code":"7000t2ye","ids":",usauto7000t2ye,us7000t2ye,","sources":",usauto,us,","types":",internal-moment-tensor,origin,phase-data,","nst":41,"dmin":6.175,"rms":0.58,"gap":72,"magType":"mww","type":"earthquake","title":"M 5.1 - Mid-Indian Ridge"},"geometry":{"type":"Point","coordinates":[69.0303,-22.983,10]},"id":"us7000t2ye"},
{"type":"Feature","properties":{"mag":4.3,"place":"33 km ENE of Palca, Peru","time":1784878901641,"updated":1785673862040,"tz":null,"url":"https://earthquake.usgs.gov/earthquakes/eventpage/us7000t2xk","detail":"https://earthquake.usgs.gov/fdsnws/event/1/query?eventid=us7000t2xk&format=geojson","felt":null,"cdi":null,"mmi":null,"alert":null,"status":"reviewed","tsunami":0,"sig":284,"net":"us","code":"7000t2xk","ids":",us7000t2xk,","sources":",us,","types":",origin,phase-data,","nst":28,"dmin":0.2,"rms":0.73,"gap":103,"magType":"mb","type":"earthquake","title":"M 4.3 - 33 km ENE of Palca, Peru"},"geometry":{"type":"Point","coordinates":[-69.6875,-17.62,145.105]},"id":"us7000t2xk"},
{"type":"Feature","properties":{"mag":4.1,"place":"51 km S of Jurm, Afghanistan","time":1784873412225,"updated":1786694984040,"tz":null,"url":"https://earthquake.usgs.gov/earthquakes/eventpage/us7000t2xe","detail":"https://earthquake.usgs.gov/fdsnws/event/1/query?eventid=us7000t2xe&format=geojson","felt":null,"cdi":null,"mmi":null,"alert":null,"status":"reviewed","tsunami":0,"sig":259,"net":"us","code":"7000t2xe","ids":",us7000t2xe,","sources":",us,","types":",origin,phase-data,","nst":23,"dmin":2.32,"rms":0.74,"gap":151,"magType":"mb","type":"earthquake","title":"M 4.1 - 51 km S of Jurm, Afghanistan"},"geometry":{"type":"Point","coordinates":[70.8371,36.3971,126.667]},"id":"us7000t2xe"},
{"type":"Feature","properties":{"mag":4.8,"place":"54 km NNW of San Antonio, Puerto Rico","time":1784860956550,"updated":1785905008040,"tz":null,"url":"https://earthquake.usgs.gov/earthquakes/eventpage/pr2026205000","detail":"https://earthquake.usgs.gov/fdsnws/event/1/query?eventid=pr2026205000&format=geojson","felt":227,"cdi":4.1,"mmi":null,"alert":null,"status":"reviewed","tsunami":0,"sig":448,"net":"pr","code":"2026205000","ids":",pt26205050,us7000t2x0,pr2026205000,usauto7000t2x0,","sources":",pt,us,pr,usauto,","types":",dyfi,internal-moment-tensor,moment-tensor,origin,phase-data,","nst":28,"dmin":0.5098,"rms":0.48,"gap":176,"magType":"mw","type":"earthquake","title":"M 4.8 - 54 km NNW of San Antonio, Puerto Rico"},"geometry":{"type":"Point","coordinates":[-67.2968,18.9423,9]},"id":"pr2026205000"},
{"type":"Feature","properties":{"mag":5.1,"place":"93 km SSE of Adak, Alaska","time":1784854996173,"updated":1786846171040,"tz":null,"url":"https://earthquake.usgs.gov/earthquakes/eventpage/us7000t2wx","detail":"https://earthquake.usgs.gov/fdsnws/event/1/query?eventid=us7000t2wx&format=geojson","felt":null,"cdi":null,"mmi":3.269,"alert":null,"status":"reviewed","tsunami":0,"sig":400,"net":"us","code":"7000t2wx","ids":",us7000t2wx,usauto7000t2wx,aka2026omwotf,","sources":",us,usauto,ak,","types":",event-sequence,internal-moment-tensor,oaf,origin,phase-data,shakemap,","nst":141,"dmin":0.779,"rms":0.71,"gap":139,"magType":"mww","type":"earthquake","title":"M 5.1 - 93 km SSE of Adak, Alaska"},"geometry":{"type":"Point","coordinates":[-176.0884,51.1094,10]},"id":"us7000t2wx"},
{"type":"Feature","properties":{"mag":4.4,"place":"226 km ENE of Lospalos, Timor Leste","time":1784854108440,"updated":1786335478040,"tz":null,"url":"https://earthquake.usgs.gov/earthquakes/eventpage/us7000t2wu","detail":"https://earthquake.usgs.gov/fdsnws/event/1/query?eventid=us7000t2wu&format=geojson","felt":null,"cdi":null,"mmi":null,"alert":null,"status":"reviewed","tsunami":0,"sig":298,"net":"us","code":"7000t2wu","ids":",us7000t2wu,","sources":",us,","types":",origin,phase-data,","nst":27,"dmin":4.987,"rms":0.66,"gap":73,"magType":"mb","type":"earthquake","title":"M 4.4 - 226 km ENE of Lospalos, Timor Leste"},"geometry":{"type":"Point","coordinates":[128.7211,-7.4015,144.134]},"id":"us7000t2wu"},
{"type":"Feature","properties":{"mag":4.9,"place":"South Sandwich Islands region","time":1784853423351,"updated":1786335348040,"tz":null,"url":"https://earthquake.usgs.gov/earthquakes/eventpage/us7000t2ws","detail":"https://earthquake.usgs.gov/fdsnws/event/1/query?eventid=us7000t2ws&format=geojson","felt":null,"cdi":null,"mmi":null,"alert":null,"status":"reviewed","tsunami":0,"sig":369,"net":"us","code":"7000t2ws","ids":",us7000t2ws,","sources":",us,","types":",origin,phase-data,","nst":51,"dmin":19.892,"rms":0.84,"gap":69,"magType":"mb","type":"earthquake","title":"M 4.9 - South Sandwich Islands region"},"geometry":{"type":"Point","coordinates":[-25.1649,-58.6939,35]},"id":"us7000t2ws"},
{"type":"Feature","properties":{"mag":4.2,"place":"1 km E of Schottwien, Austria","time":1784851147928,"updated":1786334940851,"tz":null,"url":"https://earthquake.usgs.gov/earthquakes/eventpage/us7000t2wp","detail":"https://earthquake.usgs.gov/fdsnws/event/1/query?eventid=us7000t2wp&format=geojson","felt":13,"cdi":5.3,"mmi":null,"alert":null,"status":"reviewed","tsunami":0,"sig":278,"net":"us","code":"7000t2wp","ids":",us7000t2wp,","sources":",us,","types":",dyfi,origin,phase-data,","nst":37,"dmin":1.446,"rms":0.61,"gap":39,"magType":"mb","type":"earthquake","title":"M 4.2 - 1 km E of Schottwien, Austria"},"geometry":{"type":"Point","coordinates":[15.8891,47.6569,10]},"id":"us7000t2wp"},
{"type":"Feature","properties":{"mag":4.4,"place":"205 km W of Abepura, Indonesia","time":1784850215723,"updated":1786770933040,"tz":null,"url":"https://earthquake.usgs.gov/earthquakes/eventpage/us6000tgpe","detail":"https://earthquake.usgs.gov/fdsnws/event/1/query?eventid=us6000tgpe&format=geojson","felt":null,"cdi":null,"mmi":null,"alert":null,"status":"reviewed","tsunami":0,"sig":298,"net":"us","code":"6000tgpe","ids":",us6000tgpe,","sources":",us,","types":",origin,phase-data,","nst":29,"dmin":1.918,"rms":0.5,"gap":61,"magType":"mb","type":"earthquake","title":"M 4.4 - 205 km W of Abepura, Indonesia"},"geometry":{"type":"Point","coordinates":[138.7843,-2.592,38.188]},"id":"us6000tgpe"},
{"type":"Feature","properties":{"mag":4.2,"place":"112 km SW of Puerto Madero, Mexico","time":1784848865347,"updated":1786769908040,"tz":null,"url":"https://earthquake.usgs.gov/earthquakes/eventpage/us6000tgpc","detail":"https://earthquake.usgs.gov/fdsnws/event/1/query?eventid=us6000tgpc&format=geojson","felt":null,"cdi":null,"mmi":null,"alert":null,"status":"reviewed","tsunami":0,"sig":271,"net":"us","code":"6000tgpc","ids":",us6000tgpc,","sources":",us,","types":",origin,phase-data,","nst":30,"dmin":2.421,"rms":1.07,"gap":181,"magType":"mb","type":"earthquake","title":"M 4.2 - 112 km SW of Puerto Madero, Mexico"},"geometry":{"type":"Point","coordinates":[-93.2537,14.1012,10]},"id":"us6000tgpc"},
{"type":"Feature","properties":{"mag":5.7,"place":"131 km W of Ternate, Indonesia","time":1784847515914,"updated":1786335287582,"tz":null,"url":"https://earthquake.usgs.gov/earthquakes/eventpage/us7000t2w3","detail":"https://earthquake.usgs.gov/fdsnws/event/1/query?eventid=us7000t2w3&format=geojson","felt":3,"cdi":3.6,"mmi":3.487,"alert":"green","status":"reviewed","tsunami":0,"sig":501,"net":"us","code":"7000t2w3","ids":",us7000t2w3,usauto7000t2w3,","sources":",us,usauto,","types":",dyfi,internal-moment-tensor,losspager,moment-tensor,origin,phase-data,shakemap,","nst":125,"dmin":6.277,"rms":0.88,"gap":40,"magType":"mww","type":"earthquake","title":"M 5.7 - 131 km W of Ternate, Indonesia"},"geometry":{"type":"Point","coordinates":[126.2207,0.5968,42.513]},"id":"us7000t2w3"},
{"type":"Feature","properties":{"mag":4.7,"place":"57 km NW of Santa Domenica, Italy","time":1784847357959,"updated":1786333943040,"tz":null,"url":"https://earthquake.usgs.gov/earthquakes/eventpage/us7000t2w2","detail":"https://earthquake.usgs.gov/fdsnws/event/1/query?eventid=us7000t2w2&format=geojson","felt":null,"cdi":null,"mmi":null,"alert":null,"status":"reviewed","tsunami":0,"sig":340,"net":"us","code":"7000t2w2","ids":",us7000t2w2,","sources":",us,","types":",origin,phase-data,","nst":107,"dmin":1.766,"rms":0.98,"gap":37,"magType":"mb","type":"earthquake","title":"M 4.7 - 57 km NW of Santa Domenica, Italy"},"geometry":{"type":"Point","coordinates":[15.3964,39.0355,243.118]},"id":"us7000t2w2"},
{"type":"Feature","properties":{"mag":4.7,"place":"southwest of Sumatra, Indonesia","time":1784847023328,"updated":1786332889040,"tz":null,"url":"https://earthquake.usgs.gov/earthquakes/eventpage/us7000t2w1","detail":"https://earthquake.usgs.gov/fdsnws/event/1/query?eventid=us7000t2w1&format=geojson","felt":null,"cdi":null,"mmi":null,"alert":null,"status":"reviewed","tsunami":0,"sig":340,"net":"us","code":"7000t2w1","ids":",us7000t2w1,","sources":",us,","types":",origin,phase-data,","nst":35,"dmin":2.97,"rms":0.79,"gap":86,"magType":"mb","type":"earthquake","title":"M 4.7 - southwest of Sumatra, Indonesia"},"geometry":{"type":"Point","coordinates":[100.615,-6.2136,10]},"id":"us7000t2w1"},
{"type":"Feature","properties":{"mag":4.5,"place":"140 km SW of Puerto Madero, Mexico","time":1784846343397,"updated":1786329586040,"tz":null,"url":"https://earthquake.usgs.gov/earthquakes/eventpage/us7000t2vx","detail":"https://earthquake.usgs.gov/fdsnws/event/1/query?eventid=us7000t2vx&format=geojson","felt":null,"cdi":null,"mmi":null,"alert":null,"status":"reviewed","tsunami":0,"sig":312,"net":"us","code":"7000t2vx","ids":",us7000t2vx,","sources":",us,","types":",origin,phase-data,","nst":44,"dmin":3.59,"rms":1.19,"gap":209,"magType":"mb","type":"earthquake","title":"M 4.5 - 140 km SW of Puerto Madero, Mexico"},"geometry":{"type":"Point","coordinates":[-93.4765,13.9742,10]},"id":"us7000t2vx"},
{"type":"Feature","properties":{"mag":4.4,"place":"38 km SSW of Bandar, Indonesia","time":1784843825344,"updated":1786767291040,"tz":null,"url":"https://earthquake.usgs.gov/earthquakes/eventpage/us6000tgp9","detail":"https://earthquake.usgs.gov/fdsnws/event/1/query?eventid=us6000tgp9&format=geojson","felt":null,"cdi":null,"mmi":null,"alert":null,"status":"reviewed","tsunami":0,"sig":298,"net":"us","code":"6000tgp9","ids":",us6000tgp9,","sources":",us,","types":",origin,phase-data,","nst":16,"dmin":2.039,"rms":0.81,"gap":98,"magType":"mb","type":"earthquake","title":"M 4.4 - 38 km SSW of Bandar, Indonesia"},"geometry":{"type":"Point","coordinates":[99.5657,1.7524,156.637]},"id":"us6000tgp9"},
{"type":"Feature","properties":{"mag":4.4,"place":"211 km W of Abepura, Indonesia","time":1784841222485,"updated":1786682605040,"tz":null,"url":"https://earthquake.usgs.gov/earthquakes/eventpage/us6000tgp6","detail":"https://earthquake.usgs.gov/fdsnws/event/1/query?eventid=us6000tgp6&format=geojson","felt":null,"cdi":null,"mmi":null,"alert":null,"status":"reviewed","tsunami":0,"sig":298,"net":"us","code":"6000tgp6","ids":",us6000tgp6,","sources":",us,","types":",origin,phase-data,","nst":32,"dmin":1.97,"rms":0.7,"gap":61,"magType":"mb","type":"earthquake","title":"M 4.4 - 211 km W of Abepura, Indonesia"},"geometry":{"type":"Point","coordinates":[138.7355,-2.6503,28.147]},"id":"us6000tgp6"},
{"type":"Feature","properties":{"mag":4.4,"place":"193 km W of Abepura, Indonesia","time":1784840989158,"updated":1786681747040,"tz":null,"url":"https://earthquake.usgs.gov/earthquakes/eventpage/us6000tgp7","detail":"https://earthquake.usgs.gov/fdsnws/event/1/query?eventid=us6000tgp7&format=geojson","felt":null,"cdi":null,"mmi":null,"alert":null,"status":"reviewed","tsunami":0,"sig":298,"net":"us","code":"6000tgp7","ids":",us6000tgp7,","sources":",us,","types":",origin,phase-data,","nst":24,"dmin":1.813,"rms":0.93,"gap":62,"magType":"mb","type":"earthquake","title":"M 4.4 - 193 km W of Abepura, Indonesia"},"geometry":{"type":"Point","coordinates":[138.8908,-2.622,25.053]},"id":"us6000tgp7"},
{"type":"Feature","properties":{"mag":4.5,"place":"291 km ESE of Levuka, Fiji","time":1784838165010,"updated":1786390063040,"tz":null,"url":"https://earthquake.usgs.gov/earthquakes/eventpage/us7000t2v2","detail":"https://earthquake.usgs.gov/fdsnws/event/1/query?eventid=us7000t2v2&format=geojson","felt":null,"cdi":null,"mmi":null,"alert":null,"status":"reviewed","tsunami":0,"sig":312,"net":"us","code":"7000t2v2","ids":",us7000t2v2,","sources":",us,","types":",origin,phase-data,","nst":67,"dmin":3.359,"rms":1.07,"gap":62,"magType":"mb","type":"earthquake","title":"M 4.5 - 291 km ESE of Levuka, Fiji"},"geometry":{"type":"Point","coordinates":[-178.011,-18.7366,500.228]},"id":"us7000t2v2"},
{"type":"Feature","properties":{"mag":4.4,"place":"186 km W of Abepura, Indonesia","time":1784837948807,"updated":1786389189040,"tz":null,"url":"https://earthquake.usgs.gov/earthquakes/eventpage/us6000tgp5","detail":"https://earthquake.usgs.gov/fdsnws/event/1/query?eventid=us6000tgp5&format=geojson","felt":null,"cdi":null,"mmi":null,"alert":null,"status":"reviewed","tsunami":0,"sig":298,"net":"us","code":"6000tgp5","ids":",us6000tgp5,","sources":",us,","types":",origin,phase-data,","nst":28,"dmin":1.754,"rms":1.25,"gap":93,"magType":"mb","type":"earthquake","title":"M 4.4 - 186 km W of Abepura, Indonesia"},"geometry":{"type":"Point","coordinates":[138.9673,-2.7833,10]},"id":"us6000tgp5"},
{"type":"Feature","properties":{"mag":4.8,"place":"217 km W of Abepura, Indonesia","time":1784837713492,"updated":1786378686040,"tz":null,"url":"https://earthquake.usgs.gov/earthquakes/eventpage/us7000t2uz","detail":"https://earthquake.usgs.gov/fdsnws/event/1/query?eventid=us7000t2uz&format=geojson","felt":null,"cdi":null,"mmi":null,"alert":null,"status":"reviewed","tsunami":0,"sig":354,"net":"us","code":"7000t2uz","ids":",us7000t2uz,","sources":",us,","types":",origin,phase-data,","nst":85,"dmin":2.02,"rms":0.92,"gap":37,"magType":"mww","type":"earthquake","title":"M 4.8 - 217 km W of Abepura, Indonesia"},"geometry":{"type":"Point","coordinates":[138.6812,-2.5707,10]},"id":"us7000t2uz"},
{"type":"Feature","properties":{"mag":4.5,"place":"270 km E of Levuka, Fiji","time":1784835737263,"updated":1786377188040,"tz":null,"url":"https://earthquake.usgs.gov/earthquakes/eventpage/us7000t2up","detail":"https://earthquake.usgs.gov/fdsnws/event/1/query?eventid=us7000t2up&format=geojson","felt":null,"cdi":null,"mmi":null,"alert":null,"status":"reviewed","tsunami":0,"sig":312,"net":"us","code":"7000t2up","ids":",us7000t2up,","sources":",us,","types":",origin,phase-data,","nst":45,"dmin":2.873,"rms":0.78,"gap":194,"magType":"mb","type":"earthquake","title":"M 4.5 - 270 km E of Levuka, Fiji"},"geometry":{"type":"Point","coordinates":[-178.1279,-18.0803,552.116]},"id":"us7000t2up"},
{"type":"Feature","properties":{"mag":4.2,"place":"156 km WNW of Port Orford, Oregon","time":1784834187352,"updated":1786735601844,"tz":null,"url":"https://earthquake.usgs.gov/earthquakes/eventpage/us7000t2ug","detail":"https://earthquake.usgs.gov/fdsnws/event/1/query?eventid=us7000t2ug&format=geojson","felt":2,"cdi":1,"mmi":null,"alert":null,"status":"reviewed","tsunami":0,"sig":272,"net":"us","code":"7000t2ug","ids":",us7000t2ug,","sources":",us,","types":",dyfi,event-sequence,moment-tensor,oaf,origin,phase-data,","nst":105,"dmin":1.661,"rms":0.93,"gap":154,"magType":"mwr","type":"earthquake","title":"M 4.2 - 156 km WNW of Port Orford, Oregon"},"geometry":{"type":"Point","coordinates":[-126.3599,43.0602,10]},"id":"us7000t2ug"},
{"type":"Feature","properties":{"mag":4.3,"place":"88 km SSW of Severo-Kuril’sk, Russia","time":1784832128917,"updated":1786306365040,"tz":null,"url":"https://earthquake.usgs.gov/earthquakes/eventpage/us7000t2ue","detail":"https://earthquake.usgs.gov/fdsnws/event/1/query?eventid=us7000t2ue&format=geojson","felt":null,"cdi":null,"mmi":null,"alert":null,"status":"reviewed","tsunami":0,"sig":284,"net":"us","code":"7000t2ue","ids":",us7000t2ue,","sources":",us,","types":",origin,phase-data,","nst":71,"dmin":3.415,"rms":0.6,"gap":97,"magType":"mb","type":"earthquake","title":"M 4.3 - 88 km SSW of Severo-Kuril’sk, Russia"},"geometry":{"type":"Point","coordinates":[155.8542,49.8977,79.625]},"id":"us7000t2ue"},
{"type":"Feature","properties":{"mag":4,"place":"58 km WSW of Pyay, Burma (Myanmar)","time":1784830897812,"updated":1786301275040,"tz":null,"url":"https://earthquake.usgs.gov/earthquakes/eventpage/us6000tgp3","detail":"https://earthquake.usgs.gov/fdsnws/event/1/query?eventid=us6000tgp3&format=geojson","felt":null,"cdi":null,"mmi":null,"alert":null,"status":"reviewed","tsunami":0,"sig":246,"net":"us","code":"6000tgp3","ids":",us6000tgp3,","sources":",us,","types":",origin,phase-data,","nst":22,"dmin":2.529,"rms":0.5,"gap":187,"magType":"mb","type":"earthquake","title":"M 4.0 - 58 km WSW of Pyay, Burma (Myanmar)"},"geometry":{"type":"Point","coordinates":[94.6933,18.672,54.334]},"id":"us6000tgp3"},
{"type":"Feature","properties":{"mag":4.5,"place":"5 km S of Jordán, Colombia","time":1784829028859,"updated":1786296969947,"tz":null,"url":"https://earthquake.usgs.gov/earthquakes/eventpage/us7000t2u4","detail":"https://earthquake.usgs.gov/fdsnws/event/1/query?eventid=us7000t2u4&format=geojson","felt":1,"cdi":2.7,"mmi":null,"alert":null,"status":"reviewed","tsunami":0,"sig":312,"net":"us","code":"7000t2u4","ids":",us7000t2u4,","sources":",us,","types":",dyfi,origin,phase-data,","nst":95,"dmin":0.789,"rms":0.89,"gap":38,"magType":"mb","type":"earthquake","title":"M 4.5 - 5 km S of Jordán, Colombia"},"geometry":{"type":"Point","coordinates":[-73.0936,6.6869,153.262]},"id":"us7000t2u4"},
{"type":"Feature","properties":{"mag":4.2,"place":"55 km E of Petropavlovsk-Kamchatsky, Russia","time":1784828525129,"updated":1786295765040,"tz":null,"url":"https://earthquake.usgs.gov/earthquakes/eventpage/us6000tgp1","detail":"https://earthquake.usgs.gov/fdsnws/event/1/query?eventid=us6000tgp1&format=geojson","felt":null,"cdi":null,"mmi":null,"alert":null,"status":"reviewed","tsunami":0,"sig":271,"net":"us","code":"6000tgp1","ids":",us6000tgp1,","sources":",us,","types":",origin,phase-data,","nst":35,"dmin":0.484,"rms":1.14,"gap":144,"magType":"mb","type":"earthquake","title":"M 4.2 - 55 km E of Petropavlovsk-Kamchatsky, Russia"},"geometry":{"type":"Point","coordinates":[159.4463,52.9722,61.584]},"id":"us6000tgp1"},
{"type":"Feature","properties":{"mag":4.2,"place":"244 km E of Levuka, Fiji","time":1784820816713,"updated":1786046470040,"tz":null,"url":"https://earthquake.usgs.gov/earthquakes/eventpage/us6000tgnx","detail":"https://earthquake.usgs.gov/fdsnws/event/1/query?eventid=us6000tgnx&format=geojson","felt":null,"cdi":null,"mmi":null,"alert":null,"status":"reviewed","tsunami":0,"sig":271,"net":"us","code":"6000tgnx","ids":",us6000tgnx,","sources":",us,","types":",origin,phase-data,","nst":31,"dmin":2.656,"rms":0.82,"gap":122,"magType":"mb","type":"earthquake","title":"M 4.2 - 244 km E of Levuka, Fiji"},"geometry":{"type":"Point","coordinates":[-178.3716,-18.0353,587.335]},"id":"us6000tgnx"},
{"type":"Feature","properties":{"mag":4.5,"place":"100 km SSW of La Esperanza (El Zapotal), Mexico","time":1784820598545,"updated":1786208023040,"tz":null,"url":"https://earthquake.usgs.gov/earthquakes/eventpage/us7000t2tf","detail":"https://earthquake.usgs.gov/fdsnws/event/1/query?eventid=us7000t2tf&format=geojson","felt":null,"cdi":null,"mmi":null,"alert":null,"status":"reviewed","tsunami":0,"sig":312,"net":"us","code":"7000t2tf","ids":",us7000t2tf,","sources":",us,","types":",origin,phase-data,","nst":66,"dmin":2.109,"rms":0.99,"gap":181,"magType":"mb","type":"earthquake","title":"M 4.5 - 100 km SSW of La Esperanza (El Zapotal), Mexico"},"geometry":{"type":"Point","coordinates":[-93.4418,14.5797,28.723]},"id":"us7000t2tf"},
{"type":"Feature","properties":{"mag":4.6,"place":"229 km SW of Merizo Village, Guam","time":1784819562639,"updated":1786045890040,"tz":null,"url":"https://earthquake.usgs.gov/earthquakes/eventpage/us6000tgnv","detail":"https://earthquake.usgs.gov/fdsnws/event/1/query?eventid=us6000tgnv&format=geojson","felt":null,"cdi":null,"mmi":null,"alert":null,"status":"reviewed","tsunami":0,"sig":326,"net":"us","code":"6000tgnv","ids":",us6000tgnv,","sources":",us,","types":",origin,phase-data,","nst":34,"dmin":2.422,"rms":0.72,"gap":144,"magType":"mb","type":"earthquake","title":"M 4.6 - 229 km SW of Merizo Village, Guam"},"geometry":{"type":"Point","coordinates":[143.1044,11.8746,10]},"id":"us6000tgnv"},
{"type":"Feature","properties":{"mag":4.3,"place":"12 km SW of Piedecuesta, Colombia","time":1784819411808,"updated":1786045109040,"tz":null,"url":"https://earthquake.usgs.gov/earthquakes/eventpage/us6000tgnw","detail":"https://earthquake.usgs.gov/fdsnws/event/1/query?eventid=us6000tgnw&format=geojson","felt":null,"cdi":null,"mmi":null,"alert":null,"status":"reviewed","tsunami":0,"sig":284,"net":"us","code":"6000tgnw","ids":",us6000tgnw,","sources":",us,","types":",origin,phase-data,","nst":20,"dmin":1.024,"rms":1.02,"gap":115,"magType":"mb","type":"earthquake","title":"M 4.3 - 12 km SW of Piedecuesta, Colombia"},"geometry":{"type":"Point","coordinates":[-73.1419,6.9212,146.197]},"id":"us6000tgnw"},
{"type":"Feature","properties":{"mag":4.6,"place":"153 km SSE of Lata, Solomon Islands","time":1784815980941,"updated":1786043289040,"tz":null,"url":"https://earthquake.usgs.gov/earthquakes/eventpage/us7000t2t9","detail":"https://earthquake.usgs.gov/fdsnws/event/1/query?eventid=us7000t2t9&format=geojson","felt":null,"cdi":null,"mmi":null,"alert":null,"status":"reviewed","tsunami":0,"sig":326,"net":"us","code":"7000t2t9","ids":",us7000t2t9,","sources":",us,","types":",origin,phase-data,","nst":55,"dmin":6.838,"rms":0.75,"gap":92,"magType":"mb","type":"earthquake","title":"M 4.6 - 153 km SSE of Lata, Solomon Islands"},"geometry":{"type":"Point","coordinates":[166.418,-11.9697,198.532]},"id":"us7000t2t9"},
{"type":"Feature","properties":{"mag":4.5,"place":"97 km SSW of Isangel, Vanuatu","time":1784812908986,"updated":1786042730040,"tz":null,"url":"https://earthquake.usgs.gov/earthquakes/eventpage/us7000t2pg","detail":"https://earthquake.usgs.gov/fdsnws/event/1/query?eventid=us7000t2pg&format=geojson","felt":null,"cdi":null,"mmi":null,"alert":null,"status":"reviewed","tsunami":0,"sig":312,"net":"us","code":"7000t2pg","ids":",us7000t2pg,","sources":",us,","types":",origin,phase-data,","nst":20,"dmin":2.63,"rms":1,"gap":120,"magType":"mb","type":"earthquake","title":"M 4.5 - 97 km SSW of Isangel, Vanuatu"},"geometry":{"type":"Point","coordinates":[168.7801,-20.2827,10]},"id":"us7000t2pg"},
{"type":"Feature","properties":{"mag":4,"place":"221 km SE of Kushimoto, Japan","time":1784812701827,"updated":1786042424040,"tz":null,"url":"https://earthquake.usgs.gov/earthquakes/eventpage/us7000t2p8","detail":"https://earthquake.usgs.gov/fdsnws/event/1/query?eventid=us7000t2p8&format=geojson","felt":null,"cdi":null,"mmi":null,"alert":null,"status":"reviewed","tsunami":0,"sig":246,"net":"us","code":"7000t2p8","ids":",us7000t2p8,","sources":",us,","types":",origin,phase-data,","nst":49,"dmin":3.193,"rms":0.64,"gap":120,"magType":"mb","type":"earthquake","title":"M 4.0 - 221 km SE of Kushimoto, Japan"},"geometry":{"type":"Point","coordinates":[137.5865,32.1829,383.511]},"id":"us7000t2p8"},
{"type":"Feature","properties":{"mag":5,"place":"60 km SW of Champerico, Guatemala","time":1784812442845,"updated":1786207563040,"tz":null,"url":"https://earthquake.usgs.gov/earthquakes/eventpage/us7000t2p7","detail":"https://earthquake.usgs.gov/fdsnws/event/1/query?eventid=us7000t2p7&format=geojson","felt":null,"cdi":null,"mmi":null,"alert":null,"status":"reviewed","tsunami":0,"sig":385,"net":"us","code":"7000t2p7","ids":",us7000t2p7,","sources":",us,","types":",origin,phase-data,","nst":62,"dmin":2.381,"rms":0.94,"gap":158,"magType":"mb","type":"earthquake","title":"M 5.0 - 60 km SW of Champerico, Guatemala"},"geometry":{"type":"Point","coordinates":[-92.2304,13.8418,35]},"id":"us7000t2p7"},
{"type":"Feature","properties":{"mag":4.7,"place":"158 km W of Ovalle, Chile","time":1784810875550,"updated":1786690592040,"tz":null,"url":"https://earthquake.usgs.gov/earthquakes/eventpage/us7000t2p3","detail":"https://earthquake.usgs.gov/fdsnws/event/1/query?eventid=us7000t2p3&format=geojson","felt":null,"cdi":null,"mmi":null,"alert":null,"status":"reviewed","tsunami":0,"sig":340,"net":"us","code":"7000t2p3","ids":",us7000t2p3,","sources":",us,","types":",origin,phase-data,","nst":34,"dmin":1.05,"rms":0.81,"gap":92,"magType":"mb","type":"earthquake","title":"M 4.7 - 158 km W of Ovalle, Chile"},"geometry":{"type":"Point","coordinates":[-72.8531,-30.7097,10]},"id":"us7000t2p3"},
{"type":"Feature","properties":{"mag":4.9,"place":"Pagan region, Northern Mariana Islands","time":1784808717367,"updated":1786692564040,"tz":null,"url":"https://earthquake.usgs.gov/earthquakes/eventpage/us7000t2p1","detail":"https://earthquake.usgs.gov/fdsnws/event/1/query?eventid=us7000t2p1&format=geojson","felt":null,"cdi":null,"mmi":null,"alert":null,"status":"reviewed","tsunami":0,"sig":369,"net":"us","code":"7000t2p1","ids":",us7000t2p1,","sources":",us,","types":",origin,phase-data,","nst":129,"dmin":2.798,"rms":0.85,"gap":36,"magType":"mb","type":"earthquake","title":"M 4.9 - Pagan region, Northern Mariana Islands"},"geometry":{"type":"Point","coordinates":[145.2931,18.0066,321.081]},"id":"us7000t2p1"},
{"type":"Feature","properties":{"mag":4.6,"place":"107 km SW of Champerico, Guatemala","time":1784808283821,"updated":1786454056040,"tz":null,"url":"https://earthquake.usgs.gov/earthquakes/eventpage/us7000t2nz","detail":"https://earthquake.usgs.gov/fdsnws/event/1/query?eventid=us7000t2nz&format=geojson","felt":null,"cdi":null,"mmi":null,"alert":null,"status":"reviewed","tsunami":0,"sig":326,"net":"us","code":"7000t2nz","ids":",us7000t2nz,","sources":",us,","types":",origin,phase-data,","nst":57,"dmin":2.731,"rms":1.08,"gap":158,"magType":"mb","type":"earthquake","title":"M 4.6 - 107 km SW of Champerico, Guatemala"},"geometry":{"type":"Point","coordinates":[-92.5753,13.5678,10]},"id":"us7000t2nz"},
{"type":"Feature","properties":{"mag":5,"place":"38 km SSE of Spearman, Texas","time":1784802103909,"updated":1786703513100,"tz":null,"url":"https://earthquake.usgs.gov/earthquakes/eventpage/tx2026ojlaky","detail":"https://earthquake.usgs.gov/fdsnws/event/1/query?eventid=tx2026ojlaky&format=geojson","felt":499,"cdi":6.6,"mmi":5.857,"alert":"green","status":"reviewed","tsunami":0,"sig":714,"net":"tx","code":"2026ojlaky","ids":",us7000t2nb,tx2026ojlaky,","sources":",us,tx,","types":",dyfi,event-sequence,losspager,moment-tensor,oaf,origin,phase-data,shakemap,","nst":14,"dmin":0.4,"rms":0.3,"gap":71,"magType":"ml","type":"earthquake","title":"M 5.0 - 38 km SSE of Spearman, Texas"},"geometry":{"type":"Point","coordinates":[-100.976,35.902,5.6885]},"id":"tx2026ojlaky"},
{"type":"Feature","properties":{"mag":5.1,"place":"98 km SE of Atka, Alaska","time":1784799018531,"updated":1786700428739,"tz":null,"url":"https://earthquake.usgs.gov/earthquakes/eventpage/us7000t2n5","detail":"https://earthquake.usgs.gov/fdsnws/event/1/query?eventid=us7000t2n5&format=geojson","felt":null,"cdi":null,"mmi":3.155,"alert":null,"status":"reviewed","tsunami":0,"sig":400,"net":"us","code":"7000t2n5","ids":",us7000t2n5,aka2026olrlxi,","sources":",us,ak,","types":",origin,phase-data,shakemap,","nst":116,"dmin":0.885,"rms":0.87,"gap":107,"magType":"mb","type":"earthquake","title":"M 5.1 - 98 km SE of Atka, Alaska"},"geometry":{"type":"Point","coordinates":[-173.2162,51.5596,35]},"id":"us7000t2n5"},
{"type":"Feature","properties":{"mag":5.1,"place":"79 km SE of Tatsugō, Japan","time":1784798542368,"updated":1786456047040,"tz":null,"url":"https://earthquake.usgs.gov/earthquakes/eventpage/us7000t2n3","detail":"https://earthquake.usgs.gov/fdsnws/event/1/query?eventid=us7000t2n3&format=geojson","felt":null,"cdi":null,"mmi":null,"alert":null,"status":"reviewed","tsunami":0,"sig":400,"net":"us","code":"7000t2n3","ids":",us7000t2n3,","sources":",us,","types":",origin,phase-data,","nst":65,"dmin":1.955,"rms":0.89,"gap":62,"magType":"mb","type":"earthquake","title":"M 5.1 - 79 km SE of Tatsugō, Japan"},"geometry":{"type":"Point","coordinates":[130.1205,27.8995,10]},"id":"us7000t2n3"},
{"type":"Feature","properties":{"mag":4.4,"place":"36 km SSE of Dogonbadan, Iran","time":1784793526438,"updated":1785659352040,"tz":null,"url":"https://earthquake.usgs.gov/earthquakes/eventpage/us7000t2ms","detail":"https://earthquake.usgs.gov/fdsnws/event/1/query?eventid=us7000t2ms&format=geojson","felt":null,"cdi":null,"mmi":null,"alert":null,"status":"reviewed","tsunami":0,"sig":298,"net":"us","code":"7000t2ms","ids":",us7000t2ms,","sources":",us,","types":",origin,phase-data,","nst":38,"dmin":6.591,"rms":0.77,"gap":69,"magType":"mb","type":"earthquake","title":"M 4.4 - 36 km SSE of Dogonbadan, Iran"},"geometry":{"type":"Point","coordinates":[50.9206,30.0449,10]},"id":"us7000t2ms"},
{"type":"Feature","properties":{"mag":4.2,"place":"45 km N of Valparaíso, Chile","time":1784792933197,"updated":1785658902040,"tz":null,"url":"https://earthquake.usgs.gov/earthquakes/eventpage/us7000t2mq","detail":"https://earthquake.usgs.gov/fdsnws/event/1/query?eventid=us7000t2mq&format=geojson","felt":null,"cdi":null,"mmi":null,"alert":null,"status":"reviewed","tsunami":0,"sig":271,"net":"us","code":"7000t2mq","ids":",us7000t2mq,","sources":",us,","types":",origin,phase-data,","nst":28,"dmin":0.79,"rms":0.81,"gap":146,"magType":"mb","type":"earthquake","title":"M 4.2 - 45 km N of Valparaíso, Chile"},"geometry":{"type":"Point","coordinates":[-71.7168,-32.6355,36.464]},"id":"us7000t2mq"},
{"type":"Feature","properties":{"mag":4.6,"place":"98 km SE of Atka, Alaska","time":1784789467948,"updated":1785658377040,"tz":null,"url":"https://earthquake.usgs.gov/earthquakes/eventpage/us7000t2mc","detail":"https://earthquake.usgs.gov/fdsnws/event/1/query?eventid=us7000t2mc&format=geojson","felt":null,"cdi":null,"mmi":3.218,"alert":null,"status":"reviewed","tsunami":0,"sig":326,"net":"us","code":"7000t2mc","ids":",aka2026olmdsn,us7000t2mc,","sources":",ak,us,","types":",origin,phase-data,shakemap,","nst":80,"dmin":0.89,"rms":0.63,"gap":138,"magType":"mb","type":"earthquake","title":"M 4.6 - 98 km SE of Atka, Alaska"},"geometry":{"type":"Point","coordinates":[-173.1611,51.5861,42.809]},"id":"us7000t2mc"},
{"type":"Feature","properties":{"mag":4.2,"place":"115 km SSW of La Esperanza (El Zapotal), Mexico","time":1784789242111,"updated":1785657819040,"tz":null,"url":"https://earthquake.usgs.gov/earthquakes/eventpage/us7000t2ma","detail":"https://earthquake.usgs.gov/fdsnws/event/1/query?eventid=us7000t2ma&format=geojson","felt":null,"cdi":null,"mmi":null,"alert":null,"status":"reviewed","tsunami":0,"sig":271,"net":"us","code":"7000t2ma","ids":",us7000t2ma,","sources":",us,","types":",origin,phase-data,","nst":31,"dmin":3.731,"rms":0.92,"gap":206,"magType":"mb","type":"earthquake","title":"M 4.2 - 115 km SSW of La Esperanza (El Zapotal), Mexico"},"geometry":{"type":"Point","coordinates":[-93.5805,14.4845,10]},"id":"us7000t2ma"},
{"type":"Feature","properties":{"mag":5.1,"place":"central Mid-Atlantic Ridge","time":1784788197815,"updated":1785657651040,"tz":null,"url":"https://earthquake.usgs.gov/earthquakes/eventpage/us7000t2mi","detail":"https://earthquake.usgs.gov/fdsnws/event/1/query?eventid=us7000t2mi&format=geojson","felt":null,"cdi":null,"mmi":null,"alert":null,"status":"reviewed","tsunami":0,"sig":400,"net":"us","code":"7000t2mi","ids":",usauto7000t2mi,us7000t2mi,","sources":",usauto,us,","types":",internal-moment-tensor,origin,phase-data,","nst":55,"dmin":13.582,"rms":0.5,"gap":75,"magType":"mww","type":"earthquake","title":"M 5.1 - central Mid-Atlantic Ridge"},"geometry":{"type":"Point","coordinates":[-39.3965,8.5187,10]},"id":"us7000t2mi"},
{"type":"Feature","properties":{"mag":4.6,"place":"71 km ESE of Mawlaik, Burma (Myanmar)","time":1784779574311,"updated":1786843899040,"tz":null,"url":"https://earthquake.usgs.gov/earthquakes/eventpage/us7000t2lg","detail":"https://earthquake.usgs.gov/fdsnws/event/1/query?eventid=us7000t2lg&format=geojson","felt":null,"cdi":null,"mmi":null,"alert":null,"status":"reviewed","tsunami":0,"sig":326,"net":"us","code":"7000t2lg","ids":",us7000t2lg,","sources":",us,","types":",origin,phase-data,","nst":43,"dmin":2.116,"rms":0.61,"gap":116,"magType":"mb","type":"earthquake","title":"M 4.6 - 71 km ESE of Mawlaik, Burma (Myanmar)"},"geometry":{"type":"Point","coordinates":[95.0165,23.3303,69.909]},"id":"us7000t2lg"},
{"type":"Feature","properties":{"mag":4.4,"place":"198 km W of Abepura, Indonesia","time":1784775880632,"updated":1786837550040,"tz":null,"url":"https://earthquake.usgs.gov/earthquakes/eventpage/us6000tgnd","detail":"https://earthquake.usgs.gov/fdsnws/event/1/query?eventid=us6000tgnd&format=geojson","felt":null,"cdi":null,"mmi":null,"alert":null,"status":"reviewed","tsunami":0,"sig":298,"net":"us","code":"6000tgnd","ids":",us6000tgnd,","sources":",us,","types":",origin,phase-data,","nst":15,"dmin":1.862,"rms":1.05,"gap":73,"magType":"mb","type":"earthquake","title":"M 4.4 - 198 km W of Abepura, Indonesia"},"geometry":{"type":"Point","coordinates":[138.8489,-2.7115,10]},"id":"us6000tgnd"},
{"type":"Feature","properties":{"mag":4.6,"place":"92 km WSW of Puerto Casma, Peru","time":1784775339068,"updated":1786843419040,"tz":null,"url":"https://earthquake.usgs.gov/earthquakes/eventpage/us7000t2l3","detail":"https://earthquake.usgs.gov/fdsnws/event/1/query?eventid=us7000t2l3&format=geojson","felt":null,"cdi":null,"mmi":null,"alert":null,"status":"reviewed","tsunami":0,"sig":326,"net":"us","code":"7000t2l3","ids":",us7000t2l3,","sources":",us,","types":",origin,phase-data,","nst":50,"dmin":3.208,"rms":0.86,"gap":139,"magType":"mb","type":"earthquake","title":"M 4.6 - 92 km WSW of Puerto Casma, Peru"},"geometry":{"type":"Point","coordinates":[-79.1827,-9.7353,51.662]},"id":"us7000t2l3"},
{"type":"Feature","properties":{"mag":4.7,"place":"32 km SE of Iray, Peru","time":1784774308932,"updated":1786843212040,"tz":null,"url":"https://earthquake.usgs.gov/earthquakes/eventpage/us7000t2ku","detail":"https://earthquake.usgs.gov/fdsnws/event/1/query?eventid=us7000t2ku&format=geojson","felt":null,"cdi":null,"mmi":null,"alert":null,"status":"reviewed","tsunami":0,"sig":340,"net":"us","code":"7000t2ku","ids":",us7000t2ku,","sources":",us,","types":",origin,phase-data,","nst":42,"dmin":3.036,"rms":1.09,"gap":138,"magType":"mb","type":"earthquake","title":"M 4.7 - 32 km SE of Iray, Peru"},"geometry":{"type":"Point","coordinates":[-72.3941,-16.0398,119.099]},"id":"us7000t2ku"},
{"type":"Feature","properties":{"mag":4.2,"place":"130 km NNW of Agats, Indonesia","time":1784773935569,"updated":1786836526040,"tz":null,"url":"https://earthquake.usgs.gov/earthquakes/eventpage/us6000tgnc","detail":"https://earthquake.usgs.gov/fdsnws/event/1/query?eventid=us6000tgnc&format=geojson","felt":null,"cdi":null,"mmi":null,"alert":null,"status":"reviewed","tsunami":0,"sig":271,"net":"us","code":"6000tgnc","ids":",us6000tgnc,","sources":",us,","types":",origin,phase-data,","nst":10,"dmin":3.383,"rms":1.15,"gap":70,"magType":"mb","type":"earthquake","title":"M 4.2 - 130 km NNW of Agats, Indonesia"},"geometry":{"type":"Point","coordinates":[137.8757,-4.3925,10]},"id":"us6000tgnc"},
{"type":"Feature","properties":{"mag":4.1,"place":"117 km SSW of Puerto Peñasco, Mexico","time":1784772065962,"updated":1786842885040,"tz":null,"url":"https://earthquake.usgs.gov/earthquakes/eventpage/us7000t2ki","detail":"https://earthquake.usgs.gov/fdsnws/event/1/query?eventid=us7000t2ki&format=geojson","felt":null,"cdi":null,"mmi":null,"alert":null,"status":"reviewed","tsunami":0,"sig":259,"net":"us","code":"7000t2ki","ids":",us7000t2ki,","sources":",us,","types":",origin,phase-data,","nst":37,"dmin":1.153,"rms":1.25,"gap":127,"magType":"mb","type":"earthquake","title":"M 4.1 - 117 km SSW of Puerto Peñasco, Mexico"},"geometry":{"type":"Point","coordinates":[-113.8297,30.2905,10]},"id":"us7000t2ki"},
{"type":"Feature","properties":{"mag":4.7,"place":"74 km S of Calama, Chile","time":1784771760762,"updated":1786842730040,"tz":null,"url":"https://earthquake.usgs.gov/earthquakes/eventpage/us7000t2kg","detail":"https://earthquake.usgs.gov/fdsnws/event/1/query?eventid=us7000t2kg&format=geojson","felt":null,"cdi":null,"mmi":null,"alert":null,"status":"reviewed","tsunami":0,"sig":340,"net":"us","code":"7000t2kg","ids":",us7000t2kg,","sources":",us,","types":",origin,phase-data,","nst":50,"dmin":0.692,"rms":1.23,"gap":62,"magType":"mb","type":"earthquake","title":"M 4.7 - 74 km S of Calama, Chile"},"geometry":{"type":"Point","coordinates":[-68.9756,-23.1284,96.05]},"id":"us7000t2kg"},
{"type":"Feature","properties":{"mag":4.1,"place":"124 km SW of Ocós, Guatemala","time":1784766547448,"updated":1786589560040,"tz":null,"url":"https://earthquake.usgs.gov/earthquakes/eventpage/us6000tgn6","detail":"https://earthquake.usgs.gov/fdsnws/event/1/query?eventid=us6000tgn6&format=geojson","felt":null,"cdi":null,"mmi":null,"alert":null,"status":"reviewed","tsunami":0,"sig":259,"net":"us","code":"6000tgn6","ids":",us6000tgn6,","sources":",us,","types":",origin,phase-data,","nst":28,"dmin":2.724,"rms":1.36,"gap":207,"magType":"mb","type":"earthquake","title":"M 4.1 - 124 km SW of Ocós, Guatemala"},"geometry":{"type":"Point","coordinates":[-92.9354,13.6536,10]},"id":"us6000tgn6"},
{"type":"Feature","properties":{"mag":4.1,"place":"Mariana Islands region","time":1784765522827,"updated":1786577797040,"tz":null,"url":"https://earthquake.usgs.gov/earthquakes/eventpage/us6000tgn4","detail":"https://earthquake.usgs.gov/fdsnws/event/1/query?eventid=us6000tgn4&format=geojson","felt":null,"cdi":null,"mmi":null,"alert":null,"status":"reviewed","tsunami":0,"sig":259,"net":"us","code":"6000tgn4","ids":",us6000tgn4,","sources":",us,","types":",origin,phase-data,","nst":15,"dmin":2.712,"rms":1.02,"gap":110,"magType":"mb","type":"earthquake","title":"M 4.1 - Mariana Islands region"},"geometry":{"type":"Point","coordinates":[147.9323,17.0116,10]},"id":"us6000tgn4"},
{"type":"Feature","properties":{"mag":4.1,"place":"211 km N of Saipan, Northern Mariana Islands","time":1784765388618,"updated":1786588812040,"tz":null,"url":"https://earthquake.usgs.gov/earthquakes/eventpage/us6000tgn5","detail":"https://earthquake.usgs.gov/fdsnws/event/1/query?eventid=us6000tgn5&format=geojson","felt":null,"cdi":null,"mmi":null,"alert":null,"status":"reviewed","tsunami":0,"sig":259,"net":"us","code":"6000tgn5","ids":",us6000tgn5,","sources":",us,","types":",origin,phase-data,","nst":16,"dmin":1.875,"rms":0.94,"gap":145,"magType":"mb","type":"earthquake","title":"M 4.1 - 211 km N of Saipan, Northern Mariana Islands"},"geometry":{"type":"Point","coordinates":[146.0849,17.0978,10]},"id":"us6000tgn5"},
{"type":"Feature","properties":{"mag":4.2,"place":"79 km S of Bengkulu, Indonesia","time":1784763642124,"updated":1785886065040,"tz":null,"url":"https://earthquake.usgs.gov/earthquakes/eventpage/us6000tgeh","detail":"https://earthquake.usgs.gov/fdsnws/event/1/query?eventid=us6000tgeh&format=geojson","felt":null,"cdi":null,"mmi":null,"alert":null,"status":"reviewed","tsunami":0,"sig":271,"net":"us","code":"6000tgeh","ids":",us6000tgeh,","sources":",us,","types":",origin,phase-data,","nst":16,"dmin":0.592,"rms":1.11,"gap":140,"magType":"mb","type":"earthquake","title":"M 4.2 - 79 km S of Bengkulu, Indonesia"},"geometry":{"type":"Point","coordinates":[102.3813,-4.5122,56.934]},"id":"us6000tgeh"},
{"type":"Feature","properties":{"mag":4.9,"place":"19 km NW of Hihifo, Tonga","time":1784757530252,"updated":1786076680040,"tz":null,"url":"https://earthquake.usgs.gov/earthquakes/eventpage/us7000t2jk","detail":"https://earthquake.usgs.gov/fdsnws/event/1/query?eventid=us7000t2jk&format=geojson","felt":null,"cdi":null,"mmi":null,"alert":null,"status":"reviewed","tsunami":0,"sig":369,"net":"us","code":"7000t2jk","ids":",us7000t2jk,","sources":",us,","types":",origin,phase-data,","nst":76,"dmin":2.789,"rms":0.93,"gap":48,"magType":"mb","type":"earthquake","title":"M 4.9 - 19 km NW of Hihifo, Tonga"},"geometry":{"type":"Point","coordinates":[-173.9021,-15.8112,61.949]},"id":"us7000t2jk"},
{"type":"Feature","properties":{"mag":4.9,"place":"97 km SSE of Sola, Vanuatu","time":1784756570446,"updated":1786076359040,"tz":null,"url":"https://earthquake.usgs.gov/earthquakes/eventpage/us7000t2jh","detail":"https://earthquake.usgs.gov/fdsnws/event/1/query?eventid=us7000t2jh&format=geojson","felt":null,"cdi":null,"mmi":null,"alert":null,"status":"reviewed","tsunami":0,"sig":369,"net":"us","code":"7000t2jh","ids":",us7000t2jh,","sources":",us,","types":",origin,phase-data,","nst":40,"dmin":6.795,"rms":0.52,"gap":114,"magType":"mb","type":"earthquake","title":"M 4.9 - 97 km SSE of Sola, Vanuatu"},"geometry":{"type":"Point","coordinates":[167.9296,-14.6774,10]},"id":"us7000t2jh"},
{"type":"Feature","properties":{"mag":4.3,"place":"Fiji region","time":1784754312962,"updated":1786074290040,"tz":null,"url":"https://earthquake.usgs.gov/earthquakes/eventpage/us6000tgeg","detail":"https://earthquake.usgs.gov/fdsnws/event/1/query?eventid=us6000tgeg&format=geojson","felt":null,"cdi":null,"mmi":null,"alert":null,"status":"reviewed","tsunami":0,"sig":284,"net":"us","code":"6000tgeg","ids":",us6000tgeg,","sources":",us,","types":",origin,phase-data,","nst":32,"dmin":4.452,"rms":0.51,"gap":129,"magType":"mb","type":"earthquake","title":"M 4.3 - Fiji region"},"geometry":{"type":"Point","coordinates":[-178.5735,-20.8718,560.146]},"id":"us6000tgeg"},
{"type":"Feature","properties":{"mag":5.1,"place":"Kermadec Islands, New Zealand","time":1784754175170,"updated":1786586032040,"tz":null,"url":"https://earthquake.usgs.gov/earthquakes/eventpage/us7000t2j3","detail":"https://earthquake.usgs.gov/fdsnws/event/1/query?eventid=us7000t2j3&format=geojson","felt":null,"cdi":null,"mmi":null,"alert":null,"status":"reviewed","tsunami":0,"sig":400,"net":"us","code":"7000t2j3","ids":",us7000t2j3,","sources":",us,","types":",origin,phase-data,","nst":25,"dmin":0.766,"rms":0.76,"gap":137,"magType":"mb","type":"earthquake","title":"M 5.1 - Kermadec Islands, New Zealand"},"geometry":{"type":"Point","coordinates":[-177.1126,-29.5278,22.112]},"id":"us7000t2j3"},
{"type":"Feature","properties":{"mag":4.1,"place":"45 km S of Hualien City, Taiwan","time":1784753829879,"updated":1786731934040,"tz":null,"url":"https://earthquake.usgs.gov/earthquakes/eventpage/us7000t2iy","detail":"https://earthquake.usgs.gov/fdsnws/event/1/query?eventid=us7000t2iy&format=geojson","felt":null,"cdi":null,"mmi":null,"alert":null,"status":"reviewed","tsunami":0,"sig":259,"net":"us","code":"7000t2iy","ids":",us7000t2iy,","sources":",us,","types":",origin,phase-data,","nst":31,"dmin":0.316,"rms":0.85,"gap":59,"magType":"mb","type":"earthquake","title":"M 4.1 - 45 km S of Hualien City, Taiwan"},"geometry":{"type":"Point","coordinates":[121.5859,23.5655,27.376]},"id":"us7000t2iy"},
{"type":"Feature","properties":{"mag":4.3,"place":"40 km N of Kundiawa, Papua New Guinea","time":1784753108647,"updated":1786730075040,"tz":null,"url":"https://earthquake.usgs.gov/earthquakes/eventpage/us6000tgee","detail":"https://earthquake.usgs.gov/fdsnws/event/1/query?eventid=us6000tgee&format=geojson","felt":null,"cdi":null,"mmi":null,"alert":null,"status":"reviewed","tsunami":0,"sig":284,"net":"us","code":"6000tgee","ids":",us6000tgee,","sources":",us,","types":",origin,phase-data,","nst":16,"dmin":4.314,"rms":0.99,"gap":125,"magType":"mb","type":"earthquake","title":"M 4.3 - 40 km N of Kundiawa, Papua New Guinea"},"geometry":{"type":"Point","coordinates":[144.9654,-5.6548,10]},"id":"us6000tgee"},
{"type":"Feature","properties":{"mag":4.9,"place":"Kermadec Islands, New Zealand","time":1784750847771,"updated":1786729224040,"tz":null,"url":"https://earthquake.usgs.gov/earthquakes/eventpage/us7000t2ig","detail":"https://earthquake.usgs.gov/fdsnws/event/1/query?eventid=us7000t2ig&format=geojson","felt":null,"cdi":null,"mmi":null,"alert":null,"status":"reviewed","tsunami":0,"sig":369,"net":"us","code":"7000t2ig","ids":",us7000t2ig,","sources":",us,","types":",origin,phase-data,","nst":62,"dmin":0.711,"rms":1.18,"gap":81,"magType":"mb","type":"earthquake","title":"M 4.9 - Kermadec Islands, New Zealand"},"geometry":{"type":"Point","coordinates":[-177.1295,-29.3819,35]},"id":"us7000t2ig"},
{"type":"Feature","properties":{"mag":4.3,"place":"50 km NE of Pototano, Indonesia","time":1784749031572,"updated":1786728854040,"tz":null,"url":"https://earthquake.usgs.gov/earthquakes/eventpage/us6000tged","detail":"https://earthquake.usgs.gov/fdsnws/event/1/query?eventid=us6000tged&format=geojson","felt":null,"cdi":null,"mmi":null,"alert":null,"status":"reviewed","tsunami":0,"sig":284,"net":"us","code":"6000tged","ids":",us6000tged,","sources":",us,","types":",origin,phase-data,","nst":15,"dmin":3.616,"rms":0.77,"gap":79,"magType":"mb","type":"earthquake","title":"M 4.3 - 50 km NE of Pototano, Indonesia"},"geometry":{"type":"Point","coordinates":[117.7981,-8.0854,10]},"id":"us6000tged"},
{"type":"Feature","properties":{"mag":4.8,"place":"Kermadec Islands region","time":1784744979734,"updated":1786726798040,"tz":null,"url":"https://earthquake.usgs.gov/earthquakes/eventpage/us7000t2hm","detail":"https://earthquake.usgs.gov/fdsnws/event/1/query?eventid=us7000t2hm&format=geojson","felt":null,"cdi":null,"mmi":null,"alert":null,"status":"reviewed","tsunami":0,"sig":354,"net":"us","code":"7000t2hm","ids":",us7000t2hm,","sources":",us,","types":",origin,phase-data,","nst":170,"dmin":2.995,"rms":0.95,"gap":34,"magType":"mb","type":"earthquake","title":"M 4.8 - Kermadec Islands region"},"geometry":{"type":"Point","coordinates":[179.8236,-31.5337,349.785]},"id":"us7000t2hm"},
{"type":"Feature","properties":{"mag":4.2,"place":"220 km NNE of Lospalos, Timor Leste","time":1784744836637,"updated":1786726132040,"tz":null,"url":"https://earthquake.usgs.gov/earthquakes/eventpage/us6000tgeb","detail":"https://earthquake.usgs.gov/fdsnws/event/1/query?eventid=us6000tgeb&format=geojson","felt":null,"cdi":null,"mmi":null,"alert":null,"status":"reviewed","tsunami":0,"sig":271,"net":"us","code":"6000tgeb","ids":",us6000tgeb,","sources":",us,","types":",origin,phase-data,","nst":34,"dmin":4.578,"rms":0.5,"gap":43,"magType":"mb","type":"earthquake","title":"M 4.2 - 220 km NNE of Lospalos, Timor Leste"},"geometry":{"type":"Point","coordinates":[127.6812,-6.6462,340.53]},"id":"us6000tgeb"},
{"type":"Feature","properties":{"mag":4.9,"place":"96 km SSE of Akhiok, Alaska","time":1784744003544,"updated":1786724105040,"tz":null,"url":"https://earthquake.usgs.gov/earthquakes/eventpage/aka2026okmwzn","detail":"https://earthquake.usgs.gov/fdsnws/event/1/query?eventid=aka2026okmwzn&format=geojson","felt":1,"cdi":2.2,"mmi":3.553,"alert":null,"status":"reviewed","tsunami":0,"sig":370,"net":"ak","code":"a2026okmwzn","ids":",aka2026okmwzn,attil9ac,us7000t2hg,","sources":",ak,at,us,","types":",dyfi,origin,phase-data,shakemap,","nst":226,"dmin":0.6,"rms":1.6,"gap":158,"magType":"ml","type":"earthquake","title":"M 4.9 - 96 km SSE of Akhiok, Alaska"},"geometry":{"type":"Point","coordinates":[-153.375,56.199,16.2]},"id":"aka2026okmwzn"},
{"type":"Feature","properties":{"mag":4,"place":"95 km WSW of Puerto Madero, Mexico","time":1784743982887,"updated":1786723216040,"tz":null,"url":"https://earthquake.usgs.gov/earthquakes/eventpage/us6000tge9","detail":"https://earthquake.usgs.gov/fdsnws/event/1/query?eventid=us6000tge9&format=geojson","felt":null,"cdi":null,"mmi":null,"alert":null,"status":"reviewed","tsunami":0,"sig":246,"net":"us","code":"6000tge9","ids":",us6000tge9,","sources":",us,","types":",origin,phase-data,","nst":27,"dmin":2.227,"rms":0.87,"gap":178,"magType":"mb","type":"earthquake","title":"M 4.0 - 95 km WSW of Puerto Madero, Mexico"},"geometry":{"type":"Point","coordinates":[-93.1899,14.2887,10]},"id":"us6000tge9"},
{"type":"Feature","properties":{"mag":4.1,"place":"133 km WSW of Banda Aceh, Indonesia","time":1784743734161,"updated":1786722510040,"tz":null,"url":"https://earthquake.usgs.gov/earthquakes/eventpage/us6000tgea","detail":"https://earthquake.usgs.gov/fdsnws/event/1/query?eventid=us6000tgea&format=geojson","felt":null,"cdi":null,"mmi":null,"alert":null,"status":"reviewed","tsunami":0,"sig":259,"net":"us","code":"6000tgea","ids":",us6000tgea,","sources":",us,","types":",origin,phase-data,","nst":15,"dmin":2.762,"rms":0.62,"gap":193,"magType":"mb","type":"earthquake","title":"M 4.1 - 133 km WSW of Banda Aceh, Indonesia"},"geometry":{"type":"Point","coordinates":[94.1733,5.2175,32.964]},"id":"us6000tgea"},
{"type":"Feature","properties":{"mag":4.1,"place":"115 km E of Noda, Japan","time":1784741957942,"updated":1786721564040,"tz":null,"url":"https://earthquake.usgs.gov/earthquakes/eventpage/us6000tge7","detail":"https://earthquake.usgs.gov/fdsnws/event/1/query?eventid=us6000tge7&format=geojson","felt":null,"cdi":null,"mmi":null,"alert":null,"status":"reviewed","tsunami":0,"sig":259,"net":"us","code":"6000tge7","ids":",us6000tge7,","sources":",us,","types":",origin,phase-data,","nst":10,"dmin":1.677,"rms":0.4,"gap":177,"magType":"mb","type":"earthquake","title":"M 4.1 - 115 km E of Noda, Japan"},"geometry":{"type":"Point","coordinates":[143.1579,40.2712,36.274]},"id":"us6000tge7"},
{"type":"Feature","properties":{"mag":4,"place":"12 km NNE of Blangpidie, Indonesia","time":1784741796867,"updated":1786720771040,"tz":null,"url":"https://earthquake.usgs.gov/earthquakes/eventpage/us6000tge6","detail":"https://earthquake.usgs.gov/fdsnws/event/1/query?eventid=us6000tge6&format=geojson","felt":null,"cdi":null,"mmi":null,"alert":null,"status":"reviewed","tsunami":0,"sig":246,"net":"us","code":"6000tge6","ids":",us6000tge6,","sources":",us,","types":",origin,phase-data,","nst":17,"dmin":1.378,"rms":0.77,"gap":166,"magType":"mb","type":"earthquake","title":"M 4.0 - 12 km NNE of Blangpidie, Indonesia"},"geometry":{"type":"Point","coordinates":[96.879,3.8435,10]},"id":"us6000tge6"},
{"type":"Feature","properties":{"mag":4.8,"place":"53 km SSW of San Pedro de Atacama, Chile","time":1784741677239,"updated":1784920472040,"tz":null,"url":"https://earthquake.usgs.gov/earthquakes/eventpage/us7000t2h9","detail":"https://earthquake.usgs.gov/fdsnws/event/1/query?eventid=us7000t2h9&format=geojson","felt":null,"cdi":null,"mmi":null,"alert":null,"status":"reviewed","tsunami":0,"sig":354,"net":"us","code":"7000t2h9","ids":",usauto7000t2h9,us7000t2h9,","sources":",usauto,us,","types":",internal-moment-tensor,origin,phase-data,","nst":110,"dmin":0.457,"rms":0.7,"gap":49,"magType":"mww","type":"earthquake","title":"M 4.8 - 53 km SSW of San Pedro de Atacama, Chile"},"geometry":{"type":"Point","coordinates":[-68.4873,-23.3119,111.515]},"id":"us7000t2h9"},
{"type":"Feature","properties":{"mag":4.3,"place":"91 km SW of Puerto Madero, Mexico","time":1784739805395,"updated":1786719343040,"tz":null,"url":"https://earthquake.usgs.gov/earthquakes/eventpage/us7000t2h4","detail":"https://earthquake.usgs.gov/fdsnws/event/1/query?eventid=us7000t2h4&format=geojson","felt":null,"cdi":null,"mmi":null,"alert":null,"status":"reviewed","tsunami":0,"sig":284,"net":"us","code":"7000t2h4","ids":",us7000t2h4,","sources":",us,","types":",origin,phase-data,","nst":64,"dmin":2.344,"rms":0.88,"gap":127,"magType":"mb","type":"earthquake","title":"M 4.3 - 91 km SW of Puerto Madero, Mexico"},"geometry":{"type":"Point","coordinates":[-92.9029,14.045,10]},"id":"us7000t2h4"},
{"type":"Feature","properties":{"mag":4.9,"place":"Kermadec Islands, New Zealand","time":1784735147730,"updated":1786040988040,"tz":null,"url":"https://earthquake.usgs.gov/earthquakes/eventpage/us7000t2gx","detail":"https://earthquake.usgs.gov/fdsnws/event/1/query?eventid=us7000t2gx&format=geojson","felt":null,"cdi":null,"mmi":null,"alert":null,"status":"reviewed","tsunami":0,"sig":369,"net":"us","code":"7000t2gx","ids":",us7000t2gx,","sources":",us,","types":",origin,phase-data,","nst":35,"dmin":0.828,"rms":1.24,"gap":134,"magType":"mb","type":"earthquake","title":"M 4.9 - Kermadec Islands, New Zealand"},"geometry":{"type":"Point","coordinates":[-177.0007,-29.4123,35]},"id":"us7000t2gx"},
{"type":"Feature","properties":{"mag":4.9,"place":"Kermadec Islands, New Zealand","time":1784734763480,"updated":1786040398040,"tz":null,"url":"https://earthquake.usgs.gov/earthquakes/eventpage/us7000t2gq","detail":"https://earthquake.usgs.gov/fdsnws/event/1/query?eventid=us7000t2gq&format=geojson","felt":null,"cdi":null,"mmi":null,"alert":null,"status":"reviewed","tsunami":0,"sig":369,"net":"us","code":"7000t2gq","ids":",us7000t2gq,","sources":",us,","types":",origin,phase-data,","nst":23,"dmin":0.579,"rms":0.96,"gap":193,"magType":"mb","type":"earthquake","title":"M 4.9 - Kermadec Islands, New Zealand"},"geometry":{"type":"Point","coordinates":[-177.4301,-29.6276,41.523]},"id":"us7000t2gq"},
{"type":"Feature","properties":{"mag":4.9,"place":"192 km W of Abepura, Indonesia","time":1784731842071,"updated":1786038359040,"tz":null,"url":"https://earthquake.usgs.gov/earthquakes/eventpage/us7000t2gh","detail":"https://earthquake.usgs.gov/fdsnws/event/1/query?eventid=us7000t2gh&format=geojson","felt":null,"cdi":null,"mmi":null,"alert":null,"status":"reviewed","tsunami":0,"sig":369,"net":"us","code":"7000t2gh","ids":",us7000t2gh,","sources":",us,","types":",origin,phase-data,","nst":61,"dmin":1.806,"rms":0.92,"gap":41,"magType":"mb","type":"earthquake","title":"M 4.9 - 192 km W of Abepura, Indonesia"},"geometry":{"type":"Point","coordinates":[138.8997,-2.6478,10]},"id":"us7000t2gh"},
{"type":"Feature","properties":{"mag":4.2,"place":"48 km NNE of Pototano, Indonesia","time":1784730129651,"updated":1786037766040,"tz":null,"url":"https://earthquake.usgs.gov/earthquakes/eventpage/us6000tge1","detail":"https://earthquake.usgs.gov/fdsnws/event/1/query?eventid=us6000tge1&format=geojson","felt":null,"cdi":null,"mmi":null,"alert":null,"status":"reviewed","tsunami":0,"sig":271,"net":"us","code":"6000tge1","ids":",us6000tge1,","sources":",us,","types":",origin,phase-data,","nst":15,"dmin":3.534,"rms":1.2,"gap":119,"magType":"mb","type":"earthquake","title":"M 4.2 - 48 km NNE of Pototano, Indonesia"},"geometry":{"type":"Point","coordinates":[117.6948,-8.0284,10]},"id":"us6000tge1"},
{"type":"Feature","properties":{"mag":4.3,"place":"31 km SW of Burias, Philippines","time":1784727841958,"updated":1786036463040,"tz":null,"url":"https://earthquake.usgs.gov/earthquakes/eventpage/us6000tge0","detail":"https://earthquake.usgs.gov/fdsnws/event/1/query?eventid=us6000tge0&format=geojson","felt":null,"cdi":null,"mmi":null,"alert":null,"status":"reviewed","tsunami":0,"sig":284,"net":"us","code":"6000tge0","ids":",us6000tge0,","sources":",us,","types":",origin,phase-data,","nst":19,"dmin":1.62,"rms":0.42,"gap":187,"magType":"mb","type":"earthquake","title":"M 4.3 - 31 km SW of Burias, Philippines"},"geometry":{"type":"Point","coordinates":[125.0459,5.5289,23.409]},"id":"us6000tge0"},
{"type":"Feature","properties":{"mag":4.4,"place":"160 km W of Merizo Village, Guam","time":1784722324562,"updated":1786642692040,"tz":null,"url":"https://earthquake.usgs.gov/earthquakes/eventpage/us6000tgdy","detail":"https://earthquake.usgs.gov/fdsnws/event/1/query?eventid=us6000tgdy&format=geojson","felt":null,"cdi":null,"mmi":null,"alert":null,"status":"reviewed","tsunami":0,"sig":298,"net":"us","code":"6000tgdy","ids":",us6000tgdy,","sources":",us,","types":",origin,phase-data,","nst":29,"dmin":1.716,"rms":0.63,"gap":106,"magType":"mb","type":"earthquake","title":"M 4.4 - 160 km W of Merizo Village, Guam"},"geometry":{"type":"Point","coordinates":[143.2098,13.004,171.415]},"id":"us6000tgdy"},
{"type":"Feature","properties":{"mag":4.2,"place":"139 km SW of Puerto Madero, Mexico","time":1784720371025,"updated":1786641700040,"tz":null,"url":"https://earthquake.usgs.gov/earthquakes/eventpage/us7000t2g2","detail":"https://earthquake.usgs.gov/fdsnws/event/1/query?eventid=us7000t2g2&format=geojson","felt":null,"cdi":null,"mmi":null,"alert":null,"status":"reviewed","tsunami":0,"sig":271,"net":"us","code":"7000t2g2","ids":",us7000t2g2,","sources":",us,","types":",origin,phase-data,","nst":81,"dmin":2.644,"rms":0.43,"gap":160,"magType":"mb","type":"earthquake","title":"M 4.2 - 139 km SW of Puerto Madero, Mexico"},"geometry":{"type":"Point","coordinates":[-93.4294,13.9377,10]},"id":"us7000t2g2"},
{"type":"Feature","properties":{"mag":4.6,"place":"92 km S of San Pedro de Atacama, Chile","time":1784720239629,"updated":1786550589040,"tz":null,"url":"https://earthquake.usgs.gov/earthquakes/eventpage/us7000t2g0","detail":"https://earthquake.usgs.gov/fdsnws/event/1/query?eventid=us7000t2g0&format=geojson","felt":null,"cdi":null,"mmi":null,"alert":null,"status":"reviewed","tsunami":0,"sig":326,"net":"us","code":"7000t2g0","ids":",us7000t2g0,","sources":",us,","types":",origin,phase-data,","nst":26,"dmin":0.799,"rms":1.07,"gap":62,"magType":"mb","type":"earthquake","title":"M 4.6 - 92 km S of San Pedro de Atacama, Chile"},"geometry":{"type":"Point","coordinates":[-68.3512,-23.7389,123.346]},"id":"us7000t2g0"},
{"type":"Feature","properties":{"mag":4.3,"place":"46 km NE of Calama, Chile","time":1784718771772,"updated":1786463957040,"tz":null,"url":"https://earthquake.usgs.gov/earthquakes/eventpage/us7000t2fx","detail":"https://earthquake.usgs.gov/fdsnws/event/1/query?eventid=us7000t2fx&format=geojson","felt":null,"cdi":null,"mmi":null,"alert":null,"status":"reviewed","tsunami":0,"sig":284,"net":"us","code":"7000t2fx","ids":",us7000t2fx,","sources":",us,","types":",origin,phase-data,","nst":43,"dmin":0.716,"rms":0.9,"gap":39,"magType":"mb","type":"earthquake","title":"M 4.3 - 46 km NE of Calama, Chile"},"geometry":{"type":"Point","coordinates":[-68.5868,-22.1759,118.333]},"id":"us7000t2fx"},
{"type":"Feature","properties":{"mag":4.5,"place":"62 km E of Tomioka, Japan","time":1784718691968,"updated":1786630126040,"tz":null,"url":"https://earthquake.usgs.gov/earthquakes/eventpage/us7000t2fy","detail":"https://earthquake.usgs.gov/fdsnws/event/1/query?eventid=us7000t2fy&format=geojson","felt":null,"cdi":null,"mmi":null,"alert":null,"status":"reviewed","tsunami":0,"sig":312,"net":"us","code":"7000t2fy","ids":",us7000t2fy,","sources":",us,","types":",origin,phase-data,","nst":50,"dmin":2.903,"rms":1.07,"gap":134,"magType":"mb","type":"earthquake","title":"M 4.5 - 62 km E of Tomioka, Japan"},"geometry":{"type":"Point","coordinates":[141.7199,37.2552,38.874]},"id":"us7000t2fy"},
{"type":"Feature","properties":{"mag":4.4,"place":"120 km E of Noda, Japan","time":1784717948420,"updated":1786700510040,"tz":null,"url":"https://earthquake.usgs.gov/earthquakes/eventpage/us6000tgdw","detail":"https://earthquake.usgs.gov/fdsnws/event/1/query?eventid=us6000tgdw&format=geojson","felt":null,"cdi":null,"mmi":null,"alert":null,"status":"reviewed","tsunami":0,"sig":298,"net":"us","code":"6000tgdw","ids":",us6000tgdw,","sources":",us,","types":",origin,phase-data,","nst":26,"dmin":1.763,"rms":0.61,"gap":189,"magType":"mb","type":"earthquake","title":"M 4.4 - 120 km E of Noda, Japan"},"geometry":{"type":"Point","coordinates":[143.2259,40.1633,35]},"id":"us6000tgdw"},
{"type":"Feature","properties":{"mag":4.7,"place":"83 km NW of Finschhafen, Papua New Guinea","time":1784717911890,"updated":1786630589040,"tz":null,"url":"https://earthquake.usgs.gov/earthquakes/eventpage/us7000t2fu","detail":"https://earthquake.usgs.gov/fdsnws/event/1/query?eventid=us7000t2fu&format=geojson","felt":null,"cdi":null,"mmi":null,"alert":null,"status":"reviewed","tsunami":0,"sig":340,"net":"us","code":"7000t2fu","ids":",us7000t2fu,","sources":",us,","types":",origin,phase-data,","nst":59,"dmin":3.435,"rms":0.63,"gap":44,"magType":"mb","type":"earthquake","title":"M 4.7 - 83 km NW of Finschhafen, Papua New Guinea"},"geometry":{"type":"Point","coordinates":[147.3913,-5.9552,105.698]},"id":"us7000t2fu"},
{"type":"Feature","properties":{"mag":4.3,"place":"155 km ESE of Petropavlovsk-Kamchatsky, Russia","time":1784717588132,"updated":1786703753040,"tz":null,"url":"https://earthquake.usgs.gov/earthquakes/eventpage/us6000tgdu","detail":"https://earthquake.usgs.gov/fdsnws/event/1/query?eventid=us6000tgdu&format=geojson","felt":null,"cdi":null,"mmi":null,"alert":null,"status":"reviewed","tsunami":0,"sig":284,"net":"us","code":"6000tgdu","ids":",us6000tgdu,","sources":",us,","types":",origin,phase-data,","nst":56,"dmin":1.365,"rms":0.64,"gap":106,"magType":"mb","type":"earthquake","title":"M 4.3 - 155 km ESE of Petropavlovsk-Kamchatsky, Russia"},"geometry":{"type":"Point","coordinates":[160.5999,52.3505,10]},"id":"us6000tgdu"},
{"type":"Feature","properties":{"mag":4.4,"place":"29 km S of Maasim, Philippines","time":1784717513794,"updated":1786689817040,"tz":null,"url":"https://earthquake.usgs.gov/earthquakes/eventpage/us6000tgdv","detail":"https://earthquake.usgs.gov/fdsnws/event/1/query?eventid=us6000tgdv&format=geojson","felt":null,"cdi":null,"mmi":null,"alert":null,"status":"reviewed","tsunami":0,"sig":298,"net":"us","code":"6000tgdv","ids":",us6000tgdv,","sources":",us,","types":",origin,phase-data,","nst":29,"dmin":1.584,"rms":0.57,"gap":158,"magType":"mb","type":"earthquake","title":"M 4.4 - 29 km S of Maasim, Philippines"},"geometry":{"type":"Point","coordinates":[124.9678,5.5976,35]},"id":"us6000tgdv"},
{"type":"Feature","properties":{"mag":4.5,"place":"93 km SW of Puerto Madero, Mexico","time":1784715892141,"updated":1786696777040,"tz":null,"url":"https://earthquake.usgs.gov/earthquakes/eventpage/us7000t2fq","detail":"https://earthquake.usgs.gov/fdsnws/event/1/query?eventid=us7000t2fq&format=geojson","felt":null,"cdi":null,"mmi":null,"alert":null,"status":"reviewed","tsunami":0,"sig":312,"net":"us","code":"7000t2fq","ids":",us7000t2fq,","sources":",us,","types":",origin,phase-data,","nst":107,"dmin":2.325,"rms":0.49,"gap":199,"magType":"mb","type":"earthquake","title":"M 4.5 - 93 km SW of Puerto Madero, Mexico"},"geometry":{"type":"Point","coordinates":[-93.011,14.1024,35]},"id":"us7000t2fq"},
{"type":"Feature","properties":{"mag":4.5,"place":"154 km NNE of Caluula, Somalia","time":1784714611773,"updated":1786645656040,"tz":null,"url":"https://earthquake.usgs.gov/earthquakes/eventpage/us6000tgdt","detail":"https://earthquake.usgs.gov/fdsnws/event/1/query?eventid=us6000tgdt&format=geojson","felt":null,"cdi":null,"mmi":null,"alert":null,"status":"reviewed","tsunami":0,"sig":312,"net":"us","code":"6000tgdt","ids":",us6000tgdt,","sources":",us,","types":",origin,phase-data,","nst":26,"dmin":8.292,"rms":0.39,"gap":91,"magType":"mb","type":"earthquake","title":"M 4.5 - 154 km NNE of Caluula, Somalia"},"geometry":{"type":"Point","coordinates":[51.1402,13.3114,10]},"id":"us6000tgdt"},
{"type":"Feature","properties":{"mag":4.3,"place":"104 km SW of Puerto Madero, Mexico","time":1784713984765,"updated":1786694551040,"tz":null,"url":"https://earthquake.usgs.gov/earthquakes/eventpage/us7000t2fk","detail":"https://earthquake.usgs.gov/fdsnws/event/1/query?eventid=us7000t2fk&format=geojson","felt":null,"cdi":null,"mmi":null,"alert":null,"status":"reviewed","tsunami":0,"sig":284,"net":"us","code":"7000t2fk","ids":",us7000t2fk,","sources":",us,","types":",origin,phase-data,","nst":65,"dmin":2.441,"rms":0.76,"gap":185,"magType":"mb","type":"earthquake","title":"M 4.3 - 104 km SW of Puerto Madero, Mexico"},"geometry":{"type":"Point","coordinates":[-93.0306,13.985,38.185]},"id":"us7000t2fk"},
{"type":"Feature","properties":{"mag":5,"place":"4 km NNE of Balangonan, Philippines","time":1784713639801,"updated":1786621999299,"tz":null,"url":"https://earthquake.usgs.gov/earthquakes/eventpage/us7000t2fj","detail":"https://earthquake.usgs.gov/fdsnws/event/1/query?eventid=us7000t2fj&format=geojson","felt":4,"cdi":2.4,"mmi":null,"alert":null,"status":"reviewed","tsunami":0,"sig":386,"net":"us","code":"7000t2fj","ids":",us7000t2fj,","sources":",us,","types":",dyfi,origin,phase-data,","nst":131,"dmin":1.463,"rms":0.57,"gap":46,"magType":"mb","type":"earthquake","title":"M 5.0 - 4 km NNE of Balangonan, Philippines"},"geometry":{"type":"Point","coordinates":[125.3679,5.6126,64.111]},"id":"us7000t2fj"},
{"type":"Feature","properties":{"mag":4.9,"place":"120 km NW of Vallenar, Chile","time":1784712862824,"updated":1786552413040,"tz":null,"url":"https://earthquake.usgs.gov/earthquakes/eventpage/us7000t2fd","detail":"https://earthquake.usgs.gov/fdsnws/event/1/query?eventid=us7000t2fd&format=geojson","felt":null,"cdi":null,"mmi":null,"alert":null,"status":"reviewed","tsunami":0,"sig":369,"net":"us","code":"7000t2fd","ids":",usauto7000t2fd,us7000t2fd,","sources":",usauto,us,","types":",internal-moment-tensor,moment-tensor,origin,phase-data,","nst":80,"dmin":0.63,"rms":0.66,"gap":131,"magType":"mwr","type":"earthquake","title":"M 4.9 - 120 km NW of Vallenar, Chile"},"geometry":{"type":"Point","coordinates":[-71.6178,-27.7959,10]},"id":"us7000t2fd"},
{"type":"Feature","properties":{"mag":4.1,"place":"73 km WSW of Puerto Madero, Mexico","time":1784709138102,"updated":1785303288040,"tz":null,"url":"https://earthquake.usgs.gov/earthquakes/eventpage/us7000t2f3","detail":"https://earthquake.usgs.gov/fdsnws/event/1/query?eventid=us7000t2f3&format=geojson","felt":null,"cdi":null,"mmi":null,"alert":null,"status":"reviewed","tsunami":0,"sig":259,"net":"us","code":"7000t2f3","ids":",us7000t2f3,","sources":",us,","types":",origin,phase-data,","nst":43,"dmin":3.215,"rms":0.93,"gap":164,"magType":"mb","type":"earthquake","title":"M 4.1 - 73 km WSW of Puerto Madero, Mexico"},"geometry":{"type":"Point","coordinates":[-93.0469,14.4473,54.783]},"id":"us7000t2f3"},
{"type":"Feature","properties":{"mag":4.1,"place":"62 km ENE of Severo-Kuril’sk, Russia","time":1784707812044,"updated":1784795086040,"tz":null,"url":"https://earthquake.usgs.gov/earthquakes/eventpage/us7000t2f2","detail":"https://earthquake.usgs.gov/fdsnws/event/1/query?eventid=us7000t2f2&format=geojson","felt":null,"cdi":null,"mmi":null,"alert":null,"status":"reviewed","tsunami":0,"sig":259,"net":"us","code":"7000t2f2","ids":",us7000t2f2,","sources":",us,","types":",origin,phase-data,","nst":41,"dmin":2.214,"rms":0.64,"gap":163,"magType":"mb","type":"earthquake","title":"M 4.1 - 62 km ENE of Severo-Kuril’sk, Russia"},"geometry":{"type":"Point","coordinates":[156.9003,50.9529,92.523]},"id":"us7000t2f2"},
{"type":"Feature","properties":{"mag":4.2,"place":"97 km ESE of Isangel, Vanuatu","time":1784705347165,"updated":1786629514040,"tz":null,"url":"https://earthquake.usgs.gov/earthquakes/eventpage/us6000tgdq","detail":"https://earthquake.usgs.gov/fdsnws/event/1/query?eventid=us6000tgdq&format=geojson","felt":null,"cdi":null,"mmi":null,"alert":null,"status":"reviewed","tsunami":0,"sig":271,"net":"us","code":"6000tgdq","ids":",us6000tgdq,","sources":",us,","types":",origin,phase-data,","nst":14,"dmin":3.823,"rms":0.37,"gap":156,"magType":"mb","type":"earthquake","title":"M 4.2 - 97 km ESE of Isangel, Vanuatu"},"geometry":{"type":"Point","coordinates":[170.1813,-19.7515,52.551]},"id":"us6000tgdq"},
{"type":"Feature","properties":{"mag":4.9,"place":"203 km W of Abepura, Indonesia","time":1784702798001,"updated":1786540370040,"tz":null,"url":"https://earthquake.usgs.gov/earthquakes/eventpage/us7000t2ei","detail":"https://earthquake.usgs.gov/fdsnws/event/1/query?eventid=us7000t2ei&format=geojson","felt":null,"cdi":null,"mmi":null,"alert":null,"status":"reviewed","tsunami":0,"sig":369,"net":"us","code":"7000t2ei","ids":",us7000t2ei,","sources":",us,","types":",origin,phase-data,","nst":52,"dmin":1.898,"rms":1.17,"gap":60,"magType":"mb","type":"earthquake","title":"M 4.9 - 203 km W of Abepura, Indonesia"},"geometry":{"type":"Point","coordinates":[138.8038,-2.5646,10]},"id":"us7000t2ei"},
{"type":"Feature","properties":{"mag":4.4,"place":"south of the Fiji Islands","time":1784699200888,"updated":1786605180040,"tz":null,"url":"https://earthquake.usgs.gov/earthquakes/eventpage/us6000tgdp","detail":"https://earthquake.usgs.gov/fdsnws/event/1/query?eventid=us6000tgdp&format=geojson","felt":null,"cdi":null,"mmi":null,"alert":null,"status":"reviewed","tsunami":0,"sig":298,"net":"us","code":"6000tgdp","ids":",us6000tgdp,","sources":",us,","types":",origin,phase-data,","nst":30,"dmin":5.013,"rms":0.84,"gap":101,"magType":"mb","type":"earthquake","title":"M 4.4 - south of the Fiji Islands"},"geometry":{"type":"Point","coordinates":[-179.9609,-24.5526,487.81]},"id":"us6000tgdp"},
{"type":"Feature","properties":{"mag":5,"place":"60 km WSW of Langsa, Indonesia","time":1784693901643,"updated":1786065041533,"tz":null,"url":"https://earthquake.usgs.gov/earthquakes/eventpage/us7000t2dz","detail":"https://earthquake.usgs.gov/fdsnws/event/1/query?eventid=us7000t2dz&format=geojson","felt":4,"cdi":4.3,"mmi":null,"alert":null,"status":"reviewed","tsunami":0,"sig":386,"net":"us","code":"7000t2dz","ids":",us7000t2dz,usauto7000t2dz,","sources":",us,usauto,","types":",dyfi,internal-moment-tensor,origin,phase-data,","nst":86,"dmin":1.163,"rms":1.3,"gap":59,"magType":"mww","type":"earthquake","title":"M 5.0 - 60 km WSW of Langsa, Indonesia"},"geometry":{"type":"Point","coordinates":[97.4958,4.1948,10]},"id":"us7000t2dz"},
{"type":"Feature","properties":{"mag":4,"place":"99 km SW of Puerto Madero, Mexico","time":1784692107830,"updated":1786153170040,"tz":null,"url":"https://earthquake.usgs.gov/earthquakes/eventpage/us7000t2dw","detail":"https://earthquake.usgs.gov/fdsnws/event/1/query?eventid=us7000t2dw&format=geojson","felt":null,"cdi":null,"mmi":null,"alert":null,"status":"reviewed","tsunami":0,"sig":246,"net":"us","code":"7000t2dw","ids":",us7000t2dw,","sources":",us,","types":",origin,phase-data,","nst":36,"dmin":2.348,"rms":1.28,"gap":208,"magType":"mb","type":"earthquake","title":"M 4.0 - 99 km SW of Puerto Madero, Mexico"},"geometry":{"type":"Point","coordinates":[-93.0999,14.1133,35]},"id":"us7000t2dw"},
{"type":"Feature","properties":{"mag":4.6,"place":"130 km SE of Kuril’sk, Russia","time":1784691949729,"updated":1786069734040,"tz":null,"url":"https://earthquake.usgs.gov/earthquakes/eventpage/us7000t2dv","detail":"https://earthquake.usgs.gov/fdsnws/event/1/query?eventid=us7000t2dv&format=geojson","felt":null,"cdi":null,"mmi":null,"alert":null,"status":"reviewed","tsunami":0,"sig":326,"net":"us","code":"7000t2dv","ids":",us7000t2dv,","sources":",us,","types":",origin,phase-data,","nst":68,"dmin":4.7,"rms":0.67,"gap":135,"magType":"mb","type":"earthquake","title":"M 4.6 - 130 km SE of Kuril’sk, Russia"},"geometry":{"type":"Point","coordinates":[149.1226,44.4561,35]},"id":"us7000t2dv"},
{"type":"Feature","properties":{"mag":4.7,"place":"16 km ESE of Cuya, Chile","time":1784685830484,"updated":1786072239393,"tz":null,"url":"https://earthquake.usgs.gov/earthquakes/eventpage/us7000t2dg","detail":"https://earthquake.usgs.gov/fdsnws/event/1/query?eventid=us7000t2dg&format=geojson","felt":17,"cdi":3.8,"mmi":null,"alert":null,"status":"reviewed","tsunami":0,"sig":346,"net":"us","code":"7000t2dg","ids":",us7000t2dg,","sources":",us,","types":",dyfi,moment-tensor,origin,phase-data,","nst":65,"dmin":0.896,"rms":1.13,"gap":137,"magType":"mwr","type":"earthquake","title":"M 4.7 - 16 km ESE of Cuya, Chile"},"geometry":{"type":"Point","coordinates":[-70.0393,-19.2243,61.498]},"id":"us7000t2dg"},
{"type":"Feature","properties":{"mag":4.1,"place":"41 km WNW of Antofagasta, Chile","time":1784684925843,"updated":1786072525845,"tz":null,"url":"https://earthquake.usgs.gov/earthquakes/eventpage/us7000t2dd","detail":"https://earthquake.usgs.gov/fdsnws/event/1/query?eventid=us7000t2dd&format=geojson","felt":1,"cdi":3.1,"mmi":null,"alert":null,"status":"reviewed","tsunami":0,"sig":259,"net":"us","code":"7000t2dd","ids":",us7000t2dd,","sources":",us,","types":",dyfi,moment-tensor,origin,phase-data,","nst":21,"dmin":1.327,"rms":0.98,"gap":143,"magType":"mwr","type":"earthquake","title":"M 4.1 - 41 km WNW of Antofagasta, Chile"},"geometry":{"type":"Point","coordinates":[-70.7526,-23.4694,35]},"id":"us7000t2dd"},
{"type":"Feature","properties":{"mag":4.5,"place":"South Sandwich Islands region","time":1784680083798,"updated":1786585940040,"tz":null,"url":"https://earthquake.usgs.gov/earthquakes/eventpage/us6000tgdg","detail":"https://earthquake.usgs.gov/fdsnws/event/1/query?eventid=us6000tgdg&format=geojson","felt":null,"cdi":null,"mmi":null,"alert":null,"status":"reviewed","tsunami":0,"sig":312,"net":"us","code":"6000tgdg","ids":",us6000tgdg,","sources":",us,","types":",origin,phase-data,","nst":20,"dmin":17.467,"rms":0.62,"gap":100,"magType":"mb","type":"earthquake","title":"M 4.5 - South Sandwich Islands region"},"geometry":{"type":"Point","coordinates":[-30.183,-59.4156,10]},"id":"us6000tgdg"},
{"type":"Feature","properties":{"mag":4.2,"place":"Volcano Islands, Japan region","time":1784677697785,"updated":1786585841040,"tz":null,"url":"https://earthquake.usgs.gov/earthquakes/eventpage/us6000tg4s","detail":"https://earthquake.usgs.gov/fdsnws/event/1/query?eventid=us6000tg4s&format=geojson","felt":null,"cdi":null,"mmi":null,"alert":null,"status":"reviewed","tsunami":0,"sig":271,"net":"us","code":"6000tg4s","ids":",us6000tg4s,","sources":",us,","types":",origin,phase-data,","nst":13,"dmin":4.443,"rms":0.39,"gap":154,"magType":"mb","type":"earthquake","title":"M 4.2 - Volcano Islands, Japan region"},"geometry":{"type":"Point","coordinates":[142.7527,22.6636,287.382]},"id":"us6000tg4s"},
{"type":"Feature","properties":{"mag":4.4,"place":"45 km NNW of Bāzārak, Afghanistan","time":1784677484734,"updated":1786585521040,"tz":null,"url":"https://earthquake.usgs.gov/earthquakes/eventpage/us7000t2cl","detail":"https://earthquake.usgs.gov/fdsnws/event/1/query?eventid=us7000t2cl&format=geojson","felt":null,"cdi":null,"mmi":null,"alert":null,"status":"reviewed","tsunami":0,"sig":298,"net":"us","code":"7000t2cl","ids":",us7000t2cl,","sources":",us,","types":",origin,phase-data,","nst":65,"dmin":3.595,"rms":0.62,"gap":99,"magType":"mb","type":"earthquake","title":"M 4.4 - 45 km NNW of Bāzārak, Afghanistan"},"geometry":{"type":"Point","coordinates":[69.3831,35.7078,115.636]},"id":"us7000t2cl"},
{"type":"Feature","properties":{"mag":4.5,"place":"south of the Kermadec Islands","time":1784675280684,"updated":1786585346040,"tz":null,"url":"https://earthquake.usgs.gov/earthquakes/eventpage/us6000tg4r","detail":"https://earthquake.usgs.gov/fdsnws/event/1/query?eventid=us6000tg4r&format=geojson","felt":null,"cdi":null,"mmi":null,"alert":null,"status":"reviewed","tsunami":0,"sig":312,"net":"us","code":"6000tg4r","ids":",us6000tg4r,","sources":",us,","types":",origin,phase-data,","nst":23,"dmin":4.673,"rms":0.93,"gap":243,"magType":"mb","type":"earthquake","title":"M 4.5 - south of the Kermadec Islands"},"geometry":{"type":"Point","coordinates":[-178.183,-33.8552,10]},"id":"us6000tg4r"},
{"type":"Feature","properties":{"mag":4.8,"place":"40 km SE of Port-Vila, Vanuatu","time":1784673181820,"updated":1786585140040,"tz":null,"url":"https://earthquake.usgs.gov/earthquakes/eventpage/us7000t2c9","detail":"https://earthquake.usgs.gov/fdsnws/event/1/query?eventid=us7000t2c9&format=geojson","felt":null,"cdi":null,"mmi":null,"alert":null,"status":"reviewed","tsunami":0,"sig":354,"net":"us","code":"7000t2c9","ids":",us7000t2c9,","sources":",us,","types":",origin,phase-data,","nst":54,"dmin":4.534,"rms":0.49,"gap":104,"magType":"mb","type":"earthquake","title":"M 4.8 - 40 km SE of Port-Vila, Vanuatu"},"geometry":{"type":"Point","coordinates":[168.5935,-17.9916,151.31]},"id":"us7000t2c9"},
{"type":"Feature","properties":{"mag":4.2,"place":"143 km WSW of Puerto Madero, Mexico","time":1784669965951,"updated":1786584837040,"tz":null,"url":"https://earthquake.usgs.gov/earthquakes/eventpage/us7000t2c5","detail":"https://earthquake.usgs.gov/fdsnws/event/1/query?eventid=us7000t2c5&format=geojson","felt":null,"cdi":null,"mmi":null,"alert":null,"status":"reviewed","tsunami":0,"sig":271,"net":"us","code":"7000t2c5","ids":",us7000t2c5,","sources":",us,","types":",origin,phase-data,","nst":19,"dmin":2.591,"rms":0.88,"gap":202,"magType":"mb","type":"earthquake","title":"M 4.2 - 143 km WSW of Puerto Madero, Mexico"},"geometry":{"type":"Point","coordinates":[-93.5732,14.08,10]},"id":"us7000t2c5"},
{"type":"Feature","properties":{"mag":4.3,"place":"18 km NE of Gamut, Philippines","time":1784666025470,"updated":1786032847040,"tz":null,"url":"https://earthquake.usgs.gov/earthquakes/eventpage/us6000tg4h","detail":"https://earthquake.usgs.gov/fdsnws/event/1/query?eventid=us6000tg4h&format=geojson","felt":null,"cdi":null,"mmi":null,"alert":null,"status":"reviewed","tsunami":0,"sig":284,"net":"us","code":"6000tg4h","ids":",us6000tg4h,","sources":",us,","types":",origin,phase-data,","nst":36,"dmin":1.738,"rms":0.87,"gap":123,"magType":"mb","type":"earthquake","title":"M 4.3 - 18 km NE of Gamut, Philippines"},"geometry":{"type":"Point","coordinates":[126.3706,8.6313,78.634]},"id":"us6000tg4h"},
{"type":"Feature","properties":{"mag":4,"place":"30 km W of Abepura, Indonesia","time":1784665209028,"updated":1786032071040,"tz":null,"url":"https://earthquake.usgs.gov/earthquakes/eventpage/us6000tg4j","detail":"https://earthquake.usgs.gov/fdsnws/event/1/query?eventid=us6000tg4j&format=geojson","felt":null,"cdi":null,"mmi":null,"alert":null,"status":"reviewed","tsunami":0,"sig":246,"net":"us","code":"6000tg4j","ids":",us6000tg4j,","sources":",us,","types":",origin,phase-data,","nst":14,"dmin":0.349,"rms":0.37,"gap":83,"magType":"mb","type":"earthquake","title":"M 4.0 - 30 km W of Abepura, Indonesia"},"geometry":{"type":"Point","coordinates":[140.361,-2.5848,14.049]},"id":"us6000tg4j"},
{"type":"Feature","properties":{"mag":4.5,"place":"97 km SSE of Panguna, Papua New Guinea","time":1784662531096,"updated":1786030586040,"tz":null,"url":"https://earthquake.usgs.gov/earthquakes/eventpage/us6000tg4g","detail":"https://earthquake.usgs.gov/fdsnws/event/1/query?eventid=us6000tg4g&format=geojson","felt":null,"cdi":null,"mmi":null,"alert":null,"status":"reviewed","tsunami":0,"sig":312,"net":"us","code":"6000tg4g","ids":",us6000tg4g,","sources":",us,","types":",origin,phase-data,","nst":19,"dmin":4.606,"rms":0.57,"gap":110,"magType":"mb","type":"earthquake","title":"M 4.5 - 97 km SSE of Panguna, Papua New Guinea"},"geometry":{"type":"Point","coordinates":[155.7158,-7.1643,27.924]},"id":"us6000tg4g"},
{"type":"Feature","properties":{"mag":4.8,"place":"111 km SW of Isangel, Vanuatu","time":1784662158549,"updated":1786028195040,"tz":null,"url":"https://earthquake.usgs.gov/earthquakes/eventpage/us7000t2az","detail":"https://earthquake.usgs.gov/fdsnws/event/1/query?eventid=us7000t2az&format=geojson","felt":null,"cdi":null,"mmi":null,"alert":null,"status":"reviewed","tsunami":0,"sig":354,"net":"us","code":"7000t2az","ids":",us7000t2az,","sources":",us,","types":",origin,phase-data,","nst":49,"dmin":2.545,"rms":1.19,"gap":84,"magType":"mww","type":"earthquake","title":"M 4.8 - 111 km SW of Isangel, Vanuatu"},"geometry":{"type":"Point","coordinates":[168.5583,-20.2764,10]},"id":"us7000t2az"},
{"type":"Feature","properties":{"mag":4.4,"place":"93 km SW of Isangel, Vanuatu","time":1784661590594,"updated":1786027822040,"tz":null,"url":"https://earthquake.usgs.gov/earthquakes/eventpage/us6000tg4f","detail":"https://earthquake.usgs.gov/fdsnws/event/1/query?eventid=us6000tg4f&format=geojson","felt":null,"cdi":null,"mmi":null,"alert":null,"status":"reviewed","tsunami":0,"sig":298,"net":"us","code":"6000tg4f","ids":",us6000tg4f,","sources":",us,","types":",origin,phase-data,","nst":23,"dmin":2.675,"rms":1.09,"gap":105,"magType":"mb","type":"earthquake","title":"M 4.4 - 93 km SW of Isangel, Vanuatu"},"geometry":{"type":"Point","coordinates":[168.7178,-20.2021,10]},"id":"us6000tg4f"},
{"type":"Feature","properties":{"mag":4.2,"place":"87 km NE of Tawang, India","time":1784660157736,"updated":1786026789040,"tz":null,"url":"https://earthquake.usgs.gov/earthquakes/eventpage/us7000t2ak","detail":"https://earthquake.usgs.gov/fdsnws/event/1/query?eventid=us7000t2ak&format=geojson","felt":null,"cdi":null,"mmi":null,"alert":null,"status":"reviewed","tsunami":0,"sig":271,"net":"us","code":"7000t2ak","ids":",us7000t2ak,","sources":",us,","types":",origin,phase-data,","nst":43,"dmin":10.107,"rms":0.71,"gap":106,"magType":"mb","type":"earthquake","title":"M 4.2 - 87 km NE of Tawang, India"},"geometry":{"type":"Point","coordinates":[92.5278,28.1539,10]},"id":"us7000t2ak"},
{"type":"Feature","properties":{"mag":4.3,"place":"71 km SW of Puerto Madero, Mexico","time":1784658982541,"updated":1786025165040,"tz":null,"url":"https://earthquake.usgs.gov/earthquakes/eventpage/us6000tg4d","detail":"https://earthquake.usgs.gov/fdsnws/event/1/query?eventid=us6000tg4d&format=geojson","felt":null,"cdi":null,"mmi":null,"alert":null,"status":"reviewed","tsunami":0,"sig":284,"net":"us","code":"6000tg4d","ids":",us6000tg4d,","sources":",us,","types":",origin,phase-data,","nst":51,"dmin":3.068,"rms":0.41,"gap":204,"magType":"mb","type":"earthquake","title":"M 4.3 - 71 km SW of Puerto Madero, Mexico"},"geometry":{"type":"Point","coordinates":[-92.917,14.2887,10]},"id":"us6000tg4d"},
{"type":"Feature","properties":{"mag":5.1,"place":"6 km NW of Sugal, Philippines","time":1784658807188,"updated":1785965985851,"tz":null,"url":"https://earthquake.usgs.gov/earthquakes/eventpage/us7000t2a7","detail":"https://earthquake.usgs.gov/fdsnws/event/1/query?eventid=us7000t2a7&format=geojson","felt":2,"cdi":2.7,"mmi":null,"alert":null,"status":"reviewed","tsunami":0,"sig":401,"net":"us","code":"7000t2a7","ids":",us7000t2a7,","sources":",us,","types":",dyfi,origin,phase-data,","nst":120,"dmin":1.359,"rms":0.63,"gap":38,"magType":"mb","type":"earthquake","title":"M 5.1 - 6 km NW of Sugal, Philippines"},"geometry":{"type":"Point","coordinates":[125.422,5.7108,63.677]},"id":"us7000t2a7"},
{"type":"Feature","properties":{"mag":4.6,"place":"228 km W of Bandon, Oregon","time":1784658773980,"updated":1786041791927,"tz":null,"url":"https://earthquake.usgs.gov/earthquakes/eventpage/us7000t2a5","detail":"https://earthquake.usgs.gov/fdsnws/event/1/query?eventid=us7000t2a5&format=geojson","felt":2,"cdi":2,"mmi":null,"alert":null,"status":"reviewed","tsunami":0,"sig":326,"net":"us","code":"7000t2a5","ids":",us7000t2a5,","sources":",us,","types":",dyfi,moment-tensor,origin,phase-data,","nst":96,"dmin":1.745,"rms":0.89,"gap":162,"magType":"mww","type":"earthquake","title":"M 4.6 - 228 km W of Bandon, Oregon"},"geometry":{"type":"Point","coordinates":[-127.2006,43.3428,10]},"id":"us7000t2a5"},
{"type":"Feature","properties":{"mag":4.3,"place":"53 km WSW of Puerto Madero, Mexico","time":1784658422333,"updated":1785964900040,"tz":null,"url":"https://earthquake.usgs.gov/earthquakes/eventpage/us7000t2a3","detail":"https://earthquake.usgs.gov/fdsnws/event/1/query?eventid=us7000t2a3&format=geojson","felt":null,"cdi":null,"mmi":null,"alert":null,"status":"reviewed","tsunami":0,"sig":284,"net":"us","code":"7000t2a3","ids":",us7000t2a3,","sources":",us,","types":",origin,phase-data,","nst":78,"dmin":3.039,"rms":0.61,"gap":192,"magType":"mb","type":"earthquake","title":"M 4.3 - 53 km WSW of Puerto Madero, Mexico"},"geometry":{"type":"Point","coordinates":[-92.8569,14.4806,32.071]},"id":"us7000t2a3"},
{"type":"Feature","properties":{"mag":4.7,"place":"127 km ENE of Santa Cruz das Flores, Portugal","time":1784657799844,"updated":1785962939040,"tz":null,"url":"https://earthquake.usgs.gov/earthquakes/eventpage/us7000t2e7","detail":"https://earthquake.usgs.gov/fdsnws/event/1/query?eventid=us7000t2e7&format=geojson","felt":null,"cdi":null,"mmi":null,"alert":null,"status":"reviewed","tsunami":0,"sig":340,"net":"us","code":"7000t2e7","ids":",us7000t2e7,","sources":",us,","types":",origin,phase-data,","nst":54,"dmin":1.1,"rms":0.87,"gap":81,"magType":"mb","type":"earthquake","title":"M 4.7 - 127 km ENE of Santa Cruz das Flores, Portugal"},"geometry":{"type":"Point","coordinates":[-29.697,39.7728,10]},"id":"us7000t2e7"},
{"type":"Feature","properties":{"mag":4.7,"place":"141 km W of Puerto Santa, Peru","time":1784655781094,"updated":1785945570040,"tz":null,"url":"https://earthquake.usgs.gov/earthquakes/eventpage/us7000t29t","detail":"https://earthquake.usgs.gov/fdsnws/event/1/query?eventid=us7000t29t&format=geojson","felt":null,"cdi":null,"mmi":null,"alert":null,"status":"reviewed","tsunami":0,"sig":340,"net":"us","code":"7000t29t","ids":",us7000t29t,","sources":",us,","types":",origin,phase-data,","nst":111,"dmin":4.133,"rms":0.85,"gap":79,"magType":"mb","type":"earthquake","title":"M 4.7 - 141 km W of Puerto Santa, Peru"},"geometry":{"type":"Point","coordinates":[-79.9235,-9.1575,35]},"id":"us7000t29t"},
{"type":"Feature","properties":{"mag":4.5,"place":"114 km NNW of Santa Cruz da Graciosa, Portugal","time":1784655182048,"updated":1785945299040,"tz":null,"url":"https://earthquake.usgs.gov/earthquakes/eventpage/us6000tg4b","detail":"https://earthquake.usgs.gov/fdsnws/event/1/query?eventid=us6000tg4b&format=geojson","felt":null,"cdi":null,"mmi":null,"alert":null,"status":"reviewed","tsunami":0,"sig":312,"net":"us","code":"6000tg4b","ids":",us6000tg4b,","sources":",us,","types":",origin,phase-data,","nst":13,"dmin":3.189,"rms":0.71,"gap":149,"magType":"mb","type":"earthquake","title":"M 4.5 - 114 km NNW of Santa Cruz da Graciosa, Portugal"},"geometry":{"type":"Point","coordinates":[-28.3409,40.0796,10]},"id":"us6000tg4b"},
{"type":"Feature","properties":{"mag":4.6,"place":"285 km SSE of Ushuaia, Argentina","time":1784654466533,"updated":1785942820040,"tz":null,"url":"https://earthquake.usgs.gov/earthquakes/eventpage/us7000t29r","detail":"https://earthquake.usgs.gov/fdsnws/event/1/query?eventid=us7000t29r&format=geojson","felt":null,"cdi":null,"mmi":null,"alert":null,"status":"reviewed","tsunami":0,"sig":326,"net":"us","code":"7000t29r","ids":",us7000t29r,","sources":",us,","types":",origin,phase-data,","nst":48,"dmin":2.349,"rms":0.73,"gap":127,"magType":"mb","type":"earthquake","title":"M 4.6 - 285 km SSE of Ushuaia, Argentina"},"geometry":{"type":"Point","coordinates":[-66.7487,-57.2232,10]},"id":"us7000t29r"},
{"type":"Feature","properties":{"mag":4.2,"place":"78 km W of Ollagüe, Chile","time":1784653793628,"updated":1785942606040,"tz":null,"url":"https://earthquake.usgs.gov/earthquakes/eventpage/us7000t28f","detail":"https://earthquake.usgs.gov/fdsnws/event/1/query?eventid=us7000t28f&format=geojson","felt":null,"cdi":null,"mmi":null,"alert":null,"status":"reviewed","tsunami":0,"sig":271,"net":"us","code":"7000t28f","ids":",us7000t28f,","sources":",us,","types":",origin,phase-data,","nst":19,"dmin":0.508,"rms":0.84,"gap":54,"magType":"mb","type":"earthquake","title":"M 4.2 - 78 km W of Ollagüe, Chile"},"geometry":{"type":"Point","coordinates":[-69.0011,-21.3378,119.577]},"id":"us7000t28f"},
{"type":"Feature","properties":{"mag":4,"place":"south of the Fiji Islands","time":1784649145663,"updated":1786716344040,"tz":null,"url":"https://earthquake.usgs.gov/earthquakes/eventpage/us6000tg4a","detail":"https://earthquake.usgs.gov/fdsnws/event/1/query?eventid=us6000tg4a&format=geojson","felt":null,"cdi":null,"mmi":null,"alert":null,"status":"reviewed","tsunami":0,"sig":246,"net":"us","code":"6000tg4a","ids":",us6000tg4a,","sources":",us,","types":",origin,phase-data,","nst":10,"dmin":7.463,"rms":0.53,"gap":198,"magType":"mb","type":"earthquake","title":"M 4.0 - south of the Fiji Islands"},"geometry":{"type":"Point","coordinates":[177.6978,-25.2374,600.519]},"id":"us6000tg4a"},
{"type":"Feature","properties":{"mag":4.4,"place":"68 km N of Isangel, Vanuatu","time":1784647753224,"updated":1786713962040,"tz":null,"url":"https://earthquake.usgs.gov/earthquakes/eventpage/us7000t26u","detail":"https://earthquake.usgs.gov/fdsnws/event/1/query?eventid=us7000t26u&format=geojson","felt":null,"cdi":null,"mmi":null,"alert":null,"status":"reviewed","tsunami":0,"sig":298,"net":"us","code":"7000t26u","ids":",us7000t26u,","sources":",us,","types":",origin,phase-data,","nst":73,"dmin":4.081,"rms":0.65,"gap":79,"magType":"mb","type":"earthquake","title":"M 4.4 - 68 km N of Isangel, Vanuatu"},"geometry":{"type":"Point","coordinates":[169.3554,-18.9242,259.857]},"id":"us7000t26u"},
{"type":"Feature","properties":{"mag":4.4,"place":"119 km WSW of Puerto Madero, Mexico","time":1784647280436,"updated":1786713651040,"tz":null,"url":"https://earthquake.usgs.gov/earthquakes/eventpage/us7000t26t","detail":"https://earthquake.usgs.gov/fdsnws/event/1/query?eventid=us7000t26t&format=geojson","felt":null,"cdi":null,"mmi":null,"alert":null,"status":"reviewed","tsunami":0,"sig":298,"net":"us","code":"7000t26t","ids":",us7000t26t,","sources":",us,","types":",origin,phase-data,","nst":98,"dmin":2.375,"rms":0.62,"gap":190,"magType":"mb","type":"earthquake","title":"M 4.4 - 119 km WSW of Puerto Madero, Mexico"},"geometry":{"type":"Point","coordinates":[-93.4214,14.2446,10]},"id":"us7000t26t"},
{"type":"Feature","properties":{"mag":4.2,"place":"117 km SW of Puerto Madero, Mexico","time":1784645940171,"updated":1786659163040,"tz":null,"url":"https://earthquake.usgs.gov/earthquakes/eventpage/us6000tg48","detail":"https://earthquake.usgs.gov/fdsnws/event/1/query?eventid=us6000tg48&format=geojson","felt":null,"cdi":null,"mmi":null,"alert":null,"status":"reviewed","tsunami":0,"sig":271,"net":"us","code":"6000tg48","ids":",us6000tg48,","sources":",us,","types":",origin,phase-data,","nst":30,"dmin":2.514,"rms":0.59,"gap":205,"magType":"mb","type":"earthquake","title":"M 4.2 - 117 km SW of Puerto Madero, Mexico"},"geometry":{"type":"Point","coordinates":[-93.1828,13.9663,10]},"id":"us6000tg48"},
{"type":"Feature","properties":{"mag":4.3,"place":"18 km N of Fiambalá, Argentina","time":1784645726745,"updated":1786658502040,"tz":null,"url":"https://earthquake.usgs.gov/earthquakes/eventpage/us7000t26m","detail":"https://earthquake.usgs.gov/fdsnws/event/1/query?eventid=us7000t26m&format=geojson","felt":null,"cdi":null,"mmi":null,"alert":null,"status":"reviewed","tsunami":0,"sig":284,"net":"us","code":"7000t26m","ids":",us7000t26m,","sources":",us,","types":",origin,phase-data,","nst":27,"dmin":2.46,"rms":1.3,"gap":62,"magType":"mb","type":"earthquake","title":"M 4.3 - 18 km N of Fiambalá, Argentina"},"geometry":{"type":"Point","coordinates":[-67.5922,-27.5086,163.701]},"id":"us7000t26m"},
{"type":"Feature","properties":{"mag":4.6,"place":"20 km WSW of San Rafael, Philippines","time":1784641686857,"updated":1786657856040,"tz":null,"url":"https://earthquake.usgs.gov/earthquakes/eventpage/us7000t26k","detail":"https://earthquake.usgs.gov/fdsnws/event/1/query?eventid=us7000t26k&format=geojson","felt":null,"cdi":null,"mmi":null,"alert":null,"status":"reviewed","tsunami":0,"sig":326,"net":"us","code":"7000t26k","ids":",us7000t26k,","sources":",us,","types":",origin,phase-data,","nst":66,"dmin":9.888,"rms":0.71,"gap":60,"magType":"mb","type":"earthquake","title":"M 4.6 - 20 km WSW of San Rafael, Philippines"},"geometry":{"type":"Point","coordinates":[122.7932,13.0116,10]},"id":"us7000t26k"},
{"type":"Feature","properties":{"mag":4.7,"place":"195 km W of Abepura, Indonesia","time":1784641636506,"updated":1786657454040,"tz":null,"url":"https://earthquake.usgs.gov/earthquakes/eventpage/us7000t26j","detail":"https://earthquake.usgs.gov/fdsnws/event/1/query?eventid=us7000t26j&format=geojson","felt":null,"cdi":null,"mmi":null,"alert":null,"status":"reviewed","tsunami":0,"sig":340,"net":"us","code":"7000t26j","ids":",us7000t26j,","sources":",us,","types":",origin,phase-data,","nst":68,"dmin":1.832,"rms":0.55,"gap":46,"magType":"mb","type":"earthquake","title":"M 4.7 - 195 km W of Abepura, Indonesia"},"geometry":{"type":"Point","coordinates":[138.8709,-2.5995,35]},"id":"us7000t26j"},
{"type":"Feature","properties":{"mag":4.5,"place":"116 km ENE of Santa Cruz das Flores, Portugal","time":1784641636293,"updated":1786657654040,"tz":null,"url":"https://earthquake.usgs.gov/earthquakes/eventpage/us6000tg46","detail":"https://earthquake.usgs.gov/fdsnws/event/1/query?eventid=us6000tg46&format=geojson","felt":null,"cdi":null,"mmi":null,"alert":null,"status":"reviewed","tsunami":0,"sig":312,"net":"us","code":"6000tg46","ids":",us6000tg46,","sources":",us,","types":",origin,phase-data,","nst":30,"dmin":1.009,"rms":0.47,"gap":114,"magType":"mb","type":"earthquake","title":"M 4.5 - 116 km ENE of Santa Cruz das Flores, Portugal"},"geometry":{"type":"Point","coordinates":[-29.812,39.7107,10]},"id":"us6000tg46"},
{"type":"Feature","properties":{"mag":4.5,"place":"131 km E of Santa Cruz das Flores, Portugal","time":1784640969979,"updated":1786656830040,"tz":null,"url":"https://earthquake.usgs.gov/earthquakes/eventpage/us6000tg45","detail":"https://earthquake.usgs.gov/fdsnws/event/1/query?eventid=us6000tg45&format=geojson","felt":null,"cdi":null,"mmi":null,"alert":null,"status":"reviewed","tsunami":0,"sig":312,"net":"us","code":"6000tg45","ids":",us6000tg45,","sources":",us,","types":",origin,phase-data,","nst":33,"dmin":1.172,"rms":0.63,"gap":144,"magType":"mb","type":"earthquake","title":"M 4.5 - 131 km E of Santa Cruz das Flores, Portugal"},"geometry":{"type":"Point","coordinates":[-29.6111,39.5605,10]},"id":"us6000tg45"},
{"type":"Feature","properties":{"mag":4.3,"place":"138 km E of Santa Cruz das Flores, Portugal","time":1784640782359,"updated":1786656083040,"tz":null,"url":"https://earthquake.usgs.gov/earthquakes/eventpage/us6000tg44","detail":"https://earthquake.usgs.gov/fdsnws/event/1/query?eventid=us6000tg44&format=geojson","felt":null,"cdi":null,"mmi":null,"alert":null,"status":"reviewed","tsunami":0,"sig":284,"net":"us","code":"6000tg44","ids":",us6000tg44,","sources":",us,","types":",origin,phase-data,","nst":35,"dmin":1.223,"rms":0.9,"gap":83,"magType":"mb","type":"earthquake","title":"M 4.3 - 138 km E of Santa Cruz das Flores, Portugal"},"geometry":{"type":"Point","coordinates":[-29.535,39.6593,10]},"id":"us6000tg44"},
{"type":"Feature","properties":{"mag":4.8,"place":"179 km NNW of Santa Cruz da Graciosa, Portugal","time":1784639744795,"updated":1786652770040,"tz":null,"url":"https://earthquake.usgs.gov/earthquakes/eventpage/us6000tg4u","detail":"https://earthquake.usgs.gov/fdsnws/event/1/query?eventid=us6000tg4u&format=geojson","felt":null,"cdi":null,"mmi":null,"alert":null,"status":"reviewed","tsunami":0,"sig":354,"net":"us","code":"6000tg4u","ids":",us6000tg4u,","sources":",us,","types":",origin,phase-data,","nst":17,"dmin":3.808,"rms":1.23,"gap":66,"magType":"mb","type":"earthquake","title":"M 4.8 - 179 km NNW of Santa Cruz da Graciosa, Portugal"},"geometry":{"type":"Point","coordinates":[-28.8505,40.5645,10]},"id":"us6000tg4u"},
{"type":"Feature","properties":{"mag":5.3,"place":"138 km ENE of Santa Cruz das Flores, Portugal","time":1784639591293,"updated":1786651834040,"tz":null,"url":"https://earthquake.usgs.gov/earthquakes/eventpage/us7000t26b","detail":"https://earthquake.usgs.gov/fdsnws/event/1/query?eventid=us7000t26b&format=geojson","felt":null,"cdi":null,"mmi":3.221,"alert":"green","status":"reviewed","tsunami":0,"sig":432,"net":"us","code":"7000t26b","ids":",usauto7000t26b,us7000t26b,","sources":",usauto,us,","types":",internal-moment-tensor,losspager,moment-tensor,origin,phase-data,shakemap,","nst":236,"dmin":1.174,"rms":0.45,"gap":20,"magType":"mww","type":"earthquake","title":"M 5.3 - 138 km ENE of Santa Cruz das Flores, Portugal"},"geometry":{"type":"Point","coordinates":[-29.621,39.9061,10]},"id":"us7000t26b"},
{"type":"Feature","properties":{"mag":4,"place":"170 km SSE of Vilyuchinsk, Russia","time":1784639411769,"updated":1786651427040,"tz":null,"url":"https://earthquake.usgs.gov/earthquakes/eventpage/us6000tg42","detail":"https://earthquake.usgs.gov/fdsnws/event/1/query?eventid=us6000tg42&format=geojson","felt":null,"cdi":null,"mmi":null,"alert":null,"status":"reviewed","tsunami":0,"sig":246,"net":"us","code":"6000tg42","ids":",us6000tg42,","sources":",us,","types":",origin,phase-data,","nst":15,"dmin":1.587,"rms":0.6,"gap":175,"magType":"mb","type":"earthquake","title":"M 4.0 - 170 km SSE of Vilyuchinsk, Russia"},"geometry":{"type":"Point","coordinates":[159.0878,51.4617,54.271]},"id":"us6000tg42"},
{"type":"Feature","properties":{"mag":4,"place":"Fiji region","time":1784639085356,"updated":1786650206040,"tz":null,"url":"https://earthquake.usgs.gov/earthquakes/eventpage/us6000tg43","detail":"https://earthquake.usgs.gov/fdsnws/event/1/query?eventid=us6000tg43&format=geojson","felt":null,"cdi":null,"mmi":null,"alert":null,"status":"reviewed","tsunami":0,"sig":246,"net":"us","code":"6000tg43","ids":",us6000tg43,","sources":",us,","types":",origin,phase-data,","nst":22,"dmin":4.191,"rms":0.54,"gap":164,"magType":"mb","type":"earthquake","title":"M 4.0 - Fiji region"},"geometry":{"type":"Point","coordinates":[-178.208,-19.9995,554.421]},"id":"us6000tg43"},
{"type":"Feature","properties":{"mag":4.7,"place":"Kermadec Islands region","time":1784637703257,"updated":1786614718040,"tz":null,"url":"https://earthquake.usgs.gov/earthquakes/eventpage/us6000tg40","detail":"https://earthquake.usgs.gov/fdsnws/event/1/query?eventid=us6000tg40&format=geojson","felt":null,"cdi":null,"mmi":null,"alert":null,"status":"reviewed","tsunami":0,"sig":340,"net":"us","code":"6000tg40","ids":",us6000tg40,","sources":",us,","types":",origin,phase-data,","nst":19,"dmin":1.083,"rms":0.6,"gap":150,"magType":"mb","type":"earthquake","title":"M 4.7 - Kermadec Islands region"},"geometry":{"type":"Point","coordinates":[-176.7916,-28.818,35.391]},"id":"us6000tg40"},
{"type":"Feature","properties":{"mag":4.2,"place":"99 km NW of Ternate, Indonesia","time":1784637377995,"updated":1786690692040,"tz":null,"url":"https://earthquake.usgs.gov/earthquakes/eventpage/us6000tg3z","detail":"https://earthquake.usgs.gov/fdsnws/event/1/query?eventid=us6000tg3z&format=geojson","felt":null,"cdi":null,"mmi":null,"alert":null,"status":"reviewed","tsunami":0,"sig":271,"net":"us","code":"6000tg3z","ids":",us6000tg3z,","sources":",us,","types":",origin,phase-data,","nst":19,"dmin":5.825,"rms":0.37,"gap":96,"magType":"mb","type":"earthquake","title":"M 4.2 - 99 km NW of Ternate, Indonesia"},"geometry":{"type":"Point","coordinates":[126.6495,1.3053,58.104]},"id":"us6000tg3z"},
{"type":"Feature","properties":{"mag":4.5,"place":"South Sandwich Islands region","time":1784637364385,"updated":1786709446040,"tz":null,"url":"https://earthquake.usgs.gov/earthquakes/eventpage/us6000tg3x","detail":"https://earthquake.usgs.gov/fdsnws/event/1/query?eventid=us6000tg3x&format=geojson","felt":null,"cdi":null,"mmi":null,"alert":null,"status":"reviewed","tsunami":0,"sig":312,"net":"us","code":"6000tg3x","ids":",us6000tg3x,","sources":",us,","types":",origin,phase-data,","nst":25,"dmin":7.497,"rms":0.55,"gap":110,"magType":"mb","type":"earthquake","title":"M 4.5 - South Sandwich Islands region"},"geometry":{"type":"Point","coordinates":[-24.1677,-57.0489,10]},"id":"us6000tg3x"},
{"type":"Feature","properties":{"mag":5.6,"place":"Kermadec Islands region","time":1784636075347,"updated":1786633676237,"tz":null,"url":"https://earthquake.usgs.gov/earthquakes/eventpage/us7000t25y","detail":"https://earthquake.usgs.gov/fdsnws/event/1/query?eventid=us7000t25y&format=geojson","felt":null,"cdi":null,"mmi":3.429,"alert":"green","status":"reviewed","tsunami":0,"sig":482,"net":"us","code":"7000t25y","ids":",usauto7000t25y,us7000t25y,","sources":",usauto,us,","types":",internal-moment-tensor,losspager,moment-tensor,origin,phase-data,shakemap,","nst":143,"dmin":0.849,"rms":0.37,"gap":69,"magType":"mww","type":"earthquake","title":"M 5.6 - Kermadec Islands region"},"geometry":{"type":"Point","coordinates":[-176.9584,-29.2885,19.704]},"id":"us7000t25y"},
{"type":"Feature","properties":{"mag":4.1,"place":"10 km ENE of Manokwari, Indonesia","time":1784635799430,"updated":1786693513040,"tz":null,"url":"https://earthquake.usgs.gov/earthquakes/eventpage/us7000t25z","detail":"https://earthquake.usgs.gov/fdsnws/event/1/query?eventid=us7000t25z&format=geojson","felt":null,"cdi":null,"mmi":null,"alert":null,"status":"reviewed","tsunami":0,"sig":259,"net":"us","code":"7000t25z","ids":",us7000t25z,","sources":",us,","types":",origin,phase-data,","nst":18,"dmin":2.816,"rms":0.48,"gap":170,"magType":"mb","type":"earthquake","title":"M 4.1 - 10 km ENE of Manokwari, Indonesia"},"geometry":{"type":"Point","coordinates":[134.1558,-0.8315,35]},"id":"us7000t25z"},
{"type":"Feature","properties":{"mag":4.5,"place":"142 km NNE of Maumere, Indonesia","time":1784634435663,"updated":1786618394040,"tz":null,"url":"https://earthquake.usgs.gov/earthquakes/eventpage/us7000t25t","detail":"https://earthquake.usgs.gov/fdsnws/event/1/query?eventid=us7000t25t&format=geojson","felt":null,"cdi":null,"mmi":null,"alert":null,"status":"reviewed","tsunami":0,"sig":312,"net":"us","code":"7000t25t","ids":",us7000t25t,","sources":",us,","types":",origin,phase-data,","nst":80,"dmin":2.634,"rms":0.64,"gap":67,"magType":"mb","type":"earthquake","title":"M 4.5 - 142 km NNE of Maumere, Indonesia"},"geometry":{"type":"Point","coordinates":[122.8627,-7.5026,539.829]},"id":"us7000t25t"},
{"type":"Feature","properties":{"mag":5,"place":"61 km NE of Simao, China","time":1784634187526,"updated":1786617559040,"tz":null,"url":"https://earthquake.usgs.gov/earthquakes/eventpage/us7000t25s","detail":"https://earthquake.usgs.gov/fdsnws/event/1/query?eventid=us7000t25s&format=geojson","felt":null,"cdi":null,"mmi":null,"alert":null,"status":"reviewed","tsunami":0,"sig":385,"net":"us","code":"7000t25s","ids":",us7000t25s,usauto7000t25s,","sources":",us,usauto,","types":",impact-text,internal-moment-tensor,origin,phase-data,","nst":117,"dmin":3.067,"rms":0.5,"gap":23,"magType":"mb","type":"earthquake","title":"M 5.0 - 61 km NE of Simao, China"},"geometry":{"type":"Point","coordinates":[101.4361,23.1468,10]},"id":"us7000t25s"},
{"type":"Feature","properties":{"mag":4.4,"place":"44 km NNW of Te Anau, New Zealand","time":1784633306152,"updated":1785237027040,"tz":null,"url":"https://earthquake.usgs.gov/earthquakes/eventpage/us7000t25n","detail":"https://earthquake.usgs.gov/fdsnws/event/1/query?eventid=us7000t25n&format=geojson","felt":null,"cdi":null,"mmi":null,"alert":null,"status":"reviewed","tsunami":0,"sig":298,"net":"us","code":"7000t25n","ids":",us7000t25n,","sources":",us,","types":",origin,phase-data,","nst":28,"dmin":0.478,"rms":0.6,"gap":80,"magType":"mb","type":"earthquake","title":"M 4.4 - 44 km NNW of Te Anau, New Zealand"},"geometry":{"type":"Point","coordinates":[167.5039,-45.0456,68.613]},"id":"us7000t25n"},
{"type":"Feature","properties":{"mag":4.9,"place":"69 km SW of Merizo Village, Guam","time":1784632185483,"updated":1786792787130,"tz":null,"url":"https://earthquake.usgs.gov/earthquakes/eventpage/us7000t25j","detail":"https://earthquake.usgs.gov/fdsnws/event/1/query?eventid=us7000t25j&format=geojson","felt":4,"cdi":3.8,"mmi":null,"alert":null,"status":"reviewed","tsunami":0,"sig":371,"net":"us","code":"7000t25j","ids":",us7000t25j,","sources":",us,","types":",dyfi,origin,phase-data,","nst":60,"dmin":0.995,"rms":0.45,"gap":85,"magType":"mb","type":"earthquake","title":"M 4.9 - 69 km SW of Merizo Village, Guam"},"geometry":{"type":"Point","coordinates":[144.2202,12.8161,12.946]},"id":"us7000t25j"},
{"type":"Feature","properties":{"mag":4,"place":"28 km S of Jurm, Afghanistan","time":1784629089863,"updated":1786610932040,"tz":null,"url":"https://earthquake.usgs.gov/earthquakes/eventpage/us7000t25g","detail":"https://earthquake.usgs.gov/fdsnws/event/1/query?eventid=us7000t25g&format=geojson","felt":null,"cdi":null,"mmi":null,"alert":null,"status":"reviewed","tsunami":0,"sig":246,"net":"us","code":"7000t25g","ids":",us7000t25g,","sources":",us,","types":",origin,phase-data,","nst":36,"dmin":2.128,"rms":0.54,"gap":142,"magType":"mb","type":"earthquake","title":"M 4.0 - 28 km S of Jurm, Afghanistan"},"geometry":{"type":"Point","coordinates":[70.8702,36.6131,211.514]},"id":"us7000t25g"},
{"type":"Feature","properties":{"mag":4.1,"place":"101 km SW of Brisas Barra de Suchiate, Mexico","time":1784627004404,"updated":1786711674040,"tz":null,"url":"https://earthquake.usgs.gov/earthquakes/eventpage/us6000tisz","detail":"https://earthquake.usgs.gov/fdsnws/event/1/query?eventid=us6000tisz&format=geojson","felt":null,"cdi":null,"mmi":null,"alert":null,"status":"reviewed","tsunami":0,"sig":259,"net":"us","code":"6000tisz","ids":",us6000tisz,","sources":",us,","types":",origin,phase-data,","nst":34,"dmin":2.457,"rms":1,"gap":186,"magType":"mb","type":"earthquake","title":"M 4.1 - 101 km SW of Brisas Barra de Suchiate, Mexico"},"geometry":{"type":"Point","coordinates":[-92.9298,13.9336,10]},"id":"us6000tisz"},
{"type":"Feature","properties":{"mag":4.1,"place":"62 km SW of Brisas Barra de Suchiate, Mexico","time":1784624999552,"updated":1786695127040,"tz":null,"url":"https://earthquake.usgs.gov/earthquakes/eventpage/us7000t256","detail":"https://earthquake.usgs.gov/fdsnws/event/1/query?eventid=us7000t256&format=geojson","felt":null,"cdi":null,"mmi":null,"alert":null,"status":"reviewed","tsunami":0,"sig":259,"net":"us","code":"7000t256","ids":",us7000t256,","sources":",us,","types":",origin,phase-data,","nst":73,"dmin":2.747,"rms":0.39,"gap":164,"magType":"mb","type":"earthquake","title":"M 4.1 - 62 km SW of Brisas Barra de Suchiate, Mexico"},"geometry":{"type":"Point","coordinates":[-92.6026,14.1047,33.142]},"id":"us7000t256"},
{"type":"Feature","properties":{"mag":4,"place":"126 km SW of Puerto Madero, Mexico","time":1784624506468,"updated":1786698594040,"tz":null,"url":"https://earthquake.usgs.gov/earthquakes/eventpage/us6000tisx","detail":"https://earthquake.usgs.gov/fdsnws/event/1/query?eventid=us6000tisx&format=geojson","felt":null,"cdi":null,"mmi":null,"alert":null,"status":"reviewed","tsunami":0,"sig":246,"net":"us","code":"6000tisx","ids":",us6000tisx,","sources":",us,","types":",origin,phase-data,","nst":40,"dmin":2.607,"rms":0.51,"gap":205,"magType":"mb","type":"earthquake","title":"M 4.0 - 126 km SW of Puerto Madero, Mexico"},"geometry":{"type":"Point","coordinates":[-93.2112,13.8765,10]},"id":"us6000tisx"},
{"type":"Feature","properties":{"mag":4.9,"place":"South Sandwich Islands region","time":1784623983691,"updated":1785221238040,"tz":null,"url":"https://earthquake.usgs.gov/earthquakes/eventpage/us6000tg3s","detail":"https://earthquake.usgs.gov/fdsnws/event/1/query?eventid=us6000tg3s&format=geojson","felt":null,"cdi":null,"mmi":null,"alert":null,"status":"reviewed","tsunami":0,"sig":369,"net":"us","code":"6000tg3s","ids":",us6000tg3s,","sources":",us,","types":",origin,phase-data,","nst":48,"dmin":7.4,"rms":0.6,"gap":87,"magType":"mb","type":"earthquake","title":"M 4.9 - South Sandwich Islands region"},"geometry":{"type":"Point","coordinates":[-26.216,-59.047,57.776]},"id":"us6000tg3s"},
{"type":"Feature","properties":{"mag":4.6,"place":"76 km SW of Puerto Madero, Mexico","time":1784616196057,"updated":1786464990040,"tz":null,"url":"https://earthquake.usgs.gov/earthquakes/eventpage/us7000t24u","detail":"https://earthquake.usgs.gov/fdsnws/event/1/query?eventid=us7000t24u&format=geojson","felt":null,"cdi":null,"mmi":null,"alert":null,"status":"reviewed","tsunami":0,"sig":326,"net":"us","code":"7000t24u","ids":",us7000t24u,","sources":",us,","types":",origin,phase-data,","nst":64,"dmin":7.424,"rms":0.77,"gap":145,"magType":"mb","type":"earthquake","title":"M 4.6 - 76 km SW of Puerto Madero, Mexico"},"geometry":{"type":"Point","coordinates":[-92.9649,14.2712,35]},"id":"us7000t24u"},
{"type":"Feature","properties":{"mag":4.5,"place":"southern Mid-Atlantic Ridge","time":1784610902027,"updated":1786465150040,"tz":null,"url":"https://earthquake.usgs.gov/earthquakes/eventpage/us7000t2et","detail":"https://earthquake.usgs.gov/fdsnws/event/1/query?eventid=us7000t2et&format=geojson","felt":null,"cdi":null,"mmi":null,"alert":null,"status":"reviewed","tsunami":0,"sig":312,"net":"us","code":"7000t2et","ids":",us7000t2et,","sources":",us,","types":",origin,phase-data,","nst":30,"dmin":28.261,"rms":0.85,"gap":99,"magType":"mb","type":"earthquake","title":"M 4.5 - southern Mid-Atlantic Ridge"},"geometry":{"type":"Point","coordinates":[-10.0571,-48.578,10]},"id":"us7000t2et"},
{"type":"Feature","properties":{"mag":4.4,"place":"98 km SW of Puerto Madero, Mexico","time":1784610410711,"updated":1786464748040,"tz":null,"url":"https://earthquake.usgs.gov/earthquakes/eventpage/us7000t24f","detail":"https://earthquake.usgs.gov/fdsnws/event/1/query?eventid=us7000t24f&format=geojson","felt":null,"cdi":null,"mmi":null,"alert":null,"status":"reviewed","tsunami":0,"sig":298,"net":"us","code":"7000t24f","ids":",us7000t24f,","sources":",us,","types":",origin,phase-data,","nst":56,"dmin":3.231,"rms":0.62,"gap":137,"magType":"mb","type":"earthquake","title":"M 4.4 - 98 km SW of Puerto Madero, Mexico"},"geometry":{"type":"Point","coordinates":[-93.1014,14.1274,35]},"id":"us7000t24f"},
{"type":"Feature","properties":{"mag":4.4,"place":"36 km NW of Tambolaka, Indonesia","time":1784610301804,"updated":1786464248040,"tz":null,"url":"https://earthquake.usgs.gov/earthquakes/eventpage/us7000t24e","detail":"https://earthquake.usgs.gov/fdsnws/event/1/query?eventid=us7000t24e&format=geojson","felt":null,"cdi":null,"mmi":null,"alert":null,"status":"reviewed","tsunami":0,"sig":298,"net":"us","code":"7000t24e","ids":",us7000t24e,","sources":",us,","types":",origin,phase-data,","nst":25,"dmin":4.23,"rms":0.64,"gap":94,"magType":"mb","type":"earthquake","title":"M 4.4 - 36 km NW of Tambolaka, Indonesia"},"geometry":{"type":"Point","coordinates":[118.9931,-9.2043,105.881]},"id":"us7000t24e"},
{"type":"Feature","properties":{"mag":4.6,"place":"168 km SE of Petropavlovsk-Kamchatsky, Russia","time":1784608840159,"updated":1785816261040,"tz":null,"url":"https://earthquake.usgs.gov/earthquakes/eventpage/us7000t24c","detail":"https://earthquake.usgs.gov/fdsnws/event/1/query?eventid=us7000t24c&format=geojson","felt":null,"cdi":null,"mmi":null,"alert":null,"status":"reviewed","tsunami":0,"sig":326,"net":"us","code":"7000t24c","ids":",us7000t24c,","sources":",us,","types":",origin,phase-data,","nst":72,"dmin":1.474,"rms":0.96,"gap":133,"magType":"mb","type":"earthquake","title":"M 4.6 - 168 km SE of Petropavlovsk-Kamchatsky, Russia"},"geometry":{"type":"Point","coordinates":[160.375,51.9943,24.757]},"id":"us7000t24c"},
{"type":"Feature","properties":{"mag":4.5,"place":"55 km WSW of Valparaíso, Chile","time":1784608108537,"updated":1785815455040,"tz":null,"url":"https://earthquake.usgs.gov/earthquakes/eventpage/us7000t24a","detail":"https://earthquake.usgs.gov/fdsnws/event/1/query?eventid=us7000t24a&format=geojson","felt":null,"cdi":null,"mmi":null,"alert":null,"status":"reviewed","tsunami":0,"sig":312,"net":"us","code":"7000t24a","ids":",us7000t24a,","sources":",us,","types":",origin,phase-data,","nst":39,"dmin":0.571,"rms":0.68,"gap":143,"magType":"mb","type":"earthquake","title":"M 4.5 - 55 km WSW of Valparaíso, Chile"},"geometry":{"type":"Point","coordinates":[-72.1419,-33.294,16.857]},"id":"us7000t24a"},
{"type":"Feature","properties":{"mag":4.2,"place":"Fiji region","time":1784606547287,"updated":1785813666040,"tz":null,"url":"https://earthquake.usgs.gov/earthquakes/eventpage/us6000tg3m","detail":"https://earthquake.usgs.gov/fdsnws/event/1/query?eventid=us6000tg3m&format=geojson","felt":null,"cdi":null,"mmi":null,"alert":null,"status":"reviewed","tsunami":0,"sig":271,"net":"us","code":"6000tg3m","ids":",us6000tg3m,","sources":",us,","types":",origin,phase-data,","nst":18,"dmin":4.047,"rms":0.49,"gap":209,"magType":"mb","type":"earthquake","title":"M 4.2 - Fiji region"},"geometry":{"type":"Point","coordinates":[-178.172,-19.7995,593.481]},"id":"us6000tg3m"},
{"type":"Feature","properties":{"mag":4.3,"place":"5 km ESE of Silago, Philippines","time":1784606163236,"updated":1785813364040,"tz":null,"url":"https://earthquake.usgs.gov/earthquakes/eventpage/us6000tg3k","detail":"https://earthquake.usgs.gov/fdsnws/event/1/query?eventid=us6000tg3k&format=geojson","felt":null,"cdi":null,"mmi":null,"alert":null,"status":"reviewed","tsunami":0,"sig":284,"net":"us","code":"6000tg3k","ids":",us6000tg3k,","sources":",us,","types":",origin,phase-data,","nst":14,"dmin":3.433,"rms":0.83,"gap":138,"magType":"mb","type":"earthquake","title":"M 4.3 - 5 km ESE of Silago, Philippines"},"geometry":{"type":"Point","coordinates":[125.2076,10.5051,13.134]},"id":"us6000tg3k"},
{"type":"Feature","properties":{"mag":4.8,"place":"Mid-Indian Ridge","time":1784603994959,"updated":1785795843040,"tz":null,"url":"https://earthquake.usgs.gov/earthquakes/eventpage/us6000tg3i","detail":"https://earthquake.usgs.gov/fdsnws/event/1/query?eventid=us6000tg3i&format=geojson","felt":null,"cdi":null,"mmi":null,"alert":null,"status":"reviewed","tsunami":0,"sig":354,"net":"us","code":"6000tg3i","ids":",us6000tg3i,","sources":",us,","types":",origin,phase-data,","nst":31,"dmin":42.815,"rms":0.56,"gap":70,"magType":"mb","type":"earthquake","title":"M 4.8 - Mid-Indian Ridge"},"geometry":{"type":"Point","coordinates":[74.1519,-27.968,10]},"id":"us6000tg3i"},
{"type":"Feature","properties":{"mag":4.4,"place":"Mid-Indian Ridge","time":1784603934416,"updated":1785795468040,"tz":null,"url":"https://earthquake.usgs.gov/earthquakes/eventpage/us6000tg4z","detail":"https://earthquake.usgs.gov/fdsnws/event/1/query?eventid=us6000tg4z&format=geojson","felt":null,"cdi":null,"mmi":null,"alert":null,"status":"reviewed","tsunami":0,"sig":298,"net":"us","code":"6000tg4z","ids":",us6000tg4z,","sources":",us,","types":",origin,phase-data,","nst":12,"dmin":46.93,"rms":1.11,"gap":82,"magType":"mb","type":"earthquake","title":"M 4.4 - Mid-Indian Ridge"},"geometry":{"type":"Point","coordinates":[74.1318,-27.7616,10]},"id":"us6000tg4z"},
{"type":"Feature","properties":{"mag":5,"place":"Mid-Indian Ridge","time":1784603828661,"updated":1785795200040,"tz":null,"url":"https://earthquake.usgs.gov/earthquakes/eventpage/us7000t23v","detail":"https://earthquake.usgs.gov/fdsnws/event/1/query?eventid=us7000t23v&format=geojson","felt":null,"cdi":null,"mmi":null,"alert":null,"status":"reviewed","tsunami":0,"sig":385,"net":"us","code":"7000t23v","ids":",us7000t23v,","sources":",us,","types":",origin,phase-data,","nst":103,"dmin":18.149,"rms":0.57,"gap":70,"magType":"mb","type":"earthquake","title":"M 5.0 - Mid-Indian Ridge"},"geometry":{"type":"Point","coordinates":[73.9051,-27.8541,10]},"id":"us7000t23v"},
{"type":"Feature","properties":{"mag":4.4,"place":"14 km NW of Āwash, Ethiopia","time":1784602875350,"updated":1785793064040,"tz":null,"url":"https://earthquake.usgs.gov/earthquakes/eventpage/us7000t24y","detail":"https://earthquake.usgs.gov/fdsnws/event/1/query?eventid=us7000t24y&format=geojson","felt":null,"cdi":null,"mmi":null,"alert":null,"status":"reviewed","tsunami":0,"sig":298,"net":"us","code":"7000t24y","ids":",us7000t24y,","sources":",us,","types":",origin,phase-data,","nst":23,"dmin":3.642,"rms":0.71,"gap":147,"magType":"mb","type":"earthquake","title":"M 4.4 - 14 km NW of Āwash, Ethiopia"},"geometry":{"type":"Point","coordinates":[40.0891,9.085,10]},"id":"us7000t24y"},
{"type":"Feature","properties":{"mag":4.4,"place":"45 km ENE of Nemuro, Japan","time":1784600713307,"updated":1785735583040,"tz":null,"url":"https://earthquake.usgs.gov/earthquakes/eventpage/us7000t23p","detail":"https://earthquake.usgs.gov/fdsnws/event/1/query?eventid=us7000t23p&format=geojson","felt":null,"cdi":null,"mmi":null,"alert":null,"status":"reviewed","tsunami":0,"sig":298,"net":"us","code":"7000t23p","ids":",us7000t23p,","sources":",us,","types":",origin,phase-data,","nst":35,"dmin":2.598,"rms":0.51,"gap":183,"magType":"mb","type":"earthquake","title":"M 4.4 - 45 km ENE of Nemuro, Japan"},"geometry":{"type":"Point","coordinates":[146.1075,43.4398,98.56]},"id":"us7000t23p"},
{"type":"Feature","properties":{"mag":4.6,"place":"northern Mid-Atlantic Ridge","time":1784596383537,"updated":1785732163040,"tz":null,"url":"https://earthquake.usgs.gov/earthquakes/eventpage/us6000tg3h","detail":"https://earthquake.usgs.gov/fdsnws/event/1/query?eventid=us6000tg3h&format=geojson","felt":null,"cdi":null,"mmi":null,"alert":null,"status":"reviewed","tsunami":0,"sig":326,"net":"us","code":"6000tg3h","ids":",us6000tg3h,","sources":",us,","types":",origin,phase-data,","nst":27,"dmin":33.381,"rms":0.22,"gap":80,"magType":"mb","type":"earthquake","title":"M 4.6 - northern Mid-Atlantic Ridge"},"geometry":{"type":"Point","coordinates":[-45.0524,25.9373,10]},"id":"us6000tg3h"},
{"type":"Feature","properties":{"mag":5.2,"place":"northern Mid-Atlantic Ridge","time":1784595814648,"updated":1785731716040,"tz":null,"url":"https://earthquake.usgs.gov/earthquakes/eventpage/us7000t23e","detail":"https://earthquake.usgs.gov/fdsnws/event/1/query?eventid=us7000t23e&format=geojson","felt":null,"cdi":null,"mmi":null,"alert":null,"status":"reviewed","tsunami":0,"sig":416,"net":"us","code":"7000t23e","ids":",usauto7000t23e,us7000t23e,","sources":",usauto,us,","types":",internal-moment-tensor,origin,phase-data,","nst":133,"dmin":18.284,"rms":0.53,"gap":55,"magType":"mww","type":"earthquake","title":"M 5.2 - northern Mid-Atlantic Ridge"},"geometry":{"type":"Point","coordinates":[-45.0814,25.9279,10]},"id":"us7000t23e"},
{"type":"Feature","properties":{"mag":4.2,"place":"114 km SW of Puerto Madero, Mexico","time":1784594905304,"updated":1786584750040,"tz":null,"url":"https://earthquake.usgs.gov/earthquakes/eventpage/us7000t23g","detail":"https://earthquake.usgs.gov/fdsnws/event/1/query?eventid=us7000t23g&format=geojson","felt":null,"cdi":null,"mmi":null,"alert":null,"status":"reviewed","tsunami":0,"sig":271,"net":"us","code":"7000t23g","ids":",us7000t23g,","sources":",us,","types":",origin,phase-data,","nst":39,"dmin":2.438,"rms":0.92,"gap":167,"magType":"mb","type":"earthquake","title":"M 4.2 - 114 km SW of Puerto Madero, Mexico"},"geometry":{"type":"Point","coordinates":[-93.2657,14.0878,35]},"id":"us7000t23g"},
{"type":"Feature","properties":{"mag":4.6,"place":"south of the Fiji Islands","time":1784593529827,"updated":1786063832040,"tz":null,"url":"https://earthquake.usgs.gov/earthquakes/eventpage/us7000t235","detail":"https://earthquake.usgs.gov/fdsnws/event/1/query?eventid=us7000t235&format=geojson","felt":null,"cdi":null,"mmi":null,"alert":null,"status":"reviewed","tsunami":0,"sig":326,"net":"us","code":"7000t235","ids":",us7000t235,","sources":",us,","types":",origin,phase-data,","nst":53,"dmin":7.266,"rms":0.76,"gap":43,"magType":"mb","type":"earthquake","title":"M 4.6 - south of the Fiji Islands"},"geometry":{"type":"Point","coordinates":[-177.3769,-23.6491,205.964]},"id":"us7000t235"},
{"type":"Feature","properties":{"mag":4.8,"place":"south of the Kermadec Islands","time":1784592392880,"updated":1786063562040,"tz":null,"url":"https://earthquake.usgs.gov/earthquakes/eventpage/us6000tg3e","detail":"https://earthquake.usgs.gov/fdsnws/event/1/query?eventid=us6000tg3e&format=geojson","felt":null,"cdi":null,"mmi":null,"alert":null,"status":"reviewed","tsunami":0,"sig":354,"net":"us","code":"6000tg3e","ids":",us6000tg3e,","sources":",us,","types":",origin,phase-data,","nst":26,"dmin":3.809,"rms":0.61,"gap":122,"magType":"mb","type":"earthquake","title":"M 4.8 - south of the Kermadec Islands"},"geometry":{"type":"Point","coordinates":[-178.3724,-33.0474,35]},"id":"us6000tg3e"},
{"type":"Feature","properties":{"mag":5,"place":"143 km SSW of Gataivai, Samoa","time":1784590679856,"updated":1786061334040,"tz":null,"url":"https://earthquake.usgs.gov/earthquakes/eventpage/us7000t232","detail":"https://earthquake.usgs.gov/fdsnws/event/1/query?eventid=us7000t232&format=geojson","felt":null,"cdi":null,"mmi":null,"alert":null,"status":"reviewed","tsunami":0,"sig":385,"net":"us","code":"7000t232","ids":",us7000t232,","sources":",us,","types":",origin,phase-data,","nst":46,"dmin":1.491,"rms":0.72,"gap":68,"magType":"mb","type":"earthquake","title":"M 5.0 - 143 km SSW of Gataivai, Samoa"},"geometry":{"type":"Point","coordinates":[-172.8465,-14.9917,29.826]},"id":"us7000t232"},
{"type":"Feature","properties":{"mag":4,"place":"115 km NE of Esashi, Japan","time":1784589502274,"updated":1786584491040,"tz":null,"url":"https://earthquake.usgs.gov/earthquakes/eventpage/us7000t22v","detail":"https://earthquake.usgs.gov/fdsnws/event/1/query?eventid=us7000t22v&format=geojson","felt":null,"cdi":null,"mmi":null,"alert":null,"status":"reviewed","tsunami":0,"sig":246,"net":"us","code":"7000t22v","ids":",us7000t22v,","sources":",us,","types":",origin,phase-data,","nst":46,"dmin":1.511,"rms":0.72,"gap":129,"magType":"mb","type":"earthquake","title":"M 4.0 - 115 km NE of Esashi, Japan"},"geometry":{"type":"Point","coordinates":[143.7199,45.6029,300.616]},"id":"us7000t22v"},
{"type":"Feature","properties":{"mag":4.1,"place":"106 km SW of Puerto Madero, Mexico","time":1784588535326,"updated":1786584209040,"tz":null,"url":"https://earthquake.usgs.gov/earthquakes/eventpage/us7000t35j","detail":"https://earthquake.usgs.gov/fdsnws/event/1/query?eventid=us7000t35j&format=geojson","felt":null,"cdi":null,"mmi":null,"alert":null,"status":"reviewed","tsunami":0,"sig":259,"net":"us","code":"7000t35j","ids":",us7000t35j,","sources":",us,","types":",origin,phase-data,","nst":28,"dmin":2.376,"rms":0.34,"gap":136,"magType":"mb","type":"earthquake","title":"M 4.1 - 106 km SW of Puerto Madero, Mexico"},"geometry":{"type":"Point","coordinates":[-93.1949,14.1241,10]},"id":"us7000t35j"},
{"type":"Feature","properties":{"mag":4.8,"place":"southwest of Africa","time":1784586926430,"updated":1786584086040,"tz":null,"url":"https://earthquake.usgs.gov/earthquakes/eventpage/us7000t35i","detail":"https://earthquake.usgs.gov/fdsnws/event/1/query?eventid=us7000t35i&format=geojson","felt":null,"cdi":null,"mmi":null,"alert":null,"status":"reviewed","tsunami":0,"sig":354,"net":"us","code":"7000t35i","ids":",us7000t35i,","sources":",us,","types":",origin,phase-data,","nst":24,"dmin":21.128,"rms":0.88,"gap":61,"magType":"mb","type":"earthquake","title":"M 4.8 - southwest of Africa"},"geometry":{"type":"Point","coordinates":[12.7328,-52.6921,10]},"id":"us7000t35i"},
{"type":"Feature","properties":{"mag":4.2,"place":"148 km NNW of Masohi, Indonesia","time":1784585126329,"updated":1786583913040,"tz":null,"url":"https://earthquake.usgs.gov/earthquakes/eventpage/us7000t35e","detail":"https://earthquake.usgs.gov/fdsnws/event/1/query?eventid=us7000t35e&format=geojson","felt":null,"cdi":null,"mmi":null,"alert":null,"status":"reviewed","tsunami":0,"sig":271,"net":"us","code":"7000t35e","ids":",us7000t35e,","sources":",us,","types":",origin,phase-data,","nst":12,"dmin":3.901,"rms":0.77,"gap":121,"magType":"mb","type":"earthquake","title":"M 4.2 - 148 km NNW of Masohi, Indonesia"},"geometry":{"type":"Point","coordinates":[128.4381,-2.0635,10]},"id":"us7000t35e"},
{"type":"Feature","properties":{"mag":4.6,"place":"northern Mid-Atlantic Ridge","time":1784584108761,"updated":1786583783040,"tz":null,"url":"https://earthquake.usgs.gov/earthquakes/eventpage/us7000t35d","detail":"https://earthquake.usgs.gov/fdsnws/event/1/query?eventid=us7000t35d&format=geojson","felt":null,"cdi":null,"mmi":null,"alert":null,"status":"reviewed","tsunami":0,"sig":326,"net":"us","code":"7000t35d","ids":",us7000t35d,","sources":",us,","types":",origin,phase-data,","nst":35,"dmin":11.996,"rms":0.54,"gap":132,"magType":"mb","type":"earthquake","title":"M 4.6 - northern Mid-Atlantic Ridge"},"geometry":{"type":"Point","coordinates":[-45.1236,14.6109,10]},"id":"us7000t35d"},
{"type":"Feature","properties":{"mag":5,"place":"northern Mid-Atlantic Ridge","time":1784583048267,"updated":1786582463040,"tz":null,"url":"https://earthquake.usgs.gov/earthquakes/eventpage/us7000t35a","detail":"https://earthquake.usgs.gov/fdsnws/event/1/query?eventid=us7000t35a&format=geojson","felt":null,"cdi":null,"mmi":null,"alert":null,"status":"reviewed","tsunami":0,"sig":385,"net":"us","code":"7000t35a","ids":",us7000t35a,","sources":",us,","types":",origin,phase-data,","nst":75,"dmin":12.11,"rms":0.71,"gap":48,"magType":"mb","type":"earthquake","title":"M 5.0 - northern Mid-Atlantic Ridge"},"geometry":{"type":"Point","coordinates":[-45.1046,14.7422,10]},"id":"us7000t35a"},
{"type":"Feature","properties":{"mag":5,"place":"northern Mid-Atlantic Ridge","time":1784582974723,"updated":1786582281040,"tz":null,"url":"https://earthquake.usgs.gov/earthquakes/eventpage/us7000t35c","detail":"https://earthquake.usgs.gov/fdsnws/event/1/query?eventid=us7000t35c&format=geojson","felt":null,"cdi":null,"mmi":null,"alert":null,"status":"reviewed","tsunami":0,"sig":385,"net":"us","code":"7000t35c","ids":",us7000t35c,","sources":",us,","types":",origin,phase-data,","nst":77,"dmin":12.077,"rms":0.75,"gap":53,"magType":"mb","type":"earthquake","title":"M 5.0 - northern Mid-Atlantic Ridge"},"geometry":{"type":"Point","coordinates":[-45.0641,14.6687,10]},"id":"us7000t35c"},
{"type":"Feature","properties":{"mag":5.6,"place":"northern Mid-Atlantic Ridge","time":1784582909774,"updated":1786582139573,"tz":null,"url":"https://earthquake.usgs.gov/earthquakes/eventpage/us7000t21z","detail":"https://earthquake.usgs.gov/fdsnws/event/1/query?eventid=us7000t21z&format=geojson","felt":null,"cdi":null,"mmi":0,"alert":"green","status":"reviewed","tsunami":0,"sig":482,"net":"us","code":"7000t21z","ids":",usauto7000t21z,us7000t21z,","sources":",usauto,us,","types":",internal-moment-tensor,losspager,origin,phase-data,shakemap,","nst":114,"dmin":12.04,"rms":0.86,"gap":32,"magType":"mww","type":"earthquake","title":"M 5.6 - northern Mid-Atlantic Ridge"},"geometry":{"type":"Point","coordinates":[-44.9748,14.5492,10]},"id":"us7000t21z"},
{"type":"Feature","properties":{"mag":4.4,"place":"Banda Sea","time":1784582809030,"updated":1786581380040,"tz":null,"url":"https://earthquake.usgs.gov/earthquakes/eventpage/us7000t21u","detail":"https://earthquake.usgs.gov/fdsnws/event/1/query?eventid=us7000t21u&format=geojson","felt":null,"cdi":null,"mmi":null,"alert":null,"status":"reviewed","tsunami":0,"sig":298,"net":"us","code":"7000t21u","ids":",us7000t21u,","sources":",us,","types":",origin,phase-data,","nst":16,"dmin":2.429,"rms":0.7,"gap":109,"magType":"mb","type":"earthquake","title":"M 4.4 - Banda Sea"},"geometry":{"type":"Point","coordinates":[130.029,-6.9646,91.171]},"id":"us7000t21u"},
{"type":"Feature","properties":{"mag":4.2,"place":"113 km SW of Puerto Madero, Mexico","time":1784582447809,"updated":1786581187040,"tz":null,"url":"https://earthquake.usgs.gov/earthquakes/eventpage/us7000t35b","detail":"https://earthquake.usgs.gov/fdsnws/event/1/query?eventid=us7000t35b&format=geojson","felt":null,"cdi":null,"mmi":null,"alert":null,"status":"reviewed","tsunami":0,"sig":271,"net":"us","code":"7000t35b","ids":",us7000t35b,","sources":",us,","types":",origin,phase-data,","nst":29,"dmin":2.514,"rms":0.78,"gap":202,"magType":"mb","type":"earthquake","title":"M 4.2 - 113 km SW of Puerto Madero, Mexico"},"geometry":{"type":"Point","coordinates":[-93.0789,13.9249,10]},"id":"us7000t35b"},
{"type":"Feature","properties":{"mag":4.9,"place":"72 km WNW of Pangai, Tonga","time":1784581888981,"updated":1786581060040,"tz":null,"url":"https://earthquake.usgs.gov/earthquakes/eventpage/us7000t21n","detail":"https://earthquake.usgs.gov/fdsnws/event/1/query?eventid=us7000t21n&format=geojson","felt":null,"cdi":null,"mmi":null,"alert":null,"status":"reviewed","tsunami":0,"sig":369,"net":"us","code":"7000t21n","ids":",us7000t21n,","sources":",us,","types":",origin,phase-data,","nst":61,"dmin":4.85,"rms":0.78,"gap":96,"magType":"mb","type":"earthquake","title":"M 4.9 - 72 km WNW of Pangai, Tonga"},"geometry":{"type":"Point","coordinates":[-175.0268,-19.6692,47.23]},"id":"us7000t21n"},
{"type":"Feature","properties":{"mag":4.3,"place":"286 km W of Tual, Indonesia","time":1784580938551,"updated":1786038727040,"tz":null,"url":"https://earthquake.usgs.gov/earthquakes/eventpage/us7000t21h","detail":"https://earthquake.usgs.gov/fdsnws/event/1/query?eventid=us7000t21h&format=geojson","felt":null,"cdi":null,"mmi":null,"alert":null,"status":"reviewed","tsunami":0,"sig":284,"net":"us","code":"7000t21h","ids":",us7000t21h,","sources":",us,","types":",origin,phase-data,","nst":42,"dmin":1.451,"rms":0.45,"gap":112,"magType":"mb","type":"earthquake","title":"M 4.3 - 286 km W of Tual, Indonesia"},"geometry":{"type":"Point","coordinates":[130.1825,-5.9566,140.82]},"id":"us7000t21h"},
{"type":"Feature","properties":{"mag":4.5,"place":"Kuril Islands","time":1784580822453,"updated":1786038908040,"tz":null,"url":"https://earthquake.usgs.gov/earthquakes/eventpage/us7000t21j","detail":"https://earthquake.usgs.gov/fdsnws/event/1/query?eventid=us7000t21j&format=geojson","felt":null,"cdi":null,"mmi":null,"alert":null,"status":"reviewed","tsunami":0,"sig":312,"net":"us","code":"7000t21j","ids":",us7000t21j,","sources":",us,","types":",origin,phase-data,","nst":79,"dmin":6.786,"rms":0.63,"gap":188,"magType":"mb","type":"earthquake","title":"M 4.5 - Kuril Islands"},"geometry":{"type":"Point","coordinates":[152.7759,47.1099,67.929]},"id":"us7000t21j"},
{"type":"Feature","properties":{"mag":4.3,"place":"73 km WSW of Puerto Madero, Mexico","time":1784580808791,"updated":1786121688040,"tz":null,"url":"https://earthquake.usgs.gov/earthquakes/eventpage/us7000t21f","detail":"https://earthquake.usgs.gov/fdsnws/event/1/query?eventid=us7000t21f&format=geojson","felt":null,"cdi":null,"mmi":null,"alert":null,"status":"reviewed","tsunami":0,"sig":284,"net":"us","code":"7000t21f","ids":",us7000t21f,","sources":",us,","types":",origin,phase-data,","nst":69,"dmin":3.127,"rms":0.59,"gap":186,"magType":"mb","type":"earthquake","title":"M 4.3 - 73 km WSW of Puerto Madero, Mexico"},"geometry":{"type":"Point","coordinates":[-93.0039,14.3735,32.688]},"id":"us7000t21f"},
{"type":"Feature","properties":{"mag":5,"place":"south of the Kermadec Islands","time":1784580258945,"updated":1786121762040,"tz":null,"url":"https://earthquake.usgs.gov/earthquakes/eventpage/us7000t21e","detail":"https://earthquake.usgs.gov/fdsnws/event/1/query?eventid=us7000t21e&format=geojson","felt":null,"cdi":null,"mmi":null,"alert":null,"status":"reviewed","tsunami":0,"sig":385,"net":"us","code":"7000t21e","ids":",us7000t21e,","sources":",us,","types":",origin,phase-data,","nst":45,"dmin":3.52,"rms":0.62,"gap":43,"magType":"mb","type":"earthquake","title":"M 5.0 - south of the Kermadec Islands"},"geometry":{"type":"Point","coordinates":[-178.1207,-32.7727,10]},"id":"us7000t21e"},
{"type":"Feature","properties":{"mag":4.6,"place":"89 km WSW of Puerto Madero, Mexico","time":1784580112982,"updated":1786121455040,"tz":null,"url":"https://earthquake.usgs.gov/earthquakes/eventpage/us7000t218","detail":"https://earthquake.usgs.gov/fdsnws/event/1/query?eventid=us7000t218&format=geojson","felt":null,"cdi":null,"mmi":null,"alert":null,"status":"reviewed","tsunami":0,"sig":326,"net":"us","code":"7000t218","ids":",us7000t218,","sources":",us,","types":",origin,phase-data,","nst":90,"dmin":3.176,"rms":0.51,"gap":178,"magType":"mb","type":"earthquake","title":"M 4.6 - 89 km WSW of Puerto Madero, Mexico"},"geometry":{"type":"Point","coordinates":[-93.1173,14.2827,10]},"id":"us7000t218"},
{"type":"Feature","properties":{"mag":4.5,"place":"58 km ENE of Port Blair, India","time":1784576260866,"updated":1786036209040,"tz":null,"url":"https://earthquake.usgs.gov/earthquakes/eventpage/us7000t20r","detail":"https://earthquake.usgs.gov/fdsnws/event/1/query?eventid=us7000t20r&format=geojson","felt":null,"cdi":null,"mmi":null,"alert":null,"status":"reviewed","tsunami":0,"sig":312,"net":"us","code":"7000t20r","ids":",us7000t20r,","sources":",us,","types":",origin,phase-data,","nst":28,"dmin":6.255,"rms":0.65,"gap":157,"magType":"mb","type":"earthquake","title":"M 4.5 - 58 km ENE of Port Blair, India"},"geometry":{"type":"Point","coordinates":[93.2348,11.8801,62.115]},"id":"us7000t20r"},
{"type":"Feature","properties":{"mag":4.4,"place":"83 km SSW of Puerto El Triunfo, El Salvador","time":1784576049953,"updated":1785770113040,"tz":null,"url":"https://earthquake.usgs.gov/earthquakes/eventpage/us7000t356","detail":"https://earthquake.usgs.gov/fdsnws/event/1/query?eventid=us7000t356&format=geojson","felt":null,"cdi":null,"mmi":null,"alert":null,"status":"reviewed","tsunami":0,"sig":298,"net":"us","code":"7000t356","ids":",us7000t356,","sources":",us,","types":",origin,phase-data,","nst":32,"dmin":1.022,"rms":0.94,"gap":199,"magType":"mb","type":"earthquake","title":"M 4.4 - 83 km SSW of Puerto El Triunfo, El Salvador"},"geometry":{"type":"Point","coordinates":[-88.8987,12.6094,35]},"id":"us7000t356"},
{"type":"Feature","properties":{"mag":4.3,"place":"136 km ESE of Severo-Kuril’sk, Russia","time":1784574871690,"updated":1786035939040,"tz":null,"url":"https://earthquake.usgs.gov/earthquakes/eventpage/us7000t20g","detail":"https://earthquake.usgs.gov/fdsnws/event/1/query?eventid=us7000t20g&format=geojson","felt":null,"cdi":null,"mmi":null,"alert":null,"status":"reviewed","tsunami":0,"sig":284,"net":"us","code":"7000t20g","ids":",us7000t20g,","sources":",us,","types":",origin,phase-data,","nst":39,"dmin":3.057,"rms":0.95,"gap":134,"magType":"mb","type":"earthquake","title":"M 4.3 - 136 km ESE of Severo-Kuril’sk, Russia"},"geometry":{"type":"Point","coordinates":[157.7501,50.0231,10]},"id":"us7000t20g"},
{"type":"Feature","properties":{"mag":4.9,"place":"193 km ENE of Saipan, Northern Mariana Islands","time":1784574844693,"updated":1786035746040,"tz":null,"url":"https://earthquake.usgs.gov/earthquakes/eventpage/us7000t20d","detail":"https://earthquake.usgs.gov/fdsnws/event/1/query?eventid=us7000t20d&format=geojson","felt":null,"cdi":null,"mmi":null,"alert":null,"status":"reviewed","tsunami":0,"sig":369,"net":"us","code":"7000t20d","ids":",us7000t20d,","sources":",us,","types":",origin,phase-data,","nst":88,"dmin":1.701,"rms":0.93,"gap":100,"magType":"mb","type":"earthquake","title":"M 4.9 - 193 km ENE of Saipan, Northern Mariana Islands"},"geometry":{"type":"Point","coordinates":[147.4393,15.8467,10]},"id":"us7000t20d"},
{"type":"Feature","properties":{"mag":4.6,"place":"187 km W of Abepura, Indonesia","time":1784574438670,"updated":1786035492040,"tz":null,"url":"https://earthquake.usgs.gov/earthquakes/eventpage/us7000t20c","detail":"https://earthquake.usgs.gov/fdsnws/event/1/query?eventid=us7000t20c&format=geojson","felt":null,"cdi":null,"mmi":null,"alert":null,"status":"reviewed","tsunami":0,"sig":326,"net":"us","code":"7000t20c","ids":",us7000t20c,","sources":",us,","types":",origin,phase-data,","nst":40,"dmin":1.751,"rms":0.3,"gap":78,"magType":"mb","type":"earthquake","title":"M 4.6 - 187 km W of Abepura, Indonesia"},"geometry":{"type":"Point","coordinates":[138.9501,-2.5251,36.188]},"id":"us7000t20c"},
{"type":"Feature","properties":{"mag":4.4,"place":"Bonin Islands, Japan region","time":1784573071916,"updated":1786035264040,"tz":null,"url":"https://earthquake.usgs.gov/earthquakes/eventpage/us7000t20b","detail":"https://earthquake.usgs.gov/fdsnws/event/1/query?eventid=us7000t20b&format=geojson","felt":null,"cdi":null,"mmi":null,"alert":null,"status":"reviewed","tsunami":0,"sig":298,"net":"us","code":"7000t20b","ids":",us7000t20b,","sources":",us,","types":",origin,phase-data,","nst":44,"dmin":1.568,"rms":0.43,"gap":91,"magType":"mb","type":"earthquake","title":"M 4.4 - Bonin Islands, Japan region"},"geometry":{"type":"Point","coordinates":[142.5036,28.6443,10]},"id":"us7000t20b"},
{"type":"Feature","properties":{"mag":4.3,"place":"77 km WSW of Puerto Madero, Mexico","time":1784560496739,"updated":1786206813040,"tz":null,"url":"https://earthquake.usgs.gov/earthquakes/eventpage/us7000t351","detail":"https://earthquake.usgs.gov/fdsnws/event/1/query?eventid=us7000t351&format=geojson","felt":null,"cdi":null,"mmi":null,"alert":null,"status":"reviewed","tsunami":0,"sig":284,"net":"us","code":"7000t351","ids":",us7000t351,","sources":",us,","types":",origin,phase-data,","nst":29,"dmin":2.097,"rms":0.79,"gap":181,"magType":"mb","type":"earthquake","title":"M 4.3 - 77 km WSW of Puerto Madero, Mexico"},"geometry":{"type":"Point","coordinates":[-93.0345,14.3608,35]},"id":"us7000t351"},
{"type":"Feature","properties":{"mag":4.2,"place":"73 km WSW of Puerto Madero, Mexico","time":1784558968164,"updated":1785942444040,"tz":null,"url":"https://earthquake.usgs.gov/earthquakes/eventpage/us7000t1y3","detail":"https://earthquake.usgs.gov/fdsnws/event/1/query?eventid=us7000t1y3&format=geojson","felt":null,"cdi":null,"mmi":null,"alert":null,"status":"reviewed","tsunami":0,"sig":271,"net":"us","code":"7000t1y3","ids":",us7000t1y3,","sources":",us,","types":",origin,phase-data,","nst":80,"dmin":3.227,"rms":0.52,"gap":164,"magType":"mb","type":"earthquake","title":"M 4.2 - 73 km WSW of Puerto Madero, Mexico"},"geometry":{"type":"Point","coordinates":[-93.0545,14.4781,44.397]},"id":"us7000t1y3"},
{"type":"Feature","properties":{"mag":4.2,"place":"38 km ENE of Chongzuo, China","time":1784558449910,"updated":1785942378070,"tz":null,"url":"https://earthquake.usgs.gov/earthquakes/eventpage/us7000t1y6","detail":"https://earthquake.usgs.gov/fdsnws/event/1/query?eventid=us7000t1y6&format=geojson","felt":2,"cdi":2.2,"mmi":null,"alert":null,"status":"reviewed","tsunami":0,"sig":272,"net":"us","code":"7000t1y6","ids":",us7000t1y6,","sources":",us,","types":",dyfi,origin,phase-data,","nst":32,"dmin":4.04,"rms":0.69,"gap":63,"magType":"mb","type":"earthquake","title":"M 4.2 - 38 km ENE of Chongzuo, China"},"geometry":{"type":"Point","coordinates":[107.6944,22.5516,10]},"id":"us7000t1y6"},
{"type":"Feature","properties":{"mag":4,"place":"88 km SW of Brisas Barra de Suchiate, Mexico","time":1784556799158,"updated":1785941729040,"tz":null,"url":"https://earthquake.usgs.gov/earthquakes/eventpage/us7000t350","detail":"https://earthquake.usgs.gov/fdsnws/event/1/query?eventid=us7000t350&format=geojson","felt":null,"cdi":null,"mmi":null,"alert":null,"status":"reviewed","tsunami":0,"sig":246,"net":"us","code":"7000t350","ids":",us7000t350,","sources":",us,","types":",origin,phase-data,","nst":20,"dmin":2.876,"rms":0.56,"gap":151,"magType":"mb","type":"earthquake","title":"M 4.0 - 88 km SW of Brisas Barra de Suchiate, Mexico"},"geometry":{"type":"Point","coordinates":[-92.7416,13.9187,25.999]},"id":"us7000t350"},
{"type":"Feature","properties":{"mag":4.2,"place":"68 km SW of Brisas Barra de Suchiate, Mexico","time":1784554600222,"updated":1785937585040,"tz":null,"url":"https://earthquake.usgs.gov/earthquakes/eventpage/us7000t34z","detail":"https://earthquake.usgs.gov/fdsnws/event/1/query?eventid=us7000t34z&format=geojson","felt":null,"cdi":null,"mmi":null,"alert":null,"status":"reviewed","tsunami":0,"sig":271,"net":"us","code":"7000t34z","ids":",us7000t34z,","sources":",us,","types":",origin,phase-data,","nst":64,"dmin":2.88,"rms":0.63,"gap":222,"magType":"mb","type":"earthquake","title":"M 4.2 - 68 km SW of Brisas Barra de Suchiate, Mexico"},"geometry":{"type":"Point","coordinates":[-92.7353,14.1622,35]},"id":"us7000t34z"},
{"type":"Feature","properties":{"mag":4.4,"place":"175 km WNW of Gorontalo, Indonesia","time":1784554555183,"updated":1785865599040,"tz":null,"url":"https://earthquake.usgs.gov/earthquakes/eventpage/us7000t1xr","detail":"https://earthquake.usgs.gov/fdsnws/event/1/query?eventid=us7000t1xr&format=geojson","felt":null,"cdi":null,"mmi":null,"alert":null,"status":"reviewed","tsunami":0,"sig":298,"net":"us","code":"7000t1xr","ids":",us7000t1xr,","sources":",us,","types":",origin,phase-data,","nst":38,"dmin":6.41,"rms":0.73,"gap":112,"magType":"mb","type":"earthquake","title":"M 4.4 - 175 km WNW of Gorontalo, Indonesia"},"geometry":{"type":"Point","coordinates":[121.6111,1.1625,61.096]},"id":"us7000t1xr"},
{"type":"Feature","properties":{"mag":4.5,"place":"58 km NNE of Port-Olry, Vanuatu","time":1784552029324,"updated":1786464623040,"tz":null,"url":"https://earthquake.usgs.gov/earthquakes/eventpage/us7000t1xp","detail":"https://earthquake.usgs.gov/fdsnws/event/1/query?eventid=us7000t1xp&format=geojson","felt":null,"cdi":null,"mmi":null,"alert":null,"status":"reviewed","tsunami":0,"sig":312,"net":"us","code":"7000t1xp","ids":",us7000t1xp,","sources":",us,","types":",origin,phase-data,","nst":44,"dmin":6.613,"rms":1.01,"gap":120,"magType":"mb","type":"earthquake","title":"M 4.5 - 58 km NNE of Port-Olry, Vanuatu"},"geometry":{"type":"Point","coordinates":[167.3132,-14.5671,158.5]},"id":"us7000t1xp"},
{"type":"Feature","properties":{"mag":4.3,"place":"159 km SSW of Lata, Solomon Islands","time":1784551472363,"updated":1786358979040,"tz":null,"url":"https://earthquake.usgs.gov/earthquakes/eventpage/us7000t34y","detail":"https://earthquake.usgs.gov/fdsnws/event/1/query?eventid=us7000t34y&format=geojson","felt":null,"cdi":null,"mmi":null,"alert":null,"status":"reviewed","tsunami":0,"sig":284,"net":"us","code":"7000t34y","ids":",us7000t34y,","sources":",us,","types":",origin,phase-data,","nst":14,"dmin":8.448,"rms":0.72,"gap":175,"magType":"mb","type":"earthquake","title":"M 4.3 - 159 km SSW of Lata, Solomon Islands"},"geometry":{"type":"Point","coordinates":[165.4868,-12.1342,10]},"id":"us7000t34y"},
{"type":"Feature","properties":{"mag":4.2,"place":"97 km SW of Brisas Barra de Suchiate, Mexico","time":1784550896294,"updated":1786457032040,"tz":null,"url":"https://earthquake.usgs.gov/earthquakes/eventpage/us7000t34x","detail":"https://earthquake.usgs.gov/fdsnws/event/1/query?eventid=us7000t34x&format=geojson","felt":null,"cdi":null,"mmi":null,"alert":null,"status":"reviewed","tsunami":0,"sig":271,"net":"us","code":"7000t34x","ids":",us7000t34x,","sources":",us,","types":",origin,phase-data,","nst":35,"dmin":2.423,"rms":0.69,"gap":186,"magType":"mb","type":"earthquake","title":"M 4.2 - 97 km SW of Brisas Barra de Suchiate, Mexico"},"geometry":{"type":"Point","coordinates":[-92.9101,13.963,10]},"id":"us7000t34x"},
{"type":"Feature","properties":{"mag":4.1,"place":"95 km N of Hicks Bay, New Zealand","time":1784549723607,"updated":1786464073040,"tz":null,"url":"https://earthquake.usgs.gov/earthquakes/eventpage/us7000t1xi","detail":"https://earthquake.usgs.gov/fdsnws/event/1/query?eventid=us7000t1xi&format=geojson","felt":null,"cdi":null,"mmi":null,"alert":null,"status":"reviewed","tsunami":0,"sig":259,"net":"us","code":"7000t1xi","ids":",us7000t1xi,","sources":",us,","types":",origin,phase-data,","nst":24,"dmin":0.821,"rms":0.66,"gap":175,"magType":"mb","type":"earthquake","title":"M 4.1 - 95 km N of Hicks Bay, New Zealand"},"geometry":{"type":"Point","coordinates":[178.2132,-36.7429,144.332]},"id":"us7000t1xi"},
{"type":"Feature","properties":{"mag":4.5,"place":"72 km SW of Puerto Madero, Mexico","time":1784545848628,"updated":1786463715040,"tz":null,"url":"https://earthquake.usgs.gov/earthquakes/eventpage/us7000t1x8","detail":"https://earthquake.usgs.gov/fdsnws/event/1/query?eventid=us7000t1x8&format=geojson","felt":null,"cdi":null,"mmi":null,"alert":null,"status":"reviewed","tsunami":0,"sig":312,"net":"us","code":"7000t1x8","ids":",us7000t1x8,","sources":",us,","types":",origin,phase-data,","nst":57,"dmin":3.004,"rms":0.7,"gap":141,"magType":"mb","type":"earthquake","title":"M 4.5 - 72 km SW of Puerto Madero, Mexico"},"geometry":{"type":"Point","coordinates":[-92.8576,14.2261,35]},"id":"us7000t1x8"},
{"type":"Feature","properties":{"mag":4.8,"place":"34 km N of Güiria, Venezuela","time":1784544903253,"updated":1786540190478,"tz":null,"url":"https://earthquake.usgs.gov/earthquakes/eventpage/us7000t1x5","detail":"https://earthquake.usgs.gov/fdsnws/event/1/query?eventid=us7000t1x5&format=geojson","felt":5,"cdi":3.8,"mmi":null,"alert":null,"status":"reviewed","tsunami":0,"sig":356,"net":"us","code":"7000t1x5","ids":",us7000t1x5,","sources":",us,","types":",dyfi,origin,phase-data,","nst":55,"dmin":2.413,"rms":0.95,"gap":38,"magType":"mb","type":"earthquake","title":"M 4.8 - 34 km N of Güiria, Venezuela"},"geometry":{"type":"Point","coordinates":[-62.2472,10.8872,102.275]},"id":"us7000t1x5"},
{"type":"Feature","properties":{"mag":5.1,"place":"74 km SW of Puerto Madero, Mexico","time":1784544825345,"updated":1786538263494,"tz":null,"url":"https://earthquake.usgs.gov/earthquakes/eventpage/us7000t1x3","detail":"https://earthquake.usgs.gov/fdsnws/event/1/query?eventid=us7000t1x3&format=geojson","felt":1,"cdi":2.7,"mmi":null,"alert":null,"status":"reviewed","tsunami":0,"sig":400,"net":"us","code":"7000t1x3","ids":",us7000t1x3,usauto7000t1x3,","sources":",us,usauto,","types":",dyfi,internal-moment-tensor,moment-tensor,origin,phase-data,","nst":75,"dmin":2.965,"rms":1.18,"gap":78,"magType":"mww","type":"earthquake","title":"M 5.1 - 74 km SW of Puerto Madero, Mexico"},"geometry":{"type":"Point","coordinates":[-92.823,14.1688,10]},"id":"us7000t1x3"},
{"type":"Feature","properties":{"mag":4.3,"place":"261 km SSE of Ambon, Indonesia","time":1784544134900,"updated":1786542872040,"tz":null,"url":"https://earthquake.usgs.gov/earthquakes/eventpage/us7000t1wz","detail":"https://earthquake.usgs.gov/fdsnws/event/1/query?eventid=us7000t1wz&format=geojson","felt":null,"cdi":null,"mmi":null,"alert":null,"status":"reviewed","tsunami":0,"sig":284,"net":"us","code":"7000t1wz","ids":",us7000t1wz,","sources":",us,","types":",origin,phase-data,","nst":51,"dmin":1.841,"rms":0.64,"gap":34,"magType":"mb","type":"earthquake","title":"M 4.3 - 261 km SSE of Ambon, Indonesia"},"geometry":{"type":"Point","coordinates":[128.769,-5.9851,309.156]},"id":"us7000t1wz"},
{"type":"Feature","properties":{"mag":4.4,"place":"169 km ENE of Bitung, Indonesia","time":1784543478312,"updated":1786621505040,"tz":null,"url":"https://earthquake.usgs.gov/earthquakes/eventpage/us7000t34v","detail":"https://earthquake.usgs.gov/fdsnws/event/1/query?eventid=us7000t34v&format=geojson","felt":null,"cdi":null,"mmi":null,"alert":null,"status":"reviewed","tsunami":0,"sig":298,"net":"us","code":"7000t34v","ids":",us7000t34v,","sources":",us,","types":",origin,phase-data,","nst":32,"dmin":14.172,"rms":0.55,"gap":130,"magType":"mb","type":"earthquake","title":"M 4.4 - 169 km ENE of Bitung, Indonesia"},"geometry":{"type":"Point","coordinates":[126.3979,2.2811,35.119]},"id":"us7000t34v"},
{"type":"Feature","properties":{"mag":4.2,"place":"62 km S of Basco, Philippines","time":1784543027920,"updated":1786617724040,"tz":null,"url":"https://earthquake.usgs.gov/earthquakes/eventpage/us7000t1ww","detail":"https://earthquake.usgs.gov/fdsnws/event/1/query?eventid=us7000t1ww&format=geojson","felt":null,"cdi":null,"mmi":null,"alert":null,"status":"reviewed","tsunami":0,"sig":271,"net":"us","code":"7000t1ww","ids":",us7000t1ww,","sources":",us,","types":",origin,phase-data,","nst":26,"dmin":3.026,"rms":0.66,"gap":123,"magType":"mb","type":"earthquake","title":"M 4.2 - 62 km S of Basco, Philippines"},"geometry":{"type":"Point","coordinates":[121.941,19.8853,10]},"id":"us7000t1ww"},
{"type":"Feature","properties":{"mag":5.2,"place":"17 km NE of Scarborough, Trinidad and Tobago","time":1784540708380,"updated":1786522914434,"tz":null,"url":"https://earthquake.usgs.gov/earthquakes/eventpage/us7000t1wn","detail":"https://earthquake.usgs.gov/fdsnws/event/1/query?eventid=us7000t1wn&format=geojson","felt":18,"cdi":3.5,"mmi":null,"alert":null,"status":"reviewed","tsunami":0,"sig":422,"net":"us","code":"7000t1wn","ids":",us7000t1wn,usauto7000t1wn,","sources":",us,usauto,","types":",dyfi,internal-moment-tensor,moment-tensor,origin,phase-data,","nst":122,"dmin":2.108,"rms":0.89,"gap":35,"magType":"mww","type":"earthquake","title":"M 5.2 - 17 km NE of Scarborough, Trinidad and Tobago"},"geometry":{"type":"Point","coordinates":[-60.6402,11.3087,73.068]},"id":"us7000t1wn"},
{"type":"Feature","properties":{"mag":5,"place":"73 km W of Tobelo, Indonesia","time":1784540446556,"updated":1786456980995,"tz":null,"url":"https://earthquake.usgs.gov/earthquakes/eventpage/us7000t1wm","detail":"https://earthquake.usgs.gov/fdsnws/event/1/query?eventid=us7000t1wm&format=geojson","felt":1,"cdi":2.5,"mmi":null,"alert":null,"status":"reviewed","tsunami":0,"sig":385,"net":"us","code":"7000t1wm","ids":",us7000t1wm,","sources":",us,","types":",dyfi,origin,phase-data,","nst":83,"dmin":5.714,"rms":0.96,"gap":52,"magType":"mb","type":"earthquake","title":"M 5.0 - 73 km W of Tobelo, Indonesia"},"geometry":{"type":"Point","coordinates":[127.3619,1.6026,104.437]},"id":"us7000t1wm"},
{"type":"Feature","properties":{"mag":4.1,"place":"183 km SW of Port McNeill, Canada","time":1784532764996,"updated":1786722136040,"tz":null,"url":"https://earthquake.usgs.gov/earthquakes/eventpage/us7000t34t","detail":"https://earthquake.usgs.gov/fdsnws/event/1/query?eventid=us7000t34t&format=geojson","felt":null,"cdi":null,"mmi":null,"alert":null,"status":"reviewed","tsunami":0,"sig":259,"net":"us","code":"7000t34t","ids":",us7000t34t,","sources":",us,","types":",origin,phase-data,","nst":16,"dmin":1.218,"rms":0.83,"gap":224,"magType":"mb","type":"earthquake","title":"M 4.1 - 183 km SW of Port McNeill, Canada"},"geometry":{"type":"Point","coordinates":[-129.1738,49.6244,10]},"id":"us7000t34t"},
{"type":"Feature","properties":{"mag":4.1,"place":"95 km SW of Puerto Madero, Mexico","time":1784531978421,"updated":1786642136040,"tz":null,"url":"https://earthquake.usgs.gov/earthquakes/eventpage/us7000t1wa","detail":"https://earthquake.usgs.gov/fdsnws/event/1/query?eventid=us7000t1wa&format=geojson","felt":null,"cdi":null,"mmi":null,"alert":null,"status":"reviewed","tsunami":0,"sig":259,"net":"us","code":"7000t1wa","ids":",us7000t1wa,","sources":",us,","types":",origin,phase-data,","nst":43,"dmin":2.3,"rms":0.5,"gap":166,"magType":"mb","type":"earthquake","title":"M 4.1 - 95 km SW of Puerto Madero, Mexico"},"geometry":{"type":"Point","coordinates":[-93.091,14.1621,10]},"id":"us7000t1wa"},
{"type":"Feature","properties":{"mag":4.1,"place":"199 km SW of Port McNeill, Canada","time":1784530028135,"updated":1786721569040,"tz":null,"url":"https://earthquake.usgs.gov/earthquakes/eventpage/us7000t34r","detail":"https://earthquake.usgs.gov/fdsnws/event/1/query?eventid=us7000t34r&format=geojson","felt":null,"cdi":null,"mmi":null,"alert":null,"status":"reviewed","tsunami":0,"sig":259,"net":"us","code":"7000t34r","ids":",us7000t34r,","sources":",us,","types":",origin,phase-data,","nst":36,"dmin":1.356,"rms":0.66,"gap":163,"magType":"mb","type":"earthquake","title":"M 4.1 - 199 km SW of Port McNeill, Canada"},"geometry":{"type":"Point","coordinates":[-129.3199,49.5209,10]},"id":"us7000t34r"},
{"type":"Feature","properties":{"mag":5.6,"place":"214 km SW of Port McNeill, Canada","time":1784529689602,"updated":1786637103649,"tz":null,"url":"https://earthquake.usgs.gov/earthquakes/eventpage/us7000t1w2","detail":"https://earthquake.usgs.gov/fdsnws/event/1/query?eventid=us7000t1w2&format=geojson","felt":23,"cdi":3.8,"mmi":3.348,"alert":"green","status":"reviewed","tsunami":0,"sig":491,"net":"us","code":"7000t1w2","ids":",us7000t1w2,usauto7000t1w2,","sources":",us,usauto,","types":",dyfi,internal-moment-tensor,losspager,moment-tensor,origin,phase-data,shakemap,","nst":168,"dmin":1.468,"rms":0.54,"gap":78,"magType":"mww","type":"earthquake","title":"M 5.6 - 214 km SW of Port McNeill, Canada"},"geometry":{"type":"Point","coordinates":[-129.5616,49.4982,10]},"id":"us7000t1w2"},
{"type":"Feature","properties":{"mag":5.5,"place":"Pacific-Antarctic Ridge","time":1784525936128,"updated":1786465283138,"tz":null,"url":"https://earthquake.usgs.gov/earthquakes/eventpage/us7000t213","detail":"https://earthquake.usgs.gov/fdsnws/event/1/query?eventid=us7000t213&format=geojson","felt":null,"cdi":null,"mmi":0,"alert":"green","status":"reviewed","tsunami":0,"sig":465,"net":"us","code":"7000t213","ids":",us7000t213,","sources":",us,","types":",losspager,origin,phase-data,shakemap,","nst":45,"dmin":27.405,"rms":0.57,"gap":136,"magType":"mww","type":"earthquake","title":"M 5.5 - Pacific-Antarctic Ridge"},"geometry":{"type":"Point","coordinates":[-141.9276,-56.6402,10]},"id":"us7000t213"},
{"type":"Feature","properties":{"mag":4.4,"place":"202 km SSW of Lata, Solomon Islands","time":1784524816843,"updated":1786701722040,"tz":null,"url":"https://earthquake.usgs.gov/earthquakes/eventpage/us7000t34n","detail":"https://earthquake.usgs.gov/fdsnws/event/1/query?eventid=us7000t34n&format=geojson","felt":null,"cdi":null,"mmi":null,"alert":null,"status":"reviewed","tsunami":0,"sig":298,"net":"us","code":"7000t34n","ids":",us7000t34n,","sources":",us,","types":",origin,phase-data,","nst":13,"dmin":5.926,"rms":0.28,"gap":138,"magType":"mb","type":"earthquake","title":"M 4.4 - 202 km SSW of Lata, Solomon Islands"},"geometry":{"type":"Point","coordinates":[165.16,-12.4448,10]},"id":"us7000t34n"},
{"type":"Feature","properties":{"mag":4.2,"place":"80 km SW of Acajutla, El Salvador","time":1784524012005,"updated":1786706371040,"tz":null,"url":"https://earthquake.usgs.gov/earthquakes/eventpage/us7000t34m","detail":"https://earthquake.usgs.gov/fdsnws/event/1/query?eventid=us7000t34m&format=geojson","felt":null,"cdi":null,"mmi":null,"alert":null,"status":"reviewed","tsunami":0,"sig":271,"net":"us","code":"7000t34m","ids":",us7000t34m,","sources":",us,","types":",origin,phase-data,","nst":84,"dmin":1.007,"rms":0.91,"gap":155,"magType":"mb","type":"earthquake","title":"M 4.2 - 80 km SW of Acajutla, El Salvador"},"geometry":{"type":"Point","coordinates":[-90.2552,13.0026,35]},"id":"us7000t34m"},
{"type":"Feature","properties":{"mag":5.2,"place":"28 km S of Javānrūd, Iran","time":1784519330294,"updated":1786492341234,"tz":null,"url":"https://earthquake.usgs.gov/earthquakes/eventpage/us7000t1vq","detail":"https://earthquake.usgs.gov/fdsnws/event/1/query?eventid=us7000t1vq&format=geojson","felt":4,"cdi":3.8,"mmi":null,"alert":null,"status":"reviewed","tsunami":0,"sig":418,"net":"us","code":"7000t1vq","ids":",us7000t1vq,usauto7000t1vq,","sources":",us,usauto,","types":",dyfi,impact-text,internal-moment-tensor,moment-tensor,origin,phase-data,","nst":151,"dmin":0.863,"rms":0.71,"gap":46,"magType":"mww","type":"earthquake","title":"M 5.2 - 28 km S of Javānrūd, Iran"},"geometry":{"type":"Point","coordinates":[46.498,34.5364,10]},"id":"us7000t1vq"},
{"type":"Feature","properties":{"mag":4.8,"place":"25 km S of Javānrūd, Iran","time":1784518998682,"updated":1786492049040,"tz":null,"url":"https://earthquake.usgs.gov/earthquakes/eventpage/us7000t1vp","detail":"https://earthquake.usgs.gov/fdsnws/event/1/query?eventid=us7000t1vp&format=geojson","felt":null,"cdi":null,"mmi":null,"alert":null,"status":"reviewed","tsunami":0,"sig":354,"net":"us","code":"7000t1vp","ids":",us7000t1vp,","sources":",us,","types":",impact-text,origin,phase-data,","nst":131,"dmin":0.847,"rms":1,"gap":68,"magType":"mww","type":"earthquake","title":"M 4.8 - 25 km S of Javānrūd, Iran"},"geometry":{"type":"Point","coordinates":[46.5019,34.564,10]},"id":"us7000t1vp"},
{"type":"Feature","properties":{"mag":4.4,"place":"63 km SW of El Arenal, Mexico","time":1784512455167,"updated":1785806725040,"tz":null,"url":"https://earthquake.usgs.gov/earthquakes/eventpage/us7000t35k","detail":"https://earthquake.usgs.gov/fdsnws/event/1/query?eventid=us7000t35k&format=geojson","felt":null,"cdi":null,"mmi":null,"alert":null,"status":"reviewed","tsunami":0,"sig":298,"net":"us","code":"7000t35k","ids":",us7000t35k,","sources":",us,","types":",origin,phase-data,","nst":30,"dmin":3.293,"rms":1.59,"gap":209,"magType":"mb","type":"earthquake","title":"M 4.4 - 63 km SW of El Arenal, Mexico"},"geometry":{"type":"Point","coordinates":[-93.0711,14.7236,35]},"id":"us7000t35k"},
{"type":"Feature","properties":{"mag":4.7,"place":"104 km WSW of Puerto Madero, Mexico","time":1784512421879,"updated":1786250899040,"tz":null,"url":"https://earthquake.usgs.gov/earthquakes/eventpage/us7000t1vd","detail":"https://earthquake.usgs.gov/fdsnws/event/1/query?eventid=us7000t1vd&format=geojson","felt":null,"cdi":null,"mmi":null,"alert":null,"status":"reviewed","tsunami":0,"sig":340,"net":"us","code":"7000t1vd","ids":",us7000t1vd,","sources":",us,","types":",moment-tensor,origin,phase-data,","nst":60,"dmin":2.282,"rms":1.21,"gap":155,"magType":"mww","type":"earthquake","title":"M 4.7 - 104 km WSW of Puerto Madero, Mexico"},"geometry":{"type":"Point","coordinates":[-93.2751,14.2698,35]},"id":"us7000t1vd"},
{"type":"Feature","properties":{"mag":4.6,"place":"6 km NE of Jordán, Colombia","time":1784511855108,"updated":1785816651750,"tz":null,"url":"https://earthquake.usgs.gov/earthquakes/eventpage/us7000t1vc","detail":"https://earthquake.usgs.gov/fdsnws/event/1/query?eventid=us7000t1vc&format=geojson","felt":1,"cdi":2.9,"mmi":null,"alert":null,"status":"reviewed","tsunami":0,"sig":326,"net":"us","code":"7000t1vc","ids":",us7000t1vc,","sources":",us,","types":",dyfi,origin,phase-data,","nst":55,"dmin":0.878,"rms":0.8,"gap":45,"magType":"mb","type":"earthquake","title":"M 4.6 - 6 km NE of Jordán, Colombia"},"geometry":{"type":"Point","coordinates":[-73.0623,6.7762,153.068]},"id":"us7000t1vc"},
{"type":"Feature","properties":{"mag":4.7,"place":"186 km WSW of Fakfak, Indonesia","time":1784507266582,"updated":1786580937040,"tz":null,"url":"https://earthquake.usgs.gov/earthquakes/eventpage/us7000t1v5","detail":"https://earthquake.usgs.gov/fdsnws/event/1/query?eventid=us7000t1v5&format=geojson","felt":null,"cdi":null,"mmi":null,"alert":null,"status":"reviewed","tsunami":0,"sig":340,"net":"us","code":"7000t1v5","ids":",us7000t1v5,","sources":",us,","types":",origin,phase-data,","nst":44,"dmin":1.463,"rms":0.72,"gap":50,"magType":"mb","type":"earthquake","title":"M 4.7 - 186 km WSW of Fakfak, Indonesia"},"geometry":{"type":"Point","coordinates":[130.6556,-3.2578,10]},"id":"us7000t1v5"},
{"type":"Feature","properties":{"mag":4.6,"place":"189 km SSE of Vilyuchinsk, Russia","time":1784506155056,"updated":1785904358040,"tz":null,"url":"https://earthquake.usgs.gov/earthquakes/eventpage/us7000t1v2","detail":"https://earthquake.usgs.gov/fdsnws/event/1/query?eventid=us7000t1v2&format=geojson","felt":null,"cdi":null,"mmi":null,"alert":null,"status":"reviewed","tsunami":0,"sig":326,"net":"us","code":"7000t1v2","ids":",us7000t1v2,","sources":",us,","types":",origin,phase-data,","nst":52,"dmin":1.731,"rms":0.93,"gap":154,"magType":"mb","type":"earthquake","title":"M 4.6 - 189 km SSE of Vilyuchinsk, Russia"},"geometry":{"type":"Point","coordinates":[159.6675,51.4115,10]},"id":"us7000t1v2"},
{"type":"Feature","properties":{"mag":4.3,"place":"80 km W of San Antonio de los Cobres, Argentina","time":1784502509284,"updated":1786579766040,"tz":null,"url":"https://earthquake.usgs.gov/earthquakes/eventpage/us7000t1uw","detail":"https://earthquake.usgs.gov/fdsnws/event/1/query?eventid=us7000t1uw&format=geojson","felt":null,"cdi":null,"mmi":null,"alert":null,"status":"reviewed","tsunami":0,"sig":284,"net":"us","code":"7000t1uw","ids":",us7000t1uw,","sources":",us,","types":",origin,phase-data,","nst":25,"dmin":1.509,"rms":0.82,"gap":97,"magType":"mb","type":"earthquake","title":"M 4.3 - 80 km W of San Antonio de los Cobres, Argentina"},"geometry":{"type":"Point","coordinates":[-67.1,-24.0959,206.176]},"id":"us7000t1uw"},
{"type":"Feature","properties":{"mag":4.5,"place":"74 km NNW of Pārūn, Afghanistan","time":1784501924018,"updated":1785892849040,"tz":null,"url":"https://earthquake.usgs.gov/earthquakes/eventpage/us7000t1uv","detail":"https://earthquake.usgs.gov/fdsnws/event/1/query?eventid=us7000t1uv&format=geojson","felt":null,"cdi":null,"mmi":null,"alert":null,"status":"reviewed","tsunami":0,"sig":312,"net":"us","code":"7000t1uv","ids":",us7000t1uv,","sources":",us,","types":",origin,phase-data,","nst":51,"dmin":2.713,"rms":0.89,"gap":83,"magType":"mb","type":"earthquake","title":"M 4.5 - 74 km NNW of Pārūn, Afghanistan"},"geometry":{"type":"Point","coordinates":[70.6116,36.0455,109.606]},"id":"us7000t1uv"},
{"type":"Feature","properties":{"mag":4.4,"place":"Galapagos Triple Junction region","time":1784501220542,"updated":1786579650040,"tz":null,"url":"https://earthquake.usgs.gov/earthquakes/eventpage/us7000t330","detail":"https://earthquake.usgs.gov/fdsnws/event/1/query?eventid=us7000t330&format=geojson","felt":null,"cdi":null,"mmi":null,"alert":null,"status":"reviewed","tsunami":0,"sig":298,"net":"us","code":"7000t330","ids":",us7000t330,","sources":",us,","types":",origin,phase-data,","nst":24,"dmin":11.322,"rms":0.94,"gap":218,"magType":"mb","type":"earthquake","title":"M 4.4 - Galapagos Triple Junction region"},"geometry":{"type":"Point","coordinates":[-101.4333,1.3307,10]},"id":"us7000t330"},
{"type":"Feature","properties":{"mag":4.7,"place":"Balleny Islands region","time":1784499498713,"updated":1785892327040,"tz":null,"url":"https://earthquake.usgs.gov/earthquakes/eventpage/us7000t32y","detail":"https://earthquake.usgs.gov/fdsnws/event/1/query?eventid=us7000t32y&format=geojson","felt":null,"cdi":null,"mmi":null,"alert":null,"status":"reviewed","tsunami":0,"sig":340,"net":"us","code":"7000t32y","ids":",us7000t32y,","sources":",us,","types":",origin,phase-data,","nst":19,"dmin":15.198,"rms":0.47,"gap":107,"magType":"mb","type":"earthquake","title":"M 4.7 - Balleny Islands region"},"geometry":{"type":"Point","coordinates":[165.5173,-62.4407,10]},"id":"us7000t32y"},
{"type":"Feature","properties":{"mag":4,"place":"29 km SW of Khorugh, Tajikistan","time":1784498460703,"updated":1786579416040,"tz":null,"url":"https://earthquake.usgs.gov/earthquakes/eventpage/us7000t1us","detail":"https://earthquake.usgs.gov/fdsnws/event/1/query?eventid=us7000t1us&format=geojson","felt":null,"cdi":null,"mmi":null,"alert":null,"status":"reviewed","tsunami":0,"sig":246,"net":"us","code":"7000t1us","ids":",us7000t1us,","sources":",us,","types":",origin,phase-data,","nst":31,"dmin":1.366,"rms":0.74,"gap":136,"magType":"mb","type":"earthquake","title":"M 4.0 - 29 km SW of Khorugh, Tajikistan"},"geometry":{"type":"Point","coordinates":[71.2907,37.3259,103.573]},"id":"us7000t1us"},
{"type":"Feature","properties":{"mag":4.1,"place":"233 km ESE of Attu Station, Alaska","time":1784497011702,"updated":1785886232040,"tz":null,"url":"https://earthquake.usgs.gov/earthquakes/eventpage/us7000t1ur","detail":"https://earthquake.usgs.gov/fdsnws/event/1/query?eventid=us7000t1ur&format=geojson","felt":null,"cdi":null,"mmi":1.78,"alert":null,"status":"reviewed","tsunami":0,"sig":259,"net":"us","code":"7000t1ur","ids":",aka2026offpjg,us7000t1ur,","sources":",ak,us,","types":",origin,phase-data,shakemap,","nst":65,"dmin":1.399,"rms":0.86,"gap":167,"magType":"mb","type":"earthquake","title":"M 4.1 - 233 km ESE of Attu Station, Alaska"},"geometry":{"type":"Point","coordinates":[176.2538,51.9029,39.143]},"id":"us7000t1ur"},
{"type":"Feature","properties":{"mag":4.1,"place":"34 km NW of Naryn, Kyrgyzstan","time":1784493665040,"updated":1786034864040,"tz":null,"url":"https://earthquake.usgs.gov/earthquakes/eventpage/us7000t1uj","detail":"https://earthquake.usgs.gov/fdsnws/event/1/query?eventid=us7000t1uj&format=geojson","felt":null,"cdi":null,"mmi":null,"alert":null,"status":"reviewed","tsunami":0,"sig":259,"net":"us","code":"7000t1uj","ids":",us7000t1uj,","sources":",us,","types":",moment-tensor,origin,phase-data,","nst":65,"dmin":0.785,"rms":0.67,"gap":85,"magType":"mwr","type":"earthquake","title":"M 4.1 - 34 km NW of Naryn, Kyrgyzstan"},"geometry":{"type":"Point","coordinates":[75.7224,41.6678,10]},"id":"us7000t1uj"},
{"type":"Feature","properties":{"mag":4.5,"place":"south of the Kermadec Islands","time":1784492622595,"updated":1786034448040,"tz":null,"url":"https://earthquake.usgs.gov/earthquakes/eventpage/us7000t1ue","detail":"https://earthquake.usgs.gov/fdsnws/event/1/query?eventid=us7000t1ue&format=geojson","felt":null,"cdi":null,"mmi":null,"alert":null,"status":"reviewed","tsunami":0,"sig":312,"net":"us","code":"7000t1ue","ids":",us7000t1ue,","sources":",us,","types":",origin,phase-data,","nst":17,"dmin":3.68,"rms":0.88,"gap":174,"magType":"mb","type":"earthquake","title":"M 4.5 - south of the Kermadec Islands"},"geometry":{"type":"Point","coordinates":[-178.6181,-32.8884,10]},"id":"us7000t1ue"},
{"type":"Feature","properties":{"mag":4.3,"place":"78 km E of Petropavlovsk-Kamchatsky, Russia","time":1784489340263,"updated":1786034165040,"tz":null,"url":"https://earthquake.usgs.gov/earthquakes/eventpage/us7000t1u1","detail":"https://earthquake.usgs.gov/fdsnws/event/1/query?eventid=us7000t1u1&format=geojson","felt":null,"cdi":null,"mmi":null,"alert":null,"status":"reviewed","tsunami":0,"sig":284,"net":"us","code":"7000t1u1","ids":",us7000t1u1,","sources":",us,","types":",origin,phase-data,","nst":69,"dmin":0.705,"rms":0.63,"gap":131,"magType":"mb","type":"earthquake","title":"M 4.3 - 78 km E of Petropavlovsk-Kamchatsky, Russia"},"geometry":{"type":"Point","coordinates":[159.7885,53.1817,64.529]},"id":"us7000t1u1"},
{"type":"Feature","properties":{"mag":4.3,"place":"102 km SW of Puerto Madero, Mexico","time":1784486414640,"updated":1786121048040,"tz":null,"url":"https://earthquake.usgs.gov/earthquakes/eventpage/us7000t1tu","detail":"https://earthquake.usgs.gov/fdsnws/event/1/query?eventid=us7000t1tu&format=geojson","felt":null,"cdi":null,"mmi":null,"alert":null,"status":"reviewed","tsunami":0,"sig":284,"net":"us","code":"7000t1tu","ids":",us7000t1tu,","sources":",us,","types":",origin,phase-data,","nst":59,"dmin":2.375,"rms":0.59,"gap":141,"magType":"mb","type":"earthquake","title":"M 4.3 - 102 km SW of Puerto Madero, Mexico"},"geometry":{"type":"Point","coordinates":[-93.1129,14.0892,10]},"id":"us7000t1tu"},
{"type":"Feature","properties":{"mag":5.5,"place":"77 km SW of Puerto Madero, Mexico","time":1784483113312,"updated":1786120700668,"tz":null,"url":"https://earthquake.usgs.gov/earthquakes/eventpage/us7000t1tp","detail":"https://earthquake.usgs.gov/fdsnws/event/1/query?eventid=us7000t1tp&format=geojson","felt":1,"cdi":1,"mmi":4.034,"alert":"green","status":"reviewed","tsunami":0,"sig":465,"net":"us","code":"7000t1tp","ids":",us7000t1tp,usauto7000t1tp,","sources":",us,usauto,","types":",dyfi,internal-moment-tensor,losspager,moment-tensor,origin,phase-data,shakemap,","nst":105,"dmin":2.211,"rms":1.02,"gap":113,"magType":"mww","type":"earthquake","title":"M 5.5 - 77 km SW of Puerto Madero, Mexico"},"geometry":{"type":"Point","coordinates":[-92.864,14.1732,9]},"id":"us7000t1tp"},
{"type":"Feature","properties":{"mag":4.3,"place":"98 km SW of Brisas Barra de Suchiate, Mexico","time":1784478716178,"updated":1786206519040,"tz":null,"url":"https://earthquake.usgs.gov/earthquakes/eventpage/us7000t32l","detail":"https://earthquake.usgs.gov/fdsnws/event/1/query?eventid=us7000t32l&format=geojson","felt":null,"cdi":null,"mmi":null,"alert":null,"status":"reviewed","tsunami":0,"sig":284,"net":"us","code":"7000t32l","ids":",us7000t32l,","sources":",us,","types":",origin,phase-data,","nst":28,"dmin":2.425,"rms":0.47,"gap":185,"magType":"mb","type":"earthquake","title":"M 4.3 - 98 km SW of Brisas Barra de Suchiate, Mexico"},"geometry":{"type":"Point","coordinates":[-92.9237,13.9656,10]},"id":"us7000t32l"},
{"type":"Feature","properties":{"mag":4,"place":"106 km WSW of Puerto Madero, Mexico","time":1784477099367,"updated":1786205913040,"tz":null,"url":"https://earthquake.usgs.gov/earthquakes/eventpage/us7000t32k","detail":"https://earthquake.usgs.gov/fdsnws/event/1/query?eventid=us7000t32k&format=geojson","felt":null,"cdi":null,"mmi":null,"alert":null,"status":"reviewed","tsunami":0,"sig":246,"net":"us","code":"7000t32k","ids":",us7000t32k,","sources":",us,","types":",origin,phase-data,","nst":22,"dmin":3.143,"rms":1.39,"gap":196,"magType":"mb","type":"earthquake","title":"M 4.0 - 106 km WSW of Puerto Madero, Mexico"},"geometry":{"type":"Point","coordinates":[-93.2935,14.2663,10]},"id":"us7000t32k"},
{"type":"Feature","properties":{"mag":4.3,"place":"122 km WSW of Puerto Madero, Mexico","time":1784476091909,"updated":1786204793040,"tz":null,"url":"https://earthquake.usgs.gov/earthquakes/eventpage/us7000t32j","detail":"https://earthquake.usgs.gov/fdsnws/event/1/query?eventid=us7000t32j&format=geojson","felt":null,"cdi":null,"mmi":null,"alert":null,"status":"reviewed","tsunami":0,"sig":284,"net":"us","code":"7000t32j","ids":",us7000t32j,","sources":",us,","types":",origin,phase-data,","nst":27,"dmin":2.422,"rms":0.7,"gap":199,"magType":"mb","type":"earthquake","title":"M 4.3 - 122 km WSW of Puerto Madero, Mexico"},"geometry":{"type":"Point","coordinates":[-93.4212,14.1885,10]},"id":"us7000t32j"},
{"type":"Feature","properties":{"mag":4.5,"place":"93 km SW of Puerto Madero, Mexico","time":1784475853311,"updated":1786204325040,"tz":null,"url":"https://earthquake.usgs.gov/earthquakes/eventpage/us7000t1ta","detail":"https://earthquake.usgs.gov/fdsnws/event/1/query?eventid=us7000t1ta&format=geojson","felt":null,"cdi":null,"mmi":null,"alert":null,"status":"reviewed","tsunami":0,"sig":312,"net":"us","code":"7000t1ta","ids":",us7000t1ta,","sources":",us,","types":",origin,phase-data,","nst":61,"dmin":2.364,"rms":0.93,"gap":181,"magType":"mb","type":"earthquake","title":"M 4.5 - 93 km SW of Puerto Madero, Mexico"},"geometry":{"type":"Point","coordinates":[-92.9229,14.03,10]},"id":"us7000t1ta"},
{"type":"Feature","properties":{"mag":4.3,"place":"114 km SW of Brisas Barra de Suchiate, Mexico","time":1784474433664,"updated":1786203807040,"tz":null,"url":"https://earthquake.usgs.gov/earthquakes/eventpage/us7000t1t5","detail":"https://earthquake.usgs.gov/fdsnws/event/1/query?eventid=us7000t1t5&format=geojson","felt":null,"cdi":null,"mmi":null,"alert":null,"status":"reviewed","tsunami":0,"sig":284,"net":"us","code":"7000t1t5","ids":",us7000t1t5,","sources":",us,","types":",origin,phase-data,","nst":37,"dmin":2.563,"rms":1.14,"gap":203,"magType":"mb","type":"earthquake","title":"M 4.3 - 114 km SW of Brisas Barra de Suchiate, Mexico"},"geometry":{"type":"Point","coordinates":[-93.0214,13.8509,10]},"id":"us7000t1t5"},
{"type":"Feature","properties":{"mag":4.2,"place":"100 km NW of Valparaíso, Chile","time":1784472326500,"updated":1785699225040,"tz":null,"url":"https://earthquake.usgs.gov/earthquakes/eventpage/us7000t1sz","detail":"https://earthquake.usgs.gov/fdsnws/event/1/query?eventid=us7000t1sz&format=geojson","felt":null,"cdi":null,"mmi":null,"alert":null,"status":"reviewed","tsunami":0,"sig":271,"net":"us","code":"7000t1sz","ids":",us7000t1sz,","sources":",us,","types":",origin,phase-data,","nst":26,"dmin":0.886,"rms":0.87,"gap":191,"magType":"mb","type":"earthquake","title":"M 4.2 - 100 km NW of Valparaíso, Chile"},"geometry":{"type":"Point","coordinates":[-72.4283,-32.4278,10]},"id":"us7000t1sz"},
{"type":"Feature","properties":{"mag":4.2,"place":"241 km E of Levuka, Fiji","time":1784471335542,"updated":1785698588040,"tz":null,"url":"https://earthquake.usgs.gov/earthquakes/eventpage/us7000t1sy","detail":"https://earthquake.usgs.gov/fdsnws/event/1/query?eventid=us7000t1sy&format=geojson","felt":null,"cdi":null,"mmi":null,"alert":null,"status":"reviewed","tsunami":0,"sig":271,"net":"us","code":"7000t1sy","ids":",us7000t1sy,","sources":",us,","types":",origin,phase-data,","nst":35,"dmin":2.533,"rms":0.55,"gap":122,"magType":"mb","type":"earthquake","title":"M 4.2 - 241 km E of Levuka, Fiji"},"geometry":{"type":"Point","coordinates":[-178.4153,-17.8773,637.734]},"id":"us7000t1sy"},
{"type":"Feature","properties":{"mag":4.6,"place":"172 km WSW of San Antonio, Chile","time":1784471106674,"updated":1785698382040,"tz":null,"url":"https://earthquake.usgs.gov/earthquakes/eventpage/us7000t1sv","detail":"https://earthquake.usgs.gov/fdsnws/event/1/query?eventid=us7000t1sv&format=geojson","felt":null,"cdi":null,"mmi":null,"alert":null,"status":"reviewed","tsunami":0,"sig":326,"net":"us","code":"7000t1sv","ids":",us7000t1sv,","sources":",us,","types":",origin,phase-data,","nst":47,"dmin":1.537,"rms":0.91,"gap":146,"magType":"mb","type":"earthquake","title":"M 4.6 - 172 km WSW of San Antonio, Chile"},"geometry":{"type":"Point","coordinates":[-73.4321,-33.9216,10]},"id":"us7000t1sv"},
{"type":"Feature","properties":{"mag":4.4,"place":"101 km WSW of Puerto Madero, Mexico","time":1784470905722,"updated":1786203841040,"tz":null,"url":"https://earthquake.usgs.gov/earthquakes/eventpage/us7000t1su","detail":"https://earthquake.usgs.gov/fdsnws/event/1/query?eventid=us7000t1su&format=geojson","felt":null,"cdi":null,"mmi":null,"alert":null,"status":"reviewed","tsunami":0,"sig":298,"net":"us","code":"7000t1su","ids":",us7000t1su,","sources":",us,","types":",origin,phase-data,","nst":49,"dmin":2.22,"rms":0.76,"gap":194,"magType":"mb","type":"earthquake","title":"M 4.4 - 101 km WSW of Puerto Madero, Mexico"},"geometry":{"type":"Point","coordinates":[-93.2762,14.3419,10]},"id":"us7000t1su"},
{"type":"Feature","properties":{"mag":4.3,"place":"43 km NNW of Te Anau, New Zealand","time":1784470096860,"updated":1785698194040,"tz":null,"url":"https://earthquake.usgs.gov/earthquakes/eventpage/us7000t1sr","detail":"https://earthquake.usgs.gov/fdsnws/event/1/query?eventid=us7000t1sr&format=geojson","felt":null,"cdi":null,"mmi":null,"alert":null,"status":"reviewed","tsunami":0,"sig":284,"net":"us","code":"7000t1sr","ids":",us7000t1sr,","sources":",us,","types":",origin,phase-data,","nst":19,"dmin":0.479,"rms":0.36,"gap":96,"magType":"mb","type":"earthquake","title":"M 4.3 - 43 km NNW of Te Anau, New Zealand"},"geometry":{"type":"Point","coordinates":[167.5112,-45.0501,64.309]},"id":"us7000t1sr"},
{"type":"Feature","properties":{"mag":4.3,"place":"94 km WSW of Puerto Madero, Mexico","time":1784469671973,"updated":1786202142040,"tz":null,"url":"https://earthquake.usgs.gov/earthquakes/eventpage/us7000t1sp","detail":"https://earthquake.usgs.gov/fdsnws/event/1/query?eventid=us7000t1sp&format=geojson","felt":null,"cdi":null,"mmi":null,"alert":null,"status":"reviewed","tsunami":0,"sig":284,"net":"us","code":"7000t1sp","ids":",us7000t1sp,","sources":",us,","types":",origin,phase-data,","nst":41,"dmin":3.113,"rms":1.34,"gap":206,"magType":"mb","type":"earthquake","title":"M 4.3 - 94 km WSW of Puerto Madero, Mexico"},"geometry":{"type":"Point","coordinates":[-93.2016,14.3233,10]},"id":"us7000t1sp"},
{"type":"Feature","properties":{"mag":4,"place":"84 km SSE of Sarangani, Philippines","time":1784460197474,"updated":1786456542040,"tz":null,"url":"https://earthquake.usgs.gov/earthquakes/eventpage/us7000t32g","detail":"https://earthquake.usgs.gov/fdsnws/event/1/query?eventid=us7000t32g&format=geojson","felt":null,"cdi":null,"mmi":null,"alert":null,"status":"reviewed","tsunami":0,"sig":246,"net":"us","code":"7000t32g","ids":",us7000t32g,","sources":",us,","types":",origin,phase-data,","nst":21,"dmin":2.367,"rms":1,"gap":114,"magType":"mb","type":"earthquake","title":"M 4.0 - 84 km SSE of Sarangani, Philippines"},"geometry":{"type":"Point","coordinates":[125.7325,4.692,10]},"id":"us7000t32g"},
{"type":"Feature","properties":{"mag":4.5,"place":"54 km NE of Tulsīpur, Nepal","time":1784457931176,"updated":1786463381040,"tz":null,"url":"https://earthquake.usgs.gov/earthquakes/eventpage/us7000t1s3","detail":"https://earthquake.usgs.gov/fdsnws/event/1/query?eventid=us7000t1s3&format=geojson","felt":null,"cdi":null,"mmi":null,"alert":null,"status":"reviewed","tsunami":0,"sig":312,"net":"us","code":"7000t1s3","ids":",us7000t1s3,","sources":",us,","types":",origin,phase-data,","nst":51,"dmin":9.542,"rms":0.58,"gap":82,"magType":"mb","type":"earthquake","title":"M 4.5 - 54 km NE of Tulsīpur, Nepal"},"geometry":{"type":"Point","coordinates":[82.6592,28.5087,10]},"id":"us7000t1s3"},
{"type":"Feature","properties":{"mag":4.4,"place":"69 km ENE of Luganville, Vanuatu","time":1784456924352,"updated":1786454798040,"tz":null,"url":"https://earthquake.usgs.gov/earthquakes/eventpage/us7000t32e","detail":"https://earthquake.usgs.gov/fdsnws/event/1/query?eventid=us7000t32e&format=geojson","felt":null,"cdi":null,"mmi":null,"alert":null,"status":"reviewed","tsunami":0,"sig":298,"net":"us","code":"7000t32e","ids":",us7000t32e,","sources":",us,","types":",origin,phase-data,","nst":30,"dmin":6.228,"rms":1.01,"gap":83,"magType":"mb","type":"earthquake","title":"M 4.4 - 69 km ENE of Luganville, Vanuatu"},"geometry":{"type":"Point","coordinates":[167.7333,-15.228,134.795]},"id":"us7000t32e"},
{"type":"Feature","properties":{"mag":4.3,"place":"south of the Kermadec Islands","time":1784456551073,"updated":1786455775040,"tz":null,"url":"https://earthquake.usgs.gov/earthquakes/eventpage/us7000t32f","detail":"https://earthquake.usgs.gov/fdsnws/event/1/query?eventid=us7000t32f&format=geojson","felt":null,"cdi":null,"mmi":null,"alert":null,"status":"reviewed","tsunami":0,"sig":284,"net":"us","code":"7000t32f","ids":",us7000t32f,","sources":",us,","types":",origin,phase-data,","nst":17,"dmin":4.074,"rms":0.6,"gap":158,"magType":"mb","type":"earthquake","title":"M 4.3 - south of the Kermadec Islands"},"geometry":{"type":"Point","coordinates":[-179.2177,-33.1789,37.09]},"id":"us7000t32f"},
{"type":"Feature","properties":{"mag":4.6,"place":"86 km ESE of Hihifo, Tonga","time":1784454483878,"updated":1786463178040,"tz":null,"url":"https://earthquake.usgs.gov/earthquakes/eventpage/us7000t1rx","detail":"https://earthquake.usgs.gov/fdsnws/event/1/query?eventid=us7000t1rx&format=geojson","felt":null,"cdi":null,"mmi":null,"alert":null,"status":"reviewed","tsunami":0,"sig":326,"net":"us","code":"7000t1rx","ids":",us7000t1rx,","sources":",us,","types":",origin,phase-data,","nst":40,"dmin":2.755,"rms":1.14,"gap":73,"magType":"mb","type":"earthquake","title":"M 4.6 - 86 km ESE of Hihifo, Tonga"},"geometry":{"type":"Point","coordinates":[-173.1071,-16.363,10]},"id":"us7000t1rx"},
{"type":"Feature","properties":{"mag":4.2,"place":"South Sandwich Islands region","time":1784452942673,"updated":1786452937040,"tz":null,"url":"https://earthquake.usgs.gov/earthquakes/eventpage/us7000t32b","detail":"https://earthquake.usgs.gov/fdsnws/event/1/query?eventid=us7000t32b&format=geojson","felt":null,"cdi":null,"mmi":null,"alert":null,"status":"reviewed","tsunami":0,"sig":271,"net":"us","code":"7000t32b","ids":",us7000t32b,","sources":",us,","types":",origin,phase-data,","nst":31,"dmin":18.436,"rms":0.66,"gap":104,"magType":"mb","type":"earthquake","title":"M 4.2 - South Sandwich Islands region"},"geometry":{"type":"Point","coordinates":[-28.5712,-60.1443,180.517]},"id":"us7000t32b"},
{"type":"Feature","properties":{"mag":4.1,"place":"109 km SW of Puerto Madero, Mexico","time":1784451318866,"updated":1786517395040,"tz":null,"url":"https://earthquake.usgs.gov/earthquakes/eventpage/us7000t1rs","detail":"https://earthquake.usgs.gov/fdsnws/event/1/query?eventid=us7000t1rs&format=geojson","felt":null,"cdi":null,"mmi":null,"alert":null,"status":"reviewed","tsunami":0,"sig":259,"net":"us","code":"7000t1rs","ids":",us7000t1rs,","sources":",us,","types":",origin,phase-data,","nst":34,"dmin":2.384,"rms":1.08,"gap":197,"magType":"mb","type":"earthquake","title":"M 4.1 - 109 km SW of Puerto Madero, Mexico"},"geometry":{"type":"Point","coordinates":[-93.2431,14.1377,10]},"id":"us7000t1rs"},
{"type":"Feature","properties":{"mag":4.1,"place":"92 km SE of Severo-Kuril’sk, Russia","time":1784450768882,"updated":1785654892040,"tz":null,"url":"https://earthquake.usgs.gov/earthquakes/eventpage/us7000t328","detail":"https://earthquake.usgs.gov/fdsnws/event/1/query?eventid=us7000t328&format=geojson","felt":null,"cdi":null,"mmi":null,"alert":null,"status":"reviewed","tsunami":0,"sig":259,"net":"us","code":"7000t328","ids":",us7000t328,","sources":",us,","types":",origin,phase-data,","nst":28,"dmin":3.014,"rms":0.65,"gap":162,"magType":"mb","type":"earthquake","title":"M 4.1 - 92 km SE of Severo-Kuril’sk, Russia"},"geometry":{"type":"Point","coordinates":[157.1058,50.1209,38.046]},"id":"us7000t328"},
{"type":"Feature","properties":{"mag":4.6,"place":"12 km SW of Balangonan, Philippines","time":1784449193456,"updated":1785416477040,"tz":null,"url":"https://earthquake.usgs.gov/earthquakes/eventpage/us7000t1ri","detail":"https://earthquake.usgs.gov/fdsnws/event/1/query?eventid=us7000t1ri&format=geojson","felt":null,"cdi":null,"mmi":null,"alert":null,"status":"reviewed","tsunami":0,"sig":326,"net":"us","code":"7000t1ri","ids":",us7000t1ri,","sources":",us,","types":",origin,phase-data,","nst":41,"dmin":1.594,"rms":0.79,"gap":110,"magType":"mb","type":"earthquake","title":"M 4.6 - 12 km SW of Balangonan, Philippines"},"geometry":{"type":"Point","coordinates":[125.2779,5.4941,71.895]},"id":"us7000t1ri"},
{"type":"Feature","properties":{"mag":4.9,"place":"70 km S of Pelabuhanratu, Indonesia","time":1784448666411,"updated":1786514350093,"tz":null,"url":"https://earthquake.usgs.gov/earthquakes/eventpage/us7000t1rh","detail":"https://earthquake.usgs.gov/fdsnws/event/1/query?eventid=us7000t1rh&format=geojson","felt":2,"cdi":2,"mmi":null,"alert":null,"status":"reviewed","tsunami":0,"sig":370,"net":"us","code":"7000t1rh","ids":",us7000t1rh,","sources":",us,","types":",dyfi,origin,phase-data,","nst":57,"dmin":1.126,"rms":0.68,"gap":103,"magType":"mb","type":"earthquake","title":"M 4.9 - 70 km S of Pelabuhanratu, Indonesia"},"geometry":{"type":"Point","coordinates":[106.5265,-7.6263,37.601]},"id":"us7000t1rh"},
{"type":"Feature","properties":{"mag":4.1,"place":"269 km ESE of Tadine, New Caledonia","time":1784445898410,"updated":1785410661040,"tz":null,"url":"https://earthquake.usgs.gov/earthquakes/eventpage/us7000t327","detail":"https://earthquake.usgs.gov/fdsnws/event/1/query?eventid=us7000t327&format=geojson","felt":null,"cdi":null,"mmi":null,"alert":null,"status":"reviewed","tsunami":0,"sig":259,"net":"us","code":"7000t327","ids":",us7000t327,","sources":",us,","types":",origin,phase-data,","nst":12,"dmin":2.588,"rms":0.5,"gap":251,"magType":"mb","type":"earthquake","title":"M 4.1 - 269 km ESE of Tadine, New Caledonia"},"geometry":{"type":"Point","coordinates":[170.2467,-22.5708,10]},"id":"us7000t327"},
{"type":"Feature","properties":{"mag":4.4,"place":"164 km E of Kokopo, Papua New Guinea","time":1784445031139,"updated":1785410124040,"tz":null,"url":"https://earthquake.usgs.gov/earthquakes/eventpage/us7000t1re","detail":"https://earthquake.usgs.gov/fdsnws/event/1/query?eventid=us7000t1re&format=geojson","felt":null,"cdi":null,"mmi":null,"alert":null,"status":"reviewed","tsunami":0,"sig":298,"net":"us","code":"7000t1re","ids":",us7000t1re,","sources":",us,","types":",origin,phase-data,","nst":28,"dmin":1.609,"rms":0.97,"gap":155,"magType":"mb","type":"earthquake","title":"M 4.4 - 164 km E of Kokopo, Papua New Guinea"},"geometry":{"type":"Point","coordinates":[153.7362,-4.5532,99.399]},"id":"us7000t1re"},
{"type":"Feature","properties":{"mag":4,"place":"71 km WSW of Puerto Madero, Mexico","time":1784441867541,"updated":1785409614040,"tz":null,"url":"https://earthquake.usgs.gov/earthquakes/eventpage/us7000t1r9","detail":"https://earthquake.usgs.gov/fdsnws/event/1/query?eventid=us7000t1r9&format=geojson","felt":null,"cdi":null,"mmi":null,"alert":null,"status":"reviewed","tsunami":0,"sig":246,"net":"us","code":"7000t1r9","ids":",us7000t1r9,","sources":",us,","types":",origin,phase-data,","nst":20,"dmin":3.162,"rms":0.92,"gap":202,"magType":"mb","type":"earthquake","title":"M 4.0 - 71 km WSW of Puerto Madero, Mexico"},"geometry":{"type":"Point","coordinates":[-92.9989,14.4022,35]},"id":"us7000t1r9"},
{"type":"Feature","properties":{"mag":4.5,"place":"57 km SSW of Sarangani, Philippines","time":1784438065043,"updated":1785402980040,"tz":null,"url":"https://earthquake.usgs.gov/earthquakes/eventpage/us7000t321","detail":"https://earthquake.usgs.gov/fdsnws/event/1/query?eventid=us7000t321&format=geojson","felt":null,"cdi":null,"mmi":null,"alert":null,"status":"reviewed","tsunami":0,"sig":312,"net":"us","code":"7000t321","ids":",us7000t321,","sources":",us,","types":",origin,phase-data,","nst":27,"dmin":2.139,"rms":0.71,"gap":129,"magType":"mb","type":"earthquake","title":"M 4.5 - 57 km SSW of Sarangani, Philippines"},"geometry":{"type":"Point","coordinates":[125.2228,4.946,35.34]},"id":"us7000t321"},
{"type":"Feature","properties":{"mag":4,"place":"132 km SW of Puerto Madero, Mexico","time":1784437391003,"updated":1786517561040,"tz":null,"url":"https://earthquake.usgs.gov/earthquakes/eventpage/us7000t1qv","detail":"https://earthquake.usgs.gov/fdsnws/event/1/query?eventid=us7000t1qv&format=geojson","felt":null,"cdi":null,"mmi":null,"alert":null,"status":"reviewed","tsunami":0,"sig":246,"net":"us","code":"7000t1qv","ids":",us7000t1qv,","sources":",us,","types":",origin,phase-data,","nst":35,"dmin":3.497,"rms":1.07,"gap":158,"magType":"mb","type":"earthquake","title":"M 4.0 - 132 km SW of Puerto Madero, Mexico"},"geometry":{"type":"Point","coordinates":[-93.3815,13.9728,10]},"id":"us7000t1qv"},
{"type":"Feature","properties":{"mag":4.5,"place":"Kuril Islands","time":1784437108772,"updated":1786073011040,"tz":null,"url":"https://earthquake.usgs.gov/earthquakes/eventpage/us7000t1qt","detail":"https://earthquake.usgs.gov/fdsnws/event/1/query?eventid=us7000t1qt&format=geojson","felt":null,"cdi":null,"mmi":null,"alert":null,"status":"reviewed","tsunami":0,"sig":312,"net":"us","code":"7000t1qt","ids":",us7000t1qt,","sources":",us,","types":",origin,phase-data,","nst":65,"dmin":6.32,"rms":0.53,"gap":134,"magType":"mb","type":"earthquake","title":"M 4.5 - Kuril Islands"},"geometry":{"type":"Point","coordinates":[152.4203,47.7672,144.576]},"id":"us7000t1qt"},
{"type":"Feature","properties":{"mag":4.4,"place":"108 km SW of Brisas Barra de Suchiate, Mexico","time":1784435934959,"updated":1786152715040,"tz":null,"url":"https://earthquake.usgs.gov/earthquakes/eventpage/us7000t1qr","detail":"https://earthquake.usgs.gov/fdsnws/event/1/query?eventid=us7000t1qr&format=geojson","felt":null,"cdi":null,"mmi":null,"alert":null,"status":"reviewed","tsunami":0,"sig":298,"net":"us","code":"7000t1qr","ids":",us7000t1qr,","sources":",us,","types":",origin,phase-data,","nst":55,"dmin":2.523,"rms":0.73,"gap":166,"magType":"mb","type":"earthquake","title":"M 4.4 - 108 km SW of Brisas Barra de Suchiate, Mexico"},"geometry":{"type":"Point","coordinates":[-92.9752,13.8787,35]},"id":"us7000t1qr"},
{"type":"Feature","properties":{"mag":4,"place":"52 km SW of Puerto Madero, Mexico","time":1784435728274,"updated":1786154854040,"tz":null,"url":"https://earthquake.usgs.gov/earthquakes/eventpage/us7000t1qp","detail":"https://earthquake.usgs.gov/fdsnws/event/1/query?eventid=us7000t1qp&format=geojson","felt":null,"cdi":null,"mmi":null,"alert":null,"status":"reviewed","tsunami":0,"sig":246,"net":"us","code":"7000t1qp","ids":",us7000t1qp,","sources":",us,","types":",origin,phase-data,","nst":56,"dmin":2.868,"rms":0.62,"gap":189,"magType":"mb","type":"earthquake","title":"M 4.0 - 52 km SW of Puerto Madero, Mexico"},"geometry":{"type":"Point","coordinates":[-92.7035,14.3305,38.295]},"id":"us7000t1qp"},
{"type":"Feature","properties":{"mag":4.4,"place":"91 km SW of Brisas Barra de Suchiate, Mexico","time":1784434526680,"updated":1786075496040,"tz":null,"url":"https://earthquake.usgs.gov/earthquakes/eventpage/us7000t1qk","detail":"https://earthquake.usgs.gov/fdsnws/event/1/query?eventid=us7000t1qk&format=geojson","felt":null,"cdi":null,"mmi":null,"alert":null,"status":"reviewed","tsunami":0,"sig":298,"net":"us","code":"7000t1qk","ids":",us7000t1qk,","sources":",us,","types":",origin,phase-data,","nst":40,"dmin":3.014,"rms":0.48,"gap":191,"magType":"mb","type":"earthquake","title":"M 4.4 - 91 km SW of Brisas Barra de Suchiate, Mexico"},"geometry":{"type":"Point","coordinates":[-92.8824,14.0191,35]},"id":"us7000t1qk"},
{"type":"Feature","properties":{"mag":4.2,"place":"85 km SW of Puerto Madero, Mexico","time":1784431638288,"updated":1786154806040,"tz":null,"url":"https://earthquake.usgs.gov/earthquakes/eventpage/us7000t1qd","detail":"https://earthquake.usgs.gov/fdsnws/event/1/query?eventid=us7000t1qd&format=geojson","felt":null,"cdi":null,"mmi":null,"alert":null,"status":"reviewed","tsunami":0,"sig":271,"net":"us","code":"7000t1qd","ids":",us7000t1qd,","sources":",us,","types":",origin,phase-data,","nst":62,"dmin":2.195,"rms":1.09,"gap":183,"magType":"mb","type":"earthquake","title":"M 4.2 - 85 km SW of Puerto Madero, Mexico"},"geometry":{"type":"Point","coordinates":[-93.0625,14.265,35]},"id":"us7000t1qd"},
{"type":"Feature","properties":{"mag":4.9,"place":"36 km NE of Shahrak-e Kūlūrī, Iran","time":1784427919821,"updated":1786076556981,"tz":null,"url":"https://earthquake.usgs.gov/earthquakes/eventpage/us7000t1q8","detail":"https://earthquake.usgs.gov/fdsnws/event/1/query?eventid=us7000t1q8&format=geojson","felt":2,"cdi":4.2,"mmi":null,"alert":null,"status":"reviewed","tsunami":0,"sig":370,"net":"us","code":"7000t1q8","ids":",us7000t1q8,usauto7000t1q8,","sources":",us,usauto,","types":",dyfi,internal-moment-tensor,origin,phase-data,","nst":73,"dmin":6.738,"rms":1.4,"gap":87,"magType":"mww","type":"earthquake","title":"M 4.9 - 36 km NE of Shahrak-e Kūlūrī, Iran"},"geometry":{"type":"Point","coordinates":[48.7393,32.595,10]},"id":"us7000t1q8"},
{"type":"Feature","properties":{"mag":5.5,"place":"5 km S of Chambara, Peru","time":1784427875593,"updated":1786492171035,"tz":null,"url":"https://earthquake.usgs.gov/earthquakes/eventpage/us7000t1q7","detail":"https://earthquake.usgs.gov/fdsnws/event/1/query?eventid=us7000t1q7&format=geojson","felt":14,"cdi":7.1,"mmi":7.162,"alert":"yellow","status":"reviewed","tsunami":0,"sig":660,"net":"us","code":"7000t1q7","ids":",us7000t1q7,usauto7000t1q7,","sources":",us,usauto,","types":",dyfi,ground-failure,impact-text,internal-moment-tensor,losspager,moment-tensor,origin,phase-data,shakemap,","nst":202,"dmin":1.432,"rms":0.65,"gap":33,"magType":"mww","type":"earthquake","title":"M 5.5 - 5 km S of Chambara, Peru"},"geometry":{"type":"Point","coordinates":[-75.3819,-12.08,10]},"id":"us7000t1q7"},
{"type":"Feature","properties":{"mag":5.3,"place":"97 km SW of Brisas Barra de Suchiate, Mexico","time":1784427531186,"updated":1786154713040,"tz":null,"url":"https://earthquake.usgs.gov/earthquakes/eventpage/us7000t1q6","detail":"https://earthquake.usgs.gov/fdsnws/event/1/query?eventid=us7000t1q6&format=geojson","felt":null,"cdi":null,"mmi":null,"alert":null,"status":"reviewed","tsunami":0,"sig":432,"net":"us","code":"7000t1q6","ids":",usauto7000t1q6,us7000t1q6,","sources":",usauto,us,","types":",internal-moment-tensor,moment-tensor,origin,phase-data,","nst":60,"dmin":2.421,"rms":1.44,"gap":145,"magType":"mww","type":"earthquake","title":"M 5.3 - 97 km SW of Brisas Barra de Suchiate, Mexico"},"geometry":{"type":"Point","coordinates":[-92.9096,13.9656,10]},"id":"us7000t1q6"},
{"type":"Feature","properties":{"mag":4.6,"place":"57 km SW of Puerto Madero, Mexico","time":1784426493292,"updated":1786154565040,"tz":null,"url":"https://earthquake.usgs.gov/earthquakes/eventpage/us7000t1q5","detail":"https://earthquake.usgs.gov/fdsnws/event/1/query?eventid=us7000t1q5&format=geojson","felt":null,"cdi":null,"mmi":null,"alert":null,"status":"reviewed","tsunami":0,"sig":326,"net":"us","code":"7000t1q5","ids":",us7000t1q5,","sources":",us,","types":",origin,phase-data,","nst":62,"dmin":2.051,"rms":0.75,"gap":145,"magType":"mb","type":"earthquake","title":"M 4.6 - 57 km SW of Puerto Madero, Mexico"},"geometry":{"type":"Point","coordinates":[-92.7413,14.3043,35]},"id":"us7000t1q5"},
{"type":"Feature","properties":{"mag":4.8,"place":"128 km NNE of Tobelo, Indonesia","time":1784426276291,"updated":1786078175040,"tz":null,"url":"https://earthquake.usgs.gov/earthquakes/eventpage/us7000t1q4","detail":"https://earthquake.usgs.gov/fdsnws/event/1/query?eventid=us7000t1q4&format=geojson","felt":null,"cdi":null,"mmi":null,"alert":null,"status":"reviewed","tsunami":0,"sig":354,"net":"us","code":"7000t1q4","ids":",us7000t1q4,","sources":",us,","types":",origin,phase-data,","nst":71,"dmin":5.216,"rms":0.84,"gap":105,"magType":"mb","type":"earthquake","title":"M 4.8 - 128 km NNE of Tobelo, Indonesia"},"geometry":{"type":"Point","coordinates":[128.5619,2.7534,221.42]},"id":"us7000t1q4"},
{"type":"Feature","properties":{"mag":4.4,"place":"116 km SW of Puerto Madero, Mexico","time":1784425855037,"updated":1786153278040,"tz":null,"url":"https://earthquake.usgs.gov/earthquakes/eventpage/us7000t31y","detail":"https://earthquake.usgs.gov/fdsnws/event/1/query?eventid=us7000t31y&format=geojson","felt":null,"cdi":null,"mmi":null,"alert":null,"status":"reviewed","tsunami":0,"sig":298,"net":"us","code":"7000t31y","ids":",us7000t31y,","sources":",us,","types":",origin,phase-data,","nst":22,"dmin":2.545,"rms":1.09,"gap":212,"magType":"mb","type":"earthquake","title":"M 4.4 - 116 km SW of Puerto Madero, Mexico"},"geometry":{"type":"Point","coordinates":[-93.1043,13.901,10]},"id":"us7000t31y"},
{"type":"Feature","properties":{"mag":5.3,"place":"106 km SW of Puerto Madero, Mexico","time":1784425643676,"updated":1786139575040,"tz":null,"url":"https://earthquake.usgs.gov/earthquakes/eventpage/us7000t1q3","detail":"https://earthquake.usgs.gov/fdsnws/event/1/query?eventid=us7000t1q3&format=geojson","felt":null,"cdi":null,"mmi":null,"alert":null,"status":"reviewed","tsunami":0,"sig":432,"net":"us","code":"7000t1q3","ids":",usauto7000t1q3,us7000t1q3,","sources":",usauto,us,","types":",internal-moment-tensor,moment-tensor,origin,phase-data,","nst":64,"dmin":2.461,"rms":1.11,"gap":139,"magType":"mww","type":"earthquake","title":"M 5.3 - 106 km SW of Puerto Madero, Mexico"},"geometry":{"type":"Point","coordinates":[-93.0416,13.968,10]},"id":"us7000t1q3"},
{"type":"Feature","properties":{"mag":4.7,"place":"south of the Kermadec Islands","time":1784425205722,"updated":1785988938040,"tz":null,"url":"https://earthquake.usgs.gov/earthquakes/eventpage/us7000t31x","detail":"https://earthquake.usgs.gov/fdsnws/event/1/query?eventid=us7000t31x&format=geojson","felt":null,"cdi":null,"mmi":null,"alert":null,"status":"reviewed","tsunami":0,"sig":340,"net":"us","code":"7000t31x","ids":",us7000t31x,","sources":",us,","types":",origin,phase-data,","nst":18,"dmin":4.203,"rms":0.86,"gap":163,"magType":"mb","type":"earthquake","title":"M 4.7 - south of the Kermadec Islands"},"geometry":{"type":"Point","coordinates":[-179.267,-33.3016,81.584]},"id":"us7000t31x"},
{"type":"Feature","properties":{"mag":4.2,"place":"278 km N of Ama, Japan","time":1784425205711,"updated":1786140459040,"tz":null,"url":"https://earthquake.usgs.gov/earthquakes/eventpage/us7000t1q1","detail":"https://earthquake.usgs.gov/fdsnws/event/1/query?eventid=us7000t1q1&format=geojson","felt":null,"cdi":null,"mmi":null,"alert":null,"status":"reviewed","tsunami":0,"sig":271,"net":"us","code":"7000t1q1","ids":",us7000t1q1,","sources":",us,","types":",origin,phase-data,","nst":60,"dmin":4.268,"rms":0.86,"gap":66,"magType":"mb","type":"earthquake","title":"M 4.2 - 278 km N of Ama, Japan"},"geometry":{"type":"Point","coordinates":[133.4784,38.5794,462.454]},"id":"us7000t1q1"},
{"type":"Feature","properties":{"mag":5.3,"place":"175 km SSE of Vilyuchinsk, Russia","time":1784421580720,"updated":1785818132040,"tz":null,"url":"https://earthquake.usgs.gov/earthquakes/eventpage/us7000t1py","detail":"https://earthquake.usgs.gov/fdsnws/event/1/query?eventid=us7000t1py&format=geojson","felt":null,"cdi":null,"mmi":null,"alert":null,"status":"reviewed","tsunami":0,"sig":432,"net":"us","code":"7000t1py","ids":",us7000t1py,","sources":",us,","types":",origin,phase-data,","nst":86,"dmin":1.956,"rms":1.03,"gap":108,"magType":"mb","type":"earthquake","title":"M 5.3 - 175 km SSE of Vilyuchinsk, Russia"},"geometry":{"type":"Point","coordinates":[159.5717,51.5286,10]},"id":"us7000t1py"},
{"type":"Feature","properties":{"mag":4.4,"place":"93 km WSW of Puerto Madero, Mexico","time":1784421229760,"updated":1786249675040,"tz":null,"url":"https://earthquake.usgs.gov/earthquakes/eventpage/us7000t1pu","detail":"https://earthquake.usgs.gov/fdsnws/event/1/query?eventid=us7000t1pu&format=geojson","felt":null,"cdi":null,"mmi":null,"alert":null,"status":"reviewed","tsunami":0,"sig":298,"net":"us","code":"7000t1pu","ids":",us7000t1pu,","sources":",us,","types":",origin,phase-data,","nst":55,"dmin":2.996,"rms":0.94,"gap":138,"magType":"mb","type":"earthquake","title":"M 4.4 - 93 km WSW of Puerto Madero, Mexico"},"geometry":{"type":"Point","coordinates":[-93.2399,14.4345,35]},"id":"us7000t1pu"},
{"type":"Feature","properties":{"mag":4.4,"place":"79 km SSW of Katubao, Philippines","time":1784418822708,"updated":1785625343040,"tz":null,"url":"https://earthquake.usgs.gov/earthquakes/eventpage/us7000t2zk","detail":"https://earthquake.usgs.gov/fdsnws/event/1/query?eventid=us7000t2zk&format=geojson","felt":null,"cdi":null,"mmi":null,"alert":null,"status":"reviewed","tsunami":0,"sig":298,"net":"us","code":"7000t2zk","ids":",us7000t2zk,","sources":",us,","types":",origin,phase-data,","nst":17,"dmin":2.075,"rms":1.35,"gap":131,"magType":"mb","type":"earthquake","title":"M 4.4 - 79 km SSW of Katubao, Philippines"},"geometry":{"type":"Point","coordinates":[124.6586,5.1947,35.021]},"id":"us7000t2zk"},
{"type":"Feature","properties":{"mag":4.5,"place":"39 km WSW of Brisas Barra de Suchiate, Mexico","time":1784417881171,"updated":1786248941040,"tz":null,"url":"https://earthquake.usgs.gov/earthquakes/eventpage/us7000t1pk","detail":"https://earthquake.usgs.gov/fdsnws/event/1/query?eventid=us7000t1pk&format=geojson","felt":null,"cdi":null,"mmi":null,"alert":null,"status":"reviewed","tsunami":0,"sig":312,"net":"us","code":"7000t1pk","ids":",us7000t1pk,","sources":",us,","types":",origin,phase-data,","nst":46,"dmin":2.715,"rms":1.3,"gap":171,"magType":"mb","type":"earthquake","title":"M 4.5 - 39 km WSW of Brisas Barra de Suchiate, Mexico"},"geometry":{"type":"Point","coordinates":[-92.5399,14.3539,35]},"id":"us7000t1pk"},
{"type":"Feature","properties":{"mag":4.7,"place":"80 km SW of Masachapa, Nicaragua","time":1784417479984,"updated":1785819153040,"tz":null,"url":"https://earthquake.usgs.gov/earthquakes/eventpage/us7000t1ph","detail":"https://earthquake.usgs.gov/fdsnws/event/1/query?eventid=us7000t1ph&format=geojson","felt":null,"cdi":null,"mmi":null,"alert":null,"status":"reviewed","tsunami":0,"sig":340,"net":"us","code":"7000t1ph","ids":",us7000t1ph,","sources":",us,","types":",origin,phase-data,","nst":70,"dmin":1.832,"rms":0.86,"gap":93,"magType":"mb","type":"earthquake","title":"M 4.7 - 80 km SW of Masachapa, Nicaragua"},"geometry":{"type":"Point","coordinates":[-87.1206,11.3736,24.311]},"id":"us7000t1ph"},
{"type":"Feature","properties":{"mag":4.6,"place":"117 km WSW of Puerto Madero, Mexico","time":1784414964251,"updated":1786248688040,"tz":null,"url":"https://earthquake.usgs.gov/earthquakes/eventpage/us7000t1p8","detail":"https://earthquake.usgs.gov/fdsnws/event/1/query?eventid=us7000t1p8&format=geojson","felt":null,"cdi":null,"mmi":null,"alert":null,"status":"reviewed","tsunami":0,"sig":326,"net":"us","code":"7000t1p8","ids":",us7000t1p8,","sources":",us,","types":",origin,phase-data,","nst":59,"dmin":3.555,"rms":1.15,"gap":150,"magType":"mb","type":"earthquake","title":"M 4.6 - 117 km WSW of Puerto Madero, Mexico"},"geometry":{"type":"Point","coordinates":[-93.421,14.3078,10]},"id":"us7000t1p8"},
{"type":"Feature","properties":{"mag":4.3,"place":"123 km SE of Miyakojima, Japan","time":1784414369061,"updated":1785643131040,"tz":null,"url":"https://earthquake.usgs.gov/earthquakes/eventpage/us7000t2zd","detail":"https://earthquake.usgs.gov/fdsnws/event/1/query?eventid=us7000t2zd&format=geojson","felt":null,"cdi":null,"mmi":null,"alert":null,"status":"reviewed","tsunami":0,"sig":284,"net":"us","code":"7000t2zd","ids":",us7000t2zd,","sources":",us,","types":",origin,phase-data,","nst":22,"dmin":2.783,"rms":1.18,"gap":103,"magType":"mb","type":"earthquake","title":"M 4.3 - 123 km SE of Miyakojima, Japan"},"geometry":{"type":"Point","coordinates":[125.9873,23.8679,10]},"id":"us7000t2zd"},
{"type":"Feature","properties":{"mag":4,"place":"1 km SE of Mnogoudobnoye, Russia","time":1784411697537,"updated":1785819545040,"tz":null,"url":"https://earthquake.usgs.gov/earthquakes/eventpage/us7000t1nw","detail":"https://earthquake.usgs.gov/fdsnws/event/1/query?eventid=us7000t1nw&format=geojson","felt":null,"cdi":null,"mmi":null,"alert":null,"status":"reviewed","tsunami":0,"sig":246,"net":"us","code":"7000t1nw","ids":",us7000t1nw,","sources":",us,","types":",origin,phase-data,","nst":41,"dmin":0.82,"rms":0.62,"gap":55,"magType":"mb","type":"earthquake","title":"M 4.0 - 1 km SE of Mnogoudobnoye, Russia"},"geometry":{"type":"Point","coordinates":[132.4811,43.4606,502.079]},"id":"us7000t1nw"},
{"type":"Feature","properties":{"mag":4.4,"place":"47 km SW of Puerto Madero, Mexico","time":1784410529329,"updated":1786248308040,"tz":null,"url":"https://earthquake.usgs.gov/earthquakes/eventpage/us7000t1nr","detail":"https://earthquake.usgs.gov/fdsnws/event/1/query?eventid=us7000t1nr&format=geojson","felt":null,"cdi":null,"mmi":null,"alert":null,"status":"reviewed","tsunami":0,"sig":298,"net":"us","code":"7000t1nr","ids":",us7000t1nr,","sources":",us,","types":",origin,phase-data,","nst":50,"dmin":2.912,"rms":0.97,"gap":186,"magType":"mb","type":"earthquake","title":"M 4.4 - 47 km SW of Puerto Madero, Mexico"},"geometry":{"type":"Point","coordinates":[-92.7347,14.4209,35]},"id":"us7000t1nr"},
{"type":"Feature","properties":{"mag":4.6,"place":"126 km SSE of Kokopo, Papua New Guinea","time":1784409699540,"updated":1786315776040,"tz":null,"url":"https://earthquake.usgs.gov/earthquakes/eventpage/us7000t2zb","detail":"https://earthquake.usgs.gov/fdsnws/event/1/query?eventid=us7000t2zb&format=geojson","felt":null,"cdi":null,"mmi":null,"alert":null,"status":"reviewed","tsunami":0,"sig":326,"net":"us","code":"7000t2zb","ids":",us7000t2zb,","sources":",us,","types":",origin,phase-data,","nst":28,"dmin":1.308,"rms":1.01,"gap":155,"magType":"mb","type":"earthquake","title":"M 4.6 - 126 km SSE of Kokopo, Papua New Guinea"},"geometry":{"type":"Point","coordinates":[152.504,-5.4628,10]},"id":"us7000t2zb"},
{"type":"Feature","properties":{"mag":5.5,"place":"Scotia Sea","time":1784404236959,"updated":1784985253189,"tz":null,"url":"https://earthquake.usgs.gov/earthquakes/eventpage/us7000t1ng","detail":"https://earthquake.usgs.gov/fdsnws/event/1/query?eventid=us7000t1ng&format=geojson","felt":null,"cdi":null,"mmi":2.598,"alert":"green","status":"reviewed","tsunami":0,"sig":465,"net":"us","code":"7000t1ng","ids":",usauto7000t1ng,attidz4e,us7000t1ng,","sources":",usauto,at,us,","types":",internal-moment-tensor,internal-origin,losspager,moment-tensor,origin,phase-data,shakemap,","nst":66,"dmin":7.207,"rms":0.95,"gap":64,"magType":"mww","type":"earthquake","title":"M 5.5 - Scotia Sea"},"geometry":{"type":"Point","coordinates":[-51.0296,-60.7452,10]},"id":"us7000t1ng"},
{"type":"Feature","properties":{"mag":4.3,"place":"Reykjanes Ridge","time":1784400333371,"updated":1785764380040,"tz":null,"url":"https://earthquake.usgs.gov/earthquakes/eventpage/us7000t2z5","detail":"https://earthquake.usgs.gov/fdsnws/event/1/query?eventid=us7000t2z5&format=geojson","felt":null,"cdi":null,"mmi":null,"alert":null,"status":"reviewed","tsunami":0,"sig":284,"net":"us","code":"7000t2z5","ids":",us7000t2z5,","sources":",us,","types":",origin,phase-data,","nst":37,"dmin":12.372,"rms":0.84,"gap":90,"magType":"mb","type":"earthquake","title":"M 4.3 - Reykjanes Ridge"},"geometry":{"type":"Point","coordinates":[-35.1419,52.7934,10]},"id":"us7000t2z5"},
{"type":"Feature","properties":{"mag":4.4,"place":"South Sandwich Islands region","time":1784399852471,"updated":1785763482040,"tz":null,"url":"https://earthquake.usgs.gov/earthquakes/eventpage/us7000t2z4","detail":"https://earthquake.usgs.gov/fdsnws/event/1/query?eventid=us7000t2z4&format=geojson","felt":null,"cdi":null,"mmi":null,"alert":null,"status":"reviewed","tsunami":0,"sig":298,"net":"us","code":"7000t2z4","ids":",us7000t2z4,","sources":",us,","types":",origin,phase-data,","nst":29,"dmin":7.021,"rms":0.46,"gap":69,"magType":"mb","type":"earthquake","title":"M 4.4 - South Sandwich Islands region"},"geometry":{"type":"Point","coordinates":[-25.1013,-57.0819,10]},"id":"us7000t2z4"},
{"type":"Feature","properties":{"mag":4.3,"place":"31 km SSW of Alik Ghund, Pakistan","time":1784399195348,"updated":1786032622040,"tz":null,"url":"https://earthquake.usgs.gov/earthquakes/eventpage/us7000t1n9","detail":"https://earthquake.usgs.gov/fdsnws/event/1/query?eventid=us7000t1n9&format=geojson","felt":null,"cdi":null,"mmi":null,"alert":null,"status":"reviewed","tsunami":0,"sig":284,"net":"us","code":"7000t1n9","ids":",us7000t1n9,","sources":",us,","types":",origin,phase-data,","nst":52,"dmin":6.056,"rms":0.6,"gap":96,"magType":"mb","type":"earthquake","title":"M 4.3 - 31 km SSW of Alik Ghund, Pakistan"},"geometry":{"type":"Point","coordinates":[67.3754,30.2344,10]},"id":"us7000t1n9"},
{"type":"Feature","properties":{"mag":4.2,"place":"114 km SW of Brisas Barra de Suchiate, Mexico","time":1784396206163,"updated":1786128006040,"tz":null,"url":"https://earthquake.usgs.gov/earthquakes/eventpage/us7000t2z1","detail":"https://earthquake.usgs.gov/fdsnws/event/1/query?eventid=us7000t2z1&format=geojson","felt":null,"cdi":null,"mmi":null,"alert":null,"status":"reviewed","tsunami":0,"sig":271,"net":"us","code":"7000t2z1","ids":",us7000t2z1,","sources":",us,","types":",origin,phase-data,","nst":41,"dmin":3.158,"rms":0.49,"gap":225,"magType":"mb","type":"earthquake","title":"M 4.2 - 114 km SW of Brisas Barra de Suchiate, Mexico"},"geometry":{"type":"Point","coordinates":[-93.0318,13.8705,10]},"id":"us7000t2z1"},
{"type":"Feature","properties":{"mag":4.6,"place":"southern Mid-Atlantic Ridge","time":1784396202272,"updated":1785684094040,"tz":null,"url":"https://earthquake.usgs.gov/earthquakes/eventpage/us7000t2z2","detail":"https://earthquake.usgs.gov/fdsnws/event/1/query?eventid=us7000t2z2&format=geojson","felt":null,"cdi":null,"mmi":null,"alert":null,"status":"reviewed","tsunami":0,"sig":326,"net":"us","code":"7000t2z2","ids":",us7000t2z2,","sources":",us,","types":",origin,phase-data,","nst":28,"dmin":4.689,"rms":0.58,"gap":69,"magType":"mb","type":"earthquake","title":"M 4.6 - southern Mid-Atlantic Ridge"},"geometry":{"type":"Point","coordinates":[-15.0258,-12.605,10]},"id":"us7000t2z2"},
{"type":"Feature","properties":{"mag":4.3,"place":"124 km ESE of Kimbe, Papua New Guinea","time":1784396048661,"updated":1785680019040,"tz":null,"url":"https://earthquake.usgs.gov/earthquakes/eventpage/us7000t2yz","detail":"https://earthquake.usgs.gov/fdsnws/event/1/query?eventid=us7000t2yz&format=geojson","felt":null,"cdi":null,"mmi":null,"alert":null,"status":"reviewed","tsunami":0,"sig":284,"net":"us","code":"7000t2yz","ids":",us7000t2yz,","sources":",us,","types":",origin,phase-data,","nst":29,"dmin":1.954,"rms":0.82,"gap":128,"magType":"mb","type":"earthquake","title":"M 4.3 - 124 km ESE of Kimbe, Papua New Guinea"},"geometry":{"type":"Point","coordinates":[151.2013,-5.9047,65.293]},"id":"us7000t2yz"},
{"type":"Feature","properties":{"mag":5.8,"place":"71 km SW of Puerto Madero, Mexico","time":1784395586075,"updated":1786120573183,"tz":null,"url":"https://earthquake.usgs.gov/earthquakes/eventpage/us7000t1n5","detail":"https://earthquake.usgs.gov/fdsnws/event/1/query?eventid=us7000t1n5&format=geojson","felt":null,"cdi":null,"mmi":4.167,"alert":"green","status":"reviewed","tsunami":0,"sig":518,"net":"us","code":"7000t1n5","ids":",usauto7000t1n5,us7000t1n5,","sources":",usauto,us,","types":",internal-moment-tensor,losspager,moment-tensor,origin,phase-data,shakemap,","nst":93,"dmin":3.012,"rms":0.94,"gap":148,"magType":"mww","type":"earthquake","title":"M 5.8 - 71 km SW of Puerto Madero, Mexico"},"geometry":{"type":"Point","coordinates":[-92.8648,14.2397,13]},"id":"us7000t1n5"},
{"type":"Feature","properties":{"mag":4.6,"place":"51 km WSW of Puerto Madero, Mexico","time":1784394096476,"updated":1786119939040,"tz":null,"url":"https://earthquake.usgs.gov/earthquakes/eventpage/us7000t1n3","detail":"https://earthquake.usgs.gov/fdsnws/event/1/query?eventid=us7000t1n3&format=geojson","felt":null,"cdi":null,"mmi":null,"alert":null,"status":"reviewed","tsunami":0,"sig":326,"net":"us","code":"7000t1n3","ids":",us7000t1n3,","sources":",us,","types":",origin,phase-data,","nst":83,"dmin":3.016,"rms":0.51,"gap":156,"magType":"mww","type":"earthquake","title":"M 4.6 - 51 km WSW of Puerto Madero, Mexico"},"geometry":{"type":"Point","coordinates":[-92.8327,14.4784,35.412]},"id":"us7000t1n3"},
{"type":"Feature","properties":{"mag":4.7,"place":"South Sandwich Islands region","time":1784393853942,"updated":1786647545040,"tz":null,"url":"https://earthquake.usgs.gov/earthquakes/eventpage/us7000t1n0","detail":"https://earthquake.usgs.gov/fdsnws/event/1/query?eventid=us7000t1n0&format=geojson","felt":null,"cdi":null,"mmi":null,"alert":null,"status":"reviewed","tsunami":0,"sig":340,"net":"us","code":"7000t1n0","ids":",us7000t1n0,","sources":",us,","types":",origin,phase-data,","nst":81,"dmin":7.625,"rms":0.7,"gap":65,"magType":"mb","type":"earthquake","title":"M 4.7 - South Sandwich Islands region"},"geometry":{"type":"Point","coordinates":[-26.2144,-59.4203,120.923]},"id":"us7000t1n0"},
{"type":"Feature","properties":{"mag":4.3,"place":"85 km SW of Puerto Madero, Mexico","time":1784393757534,"updated":1786647463040,"tz":null,"url":"https://earthquake.usgs.gov/earthquakes/eventpage/us7000t1mz","detail":"https://earthquake.usgs.gov/fdsnws/event/1/query?eventid=us7000t1mz&format=geojson","felt":null,"cdi":null,"mmi":null,"alert":null,"status":"reviewed","tsunami":0,"sig":284,"net":"us","code":"7000t1mz","ids":",us7000t1mz,","sources":",us,","types":",origin,phase-data,","nst":132,"dmin":2.238,"rms":0.86,"gap":176,"magType":"mb","type":"earthquake","title":"M 4.3 - 85 km SW of Puerto Madero, Mexico"},"geometry":{"type":"Point","coordinates":[-93.0075,14.1953,10]},"id":"us7000t1mz"},
{"type":"Feature","properties":{"mag":5.1,"place":"153 km S of George Town, Cayman Islands","time":1784390923972,"updated":1786647180407,"tz":null,"url":"https://earthquake.usgs.gov/earthquakes/eventpage/us7000t1mu","detail":"https://earthquake.usgs.gov/fdsnws/event/1/query?eventid=us7000t1mu&format=geojson","felt":3,"cdi":3.4,"mmi":null,"alert":null,"status":"reviewed","tsunami":0,"sig":401,"net":"us","code":"7000t1mu","ids":",us7000t1mu,usauto7000t1mu,","sources":",us,usauto,","types":",dyfi,internal-moment-tensor,moment-tensor,origin,phase-data,","nst":269,"dmin":3.827,"rms":0.61,"gap":28,"magType":"mww","type":"earthquake","title":"M 5.1 - 153 km S of George Town, Cayman Islands"},"geometry":{"type":"Point","coordinates":[-81.5445,17.9135,10]},"id":"us7000t1mu"},
{"type":"Feature","properties":{"mag":4.5,"place":"59 km S of Koshima, Japan","time":1784389867831,"updated":1786646977040,"tz":null,"url":"https://earthquake.usgs.gov/earthquakes/eventpage/us7000t2yy","detail":"https://earthquake.usgs.gov/fdsnws/event/1/query?eventid=us7000t2yy&format=geojson","felt":null,"cdi":null,"mmi":null,"alert":null,"status":"reviewed","tsunami":0,"sig":312,"net":"us","code":"7000t2yy","ids":",us7000t2yy,","sources":",us,","types":",origin,phase-data,","nst":22,"dmin":1.807,"rms":0.78,"gap":128,"magType":"mb","type":"earthquake","title":"M 4.5 - 59 km S of Koshima, Japan"},"geometry":{"type":"Point","coordinates":[130.519,29.6973,45.516]},"id":"us7000t2yy"},
{"type":"Feature","properties":{"mag":4.2,"place":"83 km SSW of Champerico, Guatemala","time":1784389118746,"updated":1786644747040,"tz":null,"url":"https://earthquake.usgs.gov/earthquakes/eventpage/us7000t2yx","detail":"https://earthquake.usgs.gov/fdsnws/event/1/query?eventid=us7000t2yx&format=geojson","felt":null,"cdi":null,"mmi":null,"alert":null,"status":"reviewed","tsunami":0,"sig":271,"net":"us","code":"7000t2yx","ids":",us7000t2yx,","sources":",us,","types":",origin,phase-data,","nst":58,"dmin":2.266,"rms":0.69,"gap":182,"magType":"mb","type":"earthquake","title":"M 4.2 - 83 km SSW of Champerico, Guatemala"},"geometry":{"type":"Point","coordinates":[-92.0849,13.5553,10]},"id":"us7000t2yx"},
{"type":"Feature","properties":{"mag":4.2,"place":"172 km ESE of Petropavlovsk-Kamchatsky, Russia","time":1784386249197,"updated":1786643717040,"tz":null,"url":"https://earthquake.usgs.gov/earthquakes/eventpage/us7000t2yv","detail":"https://earthquake.usgs.gov/fdsnws/event/1/query?eventid=us7000t2yv&format=geojson","felt":null,"cdi":null,"mmi":null,"alert":null,"status":"reviewed","tsunami":0,"sig":271,"net":"us","code":"7000t2yv","ids":",us7000t2yv,","sources":",us,","types":",origin,phase-data,","nst":49,"dmin":1.53,"rms":0.75,"gap":87,"magType":"mb","type":"earthquake","title":"M 4.2 - 172 km ESE of Petropavlovsk-Kamchatsky, Russia"},"geometry":{"type":"Point","coordinates":[161.1195,52.7086,23.08]},"id":"us7000t2yv"},
{"type":"Feature","properties":{"mag":4.4,"place":"Bonin Islands, Japan region","time":1784385687706,"updated":1786642073040,"tz":null,"url":"https://earthquake.usgs.gov/earthquakes/eventpage/us7000t2yw","detail":"https://earthquake.usgs.gov/fdsnws/event/1/query?eventid=us7000t2yw&format=geojson","felt":null,"cdi":null,"mmi":null,"alert":null,"status":"reviewed","tsunami":0,"sig":298,"net":"us","code":"7000t2yw","ids":",us7000t2yw,","sources":",us,","types":",origin,phase-data,","nst":39,"dmin":1.258,"rms":0.57,"gap":110,"magType":"mb","type":"earthquake","title":"M 4.4 - Bonin Islands, Japan region"},"geometry":{"type":"Point","coordinates":[142.2799,28.3554,35.154]},"id":"us7000t2yw"},
{"type":"Feature","properties":{"mag":4.2,"place":"46 km SSW of Kirakira, Solomon Islands","time":1784383405933,"updated":1786640543040,"tz":null,"url":"https://earthquake.usgs.gov/earthquakes/eventpage/us7000t2yu","detail":"https://earthquake.usgs.gov/fdsnws/event/1/query?eventid=us7000t2yu&format=geojson","felt":null,"cdi":null,"mmi":null,"alert":null,"status":"reviewed","tsunami":0,"sig":271,"net":"us","code":"7000t2yu","ids":",us7000t2yu,","sources":",us,","types":",origin,phase-data,","nst":16,"dmin":2.311,"rms":0.55,"gap":136,"magType":"mb","type":"earthquake","title":"M 4.2 - 46 km SSW of Kirakira, Solomon Islands"},"geometry":{"type":"Point","coordinates":[161.8062,-10.8588,81.616]},"id":"us7000t2yu"},
{"type":"Feature","properties":{"mag":4.5,"place":"75 km SSE of Gorontalo, Indonesia","time":1784382329962,"updated":1786639315040,"tz":null,"url":"https://earthquake.usgs.gov/earthquakes/eventpage/us7000t2ys","detail":"https://earthquake.usgs.gov/fdsnws/event/1/query?eventid=us7000t2ys&format=geojson","felt":null,"cdi":null,"mmi":null,"alert":null,"status":"reviewed","tsunami":0,"sig":312,"net":"us","code":"7000t2ys","ids":",us7000t2ys,","sources":",us,","types":",origin,phase-data,","nst":47,"dmin":6.102,"rms":0.79,"gap":79,"magType":"mb","type":"earthquake","title":"M 4.5 - 75 km SSE of Gorontalo, Indonesia"},"geometry":{"type":"Point","coordinates":[123.3785,-0.0708,137.184]},"id":"us7000t2ys"},
{"type":"Feature","properties":{"mag":4.3,"place":"135 km SW of Puerto Madero, Mexico","time":1784381317700,"updated":1786634501040,"tz":null,"url":"https://earthquake.usgs.gov/earthquakes/eventpage/us7000t1m2","detail":"https://earthquake.usgs.gov/fdsnws/event/1/query?eventid=us7000t1m2&format=geojson","felt":null,"cdi":null,"mmi":null,"alert":null,"status":"reviewed","tsunami":0,"sig":284,"net":"us","code":"7000t1m2","ids":",us7000t1m2,","sources":",us,","types":",origin,phase-data,","nst":74,"dmin":2.583,"rms":0.85,"gap":183,"magType":"mb","type":"earthquake","title":"M 4.3 - 135 km SW of Puerto Madero, Mexico"},"geometry":{"type":"Point","coordinates":[-93.4454,14.0158,10]},"id":"us7000t1m2"},
{"type":"Feature","properties":{"mag":4.4,"place":"9 km N of Santo Domingo Chihuitán, Mexico","time":1784380472154,"updated":1786634334040,"tz":null,"url":"https://earthquake.usgs.gov/earthquakes/eventpage/us7000t1m0","detail":"https://earthquake.usgs.gov/fdsnws/event/1/query?eventid=us7000t1m0&format=geojson","felt":null,"cdi":null,"mmi":null,"alert":null,"status":"reviewed","tsunami":0,"sig":298,"net":"us","code":"7000t1m0","ids":",us7000t1m0,","sources":",us,","types":",origin,phase-data,","nst":66,"dmin":1.174,"rms":0.92,"gap":85,"magType":"mb","type":"earthquake","title":"M 4.4 - 9 km N of Santo Domingo Chihuitán, Mexico"},"geometry":{"type":"Point","coordinates":[-95.1745,16.6741,91.465]},"id":"us7000t1m0"},
{"type":"Feature","properties":{"mag":4.2,"place":"95 km SW of Puerto Madero, Mexico","time":1784378559920,"updated":1786516820040,"tz":null,"url":"https://earthquake.usgs.gov/earthquakes/eventpage/us7000t2yr","detail":"https://earthquake.usgs.gov/fdsnws/event/1/query?eventid=us7000t2yr&format=geojson","felt":null,"cdi":null,"mmi":null,"alert":null,"status":"reviewed","tsunami":0,"sig":271,"net":"us","code":"7000t2yr","ids":",us7000t2yr,","sources":",us,","types":",origin,phase-data,","nst":36,"dmin":2.264,"rms":0.94,"gap":195,"magType":"mb","type":"earthquake","title":"M 4.2 - 95 km SW of Puerto Madero, Mexico"},"geometry":{"type":"Point","coordinates":[-93.1547,14.2299,31.613]},"id":"us7000t2yr"},
{"type":"Feature","properties":{"mag":4.4,"place":"118 km SW of Puerto Madero, Mexico","time":1784378411301,"updated":1786517759040,"tz":null,"url":"https://earthquake.usgs.gov/earthquakes/eventpage/us7000t1lv","detail":"https://earthquake.usgs.gov/fdsnws/event/1/query?eventid=us7000t1lv&format=geojson","felt":null,"cdi":null,"mmi":null,"alert":null,"status":"reviewed","tsunami":0,"sig":298,"net":"us","code":"7000t1lv","ids":",us7000t1lv,","sources":",us,","types":",origin,phase-data,","nst":42,"dmin":2.561,"rms":1.15,"gap":188,"magType":"mb","type":"earthquake","title":"M 4.4 - 118 km SW of Puerto Madero, Mexico"},"geometry":{"type":"Point","coordinates":[-93.1139,13.8865,10]},"id":"us7000t1lv"},
{"type":"Feature","properties":{"mag":4.2,"place":"Kermadec Islands region","time":1784377343666,"updated":1785398392040,"tz":null,"url":"https://earthquake.usgs.gov/earthquakes/eventpage/us7000t2yp","detail":"https://earthquake.usgs.gov/fdsnws/event/1/query?eventid=us7000t2yp&format=geojson","felt":null,"cdi":null,"mmi":null,"alert":null,"status":"reviewed","tsunami":0,"sig":271,"net":"us","code":"7000t2yp","ids":",us7000t2yp,","sources":",us,","types":",origin,phase-data,","nst":21,"dmin":1.413,"rms":0.82,"gap":188,"magType":"mb","type":"earthquake","title":"M 4.2 - Kermadec Islands region"},"geometry":{"type":"Point","coordinates":[-178.2495,-27.855,250.604]},"id":"us7000t2yp"},
{"type":"Feature","properties":{"mag":4.4,"place":"2 km NNE of Uyuni, Bolivia","time":1784376134277,"updated":1786513991040,"tz":null,"url":"https://earthquake.usgs.gov/earthquakes/eventpage/us7000t1lq","detail":"https://earthquake.usgs.gov/fdsnws/event/1/query?eventid=us7000t1lq&format=geojson","felt":null,"cdi":null,"mmi":null,"alert":null,"status":"reviewed","tsunami":0,"sig":298,"net":"us","code":"7000t1lq","ids":",us7000t1lq,","sources":",us,","types":",origin,phase-data,","nst":20,"dmin":2.214,"rms":0.92,"gap":81,"magType":"mb","type":"earthquake","title":"M 4.4 - 2 km NNE of Uyuni, Bolivia"},"geometry":{"type":"Point","coordinates":[-66.8153,-20.4373,221.141]},"id":"us7000t1lq"},
{"type":"Feature","properties":{"mag":4.4,"place":"57 km SW of Ocós, Guatemala","time":1784374214467,"updated":1786518440040,"tz":null,"url":"https://earthquake.usgs.gov/earthquakes/eventpage/us7000t1lh","detail":"https://earthquake.usgs.gov/fdsnws/event/1/query?eventid=us7000t1lh&format=geojson","felt":null,"cdi":null,"mmi":null,"alert":null,"status":"reviewed","tsunami":0,"sig":298,"net":"us","code":"7000t1lh","ids":",us7000t1lh,","sources":",us,","types":",origin,phase-data,","nst":41,"dmin":2.688,"rms":0.8,"gap":195,"magType":"mb","type":"earthquake","title":"M 4.4 - 57 km SW of Ocós, Guatemala"},"geometry":{"type":"Point","coordinates":[-92.5409,14.1109,35]},"id":"us7000t1lh"},
{"type":"Feature","properties":{"mag":4.9,"place":"southern East Pacific Rise","time":1784373177346,"updated":1785328761040,"tz":null,"url":"https://earthquake.usgs.gov/earthquakes/eventpage/us7000t1ld","detail":"https://earthquake.usgs.gov/fdsnws/event/1/query?eventid=us7000t1ld&format=geojson","felt":null,"cdi":null,"mmi":null,"alert":null,"status":"reviewed","tsunami":0,"sig":369,"net":"us","code":"7000t1ld","ids":",us7000t1ld,","sources":",us,","types":",origin,phase-data,","nst":43,"dmin":41.377,"rms":0.84,"gap":100,"magType":"mb","type":"earthquake","title":"M 4.9 - southern East Pacific Rise"},"geometry":{"type":"Point","coordinates":[-116.2642,-24.3318,10]},"id":"us7000t1ld"},
{"type":"Feature","properties":{"mag":4.8,"place":"110 km ENE of Khorugh, Tajikistan","time":1784370979469,"updated":1785327624040,"tz":null,"url":"https://earthquake.usgs.gov/earthquakes/eventpage/us7000t1l8","detail":"https://earthquake.usgs.gov/fdsnws/event/1/query?eventid=us7000t1l8&format=geojson","felt":null,"cdi":null,"mmi":null,"alert":null,"status":"reviewed","tsunami":0,"sig":354,"net":"us","code":"7000t1l8","ids":",us7000t1l8,","sources":",us,","types":",origin,phase-data,","nst":70,"dmin":0.434,"rms":0.63,"gap":58,"magType":"mb","type":"earthquake","title":"M 4.8 - 110 km ENE of Khorugh, Tajikistan"},"geometry":{"type":"Point","coordinates":[72.687,37.9091,137.305]},"id":"us7000t1l8"},
{"type":"Feature","properties":{"mag":4,"place":"67 km SW of Puerto Madero, Mexico","time":1784369288168,"updated":1786517062040,"tz":null,"url":"https://earthquake.usgs.gov/earthquakes/eventpage/us7000t2yh","detail":"https://earthquake.usgs.gov/fdsnws/event/1/query?eventid=us7000t2yh&format=geojson","felt":null,"cdi":null,"mmi":null,"alert":null,"status":"reviewed","tsunami":0,"sig":246,"net":"us","code":"7000t2yh","ids":",us7000t2yh,","sources":",us,","types":",origin,phase-data,","nst":36,"dmin":2.991,"rms":0.93,"gap":176,"magType":"mb","type":"earthquake","title":"M 4.0 - 67 km SW of Puerto Madero, Mexico"},"geometry":{"type":"Point","coordinates":[-92.8399,14.2661,39.001]},"id":"us7000t2yh"},
{"type":"Feature","properties":{"mag":4,"place":"102 km SSE of Akhiok, Alaska","time":1784368854382,"updated":1785325505040,"tz":null,"url":"https://earthquake.usgs.gov/earthquakes/eventpage/aka2026ocmjtm","detail":"https://earthquake.usgs.gov/fdsnws/event/1/query?eventid=aka2026ocmjtm&format=geojson","felt":null,"cdi":null,"mmi":2.607,"alert":null,"status":"reviewed","tsunami":0,"sig":246,"net":"ak","code":"a2026ocmjtm","ids":",us7000t1l3,aka2026ocmjtm,","sources":",us,ak,","types":",origin,phase-data,shakemap,","nst":147,"dmin":1.1,"rms":0.6,"gap":175,"magType":"ml","type":"earthquake","title":"M 4.0 - 102 km SSE of Akhiok, Alaska"},"geometry":{"type":"Point","coordinates":[-153.294,56.159,23.9]},"id":"aka2026ocmjtm"},
{"type":"Feature","properties":{"mag":5.2,"place":"60 km SW of Puerto Madero, Mexico","time":1784368762835,"updated":1786518627040,"tz":null,"url":"https://earthquake.usgs.gov/earthquakes/eventpage/us7000t1l4","detail":"https://earthquake.usgs.gov/fdsnws/event/1/query?eventid=us7000t1l4&format=geojson","felt":null,"cdi":null,"mmi":null,"alert":null,"status":"reviewed","tsunami":0,"sig":416,"net":"us","code":"7000t1l4","ids":",usauto7000t1l4,us7000t1l4,","sources":",usauto,us,","types":",internal-moment-tensor,moment-tensor,origin,phase-data,","nst":39,"dmin":3.008,"rms":0.63,"gap":166,"magType":"mww","type":"earthquake","title":"M 5.2 - 60 km SW of Puerto Madero, Mexico"},"geometry":{"type":"Point","coordinates":[-92.8438,14.365,51.57]},"id":"us7000t1l4"},
{"type":"Feature","properties":{"mag":4.3,"place":"84 km SW of Brisas Barra de Suchiate, Mexico","time":1784368292037,"updated":1786518837040,"tz":null,"url":"https://earthquake.usgs.gov/earthquakes/eventpage/us7000t1l0","detail":"https://earthquake.usgs.gov/fdsnws/event/1/query?eventid=us7000t1l0&format=geojson","felt":null,"cdi":null,"mmi":null,"alert":null,"status":"reviewed","tsunami":0,"sig":284,"net":"us","code":"7000t1l0","ids":",us7000t1l0,","sources":",us,","types":",origin,phase-data,","nst":42,"dmin":2.385,"rms":0.89,"gap":191,"magType":"mb","type":"earthquake","title":"M 4.3 - 84 km SW of Brisas Barra de Suchiate, Mexico"},"geometry":{"type":"Point","coordinates":[-92.7282,13.9522,35]},"id":"us7000t1l0"},
{"type":"Feature","properties":{"mag":4.4,"place":"51 km WSW of Aquiles Serdán, Mexico","time":1784367262011,"updated":1786518903040,"tz":null,"url":"https://earthquake.usgs.gov/earthquakes/eventpage/us7000t1kx","detail":"https://earthquake.usgs.gov/fdsnws/event/1/query?eventid=us7000t1kx&format=geojson","felt":null,"cdi":null,"mmi":null,"alert":null,"status":"reviewed","tsunami":0,"sig":298,"net":"us","code":"7000t1kx","ids":",us7000t1kx,","sources":",us,","types":",origin,phase-data,","nst":36,"dmin":2.801,"rms":0.49,"gap":142,"magType":"mb","type":"earthquake","title":"M 4.4 - 51 km WSW of Aquiles Serdán, Mexico"},"geometry":{"type":"Point","coordinates":[-92.9544,14.7465,46.201]},"id":"us7000t1kx"},
{"type":"Feature","properties":{"mag":4.3,"place":"25 km N of Gázi, Greece","time":1784365449589,"updated":1785323951040,"tz":null,"url":"https://earthquake.usgs.gov/earthquakes/eventpage/us7000t1kn","detail":"https://earthquake.usgs.gov/fdsnws/event/1/query?eventid=us7000t1kn&format=geojson","felt":null,"cdi":null,"mmi":null,"alert":null,"status":"reviewed","tsunami":0,"sig":284,"net":"us","code":"7000t1kn","ids":",us7000t1kn,","sources":",us,","types":",origin,phase-data,","nst":39,"dmin":0.287,"rms":1.01,"gap":87,"magType":"mb","type":"earthquake","title":"M 4.3 - 25 km N of Gázi, Greece"},"geometry":{"type":"Point","coordinates":[25.029,35.5522,18.491]},"id":"us7000t1kn"},
{"type":"Feature","properties":{"mag":4.2,"place":"114 km SW of Puerto Madero, Mexico","time":1784364837223,"updated":1786463032040,"tz":null,"url":"https://earthquake.usgs.gov/earthquakes/eventpage/us7000t1km","detail":"https://earthquake.usgs.gov/fdsnws/event/1/query?eventid=us7000t1km&format=geojson","felt":null,"cdi":null,"mmi":null,"alert":null,"status":"reviewed","tsunami":0,"sig":271,"net":"us","code":"7000t1km","ids":",us7000t1km,","sources":",us,","types":",origin,phase-data,","nst":74,"dmin":3.34,"rms":0.88,"gap":192,"magType":"mb","type":"earthquake","title":"M 4.2 - 114 km SW of Puerto Madero, Mexico"},"geometry":{"type":"Point","coordinates":[-93.2175,14.034,10]},"id":"us7000t1km"},
{"type":"Feature","properties":{"mag":4.3,"place":"Kermadec Islands region","time":1784364062695,"updated":1786450680040,"tz":null,"url":"https://earthquake.usgs.gov/earthquakes/eventpage/us7000t2yd","detail":"https://earthquake.usgs.gov/fdsnws/event/1/query?eventid=us7000t2yd&format=geojson","felt":null,"cdi":null,"mmi":null,"alert":null,"status":"reviewed","tsunami":0,"sig":284,"net":"us","code":"7000t2yd","ids":",us7000t2yd,","sources":",us,","types":",origin,phase-data,","nst":19,"dmin":2.148,"rms":0.82,"gap":137,"magType":"mb","type":"earthquake","title":"M 4.3 - Kermadec Islands region"},"geometry":{"type":"Point","coordinates":[-176.6457,-27.4125,39.07]},"id":"us7000t2yd"},
{"type":"Feature","properties":{"mag":4.4,"place":"133 km NW of Mosquera, Colombia","time":1784364027331,"updated":1786462794040,"tz":null,"url":"https://earthquake.usgs.gov/earthquakes/eventpage/us7000t1kk","detail":"https://earthquake.usgs.gov/fdsnws/event/1/query?eventid=us7000t1kk&format=geojson","felt":null,"cdi":null,"mmi":null,"alert":null,"status":"reviewed","tsunami":0,"sig":298,"net":"us","code":"7000t1kk","ids":",us7000t1kk,","sources":",us,","types":",origin,phase-data,","nst":78,"dmin":2.085,"rms":0.74,"gap":140,"magType":"mb","type":"earthquake","title":"M 4.4 - 133 km NW of Mosquera, Colombia"},"geometry":{"type":"Point","coordinates":[-79.3295,3.3349,10]},"id":"us7000t1kk"},
{"type":"Feature","properties":{"mag":4.7,"place":"south of the Fiji Islands","time":1784363323763,"updated":1786462223040,"tz":null,"url":"https://earthquake.usgs.gov/earthquakes/eventpage/us7000t1kh","detail":"https://earthquake.usgs.gov/fdsnws/event/1/query?eventid=us7000t1kh&format=geojson","felt":null,"cdi":null,"mmi":null,"alert":null,"status":"reviewed","tsunami":0,"sig":340,"net":"us","code":"7000t1kh","ids":",us7000t1kh,","sources":",us,","types":",origin,phase-data,","nst":55,"dmin":5.81,"rms":0.76,"gap":80,"magType":"mb","type":"earthquake","title":"M 4.7 - south of the Fiji Islands"},"geometry":{"type":"Point","coordinates":[-179.767,-23.6508,531.483]},"id":"us7000t1kh"},
{"type":"Feature","properties":{"mag":4.9,"place":"198 km SW of Bandar Lampung, Indonesia","time":1784362902982,"updated":1786461909040,"tz":null,"url":"https://earthquake.usgs.gov/earthquakes/eventpage/us7000t1kf","detail":"https://earthquake.usgs.gov/fdsnws/event/1/query?eventid=us7000t1kf&format=geojson","felt":null,"cdi":null,"mmi":null,"alert":null,"status":"reviewed","tsunami":0,"sig":369,"net":"us","code":"7000t1kf","ids":",us7000t1kf,","sources":",us,","types":",origin,phase-data,","nst":58,"dmin":2.383,"rms":1.05,"gap":157,"magType":"mb","type":"earthquake","title":"M 4.9 - 198 km SW of Bandar Lampung, Indonesia"},"geometry":{"type":"Point","coordinates":[103.8765,-6.5748,25.451]},"id":"us7000t1kf"},
{"type":"Feature","properties":{"mag":4.2,"place":"118 km SW of Puerto Madero, Mexico","time":1784361310781,"updated":1786447533040,"tz":null,"url":"https://earthquake.usgs.gov/earthquakes/eventpage/us7000t2yb","detail":"https://earthquake.usgs.gov/fdsnws/event/1/query?eventid=us7000t2yb&format=geojson","felt":null,"cdi":null,"mmi":null,"alert":null,"status":"reviewed","tsunami":0,"sig":271,"net":"us","code":"7000t2yb","ids":",us7000t2yb,","sources":",us,","types":",origin,phase-data,","nst":37,"dmin":3.304,"rms":0.82,"gap":151,"magType":"mb","type":"earthquake","title":"M 4.2 - 118 km SW of Puerto Madero, Mexico"},"geometry":{"type":"Point","coordinates":[-93.1822,13.9436,10]},"id":"us7000t2yb"},
{"type":"Feature","properties":{"mag":4.2,"place":"64 km SW of Puerto Madero, Mexico","time":1784360779215,"updated":1786461743040,"tz":null,"url":"https://earthquake.usgs.gov/earthquakes/eventpage/us7000t1ke","detail":"https://earthquake.usgs.gov/fdsnws/event/1/query?eventid=us7000t1ke&format=geojson","felt":null,"cdi":null,"mmi":null,"alert":null,"status":"reviewed","tsunami":0,"sig":271,"net":"us","code":"7000t1ke","ids":",us7000t1ke,","sources":",us,","types":",origin,phase-data,","nst":49,"dmin":3.054,"rms":0.57,"gap":180,"magType":"mb","type":"earthquake","title":"M 4.2 - 64 km SW of Puerto Madero, Mexico"},"geometry":{"type":"Point","coordinates":[-92.8935,14.3593,35]},"id":"us7000t1ke"},
{"type":"Feature","properties":{"mag":4,"place":"129 km WSW of Puerto Madero, Mexico","time":1784359633032,"updated":1786442229040,"tz":null,"url":"https://earthquake.usgs.gov/earthquakes/eventpage/us7000t2y8","detail":"https://earthquake.usgs.gov/fdsnws/event/1/query?eventid=us7000t2y8&format=geojson","felt":null,"cdi":null,"mmi":null,"alert":null,"status":"reviewed","tsunami":0,"sig":246,"net":"us","code":"7000t2y8","ids":",us7000t2y8,","sources":",us,","types":",origin,phase-data,","nst":35,"dmin":2.382,"rms":0.71,"gap":156,"magType":"mb","type":"earthquake","title":"M 4.0 - 129 km WSW of Puerto Madero, Mexico"},"geometry":{"type":"Point","coordinates":[-93.5474,14.315,10]},"id":"us7000t2y8"},
{"type":"Feature","properties":{"mag":4.4,"place":"88 km SW of Puerto Madero, Mexico","time":1784359247496,"updated":1786461352040,"tz":null,"url":"https://earthquake.usgs.gov/earthquakes/eventpage/us7000t1k4","detail":"https://earthquake.usgs.gov/fdsnws/event/1/query?eventid=us7000t1k4&format=geojson","felt":null,"cdi":null,"mmi":null,"alert":null,"status":"reviewed","tsunami":0,"sig":298,"net":"us","code":"7000t1k4","ids":",us7000t1k4,","sources":",us,","types":",origin,phase-data,","nst":76,"dmin":3.178,"rms":0.96,"gap":175,"magType":"mb","type":"earthquake","title":"M 4.4 - 88 km SW of Puerto Madero, Mexico"},"geometry":{"type":"Point","coordinates":[-93.0399,14.2016,35]},"id":"us7000t1k4"},
{"type":"Feature","properties":{"mag":4.3,"place":"104 km SSE of Akhiok, Alaska","time":1784359242361,"updated":1786461146040,"tz":null,"url":"https://earthquake.usgs.gov/earthquakes/eventpage/aka2026ochauu","detail":"https://earthquake.usgs.gov/fdsnws/event/1/query?eventid=aka2026ochauu&format=geojson","felt":null,"cdi":null,"mmi":2.888,"alert":null,"status":"reviewed","tsunami":0,"sig":284,"net":"ak","code":"a2026ochauu","ids":",us7000t1k3,aka2026ochauu,","sources":",us,ak,","types":",origin,phase-data,shakemap,","nst":178,"dmin":0.6,"rms":0.6,"gap":176,"magType":"ml","type":"earthquake","title":"M 4.3 - 104 km SSE of Akhiok, Alaska"},"geometry":{"type":"Point","coordinates":[-153.339,56.124,37.1]},"id":"aka2026ochauu"},
{"type":"Feature","properties":{"mag":5.3,"place":"93 km WSW of Puerto Madero, Mexico","time":1784357510393,"updated":1786460974040,"tz":null,"url":"https://earthquake.usgs.gov/earthquakes/eventpage/us7000t1jy","detail":"https://earthquake.usgs.gov/fdsnws/event/1/query?eventid=us7000t1jy&format=geojson","felt":null,"cdi":null,"mmi":null,"alert":null,"status":"reviewed","tsunami":0,"sig":432,"net":"us","code":"7000t1jy","ids":",usauto7000t1jy,us7000t1jy,","sources":",usauto,us,","types":",internal-moment-tensor,moment-tensor,origin,phase-data,","nst":126,"dmin":2.16,"rms":0.79,"gap":90,"magType":"mww","type":"earthquake","title":"M 5.3 - 93 km WSW of Puerto Madero, Mexico"},"geometry":{"type":"Point","coordinates":[-93.2114,14.3758,35]},"id":"us7000t1jy"},
{"type":"Feature","properties":{"mag":4.6,"place":"central Mid-Atlantic Ridge","time":1784355968823,"updated":1786460633040,"tz":null,"url":"https://earthquake.usgs.gov/earthquakes/eventpage/us7000t1jw","detail":"https://earthquake.usgs.gov/fdsnws/event/1/query?eventid=us7000t1jw&format=geojson","felt":null,"cdi":null,"mmi":null,"alert":null,"status":"reviewed","tsunami":0,"sig":326,"net":"us","code":"7000t1jw","ids":",us7000t1jw,","sources":",us,","types":",origin,phase-data,","nst":41,"dmin":9.864,"rms":0.74,"gap":52,"magType":"mb","type":"earthquake","title":"M 4.6 - central Mid-Atlantic Ridge"},"geometry":{"type":"Point","coordinates":[-21.5115,-0.8303,10]},"id":"us7000t1jw"},
{"type":"Feature","properties":{"mag":4.3,"place":"125 km SW of Puerto Madero, Mexico","time":1784355279918,"updated":1786440564040,"tz":null,"url":"https://earthquake.usgs.gov/earthquakes/eventpage/us7000t2y6","detail":"https://earthquake.usgs.gov/fdsnws/event/1/query?eventid=us7000t2y6&format=geojson","felt":null,"cdi":null,"mmi":null,"alert":null,"status":"reviewed","tsunami":0,"sig":284,"net":"us","code":"7000t2y6","ids":",us7000t2y6,","sources":",us,","types":",origin,phase-data,","nst":63,"dmin":2.541,"rms":1.16,"gap":164,"magType":"mb","type":"earthquake","title":"M 4.3 - 125 km SW of Puerto Madero, Mexico"},"geometry":{"type":"Point","coordinates":[-93.3101,13.9943,10]},"id":"us7000t2y6"},
{"type":"Feature","properties":{"mag":4.6,"place":"79 km SW of Puerto Madero, Mexico","time":1784355018356,"updated":1786460464040,"tz":null,"url":"https://earthquake.usgs.gov/earthquakes/eventpage/us7000t1jt","detail":"https://earthquake.usgs.gov/fdsnws/event/1/query?eventid=us7000t1jt&format=geojson","felt":null,"cdi":null,"mmi":null,"alert":null,"status":"reviewed","tsunami":0,"sig":326,"net":"us","code":"7000t1jt","ids":",us7000t1jt,","sources":",us,","types":",origin,phase-data,","nst":91,"dmin":3.063,"rms":0.79,"gap":145,"magType":"mb","type":"earthquake","title":"M 4.6 - 79 km SW of Puerto Madero, Mexico"},"geometry":{"type":"Point","coordinates":[-92.9224,14.193,35]},"id":"us7000t1jt"},
{"type":"Feature","properties":{"mag":4.7,"place":"115 km SW of Kashgar, China","time":1784353642735,"updated":1786460135040,"tz":null,"url":"https://earthquake.usgs.gov/earthquakes/eventpage/us7000t1jq","detail":"https://earthquake.usgs.gov/fdsnws/event/1/query?eventid=us7000t1jq&format=geojson","felt":null,"cdi":null,"mmi":null,"alert":null,"status":"reviewed","tsunami":0,"sig":340,"net":"us","code":"7000t1jq","ids":",us7000t1jq,","sources":",us,","types":",origin,phase-data,","nst":97,"dmin":2.127,"rms":0.8,"gap":85,"magType":"mb","type":"earthquake","title":"M 4.7 - 115 km SW of Kashgar, China"},"geometry":{"type":"Point","coordinates":[75.1603,38.6544,10]},"id":"us7000t1jq"},
{"type":"Feature","properties":{"mag":5.1,"place":"south of the Kermadec Islands","time":1784353607435,"updated":1786460014040,"tz":null,"url":"https://earthquake.usgs.gov/earthquakes/eventpage/us7000t1jp","detail":"https://earthquake.usgs.gov/fdsnws/event/1/query?eventid=us7000t1jp&format=geojson","felt":null,"cdi":null,"mmi":null,"alert":null,"status":"reviewed","tsunami":0,"sig":400,"net":"us","code":"7000t1jp","ids":",usauto7000t1jp,us7000t1jp,","sources":",usauto,us,","types":",internal-moment-tensor,origin,phase-data,","nst":90,"dmin":3.524,"rms":0.79,"gap":28,"magType":"mww","type":"earthquake","title":"M 5.1 - south of the Kermadec Islands"},"geometry":{"type":"Point","coordinates":[-178.1609,-32.7746,10]},"id":"us7000t1jp"},
{"type":"Feature","properties":{"mag":4.2,"place":"84 km WSW of Puerto Madero, Mexico","time":1784352388574,"updated":1786459612040,"tz":null,"url":"https://earthquake.usgs.gov/earthquakes/eventpage/us7000t1jn","detail":"https://earthquake.usgs.gov/fdsnws/event/1/query?eventid=us7000t1jn&format=geojson","felt":null,"cdi":null,"mmi":null,"alert":null,"status":"reviewed","tsunami":0,"sig":271,"net":"us","code":"7000t1jn","ids":",us7000t1jn,","sources":",us,","types":",origin,phase-data,","nst":66,"dmin":3.302,"rms":0.72,"gap":160,"magType":"mb","type":"earthquake","title":"M 4.2 - 84 km WSW of Puerto Madero, Mexico"},"geometry":{"type":"Point","coordinates":[-93.1437,14.4149,35]},"id":"us7000t1jn"},
{"type":"Feature","properties":{"mag":4,"place":"1 km SSW of Polkowice, Poland","time":1784351822095,"updated":1786459363040,"tz":null,"url":"https://earthquake.usgs.gov/earthquakes/eventpage/us7000t1jl","detail":"https://earthquake.usgs.gov/fdsnws/event/1/query?eventid=us7000t1jl&format=geojson","felt":null,"cdi":null,"mmi":null,"alert":null,"status":"reviewed","tsunami":0,"sig":246,"net":"us","code":"7000t1jl","ids":",us7000t1jl,","sources":",us,","types":",origin,phase-data,","nst":27,"dmin":1.157,"rms":0.7,"gap":66,"magType":"mb","type":"earthquake","title":"M 4.0 - 1 km SSW of Polkowice, Poland"},"geometry":{"type":"Point","coordinates":[16.0696,51.4946,10]},"id":"us7000t1jl"},
{"type":"Feature","properties":{"mag":4.2,"place":"115 km SW of Puerto Madero, Mexico","time":1784349630141,"updated":1786152364040,"tz":null,"url":"https://earthquake.usgs.gov/earthquakes/eventpage/us7000t1jf","detail":"https://earthquake.usgs.gov/fdsnws/event/1/query?eventid=us7000t1jf&format=geojson","felt":null,"cdi":null,"mmi":null,"alert":null,"status":"reviewed","tsunami":0,"sig":271,"net":"us","code":"7000t1jf","ids":",us7000t1jf,","sources":",us,","types":",origin,phase-data,","nst":35,"dmin":2.516,"rms":0.69,"gap":187,"magType":"mb","type":"earthquake","title":"M 4.2 - 115 km SW of Puerto Madero, Mexico"},"geometry":{"type":"Point","coordinates":[-93.1323,13.9427,10]},"id":"us7000t1jf"},
{"type":"Feature","properties":{"mag":4.9,"place":"57 km WSW of Puerto Madero, Mexico","time":1784348931824,"updated":1786154475040,"tz":null,"url":"https://earthquake.usgs.gov/earthquakes/eventpage/us7000t1jb","detail":"https://earthquake.usgs.gov/fdsnws/event/1/query?eventid=us7000t1jb&format=geojson","felt":null,"cdi":null,"mmi":null,"alert":null,"status":"reviewed","tsunami":0,"sig":369,"net":"us","code":"7000t1jb","ids":",us7000t1jb,","sources":",us,","types":",origin,phase-data,","nst":58,"dmin":3.067,"rms":1.27,"gap":163,"magType":"mb","type":"earthquake","title":"M 4.9 - 57 km WSW of Puerto Madero, Mexico"},"geometry":{"type":"Point","coordinates":[-92.8884,14.4694,35]},"id":"us7000t1jb"},
{"type":"Feature","properties":{"mag":4,"place":"103 km WSW of Puerto Madero, Mexico","time":1784348909359,"updated":1785988116040,"tz":null,"url":"https://earthquake.usgs.gov/earthquakes/eventpage/us7000t2zl","detail":"https://earthquake.usgs.gov/fdsnws/event/1/query?eventid=us7000t2zl&format=geojson","felt":null,"cdi":null,"mmi":null,"alert":null,"status":"reviewed","tsunami":0,"sig":246,"net":"us","code":"7000t2zl","ids":",us7000t2zl,","sources":",us,","types":",origin,phase-data,","nst":28,"dmin":3.36,"rms":0.99,"gap":195,"magType":"mb","type":"earthquake","title":"M 4.0 - 103 km WSW of Puerto Madero, Mexico"},"geometry":{"type":"Point","coordinates":[-93.2282,14.209,10]},"id":"us7000t2zl"},
{"type":"Feature","properties":{"mag":4.8,"place":"Ascension Island region","time":1784347632584,"updated":1786141444040,"tz":null,"url":"https://earthquake.usgs.gov/earthquakes/eventpage/us7000t1j4","detail":"https://earthquake.usgs.gov/fdsnws/event/1/query?eventid=us7000t1j4&format=geojson","felt":null,"cdi":null,"mmi":null,"alert":null,"status":"reviewed","tsunami":0,"sig":354,"net":"us","code":"7000t1j4","ids":",us7000t1j4,","sources":",us,","types":",origin,phase-data,","nst":37,"dmin":3.714,"rms":0.83,"gap":60,"magType":"mb","type":"earthquake","title":"M 4.8 - Ascension Island region"},"geometry":{"type":"Point","coordinates":[-13.6664,-11.6064,10]},"id":"us7000t1j4"},
{"type":"Feature","properties":{"mag":4.5,"place":"121 km SE of Modisi, Indonesia","time":1784345286008,"updated":1785985939040,"tz":null,"url":"https://earthquake.usgs.gov/earthquakes/eventpage/us7000t2y2","detail":"https://earthquake.usgs.gov/fdsnws/event/1/query?eventid=us7000t2y2&format=geojson","felt":null,"cdi":null,"mmi":null,"alert":null,"status":"reviewed","tsunami":0,"sig":312,"net":"us","code":"7000t2y2","ids":",us7000t2y2,","sources":",us,","types":",origin,phase-data,","nst":27,"dmin":6.278,"rms":1,"gap":102,"magType":"mb","type":"earthquake","title":"M 4.5 - 121 km SE of Modisi, Indonesia"},"geometry":{"type":"Point","coordinates":[125.1744,-0.3602,49.006]},"id":"us7000t2y2"},
{"type":"Feature","properties":{"mag":5,"place":"17 km SE of Yeşilyurt, Turkey","time":1784344860414,"updated":1786491876005,"tz":null,"url":"https://earthquake.usgs.gov/earthquakes/eventpage/us7000t1j0","detail":"https://earthquake.usgs.gov/fdsnws/event/1/query?eventid=us7000t1j0&format=geojson","felt":1,"cdi":2,"mmi":null,"alert":null,"status":"reviewed","tsunami":0,"sig":385,"net":"us","code":"7000t1j0","ids":",us7000t1j0,usauto7000t1j0,","sources":",us,usauto,","types":",dyfi,impact-text,internal-moment-tensor,origin,phase-data,","nst":78,"dmin":0.733,"rms":0.9,"gap":66,"magType":"mww","type":"earthquake","title":"M 5.0 - 17 km SE of Yeşilyurt, Turkey"},"geometry":{"type":"Point","coordinates":[38.4035,38.1975,10]},"id":"us7000t1j0"},
{"type":"Feature","properties":{"mag":4.5,"place":"Bouvet Island region","time":1784344796174,"updated":1785986498040,"tz":null,"url":"https://earthquake.usgs.gov/earthquakes/eventpage/us7000t2y3","detail":"https://earthquake.usgs.gov/fdsnws/event/1/query?eventid=us7000t2y3&format=geojson","felt":null,"cdi":null,"mmi":null,"alert":null,"status":"reviewed","tsunami":0,"sig":312,"net":"us","code":"7000t2y3","ids":",us7000t2y3,","sources":",us,","types":",origin,phase-data,","nst":19,"dmin":30.21,"rms":0.77,"gap":86,"magType":"mb","type":"earthquake","title":"M 4.5 - Bouvet Island region"},"geometry":{"type":"Point","coordinates":[3.0256,-54.1287,10]},"id":"us7000t2y3"},
{"type":"Feature","properties":{"mag":4.2,"place":"47 km NNE of Paucarbamba, Peru","time":1784342544547,"updated":1785985635040,"tz":null,"url":"https://earthquake.usgs.gov/earthquakes/eventpage/us7000t2y1","detail":"https://earthquake.usgs.gov/fdsnws/event/1/query?eventid=us7000t2y1&format=geojson","felt":null,"cdi":null,"mmi":null,"alert":null,"status":"reviewed","tsunami":0,"sig":271,"net":"us","code":"7000t2y1","ids":",us7000t2y1,","sources":",us,","types":",origin,phase-data,","nst":15,"dmin":2.473,"rms":0.74,"gap":94,"magType":"mb","type":"earthquake","title":"M 4.2 - 47 km NNE of Paucarbamba, Peru"},"geometry":{"type":"Point","coordinates":[-74.3207,-12.1757,93.884]},"id":"us7000t2y1"},
{"type":"Feature","properties":{"mag":4.3,"place":"130 km E of Miyako, Japan","time":1784341963563,"updated":1785985054040,"tz":null,"url":"https://earthquake.usgs.gov/earthquakes/eventpage/us7000t2xy","detail":"https://earthquake.usgs.gov/fdsnws/event/1/query?eventid=us7000t2xy&format=geojson","felt":null,"cdi":null,"mmi":null,"alert":null,"status":"reviewed","tsunami":0,"sig":284,"net":"us","code":"7000t2xy","ids":",us7000t2xy,","sources":",us,","types":",origin,phase-data,","nst":21,"dmin":2.128,"rms":0.82,"gap":192,"magType":"mb","type":"earthquake","title":"M 4.3 - 130 km E of Miyako, Japan"},"geometry":{"type":"Point","coordinates":[143.4642,39.7129,10]},"id":"us7000t2xy"},
{"type":"Feature","properties":{"mag":4.4,"place":"64 km SW of Puerto Madero, Mexico","time":1784341776660,"updated":1786153634040,"tz":null,"url":"https://earthquake.usgs.gov/earthquakes/eventpage/us7000t1iu","detail":"https://earthquake.usgs.gov/fdsnws/event/1/query?eventid=us7000t1iu&format=geojson","felt":null,"cdi":null,"mmi":null,"alert":null,"status":"reviewed","tsunami":0,"sig":298,"net":"us","code":"7000t1iu","ids":",us7000t1iu,","sources":",us,","types":",origin,phase-data,","nst":44,"dmin":2.998,"rms":0.96,"gap":191,"magType":"mb","type":"earthquake","title":"M 4.4 - 64 km SW of Puerto Madero, Mexico"},"geometry":{"type":"Point","coordinates":[-92.8425,14.3051,35]},"id":"us7000t1iu"},
{"type":"Feature","properties":{"mag":5.3,"place":"119 km SW of Sarangani, Philippines","time":1784341420127,"updated":1786058487400,"tz":null,"url":"https://earthquake.usgs.gov/earthquakes/eventpage/us7000t1it","detail":"https://earthquake.usgs.gov/fdsnws/event/1/query?eventid=us7000t1it&format=geojson","felt":3,"cdi":2.5,"mmi":null,"alert":null,"status":"reviewed","tsunami":0,"sig":433,"net":"us","code":"7000t1it","ids":",us7000t1it,usauto7000t1it,","sources":",us,usauto,","types":",dyfi,internal-moment-tensor,moment-tensor,origin,phase-data,","nst":69,"dmin":2.646,"rms":1.18,"gap":99,"magType":"mww","type":"earthquake","title":"M 5.3 - 119 km SW of Sarangani, Philippines"},"geometry":{"type":"Point","coordinates":[124.8574,4.5057,10]},"id":"us7000t1it"},
{"type":"Feature","properties":{"mag":4.2,"place":"144 km SW of Puerto Madero, Mexico","time":1784340493109,"updated":1786063676040,"tz":null,"url":"https://earthquake.usgs.gov/earthquakes/eventpage/us7000t2xx","detail":"https://earthquake.usgs.gov/fdsnws/event/1/query?eventid=us7000t2xx&format=geojson","felt":null,"cdi":null,"mmi":null,"alert":null,"status":"reviewed","tsunami":0,"sig":271,"net":"us","code":"7000t2xx","ids":",us7000t2xx,","sources":",us,","types":",origin,phase-data,","nst":23,"dmin":3.254,"rms":0.79,"gap":207,"magType":"mb","type":"earthquake","title":"M 4.2 - 144 km SW of Puerto Madero, Mexico"},"geometry":{"type":"Point","coordinates":[-93.4005,13.826,10]},"id":"us7000t2xx"},
{"type":"Feature","properties":{"mag":5.1,"place":"95 km WSW of Puerto Madero, Mexico","time":1784339341691,"updated":1786057661040,"tz":null,"url":"https://earthquake.usgs.gov/earthquakes/eventpage/us7000t1im","detail":"https://earthquake.usgs.gov/fdsnws/event/1/query?eventid=us7000t1im&format=geojson","felt":null,"cdi":null,"mmi":null,"alert":null,"status":"reviewed","tsunami":0,"sig":400,"net":"us","code":"7000t1im","ids":",usauto7000t1im,us7000t1im,","sources":",usauto,us,","types":",internal-moment-tensor,moment-tensor,origin,phase-data,","nst":65,"dmin":3.369,"rms":0.9,"gap":92,"magType":"mww","type":"earthquake","title":"M 5.1 - 95 km WSW of Puerto Madero, Mexico"},"geometry":{"type":"Point","coordinates":[-93.2219,14.3509,10]},"id":"us7000t1im"},
{"type":"Feature","properties":{"mag":4.6,"place":"Maug Islands region, Northern Mariana Islands","time":1784338249007,"updated":1785969818040,"tz":null,"url":"https://earthquake.usgs.gov/earthquakes/eventpage/us7000t2xt","detail":"https://earthquake.usgs.gov/fdsnws/event/1/query?eventid=us7000t2xt&format=geojson","felt":null,"cdi":null,"mmi":null,"alert":null,"status":"reviewed","tsunami":0,"sig":326,"net":"us","code":"7000t2xt","ids":",us7000t2xt,","sources":",us,","types":",origin,phase-data,","nst":41,"dmin":4.932,"rms":0.79,"gap":101,"magType":"mb","type":"earthquake","title":"M 4.6 - Maug Islands region, Northern Mariana Islands"},"geometry":{"type":"Point","coordinates":[145.4501,20.1823,10]},"id":"us7000t2xt"},
{"type":"Feature","properties":{"mag":4.1,"place":"83 km SW of Puerto Madero, Mexico","time":1784337066861,"updated":1786153339040,"tz":null,"url":"https://earthquake.usgs.gov/earthquakes/eventpage/us7000t1ii","detail":"https://earthquake.usgs.gov/fdsnws/event/1/query?eventid=us7000t1ii&format=geojson","felt":null,"cdi":null,"mmi":null,"alert":null,"status":"reviewed","tsunami":0,"sig":259,"net":"us","code":"7000t1ii","ids":",us7000t1ii,","sources":",us,","types":",origin,phase-data,","nst":26,"dmin":2.206,"rms":0.83,"gap":189,"magType":"mb","type":"earthquake","title":"M 4.1 - 83 km SW of Puerto Madero, Mexico"},"geometry":{"type":"Point","coordinates":[-93.013,14.2323,35]},"id":"us7000t1ii"},
{"type":"Feature","properties":{"mag":4.5,"place":"138 km WNW of Pariaman, Indonesia","time":1784335806460,"updated":1785819771040,"tz":null,"url":"https://earthquake.usgs.gov/earthquakes/eventpage/us7000t1ig","detail":"https://earthquake.usgs.gov/fdsnws/event/1/query?eventid=us7000t1ig&format=geojson","felt":null,"cdi":null,"mmi":null,"alert":null,"status":"reviewed","tsunami":0,"sig":312,"net":"us","code":"7000t1ig","ids":",us7000t1ig,","sources":",us,","types":",origin,phase-data,","nst":42,"dmin":2.1,"rms":0.97,"gap":104,"magType":"mb","type":"earthquake","title":"M 4.5 - 138 km WNW of Pariaman, Indonesia"},"geometry":{"type":"Point","coordinates":[98.9133,-0.3257,57.797]},"id":"us7000t1ig"},
{"type":"Feature","properties":{"mag":4.2,"place":"Maug Islands region, Northern Mariana Islands","time":1784335018546,"updated":1785557490040,"tz":null,"url":"https://earthquake.usgs.gov/earthquakes/eventpage/us7000t2xr","detail":"https://earthquake.usgs.gov/fdsnws/event/1/query?eventid=us7000t2xr&format=geojson","felt":null,"cdi":null,"mmi":null,"alert":null,"status":"reviewed","tsunami":0,"sig":271,"net":"us","code":"7000t2xr","ids":",us7000t2xr,","sources":",us,","types":",origin,phase-data,","nst":24,"dmin":3.779,"rms":0.66,"gap":151,"magType":"mb","type":"earthquake","title":"M 4.2 - Maug Islands region, Northern Mariana Islands"},"geometry":{"type":"Point","coordinates":[145.6545,19.032,132.337]},"id":"us7000t2xr"},
{"type":"Feature","properties":{"mag":4.6,"place":"81 km WSW of Puerto Madero, Mexico","time":1784334064873,"updated":1786247479040,"tz":null,"url":"https://earthquake.usgs.gov/earthquakes/eventpage/us7000t1ie","detail":"https://earthquake.usgs.gov/fdsnws/event/1/query?eventid=us7000t1ie&format=geojson","felt":null,"cdi":null,"mmi":null,"alert":null,"status":"reviewed","tsunami":0,"sig":326,"net":"us","code":"7000t1ie","ids":",us7000t1ie,","sources":",us,","types":",origin,phase-data,","nst":54,"dmin":3.038,"rms":0.87,"gap":144,"magType":"mb","type":"earthquake","title":"M 4.6 - 81 km WSW of Puerto Madero, Mexico"},"geometry":{"type":"Point","coordinates":[-93.1122,14.4309,10]},"id":"us7000t1ie"},
{"type":"Feature","properties":{"mag":4.6,"place":"92 km SW of Puerto Madero, Mexico","time":1784332077486,"updated":1786245627040,"tz":null,"url":"https://earthquake.usgs.gov/earthquakes/eventpage/us7000t1i9","detail":"https://earthquake.usgs.gov/fdsnws/event/1/query?eventid=us7000t1i9&format=geojson","felt":null,"cdi":null,"mmi":null,"alert":null,"status":"reviewed","tsunami":0,"sig":326,"net":"us","code":"7000t1i9","ids":",us7000t1i9,","sources":",us,","types":",origin,phase-data,","nst":61,"dmin":2.305,"rms":0.98,"gap":166,"magType":"mb","type":"earthquake","title":"M 4.6 - 92 km SW of Puerto Madero, Mexico"},"geometry":{"type":"Point","coordinates":[-93.0318,14.1328,10]},"id":"us7000t1i9"},
{"type":"Feature","properties":{"mag":4.7,"place":"88 km SW of Puerto Madero, Mexico","time":1784331309837,"updated":1786243607040,"tz":null,"url":"https://earthquake.usgs.gov/earthquakes/eventpage/us7000t1i4","detail":"https://earthquake.usgs.gov/fdsnws/event/1/query?eventid=us7000t1i4&format=geojson","felt":null,"cdi":null,"mmi":null,"alert":null,"status":"reviewed","tsunami":0,"sig":340,"net":"us","code":"7000t1i4","ids":",us7000t1i4,","sources":",us,","types":",origin,phase-data,","nst":72,"dmin":3.171,"rms":1.07,"gap":159,"magType":"mb","type":"earthquake","title":"M 4.7 - 88 km SW of Puerto Madero, Mexico"},"geometry":{"type":"Point","coordinates":[-93.0339,14.1921,35]},"id":"us7000t1i4"},
{"type":"Feature","properties":{"mag":4.1,"place":"120 km WSW of Puerto Madero, Mexico","time":1784329960245,"updated":1786137375040,"tz":null,"url":"https://earthquake.usgs.gov/earthquakes/eventpage/us7000t2ry","detail":"https://earthquake.usgs.gov/fdsnws/event/1/query?eventid=us7000t2ry&format=geojson","felt":null,"cdi":null,"mmi":null,"alert":null,"status":"reviewed","tsunami":0,"sig":259,"net":"us","code":"7000t2ry","ids":",us7000t2ry,","sources":",us,","types":",origin,phase-data,","nst":45,"dmin":3.248,"rms":1.29,"gap":156,"magType":"mb","type":"earthquake","title":"M 4.1 - 120 km WSW of Puerto Madero, Mexico"},"geometry":{"type":"Point","coordinates":[-93.3667,14.1398,10]},"id":"us7000t2ry"},
{"type":"Feature","properties":{"mag":4.1,"place":"65 km SW of Puerto Madero, Mexico","time":1784329546904,"updated":1786137723040,"tz":null,"url":"https://earthquake.usgs.gov/earthquakes/eventpage/us7000t2s0","detail":"https://earthquake.usgs.gov/fdsnws/event/1/query?eventid=us7000t2s0&format=geojson","felt":null,"cdi":null,"mmi":null,"alert":null,"status":"reviewed","tsunami":0,"sig":259,"net":"us","code":"7000t2s0","ids":",us7000t2s0,","sources":",us,","types":",origin,phase-data,","nst":23,"dmin":3.043,"rms":0.93,"gap":214,"magType":"mb","type":"earthquake","title":"M 4.1 - 65 km SW of Puerto Madero, Mexico"},"geometry":{"type":"Point","coordinates":[-92.8842,14.3401,35]},"id":"us7000t2s0"},
{"type":"Feature","properties":{"mag":4.2,"place":"42 km SSW of Puerto Madero, Mexico","time":1784329195742,"updated":1786137923040,"tz":null,"url":"https://earthquake.usgs.gov/earthquakes/eventpage/us7000t2rw","detail":"https://earthquake.usgs.gov/fdsnws/event/1/query?eventid=us7000t2rw&format=geojson","felt":null,"cdi":null,"mmi":null,"alert":null,"status":"reviewed","tsunami":0,"sig":271,"net":"us","code":"7000t2rw","ids":",us7000t2rw,","sources":",us,","types":",origin,phase-data,","nst":27,"dmin":2.785,"rms":0.59,"gap":209,"magType":"mb","type":"earthquake","title":"M 4.2 - 42 km SSW of Puerto Madero, Mexico"},"geometry":{"type":"Point","coordinates":[-92.6075,14.3852,35]},"id":"us7000t2rw"},
{"type":"Feature","properties":{"mag":4.5,"place":"115 km ESE of Ollagüe, Chile","time":1784329151433,"updated":1785821070040,"tz":null,"url":"https://earthquake.usgs.gov/earthquakes/eventpage/us7000t1hp","detail":"https://earthquake.usgs.gov/fdsnws/event/1/query?eventid=us7000t1hp&format=geojson","felt":null,"cdi":null,"mmi":null,"alert":null,"status":"reviewed","tsunami":0,"sig":312,"net":"us","code":"7000t1hp","ids":",us7000t1hp,","sources":",us,","types":",origin,phase-data,","nst":25,"dmin":1.452,"rms":0.59,"gap":93,"magType":"mb","type":"earthquake","title":"M 4.5 - 115 km ESE of Ollagüe, Chile"},"geometry":{"type":"Point","coordinates":[-67.2917,-21.7486,200.042]},"id":"us7000t1hp"},
{"type":"Feature","properties":{"mag":4.2,"place":"83 km WSW of Puerto Madero, Mexico","time":1784328868694,"updated":1786138286040,"tz":null,"url":"https://earthquake.usgs.gov/earthquakes/eventpage/us7000t2rv","detail":"https://earthquake.usgs.gov/fdsnws/event/1/query?eventid=us7000t2rv&format=geojson","felt":null,"cdi":null,"mmi":null,"alert":null,"status":"reviewed","tsunami":0,"sig":271,"net":"us","code":"7000t2rv","ids":",us7000t2rv,","sources":",us,","types":",origin,phase-data,","nst":34,"dmin":2.062,"rms":1.4,"gap":212,"magType":"mb","type":"earthquake","title":"M 4.2 - 83 km WSW of Puerto Madero, Mexico"},"geometry":{"type":"Point","coordinates":[-93.146,14.4536,35]},"id":"us7000t2rv"},
{"type":"Feature","properties":{"mag":4.3,"place":"116 km SW of Puerto Madero, Mexico","time":1784328701836,"updated":1786230325040,"tz":null,"url":"https://earthquake.usgs.gov/earthquakes/eventpage/us7000t1hk","detail":"https://earthquake.usgs.gov/fdsnws/event/1/query?eventid=us7000t1hk&format=geojson","felt":null,"cdi":null,"mmi":null,"alert":null,"status":"reviewed","tsunami":0,"sig":284,"net":"us","code":"7000t1hk","ids":",us7000t1hk,","sources":",us,","types":",origin,phase-data,","nst":72,"dmin":2.488,"rms":1.28,"gap":164,"magType":"mb","type":"earthquake","title":"M 4.3 - 116 km SW of Puerto Madero, Mexico"},"geometry":{"type":"Point","coordinates":[-93.2109,14.0065,10]},"id":"us7000t1hk"},
{"type":"Feature","properties":{"mag":4.5,"place":"57 km W of San Antonio de los Cobres, Argentina","time":1784327727907,"updated":1786164604040,"tz":null,"url":"https://earthquake.usgs.gov/earthquakes/eventpage/us7000t1hg","detail":"https://earthquake.usgs.gov/fdsnws/event/1/query?eventid=us7000t1hg&format=geojson","felt":null,"cdi":null,"mmi":null,"alert":null,"status":"reviewed","tsunami":0,"sig":312,"net":"us","code":"7000t1hg","ids":",us7000t1hg,","sources":",us,","types":",origin,phase-data,","nst":23,"dmin":1.697,"rms":0.96,"gap":78,"magType":"mb","type":"earthquake","title":"M 4.5 - 57 km W of San Antonio de los Cobres, Argentina"},"geometry":{"type":"Point","coordinates":[-66.8773,-24.1633,191.452]},"id":"us7000t1hg"},
{"type":"Feature","properties":{"mag":4.1,"place":"46 km WSW of Puerto Madero, Mexico","time":1784327540966,"updated":1786138809040,"tz":null,"url":"https://earthquake.usgs.gov/earthquakes/eventpage/us7000t2ru","detail":"https://earthquake.usgs.gov/fdsnws/event/1/query?eventid=us7000t2ru&format=geojson","felt":null,"cdi":null,"mmi":null,"alert":null,"status":"reviewed","tsunami":0,"sig":259,"net":"us","code":"7000t2ru","ids":",us7000t2ru,","sources":",us,","types":",origin,phase-data,","nst":17,"dmin":1.851,"rms":1.05,"gap":220,"magType":"mb","type":"earthquake","title":"M 4.1 - 46 km WSW of Puerto Madero, Mexico"},"geometry":{"type":"Point","coordinates":[-92.8162,14.5404,35]},"id":"us7000t2ru"},
{"type":"Feature","properties":{"mag":4.4,"place":"133 km SW of Puerto Madero, Mexico","time":1784326811010,"updated":1786139442040,"tz":null,"url":"https://earthquake.usgs.gov/earthquakes/eventpage/us7000t2rs","detail":"https://earthquake.usgs.gov/fdsnws/event/1/query?eventid=us7000t2rs&format=geojson","felt":null,"cdi":null,"mmi":null,"alert":null,"status":"reviewed","tsunami":0,"sig":298,"net":"us","code":"7000t2rs","ids":",us7000t2rs,","sources":",us,","types":",origin,phase-data,","nst":44,"dmin":2.593,"rms":1.04,"gap":203,"magType":"mb","type":"earthquake","title":"M 4.4 - 133 km SW of Puerto Madero, Mexico"},"geometry":{"type":"Point","coordinates":[-93.3957,13.9777,10]},"id":"us7000t2rs"},
{"type":"Feature","properties":{"mag":5,"place":"84 km SW of Puerto Madero, Mexico","time":1784326387238,"updated":1786227470040,"tz":null,"url":"https://earthquake.usgs.gov/earthquakes/eventpage/us7000t1hd","detail":"https://earthquake.usgs.gov/fdsnws/event/1/query?eventid=us7000t1hd&format=geojson","felt":null,"cdi":null,"mmi":null,"alert":null,"status":"reviewed","tsunami":0,"sig":385,"net":"us","code":"7000t1hd","ids":",us7000t1hd,","sources":",us,","types":",origin,phase-data,","nst":103,"dmin":2.199,"rms":0.85,"gap":81,"magType":"mb","type":"earthquake","title":"M 5.0 - 84 km SW of Puerto Madero, Mexico"},"geometry":{"type":"Point","coordinates":[-93.0445,14.2528,35]},"id":"us7000t1hd"},
{"type":"Feature","properties":{"mag":4.6,"place":"6 km NNE of Mangapapa, New Zealand","time":1784325850334,"updated":1785556309040,"tz":null,"url":"https://earthquake.usgs.gov/earthquakes/eventpage/us7000t2rq","detail":"https://earthquake.usgs.gov/fdsnws/event/1/query?eventid=us7000t2rq&format=geojson","felt":null,"cdi":null,"mmi":null,"alert":null,"status":"reviewed","tsunami":0,"sig":326,"net":"us","code":"7000t2rq","ids":",us7000t2rq,","sources":",us,","types":",origin,phase-data,","nst":22,"dmin":0.831,"rms":1.06,"gap":200,"magType":"mb","type":"earthquake","title":"M 4.6 - 6 km NNE of Mangapapa, New Zealand"},"geometry":{"type":"Point","coordinates":[178.0409,-38.5875,16.553]},"id":"us7000t2rq"},
{"type":"Feature","properties":{"mag":4.1,"place":"37 km WSW of Puerto Madero, Mexico","time":1784325757991,"updated":1786225487040,"tz":null,"url":"https://earthquake.usgs.gov/earthquakes/eventpage/us7000t2rr","detail":"https://earthquake.usgs.gov/fdsnws/event/1/query?eventid=us7000t2rr&format=geojson","felt":null,"cdi":null,"mmi":null,"alert":null,"status":"reviewed","tsunami":0,"sig":259,"net":"us","code":"7000t2rr","ids":",us7000t2rr,","sources":",us,","types":",origin,phase-data,","nst":20,"dmin":2.914,"rms":0.77,"gap":203,"magType":"mb","type":"earthquake","title":"M 4.1 - 37 km WSW of Puerto Madero, Mexico"},"geometry":{"type":"Point","coordinates":[-92.714,14.5351,35]},"id":"us7000t2rr"},
{"type":"Feature","properties":{"mag":4.1,"place":"111 km SW of Puerto Madero, Mexico","time":1784325622284,"updated":1786139777040,"tz":null,"url":"https://earthquake.usgs.gov/earthquakes/eventpage/us7000t2rp","detail":"https://earthquake.usgs.gov/fdsnws/event/1/query?eventid=us7000t2rp&format=geojson","felt":null,"cdi":null,"mmi":null,"alert":null,"status":"reviewed","tsunami":0,"sig":259,"net":"us","code":"7000t2rp","ids":",us7000t2rp,","sources":",us,","types":",origin,phase-data,","nst":35,"dmin":3.285,"rms":0.96,"gap":188,"magType":"mb","type":"earthquake","title":"M 4.1 - 111 km SW of Puerto Madero, Mexico"},"geometry":{"type":"Point","coordinates":[-93.1617,14.015,10]},"id":"us7000t2rp"},
{"type":"Feature","properties":{"mag":4.1,"place":"45 km SW of Puerto Madero, Mexico","time":1784324620450,"updated":1785709565040,"tz":null,"url":"https://earthquake.usgs.gov/earthquakes/eventpage/us7000t2rl","detail":"https://earthquake.usgs.gov/fdsnws/event/1/query?eventid=us7000t2rl&format=geojson","felt":null,"cdi":null,"mmi":null,"alert":null,"status":"reviewed","tsunami":0,"sig":259,"net":"us","code":"7000t2rl","ids":",us7000t2rl,","sources":",us,","types":",origin,phase-data,","nst":26,"dmin":3.255,"rms":0.67,"gap":218,"magType":"mb","type":"earthquake","title":"M 4.1 - 45 km SW of Puerto Madero, Mexico"},"geometry":{"type":"Point","coordinates":[-92.7107,14.4187,35.689]},"id":"us7000t2rl"},
{"type":"Feature","properties":{"mag":4,"place":"105 km SW of Puerto Madero, Mexico","time":1784324307278,"updated":1786224719040,"tz":null,"url":"https://earthquake.usgs.gov/earthquakes/eventpage/us7000t2rh","detail":"https://earthquake.usgs.gov/fdsnws/event/1/query?eventid=us7000t2rh&format=geojson","felt":null,"cdi":null,"mmi":null,"alert":null,"status":"reviewed","tsunami":0,"sig":246,"net":"us","code":"7000t2rh","ids":",us7000t2rh,","sources":",us,","types":",origin,phase-data,","nst":30,"dmin":3.278,"rms":1.24,"gap":199,"magType":"mb","type":"earthquake","title":"M 4.0 - 105 km SW of Puerto Madero, Mexico"},"geometry":{"type":"Point","coordinates":[-93.1751,14.113,10]},"id":"us7000t2rh"},
{"type":"Feature","properties":{"mag":4.3,"place":"127 km ESE of Kuril’sk, Russia","time":1784324145601,"updated":1786142352040,"tz":null,"url":"https://earthquake.usgs.gov/earthquakes/eventpage/us7000t1h7","detail":"https://earthquake.usgs.gov/fdsnws/event/1/query?eventid=us7000t1h7&format=geojson","felt":null,"cdi":null,"mmi":null,"alert":null,"status":"reviewed","tsunami":0,"sig":284,"net":"us","code":"7000t1h7","ids":",us7000t1h7,","sources":",us,","types":",origin,phase-data,","nst":40,"dmin":5.096,"rms":0.62,"gap":154,"magType":"mb","type":"earthquake","title":"M 4.3 - 127 km ESE of Kuril’sk, Russia"},"geometry":{"type":"Point","coordinates":[149.4002,44.8395,35]},"id":"us7000t1h7"},
{"type":"Feature","properties":{"mag":4.2,"place":"105 km SW of Puerto Madero, Mexico","time":1784322702522,"updated":1786165929040,"tz":null,"url":"https://earthquake.usgs.gov/earthquakes/eventpage/us7000t1gz","detail":"https://earthquake.usgs.gov/fdsnws/event/1/query?eventid=us7000t1gz&format=geojson","felt":null,"cdi":null,"mmi":null,"alert":null,"status":"reviewed","tsunami":0,"sig":271,"net":"us","code":"7000t1gz","ids":",us7000t1gz,","sources":",us,","types":",origin,phase-data,","nst":41,"dmin":3.289,"rms":1.03,"gap":185,"magType":"mb","type":"earthquake","title":"M 4.2 - 105 km SW of Puerto Madero, Mexico"},"geometry":{"type":"Point","coordinates":[-93.2012,14.139,10]},"id":"us7000t1gz"},
{"type":"Feature","properties":{"mag":4.5,"place":"9 km W of Burla, Russia","time":1784322544662,"updated":1786141920040,"tz":null,"url":"https://earthquake.usgs.gov/earthquakes/eventpage/us7000t1gx","detail":"https://earthquake.usgs.gov/fdsnws/event/1/query?eventid=us7000t1gx&format=geojson","felt":null,"cdi":null,"mmi":null,"alert":null,"status":"reviewed","tsunami":0,"sig":312,"net":"us","code":"7000t1gx","ids":",us7000t1gx,","sources":",us,","types":",origin,phase-data,","nst":53,"dmin":2.638,"rms":1.35,"gap":49,"magType":"mb","type":"earthquake","title":"M 4.5 - 9 km W of Burla, Russia"},"geometry":{"type":"Point","coordinates":[78.1916,53.3356,10]},"id":"us7000t1gx"},
{"type":"Feature","properties":{"mag":4.4,"place":"117 km SW of Brisas Barra de Suchiate, Mexico","time":1784321258276,"updated":1786570974040,"tz":null,"url":"https://earthquake.usgs.gov/earthquakes/eventpage/us7000t2rf","detail":"https://earthquake.usgs.gov/fdsnws/event/1/query?eventid=us7000t2rf&format=geojson","felt":null,"cdi":null,"mmi":null,"alert":null,"status":"reviewed","tsunami":0,"sig":298,"net":"us","code":"7000t2rf","ids":",us7000t2rf,","sources":",us,","types":",origin,phase-data,","nst":16,"dmin":2.601,"rms":1.02,"gap":228,"magType":"mb","type":"earthquake","title":"M 4.4 - 117 km SW of Brisas Barra de Suchiate, Mexico"},"geometry":{"type":"Point","coordinates":[-93.016,13.8093,10]},"id":"us7000t2rf"},
{"type":"Feature","properties":{"mag":4,"place":"225 km ESE of Attu Station, Alaska","time":1784320822815,"updated":1786570282040,"tz":null,"url":"https://earthquake.usgs.gov/earthquakes/eventpage/us7000t1ps","detail":"https://earthquake.usgs.gov/fdsnws/event/1/query?eventid=us7000t1ps&format=geojson","felt":null,"cdi":null,"mmi":2.771,"alert":null,"status":"reviewed","tsunami":0,"sig":246,"net":"us","code":"7000t1ps","ids":",aka2026oblrtg,us7000t1ps,","sources":",ak,us,","types":",origin,phase-data,shakemap,","nst":49,"dmin":1.446,"rms":0.71,"gap":166,"magType":"mb","type":"earthquake","title":"M 4.0 - 225 km ESE of Attu Station, Alaska"},"geometry":{"type":"Point","coordinates":[176.1739,51.9637,10.961]},"id":"us7000t1ps"},
{"type":"Feature","properties":{"mag":4,"place":"110 km SW of Puerto Madero, Mexico","time":1784318785773,"updated":1786568308040,"tz":null,"url":"https://earthquake.usgs.gov/earthquakes/eventpage/us7000t2re","detail":"https://earthquake.usgs.gov/fdsnws/event/1/query?eventid=us7000t2re&format=geojson","felt":null,"cdi":null,"mmi":null,"alert":null,"status":"reviewed","tsunami":0,"sig":246,"net":"us","code":"7000t2re","ids":",us7000t2re,","sources":",us,","types":",origin,phase-data,","nst":28,"dmin":3.294,"rms":0.62,"gap":209,"magType":"mb","type":"earthquake","title":"M 4.0 - 110 km SW of Puerto Madero, Mexico"},"geometry":{"type":"Point","coordinates":[-93.1701,14.0394,10]},"id":"us7000t2re"},
{"type":"Feature","properties":{"mag":4.6,"place":"90 km SW of Puerto Madero, Mexico","time":1784318545559,"updated":1786567021040,"tz":null,"url":"https://earthquake.usgs.gov/earthquakes/eventpage/us7000t1gi","detail":"https://earthquake.usgs.gov/fdsnws/event/1/query?eventid=us7000t1gi&format=geojson","felt":null,"cdi":null,"mmi":null,"alert":null,"status":"reviewed","tsunami":0,"sig":326,"net":"us","code":"7000t1gi","ids":",us7000t1gi,","sources":",us,","types":",origin,phase-data,","nst":109,"dmin":2.293,"rms":0.72,"gap":134,"magType":"mb","type":"earthquake","title":"M 4.6 - 90 km SW of Puerto Madero, Mexico"},"geometry":{"type":"Point","coordinates":[-93.0031,14.1341,10]},"id":"us7000t1gi"},
{"type":"Feature","properties":{"mag":4.1,"place":"93 km SW of Puerto Madero, Mexico","time":1784317582218,"updated":1786565591040,"tz":null,"url":"https://earthquake.usgs.gov/earthquakes/eventpage/us7000t2rb","detail":"https://earthquake.usgs.gov/fdsnws/event/1/query?eventid=us7000t2rb&format=geojson","felt":null,"cdi":null,"mmi":null,"alert":null,"status":"reviewed","tsunami":0,"sig":259,"net":"us","code":"7000t2rb","ids":",us7000t2rb,","sources":",us,","types":",origin,phase-data,","nst":47,"dmin":2.279,"rms":0.78,"gap":174,"magType":"mb","type":"earthquake","title":"M 4.1 - 93 km SW of Puerto Madero, Mexico"},"geometry":{"type":"Point","coordinates":[-93.087,14.1836,10]},"id":"us7000t2rb"},
{"type":"Feature","properties":{"mag":4.4,"place":"26 km E of Hasaki, Japan","time":1784317516854,"updated":1786564855040,"tz":null,"url":"https://earthquake.usgs.gov/earthquakes/eventpage/us7000t1gh","detail":"https://earthquake.usgs.gov/fdsnws/event/1/query?eventid=us7000t1gh&format=geojson","felt":null,"cdi":null,"mmi":null,"alert":null,"status":"reviewed","tsunami":0,"sig":298,"net":"us","code":"7000t1gh","ids":",us7000t1gh,","sources":",us,","types":",origin,phase-data,","nst":69,"dmin":2.5,"rms":0.69,"gap":126,"magType":"mb","type":"earthquake","title":"M 4.4 - 26 km E of Hasaki, Japan"},"geometry":{"type":"Point","coordinates":[141.1228,35.7127,47.994]},"id":"us7000t1gh"},
{"type":"Feature","properties":{"mag":4.4,"place":"290 km SW of Riverton, New Zealand","time":1784316616898,"updated":1786562647040,"tz":null,"url":"https://earthquake.usgs.gov/earthquakes/eventpage/us7000t1gb","detail":"https://earthquake.usgs.gov/fdsnws/event/1/query?eventid=us7000t1gb&format=geojson","felt":null,"cdi":null,"mmi":null,"alert":null,"status":"reviewed","tsunami":0,"sig":298,"net":"us","code":"7000t1gb","ids":",us7000t1gb,","sources":",us,","types":",origin,phase-data,","nst":31,"dmin":2.204,"rms":1.48,"gap":102,"magType":"mb","type":"earthquake","title":"M 4.4 - 290 km SW of Riverton, New Zealand"},"geometry":{"type":"Point","coordinates":[165.1973,-48.123,18.033]},"id":"us7000t1gb"},
{"type":"Feature","properties":{"mag":4.2,"place":"34 km SSE of Jurm, Afghanistan","time":1784316017111,"updated":1786556761040,"tz":null,"url":"https://earthquake.usgs.gov/earthquakes/eventpage/us7000t1g8","detail":"https://earthquake.usgs.gov/fdsnws/event/1/query?eventid=us7000t1g8&format=geojson","felt":null,"cdi":null,"mmi":null,"alert":null,"status":"reviewed","tsunami":0,"sig":271,"net":"us","code":"7000t1g8","ids":",us7000t1g8,","sources":",us,","types":",origin,phase-data,","nst":60,"dmin":2.059,"rms":0.97,"gap":59,"magType":"mb","type":"earthquake","title":"M 4.2 - 34 km SSE of Jurm, Afghanistan"},"geometry":{"type":"Point","coordinates":[71.0368,36.6038,219.435]},"id":"us7000t1g8"},
{"type":"Feature","properties":{"mag":4.5,"place":"121 km WSW of Puerto Madero, Mexico","time":1784315441720,"updated":1786556614040,"tz":null,"url":"https://earthquake.usgs.gov/earthquakes/eventpage/us7000t2s6","detail":"https://earthquake.usgs.gov/fdsnws/event/1/query?eventid=us7000t2s6&format=geojson","felt":null,"cdi":null,"mmi":null,"alert":null,"status":"reviewed","tsunami":0,"sig":312,"net":"us","code":"7000t2s6","ids":",us7000t2s6,","sources":",us,","types":",origin,phase-data,","nst":27,"dmin":7.765,"rms":0.88,"gap":211,"magType":"mb","type":"earthquake","title":"M 4.5 - 121 km WSW of Puerto Madero, Mexico"},"geometry":{"type":"Point","coordinates":[-93.3779,14.1472,10]},"id":"us7000t2s6"},
{"type":"Feature","properties":{"mag":4.4,"place":"97 km SW of Puerto Madero, Mexico","time":1784315381521,"updated":1786555685040,"tz":null,"url":"https://earthquake.usgs.gov/earthquakes/eventpage/us7000t1g1","detail":"https://earthquake.usgs.gov/fdsnws/event/1/query?eventid=us7000t1g1&format=geojson","felt":null,"cdi":null,"mmi":null,"alert":null,"status":"reviewed","tsunami":0,"sig":298,"net":"us","code":"7000t1g1","ids":",us7000t1g1,","sources":",us,","types":",origin,phase-data,","nst":152,"dmin":2.338,"rms":0.85,"gap":151,"magType":"mb","type":"earthquake","title":"M 4.4 - 97 km SW of Puerto Madero, Mexico"},"geometry":{"type":"Point","coordinates":[-93.075,14.1139,10]},"id":"us7000t1g1"},
{"type":"Feature","properties":{"mag":4.2,"place":"121 km SW of Puerto Madero, Mexico","time":1784315137346,"updated":1786554817040,"tz":null,"url":"https://earthquake.usgs.gov/earthquakes/eventpage/us7000t2ra","detail":"https://earthquake.usgs.gov/fdsnws/event/1/query?eventid=us7000t2ra&format=geojson","felt":null,"cdi":null,"mmi":null,"alert":null,"status":"reviewed","tsunami":0,"sig":271,"net":"us","code":"7000t2ra","ids":",us7000t2ra,","sources":",us,","types":",origin,phase-data,","nst":13,"dmin":2.508,"rms":0.92,"gap":222,"magType":"mb","type":"earthquake","title":"M 4.2 - 121 km SW of Puerto Madero, Mexico"},"geometry":{"type":"Point","coordinates":[-93.2863,14.0199,10]},"id":"us7000t2ra"},
{"type":"Feature","properties":{"mag":4.5,"place":"285 km WSW of Tual, Indonesia","time":1784314220472,"updated":1784999755040,"tz":null,"url":"https://earthquake.usgs.gov/earthquakes/eventpage/us7000t1fs","detail":"https://earthquake.usgs.gov/fdsnws/event/1/query?eventid=us7000t1fs&format=geojson","felt":null,"cdi":null,"mmi":null,"alert":null,"status":"reviewed","tsunami":0,"sig":312,"net":"us","code":"7000t1fs","ids":",us7000t1fs,","sources":",us,","types":",origin,phase-data,","nst":48,"dmin":4.115,"rms":0.52,"gap":123,"magType":"mb","type":"earthquake","title":"M 4.5 - 285 km WSW of Tual, Indonesia"},"geometry":{"type":"Point","coordinates":[130.3617,-6.6043,94.393]},"id":"us7000t1fs"},
{"type":"Feature","properties":{"mag":4.4,"place":"137 km SW of Puerto Madero, Mexico","time":1784313641149,"updated":1786119469040,"tz":null,"url":"https://earthquake.usgs.gov/earthquakes/eventpage/us7000t1fp","detail":"https://earthquake.usgs.gov/fdsnws/event/1/query?eventid=us7000t1fp&format=geojson","felt":null,"cdi":null,"mmi":null,"alert":null,"status":"reviewed","tsunami":0,"sig":298,"net":"us","code":"7000t1fp","ids":",us7000t1fp,","sources":",us,","types":",origin,phase-data,","nst":62,"dmin":2.726,"rms":0.55,"gap":160,"magType":"mb","type":"earthquake","title":"M 4.4 - 137 km SW of Puerto Madero, Mexico"},"geometry":{"type":"Point","coordinates":[-93.2148,13.7482,10]},"id":"us7000t1fp"},
{"type":"Feature","properties":{"mag":5.1,"place":"71 km SW of Puerto Madero, Mexico","time":1784312806631,"updated":1786119158040,"tz":null,"url":"https://earthquake.usgs.gov/earthquakes/eventpage/us7000t1fk","detail":"https://earthquake.usgs.gov/fdsnws/event/1/query?eventid=us7000t1fk&format=geojson","felt":null,"cdi":null,"mmi":null,"alert":null,"status":"reviewed","tsunami":0,"sig":400,"net":"us","code":"7000t1fk","ids":",us7000t1fk,","sources":",us,","types":",origin,phase-data,","nst":91,"dmin":2.117,"rms":0.86,"gap":136,"magType":"mb","type":"earthquake","title":"M 5.1 - 71 km SW of Puerto Madero, Mexico"},"geometry":{"type":"Point","coordinates":[-92.9134,14.2901,35]},"id":"us7000t1fk"},
{"type":"Feature","properties":{"mag":4.6,"place":"South Sandwich Islands region","time":1784312641213,"updated":1785077774040,"tz":null,"url":"https://earthquake.usgs.gov/earthquakes/eventpage/us7000t2r5","detail":"https://earthquake.usgs.gov/fdsnws/event/1/query?eventid=us7000t2r5&format=geojson","felt":null,"cdi":null,"mmi":null,"alert":null,"status":"reviewed","tsunami":0,"sig":326,"net":"us","code":"7000t2r5","ids":",us7000t2r5,","sources":",us,","types":",origin,phase-data,","nst":36,"dmin":7.749,"rms":0.59,"gap":90,"magType":"mb","type":"earthquake","title":"M 4.6 - South Sandwich Islands region"},"geometry":{"type":"Point","coordinates":[-26.3188,-59.6819,47.485]},"id":"us7000t2r5"},
{"type":"Feature","properties":{"mag":4.5,"place":"71 km SW of Puerto Madero, Mexico","time":1784312243232,"updated":1786118901040,"tz":null,"url":"https://earthquake.usgs.gov/earthquakes/eventpage/us7000t1fj","detail":"https://earthquake.usgs.gov/fdsnws/event/1/query?eventid=us7000t1fj&format=geojson","felt":null,"cdi":null,"mmi":null,"alert":null,"status":"reviewed","tsunami":0,"sig":312,"net":"us","code":"7000t1fj","ids":",us7000t1fj,","sources":",us,","types":",origin,phase-data,","nst":78,"dmin":2.128,"rms":0.5,"gap":157,"magType":"mb","type":"earthquake","title":"M 4.5 - 71 km SW of Puerto Madero, Mexico"},"geometry":{"type":"Point","coordinates":[-92.908,14.2769,17.935]},"id":"us7000t1fj"},
{"type":"Feature","properties":{"mag":4.6,"place":"65 km WSW of Puerto Madero, Mexico","time":1784311969682,"updated":1786118262040,"tz":null,"url":"https://earthquake.usgs.gov/earthquakes/eventpage/us7000t1fh","detail":"https://earthquake.usgs.gov/fdsnws/event/1/query?eventid=us7000t1fh&format=geojson","felt":null,"cdi":null,"mmi":null,"alert":null,"status":"reviewed","tsunami":0,"sig":326,"net":"us","code":"7000t1fh","ids":",us7000t1fh,","sources":",us,","types":",origin,phase-data,","nst":90,"dmin":1.958,"rms":0.76,"gap":140,"magType":"mb","type":"earthquake","title":"M 4.6 - 65 km WSW of Puerto Madero, Mexico"},"geometry":{"type":"Point","coordinates":[-92.9762,14.489,35]},"id":"us7000t1fh"},
{"type":"Feature","properties":{"mag":4.4,"place":"34 km WSW of Mabiton, Philippines","time":1784311817741,"updated":1784992396040,"tz":null,"url":"https://earthquake.usgs.gov/earthquakes/eventpage/us7000t1fi","detail":"https://earthquake.usgs.gov/fdsnws/event/1/query?eventid=us7000t1fi&format=geojson","felt":null,"cdi":null,"mmi":null,"alert":null,"status":"reviewed","tsunami":0,"sig":298,"net":"us","code":"7000t1fi","ids":",us7000t1fi,","sources":",us,","types":",origin,phase-data,","nst":40,"dmin":6.172,"rms":0.29,"gap":123,"magType":"mb","type":"earthquake","title":"M 4.4 - 34 km WSW of Mabiton, Philippines"},"geometry":{"type":"Point","coordinates":[122.9648,12.7148,10]},"id":"us7000t1fi"},
{"type":"Feature","properties":{"mag":4.5,"place":"71 km SW of Puerto Madero, Mexico","time":1784311808698,"updated":1785080783040,"tz":null,"url":"https://earthquake.usgs.gov/earthquakes/eventpage/us7000t1fg","detail":"https://earthquake.usgs.gov/fdsnws/event/1/query?eventid=us7000t1fg&format=geojson","felt":null,"cdi":null,"mmi":null,"alert":null,"status":"reviewed","tsunami":0,"sig":312,"net":"us","code":"7000t1fg","ids":",us7000t1fg,","sources":",us,","types":",origin,phase-data,","nst":72,"dmin":3.116,"rms":0.46,"gap":131,"magType":"mb","type":"earthquake","title":"M 4.5 - 71 km SW of Puerto Madero, Mexico"},"geometry":{"type":"Point","coordinates":[-92.9608,14.3377,21.241]},"id":"us7000t1fg"},
{"type":"Feature","properties":{"mag":4.3,"place":"106 km SW of Brisas Barra de Suchiate, Mexico","time":1784311785823,"updated":1786127824040,"tz":null,"url":"https://earthquake.usgs.gov/earthquakes/eventpage/us7000t2s5","detail":"https://earthquake.usgs.gov/fdsnws/event/1/query?eventid=us7000t2s5&format=geojson","felt":null,"cdi":null,"mmi":null,"alert":null,"status":"reviewed","tsunami":0,"sig":284,"net":"us","code":"7000t2s5","ids":",us7000t2s5,","sources":",us,","types":",origin,phase-data,","nst":30,"dmin":3.073,"rms":0.58,"gap":197,"magType":"mb","type":"earthquake","title":"M 4.3 - 106 km SW of Brisas Barra de Suchiate, Mexico"},"geometry":{"type":"Point","coordinates":[-92.9439,13.8777,10]},"id":"us7000t2s5"},
{"type":"Feature","properties":{"mag":4.2,"place":"102 km SW of Puerto Madero, Mexico","time":1784310952768,"updated":1786127579040,"tz":null,"url":"https://earthquake.usgs.gov/earthquakes/eventpage/us7000t2qz","detail":"https://earthquake.usgs.gov/fdsnws/event/1/query?eventid=us7000t2qz&format=geojson","felt":null,"cdi":null,"mmi":null,"alert":null,"status":"reviewed","tsunami":0,"sig":271,"net":"us","code":"7000t2qz","ids":",us7000t2qz,","sources":",us,","types":",origin,phase-data,","nst":58,"dmin":2.352,"rms":0.56,"gap":155,"magType":"mb","type":"earthquake","title":"M 4.2 - 102 km SW of Puerto Madero, Mexico"},"geometry":{"type":"Point","coordinates":[-93.1469,14.1291,10]},"id":"us7000t2qz"},
{"type":"Feature","properties":{"mag":4.1,"place":"66 km WSW of Puerto Madero, Mexico","time":1784310830111,"updated":1785076519040,"tz":null,"url":"https://earthquake.usgs.gov/earthquakes/eventpage/us7000t2r0","detail":"https://earthquake.usgs.gov/fdsnws/event/1/query?eventid=us7000t2r0&format=geojson","felt":null,"cdi":null,"mmi":null,"alert":null,"status":"reviewed","tsunami":0,"sig":259,"net":"us","code":"7000t2r0","ids":",us7000t2r0,","sources":",us,","types":",origin,phase-data,","nst":49,"dmin":3.181,"rms":0.62,"gap":180,"magType":"mb","type":"earthquake","title":"M 4.1 - 66 km WSW of Puerto Madero, Mexico"},"geometry":{"type":"Point","coordinates":[-93.0005,14.5108,33.319]},"id":"us7000t2r0"},
{"type":"Feature","properties":{"mag":4.3,"place":"57 km WSW of Puerto Madero, Mexico","time":1784310255044,"updated":1786117950040,"tz":null,"url":"https://earthquake.usgs.gov/earthquakes/eventpage/us7000t1ff","detail":"https://earthquake.usgs.gov/fdsnws/event/1/query?eventid=us7000t1ff&format=geojson","felt":null,"cdi":null,"mmi":null,"alert":null,"status":"reviewed","tsunami":0,"sig":284,"net":"us","code":"7000t1ff","ids":",us7000t1ff,","sources":",us,","types":",origin,phase-data,","nst":57,"dmin":3.073,"rms":0.54,"gap":180,"magType":"mb","type":"earthquake","title":"M 4.3 - 57 km WSW of Puerto Madero, Mexico"},"geometry":{"type":"Point","coordinates":[-92.8928,14.482,35]},"id":"us7000t1ff"},
{"type":"Feature","properties":{"mag":4.3,"place":"94 km SW of Puerto Madero, Mexico","time":1784310197922,"updated":1785085885040,"tz":null,"url":"https://earthquake.usgs.gov/earthquakes/eventpage/us7000t2s9","detail":"https://earthquake.usgs.gov/fdsnws/event/1/query?eventid=us7000t2s9&format=geojson","felt":null,"cdi":null,"mmi":null,"alert":null,"status":"reviewed","tsunami":0,"sig":284,"net":"us","code":"7000t2s9","ids":",us7000t2s9,","sources":",us,","types":",origin,phase-data,","nst":40,"dmin":3.228,"rms":0.77,"gap":181,"magType":"mb","type":"earthquake","title":"M 4.3 - 94 km SW of Puerto Madero, Mexico"},"geometry":{"type":"Point","coordinates":[-93.0949,14.1745,10]},"id":"us7000t2s9"},
{"type":"Feature","properties":{"mag":4.2,"place":"82 km SW of Puerto Madero, Mexico","time":1784310120703,"updated":1785077420040,"tz":null,"url":"https://earthquake.usgs.gov/earthquakes/eventpage/us7000t2r3","detail":"https://earthquake.usgs.gov/fdsnws/event/1/query?eventid=us7000t2r3&format=geojson","felt":null,"cdi":null,"mmi":null,"alert":null,"status":"reviewed","tsunami":0,"sig":271,"net":"us","code":"7000t2r3","ids":",us7000t2r3,","sources":",us,","types":",origin,phase-data,","nst":45,"dmin":2.989,"rms":0.38,"gap":186,"magType":"mb","type":"earthquake","title":"M 4.2 - 82 km SW of Puerto Madero, Mexico"},"geometry":{"type":"Point","coordinates":[-92.8521,14.1026,10]},"id":"us7000t2r3"},
{"type":"Feature","properties":{"mag":4.2,"place":"38 km W of Puerto Madero, Mexico","time":1784309807844,"updated":1786127312040,"tz":null,"url":"https://earthquake.usgs.gov/earthquakes/eventpage/us7000t2qy","detail":"https://earthquake.usgs.gov/fdsnws/event/1/query?eventid=us7000t2qy&format=geojson","felt":null,"cdi":null,"mmi":null,"alert":null,"status":"reviewed","tsunami":0,"sig":271,"net":"us","code":"7000t2qy","ids":",us7000t2qy,","sources":",us,","types":",origin,phase-data,","nst":46,"dmin":3.008,"rms":0.97,"gap":175,"magType":"mb","type":"earthquake","title":"M 4.2 - 38 km W of Puerto Madero, Mexico"},"geometry":{"type":"Point","coordinates":[-92.78,14.6733,35]},"id":"us7000t2qy"},
{"type":"Feature","properties":{"mag":4.5,"place":"28 km WSW of Brisas Barra de Suchiate, Mexico","time":1784309534886,"updated":1786123916040,"tz":null,"url":"https://earthquake.usgs.gov/earthquakes/eventpage/us7000t2qv","detail":"https://earthquake.usgs.gov/fdsnws/event/1/query?eventid=us7000t2qv&format=geojson","felt":null,"cdi":null,"mmi":null,"alert":null,"status":"reviewed","tsunami":0,"sig":312,"net":"us","code":"7000t2qv","ids":",us7000t2qv,","sources":",us,","types":",origin,phase-data,","nst":77,"dmin":1.879,"rms":0.54,"gap":172,"magType":"mb","type":"earthquake","title":"M 4.5 - 28 km WSW of Brisas Barra de Suchiate, Mexico"},"geometry":{"type":"Point","coordinates":[-92.4572,14.4178,35]},"id":"us7000t2qv"},
{"type":"Feature","properties":{"mag":4.8,"place":"62 km WSW of Puerto Madero, Mexico","time":1784309229946,"updated":1786124412040,"tz":null,"url":"https://earthquake.usgs.gov/earthquakes/eventpage/us7000t2qw","detail":"https://earthquake.usgs.gov/fdsnws/event/1/query?eventid=us7000t2qw&format=geojson","felt":null,"cdi":null,"mmi":null,"alert":null,"status":"reviewed","tsunami":0,"sig":354,"net":"us","code":"7000t2qw","ids":",us7000t2qw,","sources":",us,","types":",origin,phase-data,","nst":107,"dmin":1.981,"rms":0.59,"gap":153,"magType":"mb","type":"earthquake","title":"M 4.8 - 62 km WSW of Puerto Madero, Mexico"},"geometry":{"type":"Point","coordinates":[-92.9326,14.4449,35]},"id":"us7000t2qw"},
{"type":"Feature","properties":{"mag":5,"place":"64 km SSW of Puerto Madero, Mexico","time":1784309010756,"updated":1786115614040,"tz":null,"url":"https://earthquake.usgs.gov/earthquakes/eventpage/us7000t1f6","detail":"https://earthquake.usgs.gov/fdsnws/event/1/query?eventid=us7000t1f6&format=geojson","felt":null,"cdi":null,"mmi":null,"alert":null,"status":"reviewed","tsunami":0,"sig":385,"net":"us","code":"7000t1f6","ids":",us7000t1f6,","sources":",us,","types":",origin,phase-data,","nst":177,"dmin":2.887,"rms":0.94,"gap":90,"magType":"mb","type":"earthquake","title":"M 5.0 - 64 km SSW of Puerto Madero, Mexico"},"geometry":{"type":"Point","coordinates":[-92.7364,14.2234,36.836]},"id":"us7000t1f6"},
{"type":"Feature","properties":{"mag":4.3,"place":"132 km SW of Puerto Madero, Mexico","time":1784308952797,"updated":1785072705040,"tz":null,"url":"https://earthquake.usgs.gov/earthquakes/eventpage/us7000t2qx","detail":"https://earthquake.usgs.gov/fdsnws/event/1/query?eventid=us7000t2qx&format=geojson","felt":null,"cdi":null,"mmi":null,"alert":null,"status":"reviewed","tsunami":0,"sig":284,"net":"us","code":"7000t2qx","ids":",us7000t2qx,","sources":",us,","types":",origin,phase-data,","nst":40,"dmin":3.432,"rms":0.51,"gap":182,"magType":"mb","type":"earthquake","title":"M 4.3 - 132 km SW of Puerto Madero, Mexico"},"geometry":{"type":"Point","coordinates":[-93.3146,13.8953,10]},"id":"us7000t2qx"},
{"type":"Feature","properties":{"mag":5.1,"place":"65 km SW of Puerto Madero, Mexico","time":1784308522621,"updated":1786115330040,"tz":null,"url":"https://earthquake.usgs.gov/earthquakes/eventpage/us7000t1f0","detail":"https://earthquake.usgs.gov/fdsnws/event/1/query?eventid=us7000t1f0&format=geojson","felt":null,"cdi":null,"mmi":null,"alert":null,"status":"reviewed","tsunami":0,"sig":400,"net":"us","code":"7000t1f0","ids":",us7000t1f0,","sources":",us,","types":",origin,phase-data,","nst":88,"dmin":3.068,"rms":0.78,"gap":155,"magType":"mb","type":"earthquake","title":"M 5.1 - 65 km SW of Puerto Madero, Mexico"},"geometry":{"type":"Point","coordinates":[-92.9067,14.3646,35]},"id":"us7000t1f0"},
{"type":"Feature","properties":{"mag":5.1,"place":"84 km SW of Puerto Madero, Mexico","time":1784307818807,"updated":1786115001040,"tz":null,"url":"https://earthquake.usgs.gov/earthquakes/eventpage/us7000t1ey","detail":"https://earthquake.usgs.gov/fdsnws/event/1/query?eventid=us7000t1ey&format=geojson","felt":null,"cdi":null,"mmi":null,"alert":null,"status":"reviewed","tsunami":0,"sig":400,"net":"us","code":"7000t1ey","ids":",us7000t1ey,","sources":",us,","types":",origin,phase-data,","nst":91,"dmin":3.207,"rms":0.63,"gap":154,"magType":"mb","type":"earthquake","title":"M 5.1 - 84 km SW of Puerto Madero, Mexico"},"geometry":{"type":"Point","coordinates":[-93.0627,14.2791,17.41]},"id":"us7000t1ey"},
{"type":"Feature","properties":{"mag":4.6,"place":"96 km WSW of Puerto Madero, Mexico","time":1784307656077,"updated":1786114532040,"tz":null,"url":"https://earthquake.usgs.gov/earthquakes/eventpage/us7000t1ev","detail":"https://earthquake.usgs.gov/fdsnws/event/1/query?eventid=us7000t1ev&format=geojson","felt":null,"cdi":null,"mmi":null,"alert":null,"status":"reviewed","tsunami":0,"sig":326,"net":"us","code":"7000t1ev","ids":",us7000t1ev,","sources":",us,","types":",origin,phase-data,","nst":101,"dmin":2.145,"rms":0.91,"gap":153,"magType":"mb","type":"earthquake","title":"M 4.6 - 96 km WSW of Puerto Madero, Mexico"},"geometry":{"type":"Point","coordinates":[-93.2685,14.4249,10]},"id":"us7000t1ev"},
{"type":"Feature","properties":{"mag":4.3,"place":"100 km WSW of Puerto Madero, Mexico","time":1784307457948,"updated":1786137587040,"tz":null,"url":"https://earthquake.usgs.gov/earthquakes/eventpage/us7000t1f5","detail":"https://earthquake.usgs.gov/fdsnws/event/1/query?eventid=us7000t1f5&format=geojson","felt":null,"cdi":null,"mmi":null,"alert":null,"status":"reviewed","tsunami":0,"sig":284,"net":"us","code":"7000t1f5","ids":",us7000t1f5,","sources":",us,","types":",origin,phase-data,","nst":34,"dmin":2.282,"rms":0.45,"gap":184,"magType":"mb","type":"earthquake","title":"M 4.3 - 100 km WSW of Puerto Madero, Mexico"},"geometry":{"type":"Point","coordinates":[-93.2183,14.2407,10]},"id":"us7000t1f5"},
{"type":"Feature","properties":{"mag":4.5,"place":"110 km SW of Puerto Madero, Mexico","time":1784306690939,"updated":1786137408040,"tz":null,"url":"https://earthquake.usgs.gov/earthquakes/eventpage/us7000t2qr","detail":"https://earthquake.usgs.gov/fdsnws/event/1/query?eventid=us7000t2qr&format=geojson","felt":null,"cdi":null,"mmi":null,"alert":null,"status":"reviewed","tsunami":0,"sig":312,"net":"us","code":"7000t2qr","ids":",us7000t2qr,","sources":",us,","types":",origin,phase-data,","nst":32,"dmin":2.473,"rms":0.62,"gap":157,"magType":"mb","type":"earthquake","title":"M 4.5 - 110 km SW of Puerto Madero, Mexico"},"geometry":{"type":"Point","coordinates":[-93.1036,13.9778,10]},"id":"us7000t2qr"},
{"type":"Feature","properties":{"mag":4.4,"place":"114 km SW of Puerto Madero, Mexico","time":1784306546314,"updated":1786137099040,"tz":null,"url":"https://earthquake.usgs.gov/earthquakes/eventpage/us7000t1em","detail":"https://earthquake.usgs.gov/fdsnws/event/1/query?eventid=us7000t1em&format=geojson","felt":null,"cdi":null,"mmi":null,"alert":null,"status":"reviewed","tsunami":0,"sig":298,"net":"us","code":"7000t1em","ids":",us7000t1em,","sources":",us,","types":",origin,phase-data,","nst":43,"dmin":2.445,"rms":1.15,"gap":182,"magType":"mb","type":"earthquake","title":"M 4.4 - 114 km SW of Puerto Madero, Mexico"},"geometry":{"type":"Point","coordinates":[-93.2434,14.0698,10]},"id":"us7000t1em"},
{"type":"Feature","properties":{"mag":4.3,"place":"115 km SW of Brisas Barra de Suchiate, Mexico","time":1784306032341,"updated":1785616183040,"tz":null,"url":"https://earthquake.usgs.gov/earthquakes/eventpage/us7000t2qn","detail":"https://earthquake.usgs.gov/fdsnws/event/1/query?eventid=us7000t2qn&format=geojson","felt":null,"cdi":null,"mmi":null,"alert":null,"status":"reviewed","tsunami":0,"sig":284,"net":"us","code":"7000t2qn","ids":",us7000t2qn,","sources":",us,","types":",origin,phase-data,","nst":19,"dmin":4.49,"rms":1.34,"gap":229,"magType":"mb","type":"earthquake","title":"M 4.3 - 115 km SW of Brisas Barra de Suchiate, Mexico"},"geometry":{"type":"Point","coordinates":[-92.9326,13.7512,35]},"id":"us7000t2qn"},
{"type":"Feature","properties":{"mag":4.7,"place":"southern Mid-Atlantic Ridge","time":1784305555852,"updated":1785611651040,"tz":null,"url":"https://earthquake.usgs.gov/earthquakes/eventpage/us7000t2qq","detail":"https://earthquake.usgs.gov/fdsnws/event/1/query?eventid=us7000t2qq&format=geojson","felt":null,"cdi":null,"mmi":null,"alert":null,"status":"reviewed","tsunami":0,"sig":340,"net":"us","code":"7000t2qq","ids":",us7000t2qq,","sources":",us,","types":",origin,phase-data,","nst":28,"dmin":4.893,"rms":1.01,"gap":184,"magType":"mb","type":"earthquake","title":"M 4.7 - southern Mid-Atlantic Ridge"},"geometry":{"type":"Point","coordinates":[-14.8656,-12.7545,10]},"id":"us7000t2qq"},
{"type":"Feature","properties":{"mag":4.4,"place":"94 km WSW of Puerto Madero, Mexico","time":1784305520229,"updated":1786136825040,"tz":null,"url":"https://earthquake.usgs.gov/earthquakes/eventpage/us7000t1ek","detail":"https://earthquake.usgs.gov/fdsnws/event/1/query?eventid=us7000t1ek&format=geojson","felt":null,"cdi":null,"mmi":null,"alert":null,"status":"reviewed","tsunami":0,"sig":298,"net":"us","code":"7000t1ek","ids":",us7000t1ek,","sources":",us,","types":",origin,phase-data,","nst":35,"dmin":3.358,"rms":0.93,"gap":210,"magType":"mb","type":"earthquake","title":"M 4.4 - 94 km WSW of Puerto Madero, Mexico"},"geometry":{"type":"Point","coordinates":[-93.2122,14.3429,10]},"id":"us7000t1ek"},
{"type":"Feature","properties":{"mag":4.6,"place":"164 km ESE of Kokopo, Papua New Guinea","time":1784305369784,"updated":1785610543040,"tz":null,"url":"https://earthquake.usgs.gov/earthquakes/eventpage/us7000t1ej","detail":"https://earthquake.usgs.gov/fdsnws/event/1/query?eventid=us7000t1ej&format=geojson","felt":null,"cdi":null,"mmi":null,"alert":null,"status":"reviewed","tsunami":0,"sig":326,"net":"us","code":"7000t1ej","ids":",us7000t1ej,","sources":",us,","types":",origin,phase-data,","nst":51,"dmin":1.624,"rms":1,"gap":120,"magType":"mb","type":"earthquake","title":"M 4.6 - 164 km ESE of Kokopo, Papua New Guinea"},"geometry":{"type":"Point","coordinates":[153.6859,-4.7725,113.457]},"id":"us7000t1ej"},
{"type":"Feature","properties":{"mag":4.7,"place":"South Sandwich Islands region","time":1784305256178,"updated":1785609978040,"tz":null,"url":"https://earthquake.usgs.gov/earthquakes/eventpage/us7000t2qm","detail":"https://earthquake.usgs.gov/fdsnws/event/1/query?eventid=us7000t2qm&format=geojson","felt":null,"cdi":null,"mmi":null,"alert":null,"status":"reviewed","tsunami":0,"sig":340,"net":"us","code":"7000t2qm","ids":",us7000t2qm,","sources":",us,","types":",origin,phase-data,","nst":25,"dmin":7.327,"rms":0.88,"gap":69,"magType":"mb","type":"earthquake","title":"M 4.7 - South Sandwich Islands region"},"geometry":{"type":"Point","coordinates":[-25.5026,-58.3233,74.557]},"id":"us7000t2qm"},
{"type":"Feature","properties":{"mag":4.4,"place":"57 km SSW of Ocós, Guatemala","time":1784304962718,"updated":1785608965040,"tz":null,"url":"https://earthquake.usgs.gov/earthquakes/eventpage/us7000t2qi","detail":"https://earthquake.usgs.gov/fdsnws/event/1/query?eventid=us7000t2qi&format=geojson","felt":null,"cdi":null,"mmi":null,"alert":null,"status":"reviewed","tsunami":0,"sig":298,"net":"us","code":"7000t2qi","ids":",us7000t2qi,","sources":",us,","types":",origin,phase-data,","nst":26,"dmin":2.567,"rms":0.64,"gap":223,"magType":"mb","type":"earthquake","title":"M 4.4 - 57 km SSW of Ocós, Guatemala"},"geometry":{"type":"Point","coordinates":[-92.42,14.043,35]},"id":"us7000t2qi"},
{"type":"Feature","properties":{"mag":5.3,"place":"6 km E of Pangyan, Philippines","time":1784304776673,"updated":1785606237243,"tz":null,"url":"https://earthquake.usgs.gov/earthquakes/eventpage/us7000t1e8","detail":"https://earthquake.usgs.gov/fdsnws/event/1/query?eventid=us7000t1e8&format=geojson","felt":5,"cdi":5,"mmi":null,"alert":null,"status":"reviewed","tsunami":0,"sig":435,"net":"us","code":"7000t1e8","ids":",us7000t1e8,","sources":",us,","types":",dyfi,origin,phase-data,","nst":92,"dmin":1.371,"rms":1.07,"gap":58,"magType":"mb","type":"earthquake","title":"M 5.3 - 6 km E of Pangyan, Philippines"},"geometry":{"type":"Point","coordinates":[125.3384,5.7105,70.473]},"id":"us7000t1e8"},
{"type":"Feature","properties":{"mag":4.8,"place":"42 km WSW of Puerto Madero, Mexico","time":1784304452279,"updated":1786136451040,"tz":null,"url":"https://earthquake.usgs.gov/earthquakes/eventpage/us7000t2qh","detail":"https://earthquake.usgs.gov/fdsnws/event/1/query?eventid=us7000t2qh&format=geojson","felt":null,"cdi":null,"mmi":null,"alert":null,"status":"reviewed","tsunami":0,"sig":354,"net":"us","code":"7000t2qh","ids":",us7000t2qh,","sources":",us,","types":",origin,phase-data,","nst":53,"dmin":1.834,"rms":0.75,"gap":200,"magType":"mb","type":"earthquake","title":"M 4.8 - 42 km WSW of Puerto Madero, Mexico"},"geometry":{"type":"Point","coordinates":[-92.7685,14.5415,35]},"id":"us7000t2qh"},
{"type":"Feature","properties":{"mag":4.6,"place":"120 km SW of Puerto Madero, Mexico","time":1784304372137,"updated":1786136193040,"tz":null,"url":"https://earthquake.usgs.gov/earthquakes/eventpage/us7000t2qk","detail":"https://earthquake.usgs.gov/fdsnws/event/1/query?eventid=us7000t2qk&format=geojson","felt":null,"cdi":null,"mmi":null,"alert":null,"status":"reviewed","tsunami":0,"sig":326,"net":"us","code":"7000t2qk","ids":",us7000t2qk,","sources":",us,","types":",origin,phase-data,","nst":29,"dmin":2.507,"rms":0.59,"gap":209,"magType":"mb","type":"earthquake","title":"M 4.6 - 120 km SW of Puerto Madero, Mexico"},"geometry":{"type":"Point","coordinates":[-93.2654,14.0105,10]},"id":"us7000t2qk"},
{"type":"Feature","properties":{"mag":5.1,"place":"28 km SSW of Puerto Madero, Mexico","time":1784304086633,"updated":1785600911040,"tz":null,"url":"https://earthquake.usgs.gov/earthquakes/eventpage/us7000t1ep","detail":"https://earthquake.usgs.gov/fdsnws/event/1/query?eventid=us7000t1ep&format=geojson","felt":null,"cdi":null,"mmi":null,"alert":null,"status":"reviewed","tsunami":0,"sig":400,"net":"us","code":"7000t1ep","ids":",us7000t1ep,","sources":",us,","types":",origin,phase-data,","nst":211,"dmin":2.754,"rms":0.81,"gap":141,"magType":"mb","type":"earthquake","title":"M 5.1 - 28 km SSW of Puerto Madero, Mexico"},"geometry":{"type":"Point","coordinates":[-92.5525,14.5,64.069]},"id":"us7000t1ep"},
{"type":"Feature","properties":{"mag":4.9,"place":"63 km SW of Puerto Madero, Mexico","time":1784304050601,"updated":1786135834040,"tz":null,"url":"https://earthquake.usgs.gov/earthquakes/eventpage/us7000t1dz","detail":"https://earthquake.usgs.gov/fdsnws/event/1/query?eventid=us7000t1dz&format=geojson","felt":null,"cdi":null,"mmi":null,"alert":null,"status":"reviewed","tsunami":0,"sig":369,"net":"us","code":"7000t1dz","ids":",us7000t1dz,","sources":",us,","types":",origin,phase-data,","nst":159,"dmin":2.989,"rms":0.75,"gap":137,"magType":"mb","type":"earthquake","title":"M 4.9 - 63 km SW of Puerto Madero, Mexico"},"geometry":{"type":"Point","coordinates":[-92.8318,14.3101,35]},"id":"us7000t1dz"},
{"type":"Feature","properties":{"mag":5,"place":"98 km SW of Puerto Madero, Mexico","time":1784303837455,"updated":1786134541040,"tz":null,"url":"https://earthquake.usgs.gov/earthquakes/eventpage/us7000t1dv","detail":"https://earthquake.usgs.gov/fdsnws/event/1/query?eventid=us7000t1dv&format=geojson","felt":null,"cdi":null,"mmi":null,"alert":null,"status":"reviewed","tsunami":0,"sig":385,"net":"us","code":"7000t1dv","ids":",us7000t1dv,","sources":",us,","types":",origin,phase-data,","nst":75,"dmin":3.252,"rms":1.1,"gap":90,"magType":"mb","type":"earthquake","title":"M 5.0 - 98 km SW of Puerto Madero, Mexico"},"geometry":{"type":"Point","coordinates":[-93.1531,14.192,35]},"id":"us7000t1dv"},
{"type":"Feature","properties":{"mag":4.3,"place":"47 km W of Puerto Madero, Mexico","time":1784303627386,"updated":1785597776040,"tz":null,"url":"https://earthquake.usgs.gov/earthquakes/eventpage/us7000t2qe","detail":"https://earthquake.usgs.gov/fdsnws/event/1/query?eventid=us7000t2qe&format=geojson","felt":null,"cdi":null,"mmi":null,"alert":null,"status":"reviewed","tsunami":0,"sig":284,"net":"us","code":"7000t2qe","ids":",us7000t2qe,","sources":",us,","types":",origin,phase-data,","nst":34,"dmin":7.058,"rms":1.06,"gap":171,"magType":"mb","type":"earthquake","title":"M 4.3 - 47 km W of Puerto Madero, Mexico"},"geometry":{"type":"Point","coordinates":[-92.8601,14.6555,35]},"id":"us7000t2qe"},
{"type":"Feature","properties":{"mag":4.5,"place":"73 km SW of Puerto Madero, Mexico","time":1784303154320,"updated":1786133962040,"tz":null,"url":"https://earthquake.usgs.gov/earthquakes/eventpage/us7000t2qd","detail":"https://earthquake.usgs.gov/fdsnws/event/1/query?eventid=us7000t2qd&format=geojson","felt":null,"cdi":null,"mmi":null,"alert":null,"status":"reviewed","tsunami":0,"sig":312,"net":"us","code":"7000t2qd","ids":",us7000t2qd,","sources":",us,","types":",origin,phase-data,","nst":41,"dmin":2.09,"rms":0.73,"gap":204,"magType":"mb","type":"earthquake","title":"M 4.5 - 73 km SW of Puerto Madero, Mexico"},"geometry":{"type":"Point","coordinates":[-92.9902,14.3493,35]},"id":"us7000t2qd"},
{"type":"Feature","properties":{"mag":4.5,"place":"115 km SW of Puerto Madero, Mexico","time":1784302909977,"updated":1786133842040,"tz":null,"url":"https://earthquake.usgs.gov/earthquakes/eventpage/us7000t2qf","detail":"https://earthquake.usgs.gov/fdsnws/event/1/query?eventid=us7000t2qf&format=geojson","felt":null,"cdi":null,"mmi":null,"alert":null,"status":"reviewed","tsunami":0,"sig":312,"net":"us","code":"7000t2qf","ids":",us7000t2qf,","sources":",us,","types":",origin,phase-data,","nst":30,"dmin":2.464,"rms":0.83,"gap":226,"magType":"mb","type":"earthquake","title":"M 4.5 - 115 km SW of Puerto Madero, Mexico"},"geometry":{"type":"Point","coordinates":[-93.2385,14.0458,10]},"id":"us7000t2qf"},
{"type":"Feature","properties":{"mag":4.7,"place":"62 km SW of Puerto Madero, Mexico","time":1784302621123,"updated":1786133312040,"tz":null,"url":"https://earthquake.usgs.gov/earthquakes/eventpage/us7000t2qb","detail":"https://earthquake.usgs.gov/fdsnws/event/1/query?eventid=us7000t2qb&format=geojson","felt":null,"cdi":null,"mmi":null,"alert":null,"status":"reviewed","tsunami":0,"sig":340,"net":"us","code":"7000t2qb","ids":",us7000t2qb,","sources":",us,","types":",origin,phase-data,","nst":77,"dmin":2.02,"rms":1.12,"gap":162,"magType":"mb","type":"earthquake","title":"M 4.7 - 62 km SW of Puerto Madero, Mexico"},"geometry":{"type":"Point","coordinates":[-92.8954,14.388,35]},"id":"us7000t2qb"},
{"type":"Feature","properties":{"mag":4.9,"place":"103 km WSW of Puerto Madero, Mexico","time":1784302493876,"updated":1786133180040,"tz":null,"url":"https://earthquake.usgs.gov/earthquakes/eventpage/us7000t2qa","detail":"https://earthquake.usgs.gov/fdsnws/event/1/query?eventid=us7000t2qa&format=geojson","felt":null,"cdi":null,"mmi":null,"alert":null,"status":"reviewed","tsunami":0,"sig":369,"net":"us","code":"7000t2qa","ids":",us7000t2qa,","sources":",us,","types":",origin,phase-data,","nst":45,"dmin":3.388,"rms":1.03,"gap":194,"magType":"mb","type":"earthquake","title":"M 4.9 - 103 km WSW of Puerto Madero, Mexico"},"geometry":{"type":"Point","coordinates":[-93.2534,14.2495,10]},"id":"us7000t2qa"},
{"type":"Feature","properties":{"mag":4.5,"place":"122 km SW of Puerto Madero, Mexico","time":1784302450443,"updated":1786132961040,"tz":null,"url":"https://earthquake.usgs.gov/earthquakes/eventpage/us7000t2sl","detail":"https://earthquake.usgs.gov/fdsnws/event/1/query?eventid=us7000t2sl&format=geojson","felt":null,"cdi":null,"mmi":null,"alert":null,"status":"reviewed","tsunami":0,"sig":312,"net":"us","code":"7000t2sl","ids":",us7000t2sl,","sources":",us,","types":",origin,phase-data,","nst":15,"dmin":2.502,"rms":0.75,"gap":208,"magType":"mb","type":"earthquake","title":"M 4.5 - 122 km SW of Puerto Madero, Mexico"},"geometry":{"type":"Point","coordinates":[-93.3222,14.0438,10]},"id":"us7000t2sl"},
{"type":"Feature","properties":{"mag":5,"place":"65 km SW of Puerto Madero, Mexico","time":1784302238319,"updated":1786132881040,"tz":null,"url":"https://earthquake.usgs.gov/earthquakes/eventpage/us7000t1du","detail":"https://earthquake.usgs.gov/fdsnws/event/1/query?eventid=us7000t1du&format=geojson","felt":null,"cdi":null,"mmi":null,"alert":null,"status":"reviewed","tsunami":0,"sig":385,"net":"us","code":"7000t1du","ids":",us7000t1du,","sources":",us,","types":",origin,phase-data,","nst":99,"dmin":3.044,"rms":0.65,"gap":90,"magType":"mb","type":"earthquake","title":"M 5.0 - 65 km SW of Puerto Madero, Mexico"},"geometry":{"type":"Point","coordinates":[-92.8866,14.3348,56.114]},"id":"us7000t1du"},
{"type":"Feature","properties":{"mag":5,"place":"46 km WSW of Aquiles Serdán, Mexico","time":1784302004100,"updated":1785529310040,"tz":null,"url":"https://earthquake.usgs.gov/earthquakes/eventpage/us7000t2qc","detail":"https://earthquake.usgs.gov/fdsnws/event/1/query?eventid=us7000t2qc&format=geojson","felt":null,"cdi":null,"mmi":null,"alert":null,"status":"reviewed","tsunami":0,"sig":385,"net":"us","code":"7000t2qc","ids":",us7000t2qc,","sources":",us,","types":",origin,phase-data,","nst":39,"dmin":3.121,"rms":0.98,"gap":180,"magType":"mb","type":"earthquake","title":"M 5.0 - 46 km WSW of Aquiles Serdán, Mexico"},"geometry":{"type":"Point","coordinates":[-92.8872,14.7242,52]},"id":"us7000t2qc"},
{"type":"Feature","properties":{"mag":6.4,"place":"96 km SW of Puerto Madero, Mexico","time":1784301606587,"updated":1786290159378,"tz":null,"url":"https://earthquake.usgs.gov/earthquakes/eventpage/us7000t1cc","detail":"https://earthquake.usgs.gov/fdsnws/event/1/query?eventid=us7000t1cc&format=geojson","felt":2,"cdi":3.8,"mmi":4.612,"alert":"green","status":"reviewed","tsunami":0,"sig":631,"net":"us","code":"7000t1cc","ids":",us7000t1cc,","sources":",us,","types":",dyfi,ground-failure,losspager,moment-tensor,origin,phase-data,shakemap,","nst":95,"dmin":2.281,"rms":1.31,"gap":61,"magType":"mww","type":"earthquake","title":"M 6.4 - 96 km SW of Puerto Madero, Mexico"},"geometry":{"type":"Point","coordinates":[-93.1385,14.2039,10]},"id":"us7000t1cc"},
{"type":"Feature","properties":{"mag":5.1,"place":"106 km WSW of Puerto Madero, Mexico","time":1784301586024,"updated":1785522653040,"tz":null,"url":"https://earthquake.usgs.gov/earthquakes/eventpage/us7000t1c2","detail":"https://earthquake.usgs.gov/fdsnws/event/1/query?eventid=us7000t1c2&format=geojson","felt":null,"cdi":null,"mmi":null,"alert":null,"status":"reviewed","tsunami":0,"sig":400,"net":"us","code":"7000t1c2","ids":",us7000t1c2,","sources":",us,","types":",origin,phase-data,","nst":171,"dmin":3.494,"rms":1.12,"gap":76,"magType":"mb","type":"earthquake","title":"M 5.1 - 106 km WSW of Puerto Madero, Mexico"},"geometry":{"type":"Point","coordinates":[-93.348,14.3818,10]},"id":"us7000t1c2"},
{"type":"Feature","properties":{"mag":5.3,"place":"108 km SW of Puerto Madero, Mexico","time":1784301295212,"updated":1786131718752,"tz":null,"url":"https://earthquake.usgs.gov/earthquakes/eventpage/us7000t1c1","detail":"https://earthquake.usgs.gov/fdsnws/event/1/query?eventid=us7000t1c1&format=geojson","felt":6,"cdi":4.8,"mmi":null,"alert":null,"status":"reviewed","tsunami":0,"sig":435,"net":"us","code":"7000t1c1","ids":",us7000t1c1,","sources":",us,","types":",dyfi,origin,phase-data,","nst":82,"dmin":2.407,"rms":1.09,"gap":80,"magType":"mb","type":"earthquake","title":"M 5.3 - 108 km SW of Puerto Madero, Mexico"},"geometry":{"type":"Point","coordinates":[-93.1961,14.0904,10]},"id":"us7000t1c1"},
{"type":"Feature","properties":{"mag":4.5,"place":"84 km SW of Puerto Madero, Mexico","time":1784300964625,"updated":1786130930040,"tz":null,"url":"https://earthquake.usgs.gov/earthquakes/eventpage/us7000t2q6","detail":"https://earthquake.usgs.gov/fdsnws/event/1/query?eventid=us7000t2q6&format=geojson","felt":null,"cdi":null,"mmi":null,"alert":null,"status":"reviewed","tsunami":0,"sig":312,"net":"us","code":"7000t2q6","ids":",us7000t2q6,","sources":",us,","types":",origin,phase-data,","nst":56,"dmin":2.189,"rms":1.08,"gap":135,"magType":"mb","type":"earthquake","title":"M 4.5 - 84 km SW of Puerto Madero, Mexico"},"geometry":{"type":"Point","coordinates":[-93.0506,14.2669,35]},"id":"us7000t2q6"},
{"type":"Feature","properties":{"mag":4.5,"place":"105 km WSW of Puerto Madero, Mexico","time":1784300754856,"updated":1786130678040,"tz":null,"url":"https://earthquake.usgs.gov/earthquakes/eventpage/us7000t2q8","detail":"https://earthquake.usgs.gov/fdsnws/event/1/query?eventid=us7000t2q8&format=geojson","felt":null,"cdi":null,"mmi":null,"alert":null,"status":"reviewed","tsunami":0,"sig":312,"net":"us","code":"7000t2q8","ids":",us7000t2q8,","sources":",us,","types":",origin,phase-data,","nst":27,"dmin":2.316,"rms":1.04,"gap":189,"magType":"mb","type":"earthquake","title":"M 4.5 - 105 km WSW of Puerto Madero, Mexico"},"geometry":{"type":"Point","coordinates":[-93.2478,14.2175,35]},"id":"us7000t2q8"},
{"type":"Feature","properties":{"mag":5,"place":"110 km SW of Puerto Madero, Mexico","time":1784300199185,"updated":1786130550040,"tz":null,"url":"https://earthquake.usgs.gov/earthquakes/eventpage/us7000t2q5","detail":"https://earthquake.usgs.gov/fdsnws/event/1/query?eventid=us7000t2q5&format=geojson","felt":null,"cdi":null,"mmi":null,"alert":null,"status":"reviewed","tsunami":0,"sig":385,"net":"us","code":"7000t2q5","ids":",us7000t2q5,","sources":",us,","types":",origin,phase-data,","nst":39,"dmin":7.743,"rms":0.75,"gap":286,"magType":"mb","type":"earthquake","title":"M 5.0 - 110 km SW of Puerto Madero, Mexico"},"geometry":{"type":"Point","coordinates":[-93.037,13.9256,10]},"id":"us7000t2q5"},
{"type":"Feature","properties":{"mag":5,"place":"87 km SSW of Ocós, Guatemala","time":1784300149506,"updated":1785186144668,"tz":null,"url":"https://earthquake.usgs.gov/earthquakes/eventpage/us7000t2se","detail":"https://earthquake.usgs.gov/fdsnws/event/1/query?eventid=us7000t2se&format=geojson","felt":1,"cdi":3.1,"mmi":null,"alert":null,"status":"reviewed","tsunami":0,"sig":385,"net":"us","code":"7000t2se","ids":",us7000t2se,","sources":",us,","types":",dyfi,origin,phase-data,","nst":45,"dmin":3.064,"rms":0.77,"gap":228,"magType":"mb","type":"earthquake","title":"M 5.0 - 87 km SSW of Ocós, Guatemala"},"geometry":{"type":"Point","coordinates":[-92.5968,13.829,10]},"id":"us7000t2se"},
{"type":"Feature","properties":{"mag":5.2,"place":"94 km WSW of Puerto Madero, Mexico","time":1784300100437,"updated":1786130393040,"tz":null,"url":"https://earthquake.usgs.gov/earthquakes/eventpage/us7000t2si","detail":"https://earthquake.usgs.gov/fdsnws/event/1/query?eventid=us7000t2si&format=geojson","felt":null,"cdi":null,"mmi":null,"alert":null,"status":"reviewed","tsunami":0,"sig":416,"net":"us","code":"7000t2si","ids":",us7000t2si,","sources":",us,","types":",origin,phase-data,","nst":17,"dmin":3.366,"rms":0.69,"gap":209,"magType":"mb","type":"earthquake","title":"M 5.2 - 94 km WSW of Puerto Madero, Mexico"},"geometry":{"type":"Point","coordinates":[-93.2176,14.3591,10]},"id":"us7000t2si"},
{"type":"Feature","properties":{"mag":7.3,"place":"52 km W of Puerto Madero, Mexico","time":1784299720227,"updated":1786512832167,"tz":null,"url":"https://earthquake.usgs.gov/earthquakes/eventpage/us7000t1bu","detail":"https://earthquake.usgs.gov/fdsnws/event/1/query?eventid=us7000t1bu&format=geojson","felt":288,"cdi":7.4,"mmi":7.027,"alert":"yellow","status":"reviewed","tsunami":0,"sig":1033,"net":"us","code":"7000t1bu","ids":",attibqh8,us7000t1bu,usauto7000t1bu,","sources":",at,us,usauto,","types":",dyfi,finite-fault,general-text,ground-failure,impact-text,internal-moment-tensor,losspager,moment-tensor,origin,phase-data,shakemap,","nst":249,"dmin":3.109,"rms":1.09,"gap":51,"magType":"mww","type":"earthquake","title":"M 7.3 - 52 km W of Puerto Madero, Mexico"},"geometry":{"type":"Point","coordinates":[-92.8969,14.6361,22]},"id":"us7000t1bu"},
{"type":"Feature","properties":{"mag":4.8,"place":"southern Mid-Atlantic Ridge","time":1784296150255,"updated":1785014731040,"tz":null,"url":"https://earthquake.usgs.gov/earthquakes/eventpage/us7000t1gu","detail":"https://earthquake.usgs.gov/fdsnws/event/1/query?eventid=us7000t1gu&format=geojson","felt":null,"cdi":null,"mmi":null,"alert":null,"status":"reviewed","tsunami":0,"sig":354,"net":"us","code":"7000t1gu","ids":",us7000t1gu,","sources":",us,","types":",origin,phase-data,","nst":26,"dmin":35.712,"rms":0.8,"gap":75,"magType":"mb","type":"earthquake","title":"M 4.8 - southern Mid-Atlantic Ridge"},"geometry":{"type":"Point","coordinates":[-14.8842,-45.2823,10]},"id":"us7000t1gu"},
{"type":"Feature","properties":{"mag":4,"place":"168 km NE of Lospalos, Timor Leste","time":1784295492433,"updated":1785014643040,"tz":null,"url":"https://earthquake.usgs.gov/earthquakes/eventpage/us7000t1b6","detail":"https://earthquake.usgs.gov/fdsnws/event/1/query?eventid=us7000t1b6&format=geojson","felt":null,"cdi":null,"mmi":null,"alert":null,"status":"reviewed","tsunami":0,"sig":246,"net":"us","code":"7000t1b6","ids":",us7000t1b6,","sources":",us,","types":",origin,phase-data,","nst":26,"dmin":3.476,"rms":0.9,"gap":73,"magType":"mb","type":"earthquake","title":"M 4.0 - 168 km NE of Lospalos, Timor Leste"},"geometry":{"type":"Point","coordinates":[128.1927,-7.5732,163.497]},"id":"us7000t1b6"},
{"type":"Feature","properties":{"mag":5.1,"place":"14 km NW of Kirakira, Solomon Islands","time":1784294861522,"updated":1785014461040,"tz":null,"url":"https://earthquake.usgs.gov/earthquakes/eventpage/us7000t1b3","detail":"https://earthquake.usgs.gov/fdsnws/event/1/query?eventid=us7000t1b3&format=geojson","felt":null,"cdi":null,"mmi":null,"alert":null,"status":"reviewed","tsunami":0,"sig":400,"net":"us","code":"7000t1b3","ids":",us7000t1b3,","sources":",us,","types":",origin,phase-data,","nst":89,"dmin":2.07,"rms":0.97,"gap":38,"magType":"mb","type":"earthquake","title":"M 5.1 - 14 km NW of Kirakira, Solomon Islands"},"geometry":{"type":"Point","coordinates":[161.8335,-10.357,68.021]},"id":"us7000t1b3"},
{"type":"Feature","properties":{"mag":4.7,"place":"92 km WSW of Puerto Madero, Mexico","time":1784294432380,"updated":1786206943410,"tz":null,"url":"https://earthquake.usgs.gov/earthquakes/eventpage/us7000t1ai","detail":"https://earthquake.usgs.gov/fdsnws/event/1/query?eventid=us7000t1ai&format=geojson","felt":5,"cdi":3.1,"mmi":null,"alert":null,"status":"reviewed","tsunami":0,"sig":341,"net":"us","code":"7000t1ai","ids":",us7000t1ai,","sources":",us,","types":",dyfi,origin,phase-data,","nst":61,"dmin":3.106,"rms":1.14,"gap":178,"magType":"mb","type":"earthquake","title":"M 4.7 - 92 km WSW of Puerto Madero, Mexico"},"geometry":{"type":"Point","coordinates":[-93.1799,14.3373,35]},"id":"us7000t1ai"},
{"type":"Feature","properties":{"mag":5,"place":"south of the Kermadec Islands","time":1784294220140,"updated":1785013643040,"tz":null,"url":"https://earthquake.usgs.gov/earthquakes/eventpage/us7000t1b0","detail":"https://earthquake.usgs.gov/fdsnws/event/1/query?eventid=us7000t1b0&format=geojson","felt":null,"cdi":null,"mmi":null,"alert":null,"status":"reviewed","tsunami":0,"sig":385,"net":"us","code":"7000t1b0","ids":",us7000t1b0,","sources":",us,","types":",origin,phase-data,","nst":29,"dmin":3.651,"rms":1.15,"gap":88,"magType":"mb","type":"earthquake","title":"M 5.0 - south of the Kermadec Islands"},"geometry":{"type":"Point","coordinates":[-178.1627,-32.9019,10]},"id":"us7000t1b0"},
{"type":"Feature","properties":{"mag":4.4,"place":"100 km S of Tambolaka, Indonesia","time":1784293661677,"updated":1785011911040,"tz":null,"url":"https://earthquake.usgs.gov/earthquakes/eventpage/us7000t1a9","detail":"https://earthquake.usgs.gov/fdsnws/event/1/query?eventid=us7000t1a9&format=geojson","felt":null,"cdi":null,"mmi":null,"alert":null,"status":"reviewed","tsunami":0,"sig":298,"net":"us","code":"7000t1a9","ids":",us7000t1a9,","sources":",us,","types":",origin,phase-data,","nst":21,"dmin":5.074,"rms":0.68,"gap":123,"magType":"mb","type":"earthquake","title":"M 4.4 - 100 km S of Tambolaka, Indonesia"},"geometry":{"type":"Point","coordinates":[119.1471,-10.3279,35]},"id":"us7000t1a9"},
{"type":"Feature","properties":{"mag":4.4,"place":"south of the Kermadec Islands","time":1784292881626,"updated":1786438456040,"tz":null,"url":"https://earthquake.usgs.gov/earthquakes/eventpage/us7000t2q3","detail":"https://earthquake.usgs.gov/fdsnws/event/1/query?eventid=us7000t2q3&format=geojson","felt":null,"cdi":null,"mmi":null,"alert":null,"status":"reviewed","tsunami":0,"sig":298,"net":"us","code":"7000t2q3","ids":",us7000t2q3,","sources":",us,","types":",origin,phase-data,","nst":21,"dmin":3.5,"rms":0.51,"gap":117,"magType":"mb","type":"earthquake","title":"M 4.4 - south of the Kermadec Islands"},"geometry":{"type":"Point","coordinates":[-178.1888,-32.7494,10]},"id":"us7000t2q3"},
{"type":"Feature","properties":{"mag":4.1,"place":"140 km SE of Mil’kovo, Russia","time":1784292340847,"updated":1786437993040,"tz":null,"url":"https://earthquake.usgs.gov/earthquakes/eventpage/us7000t2q2","detail":"https://earthquake.usgs.gov/fdsnws/event/1/query?eventid=us7000t2q2&format=geojson","felt":null,"cdi":null,"mmi":null,"alert":null,"status":"reviewed","tsunami":0,"sig":259,"net":"us","code":"7000t2q2","ids":",us7000t2q2,","sources":",us,","types":",origin,phase-data,","nst":49,"dmin":1.296,"rms":0.47,"gap":153,"magType":"mb","type":"earthquake","title":"M 4.1 - 140 km SE of Mil’kovo, Russia"},"geometry":{"type":"Point","coordinates":[160.2671,53.885,61.155]},"id":"us7000t2q2"},
{"type":"Feature","properties":{"mag":4.4,"place":"124 km S of Kokopo, Papua New Guinea","time":1784292248314,"updated":1786436522040,"tz":null,"url":"https://earthquake.usgs.gov/earthquakes/eventpage/us7000t2q1","detail":"https://earthquake.usgs.gov/fdsnws/event/1/query?eventid=us7000t2q1&format=geojson","felt":null,"cdi":null,"mmi":null,"alert":null,"status":"reviewed","tsunami":0,"sig":298,"net":"us","code":"7000t2q1","ids":",us7000t2q1,","sources":",us,","types":",origin,phase-data,","nst":40,"dmin":1.261,"rms":1.41,"gap":128,"magType":"mb","type":"earthquake","title":"M 4.4 - 124 km S of Kokopo, Papua New Guinea"},"geometry":{"type":"Point","coordinates":[152.1514,-5.4601,28.15]},"id":"us7000t2q1"},
{"type":"Feature","properties":{"mag":4.8,"place":"142 km SSW of Gizo, Solomon Islands","time":1784291452088,"updated":1786433397040,"tz":null,"url":"https://earthquake.usgs.gov/earthquakes/eventpage/us7000t2q0","detail":"https://earthquake.usgs.gov/fdsnws/event/1/query?eventid=us7000t2q0&format=geojson","felt":null,"cdi":null,"mmi":null,"alert":null,"status":"reviewed","tsunami":0,"sig":354,"net":"us","code":"7000t2q0","ids":",us7000t2q0,","sources":",us,","types":",origin,phase-data,","nst":22,"dmin":3.536,"rms":0.69,"gap":87,"magType":"mww","type":"earthquake","title":"M 4.8 - 142 km SSW of Gizo, Solomon Islands"},"geometry":{"type":"Point","coordinates":[156.3668,-9.3011,10]},"id":"us7000t2q0"},
{"type":"Feature","properties":{"mag":4.3,"place":"47 km W of Villa El Carmen, Nicaragua","time":1784290053505,"updated":1786432246040,"tz":null,"url":"https://earthquake.usgs.gov/earthquakes/eventpage/us7000t2pz","detail":"https://earthquake.usgs.gov/fdsnws/event/1/query?eventid=us7000t2pz&format=geojson","felt":null,"cdi":null,"mmi":null,"alert":null,"status":"reviewed","tsunami":0,"sig":284,"net":"us","code":"7000t2pz","ids":",us7000t2pz,","sources":",us,","types":",origin,phase-data,","nst":41,"dmin":1.919,"rms":0.66,"gap":174,"magType":"mb","type":"earthquake","title":"M 4.3 - 47 km W of Villa El Carmen, Nicaragua"},"geometry":{"type":"Point","coordinates":[-86.9415,11.9575,54.184]},"id":"us7000t2pz"},
{"type":"Feature","properties":{"mag":5.3,"place":"212 km N of Hadibu, Yemen","time":1784289674928,"updated":1786458860040,"tz":null,"url":"https://earthquake.usgs.gov/earthquakes/eventpage/us7000t19u","detail":"https://earthquake.usgs.gov/fdsnws/event/1/query?eventid=us7000t19u&format=geojson","felt":null,"cdi":null,"mmi":null,"alert":null,"status":"reviewed","tsunami":0,"sig":432,"net":"us","code":"7000t19u","ids":",usauto7000t19u,us7000t19u,","sources":",usauto,us,","types":",internal-moment-tensor,origin,phase-data,","nst":129,"dmin":9.414,"rms":0.82,"gap":46,"magType":"mww","type":"earthquake","title":"M 5.3 - 212 km N of Hadibu, Yemen"},"geometry":{"type":"Point","coordinates":[54.111,14.5678,10]},"id":"us7000t19u"},
{"type":"Feature","properties":{"mag":4.6,"place":"205 km N of Hadibu, Yemen","time":1784288919417,"updated":1786458942040,"tz":null,"url":"https://earthquake.usgs.gov/earthquakes/eventpage/us7000t19p","detail":"https://earthquake.usgs.gov/fdsnws/event/1/query?eventid=us7000t19p&format=geojson","felt":null,"cdi":null,"mmi":null,"alert":null,"status":"reviewed","tsunami":0,"sig":326,"net":"us","code":"7000t19p","ids":",us7000t19p,","sources":",us,","types":",origin,phase-data,","nst":68,"dmin":12.046,"rms":0.8,"gap":112,"magType":"mb","type":"earthquake","title":"M 4.6 - 205 km N of Hadibu, Yemen"},"geometry":{"type":"Point","coordinates":[54.0137,14.5038,10]},"id":"us7000t19p"},
{"type":"Feature","properties":{"mag":4.4,"place":"South Sandwich Islands region","time":1784287302146,"updated":1786429955040,"tz":null,"url":"https://earthquake.usgs.gov/earthquakes/eventpage/us7000t2px","detail":"https://earthquake.usgs.gov/fdsnws/event/1/query?eventid=us7000t2px&format=geojson","felt":null,"cdi":null,"mmi":null,"alert":null,"status":"reviewed","tsunami":0,"sig":298,"net":"us","code":"7000t2px","ids":",us7000t2px,","sources":",us,","types":",origin,phase-data,","nst":34,"dmin":7.681,"rms":0.81,"gap":99,"magType":"mb","type":"earthquake","title":"M 4.4 - South Sandwich Islands region"},"geometry":{"type":"Point","coordinates":[-26.4387,-59.6493,122.82]},"id":"us7000t2px"},
{"type":"Feature","properties":{"mag":4.2,"place":"191 km NNE of Qalansīyah, Yemen","time":1784285369167,"updated":1786704857040,"tz":null,"url":"https://earthquake.usgs.gov/earthquakes/eventpage/us7000t2pw","detail":"https://earthquake.usgs.gov/fdsnws/event/1/query?eventid=us7000t2pw&format=geojson","felt":null,"cdi":null,"mmi":null,"alert":null,"status":"reviewed","tsunami":0,"sig":271,"net":"us","code":"7000t2pw","ids":",us7000t2pw,","sources":",us,","types":",origin,phase-data,","nst":12,"dmin":9.176,"rms":0.47,"gap":231,"magType":"mb","type":"earthquake","title":"M 4.2 - 191 km NNE of Qalansīyah, Yemen"},"geometry":{"type":"Point","coordinates":[53.8594,14.3829,10]},"id":"us7000t2pw"},
{"type":"Feature","properties":{"mag":4.4,"place":"South Sandwich Islands region","time":1784284376729,"updated":1786709978040,"tz":null,"url":"https://earthquake.usgs.gov/earthquakes/eventpage/us7000t2pv","detail":"https://earthquake.usgs.gov/fdsnws/event/1/query?eventid=us7000t2pv&format=geojson","felt":null,"cdi":null,"mmi":null,"alert":null,"status":"reviewed","tsunami":0,"sig":298,"net":"us","code":"7000t2pv","ids":",us7000t2pv,","sources":",us,","types":",origin,phase-data,","nst":26,"dmin":7.029,"rms":0.48,"gap":131,"magType":"mb","type":"earthquake","title":"M 4.4 - South Sandwich Islands region"},"geometry":{"type":"Point","coordinates":[-25.5833,-57.7504,35]},"id":"us7000t2pv"},
{"type":"Feature","properties":{"mag":4.6,"place":"71 km NNW of Claveria, Philippines","time":1784281249481,"updated":1786553368040,"tz":null,"url":"https://earthquake.usgs.gov/earthquakes/eventpage/us7000t19a","detail":"https://earthquake.usgs.gov/fdsnws/event/1/query?eventid=us7000t19a&format=geojson","felt":null,"cdi":null,"mmi":null,"alert":null,"status":"reviewed","tsunami":0,"sig":326,"net":"us","code":"7000t19a","ids":",us7000t19a,","sources":",us,","types":",origin,phase-data,","nst":65,"dmin":3.571,"rms":0.81,"gap":127,"magType":"mb","type":"earthquake","title":"M 4.6 - 71 km NNW of Claveria, Philippines"},"geometry":{"type":"Point","coordinates":[120.9176,19.2321,29.067]},"id":"us7000t19a"},
{"type":"Feature","properties":{"mag":4.4,"place":"southern Mid-Atlantic Ridge","time":1784278611332,"updated":1785313041040,"tz":null,"url":"https://earthquake.usgs.gov/earthquakes/eventpage/us7000t2pt","detail":"https://earthquake.usgs.gov/fdsnws/event/1/query?eventid=us7000t2pt&format=geojson","felt":null,"cdi":null,"mmi":null,"alert":null,"status":"reviewed","tsunami":0,"sig":298,"net":"us","code":"7000t2pt","ids":",us7000t2pt,","sources":",us,","types":",origin,phase-data,","nst":20,"dmin":4.924,"rms":0.59,"gap":81,"magType":"mb","type":"earthquake","title":"M 4.4 - southern Mid-Atlantic Ridge"},"geometry":{"type":"Point","coordinates":[-13.918,-12.8686,10]},"id":"us7000t2pt"},
{"type":"Feature","properties":{"mag":4.4,"place":"282 km NE of Lospalos, Timor Leste","time":1784274086052,"updated":1785058614040,"tz":null,"url":"https://earthquake.usgs.gov/earthquakes/eventpage/us7000t18g","detail":"https://earthquake.usgs.gov/fdsnws/event/1/query?eventid=us7000t18g&format=geojson","felt":null,"cdi":null,"mmi":null,"alert":null,"status":"reviewed","tsunami":0,"sig":298,"net":"us","code":"7000t18g","ids":",us7000t18g,","sources":",us,","types":",origin,phase-data,","nst":34,"dmin":2.376,"rms":0.37,"gap":45,"magType":"mb","type":"earthquake","title":"M 4.4 - 282 km NE of Lospalos, Timor Leste"},"geometry":{"type":"Point","coordinates":[128.5084,-6.463,313.963]},"id":"us7000t18g"},
{"type":"Feature","properties":{"mag":4.6,"place":"56 km NW of Malango, Solomon Islands","time":1784271315720,"updated":1784879698040,"tz":null,"url":"https://earthquake.usgs.gov/earthquakes/eventpage/us7000t2pq","detail":"https://earthquake.usgs.gov/fdsnws/event/1/query?eventid=us7000t2pq&format=geojson","felt":null,"cdi":null,"mmi":null,"alert":null,"status":"reviewed","tsunami":0,"sig":326,"net":"us","code":"7000t2pq","ids":",us7000t2pq,","sources":",us,","types":",origin,phase-data,","nst":28,"dmin":0.579,"rms":0.93,"gap":69,"magType":"mb","type":"earthquake","title":"M 4.6 - 56 km NW of Malango, Solomon Islands"},"geometry":{"type":"Point","coordinates":[159.3733,-9.3208,10]},"id":"us7000t2pq"},
{"type":"Feature","properties":{"mag":4.4,"place":"Fiji region","time":1784270649750,"updated":1786541831040,"tz":null,"url":"https://earthquake.usgs.gov/earthquakes/eventpage/us7000t18c","detail":"https://earthquake.usgs.gov/fdsnws/event/1/query?eventid=us7000t18c&format=geojson","felt":null,"cdi":null,"mmi":null,"alert":null,"status":"reviewed","tsunami":0,"sig":298,"net":"us","code":"7000t18c","ids":",us7000t18c,","sources":",us,","types":",origin,phase-data,","nst":55,"dmin":4.578,"rms":0.78,"gap":101,"magType":"mb","type":"earthquake","title":"M 4.4 - Fiji region"},"geometry":{"type":"Point","coordinates":[-178.5359,-21.0165,532.428]},"id":"us7000t18c"},
{"type":"Feature","properties":{"mag":4.3,"place":"southern Mid-Atlantic Ridge","time":1784258927813,"updated":1785725409040,"tz":null,"url":"https://earthquake.usgs.gov/earthquakes/eventpage/us7000t2pl","detail":"https://earthquake.usgs.gov/fdsnws/event/1/query?eventid=us7000t2pl&format=geojson","felt":null,"cdi":null,"mmi":null,"alert":null,"status":"reviewed","tsunami":0,"sig":284,"net":"us","code":"7000t2pl","ids":",us7000t2pl,","sources":",us,","types":",origin,phase-data,","nst":11,"dmin":32.717,"rms":0.77,"gap":141,"magType":"mb","type":"earthquake","title":"M 4.3 - southern Mid-Atlantic Ridge"},"geometry":{"type":"Point","coordinates":[-14.4943,-12.7001,10]},"id":"us7000t2pl"},
{"type":"Feature","properties":{"mag":4.6,"place":"southern Mid-Atlantic Ridge","time":1784256490504,"updated":1785724729040,"tz":null,"url":"https://earthquake.usgs.gov/earthquakes/eventpage/us7000t2pk","detail":"https://earthquake.usgs.gov/fdsnws/event/1/query?eventid=us7000t2pk&format=geojson","felt":null,"cdi":null,"mmi":null,"alert":null,"status":"reviewed","tsunami":0,"sig":326,"net":"us","code":"7000t2pk","ids":",us7000t2pk,","sources":",us,","types":",origin,phase-data,","nst":44,"dmin":3.827,"rms":0.58,"gap":77,"magType":"mb","type":"earthquake","title":"M 4.6 - southern Mid-Atlantic Ridge"},"geometry":{"type":"Point","coordinates":[-14.7747,-12.8082,10]},"id":"us7000t2pk"},
{"type":"Feature","properties":{"mag":4.9,"place":"southern Mid-Atlantic Ridge","time":1784255475208,"updated":1785724183040,"tz":null,"url":"https://earthquake.usgs.gov/earthquakes/eventpage/us7000t17h","detail":"https://earthquake.usgs.gov/fdsnws/event/1/query?eventid=us7000t17h&format=geojson","felt":null,"cdi":null,"mmi":null,"alert":null,"status":"reviewed","tsunami":0,"sig":369,"net":"us","code":"7000t17h","ids":",us7000t17h,","sources":",us,","types":",origin,phase-data,","nst":56,"dmin":32.417,"rms":0.37,"gap":64,"magType":"mb","type":"earthquake","title":"M 4.9 - southern Mid-Atlantic Ridge"},"geometry":{"type":"Point","coordinates":[-14.6721,-12.8428,10]},"id":"us7000t17h"},
{"type":"Feature","properties":{"mag":4.5,"place":"Owen Fracture Zone region","time":1784253843797,"updated":1785716988040,"tz":null,"url":"https://earthquake.usgs.gov/earthquakes/eventpage/us7000t17e","detail":"https://earthquake.usgs.gov/fdsnws/event/1/query?eventid=us7000t17e&format=geojson","felt":null,"cdi":null,"mmi":null,"alert":null,"status":"reviewed","tsunami":0,"sig":312,"net":"us","code":"7000t17e","ids":",us7000t17e,","sources":",us,","types":",origin,phase-data,","nst":55,"dmin":11.327,"rms":0.43,"gap":146,"magType":"mb","type":"earthquake","title":"M 4.5 - Owen Fracture Zone region"},"geometry":{"type":"Point","coordinates":[58.3467,13.7405,10]},"id":"us7000t17e"},
{"type":"Feature","properties":{"mag":4.6,"place":"Mid-Indian Ridge","time":1784252468889,"updated":1785715706040,"tz":null,"url":"https://earthquake.usgs.gov/earthquakes/eventpage/us7000t2pj","detail":"https://earthquake.usgs.gov/fdsnws/event/1/query?eventid=us7000t2pj&format=geojson","felt":null,"cdi":null,"mmi":null,"alert":null,"status":"reviewed","tsunami":0,"sig":326,"net":"us","code":"7000t2pj","ids":",us7000t2pj,","sources":",us,","types":",origin,phase-data,","nst":28,"dmin":6.054,"rms":0.49,"gap":72,"magType":"mb","type":"earthquake","title":"M 4.6 - Mid-Indian Ridge"},"geometry":{"type":"Point","coordinates":[68.9348,-22.8935,10]},"id":"us7000t2pj"},
{"type":"Feature","properties":{"mag":4.7,"place":"southern Mid-Atlantic Ridge","time":1784252081467,"updated":1785715138040,"tz":null,"url":"https://earthquake.usgs.gov/earthquakes/eventpage/us7000t2ph","detail":"https://earthquake.usgs.gov/fdsnws/event/1/query?eventid=us7000t2ph&format=geojson","felt":null,"cdi":null,"mmi":null,"alert":null,"status":"reviewed","tsunami":0,"sig":340,"net":"us","code":"7000t2ph","ids":",us7000t2ph,","sources":",us,","types":",origin,phase-data,","nst":28,"dmin":3.597,"rms":0.41,"gap":139,"magType":"mb","type":"earthquake","title":"M 4.7 - southern Mid-Atlantic Ridge"},"geometry":{"type":"Point","coordinates":[-14.6466,-12.5783,10]},"id":"us7000t2ph"},
{"type":"Feature","properties":{"mag":4.9,"place":"43 km NE of Shwebo, Burma (Myanmar)","time":1784251566672,"updated":1785714706040,"tz":null,"url":"https://earthquake.usgs.gov/earthquakes/eventpage/us7000t173","detail":"https://earthquake.usgs.gov/fdsnws/event/1/query?eventid=us7000t173&format=geojson","felt":null,"cdi":null,"mmi":null,"alert":null,"status":"reviewed","tsunami":0,"sig":369,"net":"us","code":"7000t173","ids":",us7000t173,","sources":",us,","types":",origin,phase-data,","nst":140,"dmin":1.922,"rms":0.46,"gap":60,"magType":"mww","type":"earthquake","title":"M 4.9 - 43 km NE of Shwebo, Burma (Myanmar)"},"geometry":{"type":"Point","coordinates":[95.977,22.8649,10]},"id":"us7000t173"},
{"type":"Feature","properties":{"mag":4.7,"place":"southern Mid-Atlantic Ridge","time":1784251257920,"updated":1785713908040,"tz":null,"url":"https://earthquake.usgs.gov/earthquakes/eventpage/us7000t2pf","detail":"https://earthquake.usgs.gov/fdsnws/event/1/query?eventid=us7000t2pf&format=geojson","felt":null,"cdi":null,"mmi":null,"alert":null,"status":"reviewed","tsunami":0,"sig":340,"net":"us","code":"7000t2pf","ids":",us7000t2pf,","sources":",us,","types":",origin,phase-data,","nst":24,"dmin":4.849,"rms":0.64,"gap":122,"magType":"mb","type":"earthquake","title":"M 4.7 - southern Mid-Atlantic Ridge"},"geometry":{"type":"Point","coordinates":[-14.6162,-12.8055,10]},"id":"us7000t2pf"},
{"type":"Feature","properties":{"mag":4.8,"place":"268 km SSE of Dunhuang, China","time":1784250491157,"updated":1785710543040,"tz":null,"url":"https://earthquake.usgs.gov/earthquakes/eventpage/us7000t171","detail":"https://earthquake.usgs.gov/fdsnws/event/1/query?eventid=us7000t171&format=geojson","felt":null,"cdi":null,"mmi":null,"alert":null,"status":"reviewed","tsunami":0,"sig":354,"net":"us","code":"7000t171","ids":",us7000t171,","sources":",us,","types":",origin,phase-data,","nst":106,"dmin":6.853,"rms":0.51,"gap":108,"magType":"mb","type":"earthquake","title":"M 4.8 - 268 km SSE of Dunhuang, China"},"geometry":{"type":"Point","coordinates":[95.4673,37.8295,10]},"id":"us7000t171"},
{"type":"Feature","properties":{"mag":4.3,"place":"43 km E of Nishinoomote, Japan","time":1784250155771,"updated":1785710074040,"tz":null,"url":"https://earthquake.usgs.gov/earthquakes/eventpage/us7000t2pd","detail":"https://earthquake.usgs.gov/fdsnws/event/1/query?eventid=us7000t2pd&format=geojson","felt":null,"cdi":null,"mmi":null,"alert":null,"status":"reviewed","tsunami":0,"sig":284,"net":"us","code":"7000t2pd","ids":",us7000t2pd,","sources":",us,","types":",origin,phase-data,","nst":23,"dmin":1.103,"rms":0.5,"gap":125,"magType":"mb","type":"earthquake","title":"M 4.3 - 43 km E of Nishinoomote, Japan"},"geometry":{"type":"Point","coordinates":[131.4427,30.8029,43.744]},"id":"us7000t2pd"}],"bbox":[-179.9609,-65.0783,0.2,179.9404,81.4623,655.67]}