{"type":"FeatureCollection","features":[{"type":"Feature","id":210010,"geometry":{"type":"Point","coordinates":[6.85,50.17]},"properties":{"Volcano_Number":210010,"Volcano_Name":"West Eifel Volcanic Field","Country":"Germany","Primary_Volcano_Type":"Volcanic field","Last_Eruption_Year":-8300,"Region":"European Volcanic Regions"}},{"type":"Feature","id":210020,"geometry":{"type":"Point","coordinates":[2.981,45.786]},"properties":{"Volcano_Number":210020,"Volcano_Name":"Chaine des Puys","Country":"France","Primary_Volcano_Type":"Lava dome(s)","Last_Eruption_Year":-4040,"Region":"European Volcanic Regions"}},{"type":"Feature","id":210030,"geometry":{"type":"Point","coordinates":[2.53,42.17]},"properties":{"Volcano_Number":210030,"Volcano_Name":"Olot Volcanic Field","Country":"Spain","Primary_Volcano_Type":"Volcanic field","Last_Eruption_Year":null,"Region":"European Volcanic Regions"}},{"type":"Feature","id":210040,"geometry":{"type":"Point","coordinates":[-4.02,38.87]},"properties":{"Volcano_Number":210040,"Volcano_Name":"Calatrava Volcanic Field","Country":"Spain","Primary_Volcano_Type":"Volcanic field","Last_Eruption_Year":-3600,"Region":"European Volcanic Regions"}},{"type":"Feature","id":211004,"geometry":{"type":"Point","coordinates":[12.7251,41.7569]},"properties":{"Volcano_Number":211004,"Volcano_Name":"Colli Albani","Country":"Italy","Primary_Volcano_Type":"Caldera","Last_Eruption_Year":null,"Region":"European Volcanic Regions"}},{"type":"Feature","id":211010,"geometry":{"type":"Point","coordinates":[14.139,40.827]},"properties":{"Volcano_Number":211010,"Volcano_Name":"Campi Flegrei","Country":"Italy","Primary_Volcano_Type":"Caldera","Last_Eruption_Year":1538,"Region":"European Volcanic Regions"}},{"type":"Feature","id":211020,"geometry":{"type":"Point","coordinates":[14.426,40.821]},"properties":{"Volcano_Number":211020,"Volcano_Name":"Vesuvius","Country":"Italy","Primary_Volcano_Type":"Stratovolcano","Last_Eruption_Year":1944,"Region":"European Volcanic Regions"}},{"type":"Feature","id":211031,"geometry":{"type":"Point","coordinates":[14.83,39.48]},"properties":{"Volcano_Number":211031,"Volcano_Name":"Palinuro","Country":"Italy","Primary_Volcano_Type":"Compound","Last_Eruption_Year":-8040,"Region":"European Volcanic Regions"}},{"type":"Feature","id":211030,"geometry":{"type":"Point","coordinates":[13.897,40.73]},"properties":{"Volcano_Number":211030,"Volcano_Name":"Ischia","Country":"Italy","Primary_Volcano_Type":"Complex","Last_Eruption_Year":1302,"Region":"European Volcanic Regions"}},{"type":"Feature","id":211041,"geometry":{"type":"Point","coordinates":[15.064,38.638]},"properties":{"Volcano_Number":211041,"Volcano_Name":"Panarea","Country":"Italy","Primary_Volcano_Type":"Stratovolcano","Last_Eruption_Year":null,"Region":"European Volcanic Regions"}},{"type":"Feature","id":211042,"geometry":{"type":"Point","coordinates":[14.933,38.49]},"properties":{"Volcano_Number":211042,"Volcano_Name":"Lipari","Country":"Italy","Primary_Volcano_Type":"Stratovolcano(es)","Last_Eruption_Year":1230,"Region":"European Volcanic Regions"}},{"type":"Feature","id":211040,"geometry":{"type":"Point","coordinates":[15.213,38.789]},"properties":{"Volcano_Number":211040,"Volcano_Name":"Stromboli","Country":"Italy","Primary_Volcano_Type":"Stratovolcano","Last_Eruption_Year":2026,"Region":"European Volcanic Regions"}},{"type":"Feature","id":211050,"geometry":{"type":"Point","coordinates":[14.962,38.404]},"properties":{"Volcano_Number":211050,"Volcano_Name":"Vulcano","Country":"Italy","Primary_Volcano_Type":"Stratovolcano(es)","Last_Eruption_Year":1890,"Region":"European Volcanic Regions"}},{"type":"Feature","id":211060,"geometry":{"type":"Point","coordinates":[14.999,37.748]},"properties":{"Volcano_Number":211060,"Volcano_Name":"Etna","Country":"Italy","Primary_Volcano_Type":"Stratovolcano(es)","Last_Eruption_Year":2026,"Region":"European Volcanic Regions"}},{"type":"Feature","id":211071,"geometry":{"type":"Point","coordinates":[12.02,36.77]},"properties":{"Volcano_Number":211071,"Volcano_Name":"Pantelleria","Country":"Italy","Primary_Volcano_Type":"Shield","Last_Eruption_Year":1891,"Region":"European Volcanic Regions"}},{"type":"Feature","id":211070,"geometry":{"type":"Point","coordinates":[12.7,37.1]},"properties":{"Volcano_Number":211070,"Volcano_Name":"Campi Flegrei del Mar di Sicilia","Country":"Italy","Primary_Volcano_Type":"Volcanic field","Last_Eruption_Year":1867,"Region":"European Volcanic Regions"}},{"type":"Feature","id":212020,"geometry":{"type":"Point","coordinates":[23.3331,37.6186]},"properties":{"Volcano_Number":212020,"Volcano_Name":"Methana","Country":"Greece","Primary_Volcano_Type":"Lava dome(s)","Last_Eruption_Year":-258,"Region":"European Volcanic Regions"}},{"type":"Feature","id":212030,"geometry":{"type":"Point","coordinates":[24.439,36.699]},"properties":{"Volcano_Number":212030,"Volcano_Name":"Milos","Country":"Greece","Primary_Volcano_Type":"Stratovolcano(es)","Last_Eruption_Year":140,"Region":"European Volcanic Regions"}},{"type":"Feature","id":212040,"geometry":{"type":"Point","coordinates":[25.396,36.404]},"properties":{"Volcano_Number":212040,"Volcano_Name":"Santorini","Country":"Greece","Primary_Volcano_Type":"Shield(s)","Last_Eruption_Year":1950,"Region":"European Volcanic Regions"}},{"type":"Feature","id":212050,"geometry":{"type":"Point","coordinates":[27.1553,36.5888]},"properties":{"Volcano_Number":212050,"Volcano_Name":"Nisyros","Country":"Greece","Primary_Volcano_Type":"Stratovolcano","Last_Eruption_Year":1888,"Region":"European Volcanic Regions"}},{"type":"Feature","id":213000,"geometry":{"type":"Point","coordinates":[28.52,38.58]},"properties":{"Volcano_Number":213000,"Volcano_Name":"Kula","Country":"Turkiye","Primary_Volcano_Type":"Volcanic field","Last_Eruption_Year":null,"Region":"European Volcanic Regions"}},{"type":"Feature","id":213002,"geometry":{"type":"Point","coordinates":[34.17,38.13]},"properties":{"Volcano_Number":213002,"Volcano_Name":"Hasandag-Keciboyduran Volcanic Complex","Country":"Turkiye","Primary_Volcano_Type":"Stratovolcano","Last_Eruption_Year":null,"Region":"European Volcanic Regions"}},{"type":"Feature","id":213011,"geometry":{"type":"Point","coordinates":[39.83,37.67]},"properties":{"Volcano_Number":213011,"Volcano_Name":"Karaca Dag","Country":"Turkiye","Primary_Volcano_Type":"Shield","Last_Eruption_Year":null,"Region":"Arabia-Central Asia Volcanic Regions"}},{"type":"Feature","id":213010,"geometry":{"type":"Point","coordinates":[35.447,38.531]},"properties":{"Volcano_Number":213010,"Volcano_Name":"Erciyes Volcanic Complex","Country":"Turkiye","Primary_Volcano_Type":"Stratovolcano","Last_Eruption_Year":-6880,"Region":"European Volcanic Regions"}},{"type":"Feature","id":213020,"geometry":{"type":"Point","coordinates":[42.229,38.654]},"properties":{"Volcano_Number":213020,"Volcano_Name":"Nemrut Dagi","Country":"Turkiye","Primary_Volcano_Type":"Stratovolcano","Last_Eruption_Year":1650,"Region":"Arabia-Central Asia Volcanic Regions"}},{"type":"Feature","id":213030,"geometry":{"type":"Point","coordinates":[43.874,39.356]},"properties":{"Volcano_Number":213030,"Volcano_Name":"Tenduruk Dagi","Country":"Turkiye","Primary_Volcano_Type":"Shield","Last_Eruption_Year":1855,"Region":"Arabia-Central Asia Volcanic Regions"}},{"type":"Feature","id":213040,"geometry":{"type":"Point","coordinates":[44.3,39.7]},"properties":{"Volcano_Number":213040,"Volcano_Name":"Ararat","Country":"Turkiye","Primary_Volcano_Type":"Stratovolcano","Last_Eruption_Year":1840,"Region":"Arabia-Central Asia Volcanic Regions"}},{"type":"Feature","id":214010,"geometry":{"type":"Point","coordinates":[42.442,43.351]},"properties":{"Volcano_Number":214010,"Volcano_Name":"Elbrus","Country":"Russia","Primary_Volcano_Type":"Stratovolcano","Last_Eruption_Year":50,"Region":"Arabia-Central Asia Volcanic Regions"}},{"type":"Feature","id":214020,"geometry":{"type":"Point","coordinates":[44.5184,42.697]},"properties":{"Volcano_Number":214020,"Volcano_Name":"Kazbek","Country":"Georgia","Primary_Volcano_Type":"Stratovolcano","Last_Eruption_Year":-750,"Region":"Arabia-Central Asia Volcanic Regions"}},{"type":"Feature","id":214050,"geometry":{"type":"Point","coordinates":[43.7,41.542]},"properties":{"Volcano_Number":214050,"Volcano_Name":"Samsari Volcanic Center","Country":"Georgia","Primary_Volcano_Type":"Volcanic field","Last_Eruption_Year":null,"Region":"Arabia-Central Asia Volcanic Regions"}},{"type":"Feature","id":214060,"geometry":{"type":"Point","coordinates":[44.2,40.53]},"properties":{"Volcano_Number":214060,"Volcano_Name":"Aragats","Country":"Armenia","Primary_Volcano_Type":"Stratovolcano","Last_Eruption_Year":null,"Region":"Arabia-Central Asia Volcanic Regions"}},{"type":"Feature","id":214070,"geometry":{"type":"Point","coordinates":[45,40.283]},"properties":{"Volcano_Number":214070,"Volcano_Name":"Ghegham Volcanic Ridge","Country":"Armenia","Primary_Volcano_Type":"Volcanic field","Last_Eruption_Year":-1900,"Region":"Arabia-Central Asia Volcanic Regions"}},{"type":"Feature","id":214080,"geometry":{"type":"Point","coordinates":[45.497,39.797]},"properties":{"Volcano_Number":214080,"Volcano_Name":"Vaiyots-Sar","Country":"Armenia","Primary_Volcano_Type":"Pyroclastic cone(s)","Last_Eruption_Year":-2000,"Region":"Arabia-Central Asia Volcanic Regions"}},{"type":"Feature","id":214090,"geometry":{"type":"Point","coordinates":[45.74,40.028]},"properties":{"Volcano_Number":214090,"Volcano_Name":"Porak","Country":"Armenia-Azerbaijan","Primary_Volcano_Type":"Volcanic field","Last_Eruption_Year":-778,"Region":"Arabia-Central Asia Volcanic Regions"}},{"type":"Feature","id":214100,"geometry":{"type":"Point","coordinates":[45.992,39.742]},"properties":{"Volcano_Number":214100,"Volcano_Name":"Tskhouk-Karckar","Country":"Armenia-Azerbaijan","Primary_Volcano_Type":"Pyroclastic cone(s)","Last_Eruption_Year":-3000,"Region":"Arabia-Central Asia Volcanic Regions"}},{"type":"Feature","id":221010,"geometry":{"type":"Point","coordinates":[41.83,15.55]},"properties":{"Volcano_Number":221010,"Volcano_Name":"Tair, Jebel at","Country":"Yemen","Primary_Volcano_Type":"Stratovolcano","Last_Eruption_Year":2008,"Region":"Eastern Africa Volcanic Regions"}},{"type":"Feature","id":221021,"geometry":{"type":"Point","coordinates":[42.75,14.02]},"properties":{"Volcano_Number":221021,"Volcano_Name":"Zukur","Country":"Yemen","Primary_Volcano_Type":"Shield","Last_Eruption_Year":null,"Region":"Eastern Africa Volcanic Regions"}},{"type":"Feature","id":221022,"geometry":{"type":"Point","coordinates":[42.73,13.72]},"properties":{"Volcano_Number":221022,"Volcano_Name":"Hanish","Country":"Yemen","Primary_Volcano_Type":"Shield","Last_Eruption_Year":null,"Region":"Eastern Africa Volcanic Regions"}},{"type":"Feature","id":221020,"geometry":{"type":"Point","coordinates":[42.18,15.05]},"properties":{"Volcano_Number":221020,"Volcano_Name":"Zubair Group","Country":"Yemen","Primary_Volcano_Type":"Shield","Last_Eruption_Year":2013,"Region":"Eastern Africa Volcanic Regions"}},{"type":"Feature","id":221041,"geometry":{"type":"Point","coordinates":[40.3,14.242]},"properties":{"Volcano_Number":221041,"Volcano_Name":"Dallol","Country":"Ethiopia","Primary_Volcano_Type":"Explosion crater(s)","Last_Eruption_Year":2011,"Region":"Eastern Africa Volcanic Regions"}},{"type":"Feature","id":221040,"geometry":{"type":"Point","coordinates":[39.92,14.88]},"properties":{"Volcano_Number":221040,"Volcano_Name":"Alid","Country":"Eritrea","Primary_Volcano_Type":"Stratovolcano","Last_Eruption_Year":null,"Region":"Eastern Africa Volcanic Regions"}},{"type":"Feature","id":221050,"geometry":{"type":"Point","coordinates":[40.408,13.975]},"properties":{"Volcano_Number":221050,"Volcano_Name":"Gada Ale","Country":"Ethiopia","Primary_Volcano_Type":"Stratovolcano","Last_Eruption_Year":null,"Region":"Eastern Africa Volcanic Regions"}},{"type":"Feature","id":221060,"geometry":{"type":"Point","coordinates":[40.553,13.793]},"properties":{"Volcano_Number":221060,"Volcano_Name":"Alu-Dalafilla","Country":"Ethiopia","Primary_Volcano_Type":"Fissure vent(s)","Last_Eruption_Year":2008,"Region":"Eastern Africa Volcanic Regions"}},{"type":"Feature","id":221071,"geometry":{"type":"Point","coordinates":[40.6,13.725]},"properties":{"Volcano_Number":221071,"Volcano_Name":"Bora Ale","Country":"Ethiopia","Primary_Volcano_Type":"Stratovolcano","Last_Eruption_Year":null,"Region":"Eastern Africa Volcanic Regions"}},{"type":"Feature","id":221080,"geometry":{"type":"Point","coordinates":[40.666,13.601]},"properties":{"Volcano_Number":221080,"Volcano_Name":"Erta Ale","Country":"Ethiopia","Primary_Volcano_Type":"Shield","Last_Eruption_Year":2025,"Region":"Eastern Africa Volcanic Regions"}},{"type":"Feature","id":221091,"geometry":{"type":"Point","coordinates":[40.7161,13.5111]},"properties":{"Volcano_Number":221091,"Volcano_Name":"Hayli Gubbi","Country":"Ethiopia","Primary_Volcano_Type":"Shield","Last_Eruption_Year":2025,"Region":"Eastern Africa Volcanic Regions"}},{"type":"Feature","id":221090,"geometry":{"type":"Point","coordinates":[40.631,13.512]},"properties":{"Volcano_Number":221090,"Volcano_Name":"Ale Bagu","Country":"Ethiopia","Primary_Volcano_Type":"Stratovolcano","Last_Eruption_Year":null,"Region":"Eastern Africa Volcanic Regions"}},{"type":"Feature","id":221101,"geometry":{"type":"Point","coordinates":[41.7,13.37]},"properties":{"Volcano_Number":221101,"Volcano_Name":"Nabro","Country":"Eritrea","Primary_Volcano_Type":"Stratovolcano","Last_Eruption_Year":2012,"Region":"Eastern Africa Volcanic Regions"}},{"type":"Feature","id":221102,"geometry":{"type":"Point","coordinates":[41.65,13.27]},"properties":{"Volcano_Number":221102,"Volcano_Name":"Mallahle","Country":"Ethiopia-Eritrea","Primary_Volcano_Type":"Stratovolcano","Last_Eruption_Year":null,"Region":"Eastern Africa Volcanic Regions"}},{"type":"Feature","id":221103,"geometry":{"type":"Point","coordinates":[41.725,13.18]},"properties":{"Volcano_Number":221103,"Volcano_Name":"Sork Ale","Country":"Ethiopia-Eritrea","Primary_Volcano_Type":"Stratovolcano","Last_Eruption_Year":null,"Region":"Eastern Africa Volcanic Regions"}},{"type":"Feature","id":221104,"geometry":{"type":"Point","coordinates":[41.599,13.098]},"properties":{"Volcano_Number":221104,"Volcano_Name":"Asavyo","Country":"Ethiopia","Primary_Volcano_Type":"Shield","Last_Eruption_Year":null,"Region":"Eastern Africa Volcanic Regions"}},{"type":"Feature","id":221105,"geometry":{"type":"Point","coordinates":[41.161,13.106]},"properties":{"Volcano_Number":221105,"Volcano_Name":"Mat Ala","Country":"Ethiopia","Primary_Volcano_Type":"Shield","Last_Eruption_Year":null,"Region":"Eastern Africa Volcanic Regions"}},{"type":"Feature","id":221106,"geometry":{"type":"Point","coordinates":[41.063,13.284]},"properties":{"Volcano_Number":221106,"Volcano_Name":"Tat Ali","Country":"Ethiopia","Primary_Volcano_Type":"Shield","Last_Eruption_Year":null,"Region":"Eastern Africa Volcanic Regions"}},{"type":"Feature","id":221107,"geometry":{"type":"Point","coordinates":[40.987,13.304]},"properties":{"Volcano_Number":221107,"Volcano_Name":"Borawli","Country":"Ethiopia","Primary_Volcano_Type":"Stratovolcano","Last_Eruption_Year":null,"Region":"Eastern Africa Volcanic Regions"}},{"type":"Feature","id":221100,"geometry":{"type":"Point","coordinates":[41.809,13.579]},"properties":{"Volcano_Number":221100,"Volcano_Name":"Dubbi","Country":"Eritrea","Primary_Volcano_Type":"Stratovolcano","Last_Eruption_Year":1861,"Region":"Eastern Africa Volcanic Regions"}},{"type":"Feature","id":221111,"geometry":{"type":"Point","coordinates":[40.185,13.013]},"properties":{"Volcano_Number":221111,"Volcano_Name":"Ma Alalta","Country":"Ethiopia","Primary_Volcano_Type":"Stratovolcano","Last_Eruption_Year":null,"Region":"Eastern Africa Volcanic Regions"}},{"type":"Feature","id":221112,"geometry":{"type":"Point","coordinates":[40.573,12.888]},"properties":{"Volcano_Number":221112,"Volcano_Name":"Alayta","Country":"Ethiopia","Primary_Volcano_Type":"Shield","Last_Eruption_Year":1915,"Region":"Eastern Africa Volcanic Regions"}},{"type":"Feature","id":221113,"geometry":{"type":"Point","coordinates":[40.48,12.595]},"properties":{"Volcano_Number":221113,"Volcano_Name":"Dabbahu","Country":"Ethiopia","Primary_Volcano_Type":"Stratovolcano","Last_Eruption_Year":2005,"Region":"Eastern Africa Volcanic Regions"}},{"type":"Feature","id":221114,"geometry":{"type":"Point","coordinates":[40.07,12.38]},"properties":{"Volcano_Number":221114,"Volcano_Name":"Dabbayra","Country":"Ethiopia","Primary_Volcano_Type":"Shield","Last_Eruption_Year":null,"Region":"Eastern Africa Volcanic Regions"}},{"type":"Feature","id":221115,"geometry":{"type":"Point","coordinates":[40.82,12.17]},"properties":{"Volcano_Number":221115,"Volcano_Name":"Manda Hararo","Country":"Ethiopia","Primary_Volcano_Type":"Shield(s)","Last_Eruption_Year":2009,"Region":"Eastern Africa Volcanic Regions"}},{"type":"Feature","id":221116,"geometry":{"type":"Point","coordinates":[40.242,11.816]},"properties":{"Volcano_Number":221116,"Volcano_Name":"Groppo","Country":"Ethiopia","Primary_Volcano_Type":"Volcanic field","Last_Eruption_Year":null,"Region":"Eastern Africa Volcanic Regions"}},{"type":"Feature","id":221110,"geometry":{"type":"Point","coordinates":[40.853,13.088]},"properties":{"Volcano_Number":221110,"Volcano_Name":"Afdera","Country":"Ethiopia","Primary_Volcano_Type":"Stratovolcano","Last_Eruption_Year":null,"Region":"Eastern Africa Volcanic Regions"}},{"type":"Feature","id":221127,"geometry":{"type":"Point","coordinates":[41.48,11.75]},"properties":{"Volcano_Number":221127,"Volcano_Name":"Manda Gargori","Country":"Ethiopia","Primary_Volcano_Type":"Fissure vent(s)","Last_Eruption_Year":null,"Region":"Eastern Africa Volcanic Regions"}},{"type":"Feature","id":221122,"geometry":{"type":"Point","coordinates":[42.2,12.38]},"properties":{"Volcano_Number":221122,"Volcano_Name":"Manda-Inakir","Country":"Ethiopia-Djibouti","Primary_Volcano_Type":"Fissure vent(s)","Last_Eruption_Year":1928,"Region":"Eastern Africa Volcanic Regions"}},{"type":"Feature","id":221123,"geometry":{"type":"Point","coordinates":[42.404,12.469]},"properties":{"Volcano_Number":221123,"Volcano_Name":"Mousa Alli","Country":"Ethiopia-Eritrea-Djibouti","Primary_Volcano_Type":"Stratovolcano","Last_Eruption_Year":null,"Region":"Eastern Africa Volcanic Regions"}},{"type":"Feature","id":221124,"geometry":{"type":"Point","coordinates":[42.53,12.55]},"properties":{"Volcano_Number":221124,"Volcano_Name":"Gufa","Country":"Eritrea-Djibouti","Primary_Volcano_Type":"Volcanic field","Last_Eruption_Year":null,"Region":"Eastern Africa Volcanic Regions"}},{"type":"Feature","id":221125,"geometry":{"type":"Point","coordinates":[42.43,12.95]},"properties":{"Volcano_Number":221125,"Volcano_Name":"Assab Volcanic Field","Country":"Eritrea","Primary_Volcano_Type":"Volcanic field","Last_Eruption_Year":null,"Region":"Eastern Africa Volcanic Regions"}},{"type":"Feature","id":221126,"geometry":{"type":"Point","coordinates":[42.47,11.58]},"properties":{"Volcano_Number":221126,"Volcano_Name":"Ardoukoba","Country":"Djibouti","Primary_Volcano_Type":"Fissure vent(s)","Last_Eruption_Year":1978,"Region":"Eastern Africa Volcanic Regions"}},{"type":"Feature","id":221120,"geometry":{"type":"Point","coordinates":[41.208,11.88]},"properties":{"Volcano_Number":221120,"Volcano_Name":"Kurub","Country":"Ethiopia","Primary_Volcano_Type":"Shield","Last_Eruption_Year":null,"Region":"Eastern Africa Volcanic Regions"}},{"type":"Feature","id":221141,"geometry":{"type":"Point","coordinates":[41.63,11.28]},"properties":{"Volcano_Number":221141,"Volcano_Name":"Dama Ali","Country":"Ethiopia","Primary_Volcano_Type":"Shield","Last_Eruption_Year":1631,"Region":"Eastern Africa Volcanic Regions"}},{"type":"Feature","id":221151,"geometry":{"type":"Point","coordinates":[41.042,10.58]},"properties":{"Volcano_Number":221151,"Volcano_Name":"Yangudi","Country":"Ethiopia","Primary_Volcano_Type":"Complex","Last_Eruption_Year":null,"Region":"Eastern Africa Volcanic Regions"}},{"type":"Feature","id":221150,"geometry":{"type":"Point","coordinates":[41.27,11.08]},"properties":{"Volcano_Number":221150,"Volcano_Name":"Gabillema","Country":"Ethiopia","Primary_Volcano_Type":"Stratovolcano","Last_Eruption_Year":null,"Region":"Eastern Africa Volcanic Regions"}},{"type":"Feature","id":221160,"geometry":{"type":"Point","coordinates":[40.702,10.082]},"properties":{"Volcano_Number":221160,"Volcano_Name":"Ayelu","Country":"Ethiopia","Primary_Volcano_Type":"Stratovolcano","Last_Eruption_Year":null,"Region":"Eastern Africa Volcanic Regions"}},{"type":"Feature","id":221171,"geometry":{"type":"Point","coordinates":[40.33,9.78]},"properties":{"Volcano_Number":221171,"Volcano_Name":"Hertali","Country":"Ethiopia","Primary_Volcano_Type":"Fissure vent","Last_Eruption_Year":null,"Region":"Eastern Africa Volcanic Regions"}},{"type":"Feature","id":221172,"geometry":{"type":"Point","coordinates":[40.28,9.57]},"properties":{"Volcano_Number":221172,"Volcano_Name":"Liado Hayk","Country":"Ethiopia","Primary_Volcano_Type":"Volcanic field","Last_Eruption_Year":null,"Region":"Eastern Africa Volcanic Regions"}},{"type":"Feature","id":221170,"geometry":{"type":"Point","coordinates":[40.831,10.063]},"properties":{"Volcano_Number":221170,"Volcano_Name":"Adwa","Country":"Ethiopia","Primary_Volcano_Type":"Stratovolcano","Last_Eruption_Year":null,"Region":"Eastern Africa Volcanic Regions"}},{"type":"Feature","id":221180,"geometry":{"type":"Point","coordinates":[40.13,9.35]},"properties":{"Volcano_Number":221180,"Volcano_Name":"Dofen","Country":"Ethiopia","Primary_Volcano_Type":"Shield","Last_Eruption_Year":null,"Region":"Eastern Africa Volcanic Regions"}},{"type":"Feature","id":221191,"geometry":{"type":"Point","coordinates":[39.75,8.95]},"properties":{"Volcano_Number":221191,"Volcano_Name":"Beru","Country":"Ethiopia","Primary_Volcano_Type":"Volcanic field","Last_Eruption_Year":null,"Region":"Eastern Africa Volcanic Regions"}},{"type":"Feature","id":221190,"geometry":{"type":"Point","coordinates":[39.906,8.985]},"properties":{"Volcano_Number":221190,"Volcano_Name":"Fentale","Country":"Ethiopia","Primary_Volcano_Type":"Stratovolcano","Last_Eruption_Year":1789,"Region":"Eastern Africa Volcanic Regions"}},{"type":"Feature","id":221200,"geometry":{"type":"Point","coordinates":[39.6946,8.8105]},"properties":{"Volcano_Number":221200,"Volcano_Name":"Kone","Country":"Ethiopia","Primary_Volcano_Type":"Caldera(s)","Last_Eruption_Year":1820,"Region":"Eastern Africa Volcanic Regions"}},{"type":"Feature","id":221210,"geometry":{"type":"Point","coordinates":[39.475,8.558]},"properties":{"Volcano_Number":221210,"Volcano_Name":"Boset","Country":"Ethiopia","Primary_Volcano_Type":"Stratovolcano(es)","Last_Eruption_Year":null,"Region":"Eastern Africa Volcanic Regions"}},{"type":"Feature","id":221220,"geometry":{"type":"Point","coordinates":[38.98,8.78]},"properties":{"Volcano_Number":221220,"Volcano_Name":"Bishoftu Volcanic Field","Country":"Ethiopia","Primary_Volcano_Type":"Volcanic field","Last_Eruption_Year":null,"Region":"Eastern Africa Volcanic Regions"}},{"type":"Feature","id":221222,"geometry":{"type":"Point","coordinates":[39.35,8.43]},"properties":{"Volcano_Number":221222,"Volcano_Name":"Melkassa","Country":"Ethiopia","Primary_Volcano_Type":"Volcanic field","Last_Eruption_Year":null,"Region":"Eastern Africa Volcanic Regions"}},{"type":"Feature","id":221230,"geometry":{"type":"Point","coordinates":[39.172,8.363]},"properties":{"Volcano_Number":221230,"Volcano_Name":"Gedemsa","Country":"Ethiopia","Primary_Volcano_Type":"Caldera","Last_Eruption_Year":null,"Region":"Eastern Africa Volcanic Regions"}},{"type":"Feature","id":221250,"geometry":{"type":"Point","coordinates":[39.0812,8.2114]},"properties":{"Volcano_Number":221250,"Volcano_Name":"Bora-Bericha-Tullu Moye","Country":"Ethiopia","Primary_Volcano_Type":"Pyroclastic cone","Last_Eruption_Year":1900,"Region":"Eastern Africa Volcanic Regions"}},{"type":"Feature","id":221252,"geometry":{"type":"Point","coordinates":[38.902,7.874]},"properties":{"Volcano_Number":221252,"Volcano_Name":"East Ziway","Country":"Ethiopia","Primary_Volcano_Type":"Fissure vent(s)","Last_Eruption_Year":null,"Region":"Eastern Africa Volcanic Regions"}},{"type":"Feature","id":221260,"geometry":{"type":"Point","coordinates":[38.35,8.05]},"properties":{"Volcano_Number":221260,"Volcano_Name":"Butajiri-Silti Field","Country":"Ethiopia","Primary_Volcano_Type":"Volcanic field","Last_Eruption_Year":null,"Region":"Eastern Africa Volcanic Regions"}},{"type":"Feature","id":221270,"geometry":{"type":"Point","coordinates":[38.78,7.77]},"properties":{"Volcano_Number":221270,"Volcano_Name":"Aluto","Country":"Ethiopia","Primary_Volcano_Type":"Stratovolcano","Last_Eruption_Year":1550,"Region":"Eastern Africa Volcanic Regions"}},{"type":"Feature","id":221280,"geometry":{"type":"Point","coordinates":[38.5571,7.4569]},"properties":{"Volcano_Number":221280,"Volcano_Name":"Shala","Country":"Ethiopia","Primary_Volcano_Type":"Caldera","Last_Eruption_Year":null,"Region":"Eastern Africa Volcanic Regions"}},{"type":"Feature","id":221290,"geometry":{"type":"Point","coordinates":[38.39,7.193]},"properties":{"Volcano_Number":221290,"Volcano_Name":"Corbetti","Country":"Ethiopia","Primary_Volcano_Type":"Caldera","Last_Eruption_Year":-396,"Region":"Eastern Africa Volcanic Regions"}},{"type":"Feature","id":221291,"geometry":{"type":"Point","coordinates":[38.1,7.07]},"properties":{"Volcano_Number":221291,"Volcano_Name":"Bilate River Field","Country":"Ethiopia","Primary_Volcano_Type":"Volcanic field","Last_Eruption_Year":null,"Region":"Eastern Africa Volcanic Regions"}},{"type":"Feature","id":221320,"geometry":{"type":"Point","coordinates":[35.892,5.117]},"properties":{"Volcano_Number":221320,"Volcano_Name":"Korath Range","Country":"Ethiopia","Primary_Volcano_Type":"Tuff cone(s)","Last_Eruption_Year":null,"Region":"Eastern Africa Volcanic Regions"}},{"type":"Feature","id":222001,"geometry":{"type":"Point","coordinates":[36.0458,4.0631]},"properties":{"Volcano_Number":222001,"Volcano_Name":"Lake Turkana North Island","Country":"Kenya","Primary_Volcano_Type":"Tuff cone(s)","Last_Eruption_Year":null,"Region":"Eastern Africa Volcanic Regions"}},{"type":"Feature","id":222010,"geometry":{"type":"Point","coordinates":[36.0365,3.496]},"properties":{"Volcano_Number":222010,"Volcano_Name":"Lake Turkana Central Island","Country":"Kenya","Primary_Volcano_Type":"Tuff cone(s)","Last_Eruption_Year":null,"Region":"Eastern Africa Volcanic Regions"}},{"type":"Feature","id":222021,"geometry":{"type":"Point","coordinates":[37.97,2.32]},"properties":{"Volcano_Number":222021,"Volcano_Name":"Marsabit","Country":"Kenya","Primary_Volcano_Type":"Shield","Last_Eruption_Year":null,"Region":"Eastern Africa Volcanic Regions"}},{"type":"Feature","id":222020,"geometry":{"type":"Point","coordinates":[36.5958,2.6364]},"properties":{"Volcano_Number":222020,"Volcano_Name":"Lake Turkana South Island","Country":"Kenya","Primary_Volcano_Type":"Stratovolcano","Last_Eruption_Year":1888,"Region":"Eastern Africa Volcanic Regions"}},{"type":"Feature","id":222030,"geometry":{"type":"Point","coordinates":[36.57,2.32]},"properties":{"Volcano_Number":222030,"Volcano_Name":"Barrier, The","Country":"Kenya","Primary_Volcano_Type":"Shield","Last_Eruption_Year":1921,"Region":"Eastern Africa Volcanic Regions"}},{"type":"Feature","id":222040,"geometry":{"type":"Point","coordinates":[36.43,1.98]},"properties":{"Volcano_Number":222040,"Volcano_Name":"Namarunu","Country":"Kenya","Primary_Volcano_Type":"Shield","Last_Eruption_Year":-6550,"Region":"Eastern Africa Volcanic Regions"}},{"type":"Feature","id":222050,"geometry":{"type":"Point","coordinates":[37.9,1.57]},"properties":{"Volcano_Number":222050,"Volcano_Name":"Segererua Plateau","Country":"Kenya","Primary_Volcano_Type":"Pyroclastic cone(s)","Last_Eruption_Year":null,"Region":"Eastern Africa Volcanic Regions"}},{"type":"Feature","id":222051,"geometry":{"type":"Point","coordinates":[36.33,1.5]},"properties":{"Volcano_Number":222051,"Volcano_Name":"Emuruangogolak","Country":"Kenya","Primary_Volcano_Type":"Shield","Last_Eruption_Year":1910,"Region":"Eastern Africa Volcanic Regions"}},{"type":"Feature","id":222052,"geometry":{"type":"Point","coordinates":[36.23,1.15]},"properties":{"Volcano_Number":222052,"Volcano_Name":"Silali","Country":"Kenya","Primary_Volcano_Type":"Shield","Last_Eruption_Year":-5050,"Region":"Eastern Africa Volcanic Regions"}},{"type":"Feature","id":222053,"geometry":{"type":"Point","coordinates":[36.18,0.92]},"properties":{"Volcano_Number":222053,"Volcano_Name":"Paka","Country":"Kenya","Primary_Volcano_Type":"Shield","Last_Eruption_Year":-7550,"Region":"Eastern Africa Volcanic Regions"}},{"type":"Feature","id":222054,"geometry":{"type":"Point","coordinates":[36.12,0.77]},"properties":{"Volcano_Number":222054,"Volcano_Name":"Korosi","Country":"Kenya","Primary_Volcano_Type":"Shield","Last_Eruption_Year":null,"Region":"Eastern Africa Volcanic Regions"}},{"type":"Feature","id":222055,"geometry":{"type":"Point","coordinates":[36.075,0.62]},"properties":{"Volcano_Number":222055,"Volcano_Name":"Ol Kokwe","Country":"Kenya","Primary_Volcano_Type":"Shield","Last_Eruption_Year":null,"Region":"Eastern Africa Volcanic Regions"}},{"type":"Feature","id":222056,"geometry":{"type":"Point","coordinates":[37.87,0.23]},"properties":{"Volcano_Number":222056,"Volcano_Name":"Nyambeni Hills","Country":"Kenya","Primary_Volcano_Type":"Shield","Last_Eruption_Year":null,"Region":"Eastern Africa Volcanic Regions"}},{"type":"Feature","id":222060,"geometry":{"type":"Point","coordinates":[36.07,-0.2]},"properties":{"Volcano_Number":222060,"Volcano_Name":"Menengai","Country":"Kenya","Primary_Volcano_Type":"Shield","Last_Eruption_Year":-6050,"Region":"Eastern Africa Volcanic Regions"}},{"type":"Feature","id":222071,"geometry":{"type":"Point","coordinates":[36.249,-0.546]},"properties":{"Volcano_Number":222071,"Volcano_Name":"Elmenteita Badlands","Country":"Kenya","Primary_Volcano_Type":"Pyroclastic cone(s)","Last_Eruption_Year":null,"Region":"Eastern Africa Volcanic Regions"}},{"type":"Feature","id":222070,"geometry":{"type":"Point","coordinates":[34.5,-0.38]},"properties":{"Volcano_Number":222070,"Volcano_Name":"Homa Mountain","Country":"Kenya","Primary_Volcano_Type":"Complex","Last_Eruption_Year":null,"Region":"Eastern Africa Volcanic Regions"}},{"type":"Feature","id":222080,"geometry":{"type":"Point","coordinates":[36.22,-0.65]},"properties":{"Volcano_Number":222080,"Volcano_Name":"Eburru, Ol Doinyo","Country":"Kenya","Primary_Volcano_Type":"Complex","Last_Eruption_Year":null,"Region":"Eastern Africa Volcanic Regions"}},{"type":"Feature","id":222090,"geometry":{"type":"Point","coordinates":[36.292,-0.904]},"properties":{"Volcano_Number":222090,"Volcano_Name":"Olkaria","Country":"Kenya","Primary_Volcano_Type":"Pyroclastic cone(s)","Last_Eruption_Year":1770,"Region":"Eastern Africa Volcanic Regions"}},{"type":"Feature","id":222100,"geometry":{"type":"Point","coordinates":[36.446,-0.914]},"properties":{"Volcano_Number":222100,"Volcano_Name":"Longonot","Country":"Kenya","Primary_Volcano_Type":"Stratovolcano","Last_Eruption_Year":1863,"Region":"Eastern Africa Volcanic Regions"}},{"type":"Feature","id":222110,"geometry":{"type":"Point","coordinates":[36.357,-1.151]},"properties":{"Volcano_Number":222110,"Volcano_Name":"Suswa","Country":"Kenya","Primary_Volcano_Type":"Shield","Last_Eruption_Year":null,"Region":"Eastern Africa Volcanic Regions"}},{"type":"Feature","id":222120,"geometry":{"type":"Point","coordinates":[35.914,-2.764]},"properties":{"Volcano_Number":222120,"Volcano_Name":"Lengai, Ol Doinyo","Country":"Tanzania","Primary_Volcano_Type":"Stratovolcano","Last_Eruption_Year":2026,"Region":"Eastern Africa Volcanic Regions"}},{"type":"Feature","id":222130,"geometry":{"type":"Point","coordinates":[37.88,-2.68]},"properties":{"Volcano_Number":222130,"Volcano_Name":"Chyulu Hills","Country":"Kenya","Primary_Volcano_Type":"Volcanic field","Last_Eruption_Year":1855,"Region":"Eastern Africa Volcanic Regions"}},{"type":"Feature","id":222164,"geometry":{"type":"Point","coordinates":[33.552,-9.0036]},"properties":{"Volcano_Number":222164,"Volcano_Name":"Ngozi","Country":"Tanzania","Primary_Volcano_Type":"Caldera","Last_Eruption_Year":1450,"Region":"Eastern Africa Volcanic Regions"}},{"type":"Feature","id":222166,"geometry":{"type":"Point","coordinates":[33.668,-9.135]},"properties":{"Volcano_Number":222166,"Volcano_Name":"Rungwe","Country":"Tanzania","Primary_Volcano_Type":"Stratovolcano","Last_Eruption_Year":1250,"Region":"Eastern Africa Volcanic Regions"}},{"type":"Feature","id":222160,"geometry":{"type":"Point","coordinates":[36.75,-3.244]},"properties":{"Volcano_Number":222160,"Volcano_Name":"Meru","Country":"Tanzania","Primary_Volcano_Type":"Stratovolcano","Last_Eruption_Year":1910,"Region":"Eastern Africa Volcanic Regions"}},{"type":"Feature","id":222170,"geometry":{"type":"Point","coordinates":[33.792,-9.229]},"properties":{"Volcano_Number":222170,"Volcano_Name":"Kyejo","Country":"Tanzania","Primary_Volcano_Type":"Stratovolcano","Last_Eruption_Year":1800,"Region":"Eastern Africa Volcanic Regions"}},{"type":"Feature","id":223001,"geometry":{"type":"Point","coordinates":[30.25,0.7]},"properties":{"Volcano_Number":223001,"Volcano_Name":"Fort Portal Volcanic Field","Country":"Uganda","Primary_Volcano_Type":"Volcanic field","Last_Eruption_Year":-2120,"Region":"Eastern Africa Volcanic Regions"}},{"type":"Feature","id":223002,"geometry":{"type":"Point","coordinates":[30.275,0.4583]},"properties":{"Volcano_Number":223002,"Volcano_Name":"Ndali-Kasenda Volcanic Field","Country":"Uganda","Primary_Volcano_Type":"Volcanic field","Last_Eruption_Year":null,"Region":"Eastern Africa Volcanic Regions"}},{"type":"Feature","id":223020,"geometry":{"type":"Point","coordinates":[29.2,-1.408]},"properties":{"Volcano_Number":223020,"Volcano_Name":"Nyamulagira","Country":"DR Congo","Primary_Volcano_Type":"Shield","Last_Eruption_Year":2026,"Region":"Eastern Africa Volcanic Regions"}},{"type":"Feature","id":223030,"geometry":{"type":"Point","coordinates":[29.25,-1.52]},"properties":{"Volcano_Number":223030,"Volcano_Name":"Nyiragongo","Country":"DR Congo","Primary_Volcano_Type":"Stratovolcano","Last_Eruption_Year":2026,"Region":"Eastern Africa Volcanic Regions"}},{"type":"Feature","id":223040,"geometry":{"type":"Point","coordinates":[29.45,-1.506]},"properties":{"Volcano_Number":223040,"Volcano_Name":"Karisimbi","Country":"DR Congo-Rwanda","Primary_Volcano_Type":"Stratovolcano","Last_Eruption_Year":-8050,"Region":"Eastern Africa Volcanic Regions"}},{"type":"Feature","id":224004,"geometry":{"type":"Point","coordinates":[8.762,3.588]},"properties":{"Volcano_Number":224004,"Volcano_Name":"Basile, Pico","Country":"Equatorial Guinea","Primary_Volcano_Type":"Shield","Last_Eruption_Year":1923,"Region":"Northern Africa Volcanic Regions"}},{"type":"Feature","id":224011,"geometry":{"type":"Point","coordinates":[9.717,4.758]},"properties":{"Volcano_Number":224011,"Volcano_Name":"Tombel Graben","Country":"Cameroon","Primary_Volcano_Type":"Volcanic field","Last_Eruption_Year":null,"Region":"Northern Africa Volcanic Regions"}},{"type":"Feature","id":224010,"geometry":{"type":"Point","coordinates":[9.17,4.203]},"properties":{"Volcano_Number":224010,"Volcano_Name":"Cameroon","Country":"Cameroon","Primary_Volcano_Type":"Stratovolcano","Last_Eruption_Year":2000,"Region":"Northern Africa Volcanic Regions"}},{"type":"Feature","id":224030,"geometry":{"type":"Point","coordinates":[10.5,6.25]},"properties":{"Volcano_Number":224030,"Volcano_Name":"Oku Volcanic Field","Country":"Cameroon","Primary_Volcano_Type":"Volcanic field","Last_Eruption_Year":null,"Region":"Northern Africa Volcanic Regions"}},{"type":"Feature","id":225001,"geometry":{"type":"Point","coordinates":[8.5,17.68]},"properties":{"Volcano_Number":225001,"Volcano_Name":"Todra Volcanic Field","Country":"Niger","Primary_Volcano_Type":"Volcanic field","Last_Eruption_Year":null,"Region":"Northern Africa Volcanic Regions"}},{"type":"Feature","id":225004,"geometry":{"type":"Point","coordinates":[5,22.67]},"properties":{"Volcano_Number":225004,"Volcano_Name":"Tahalra Volcanic Field","Country":"Algeria","Primary_Volcano_Type":"Volcanic field","Last_Eruption_Year":null,"Region":"Northern Africa Volcanic Regions"}},{"type":"Feature","id":225005,"geometry":{"type":"Point","coordinates":[5.83,23.33]},"properties":{"Volcano_Number":225005,"Volcano_Name":"Atakor Volcanic Field","Country":"Algeria","Primary_Volcano_Type":"Volcanic field","Last_Eruption_Year":null,"Region":"Northern Africa Volcanic Regions"}},{"type":"Feature","id":225006,"geometry":{"type":"Point","coordinates":[5.83,23.92]},"properties":{"Volcano_Number":225006,"Volcano_Name":"Manzaz Volcanic Field","Country":"Algeria","Primary_Volcano_Type":"Volcanic field","Last_Eruption_Year":null,"Region":"Northern Africa Volcanic Regions"}},{"type":"Feature","id":225009,"geometry":{"type":"Point","coordinates":[16.33,21.33]},"properties":{"Volcano_Number":225009,"Volcano_Name":"Toh, Tarso","Country":"Chad","Primary_Volcano_Type":"Volcanic field","Last_Eruption_Year":null,"Region":"Northern Africa Volcanic Regions"}},{"type":"Feature","id":225010,"geometry":{"type":"Point","coordinates":[16.473,21.0408]},"properties":{"Volcano_Number":225010,"Volcano_Name":"Tousside, Tarso","Country":"Chad","Primary_Volcano_Type":"Stratovolcano","Last_Eruption_Year":null,"Region":"Northern Africa Volcanic Regions"}},{"type":"Feature","id":225021,"geometry":{"type":"Point","coordinates":[18.53,19.8]},"properties":{"Volcano_Number":225021,"Volcano_Name":"Koussi, Emi","Country":"Chad","Primary_Volcano_Type":"Shield(pyroclastic)","Last_Eruption_Year":null,"Region":"Northern Africa Volcanic Regions"}},{"type":"Feature","id":225020,"geometry":{"type":"Point","coordinates":[17.28,20.92]},"properties":{"Volcano_Number":225020,"Volcano_Name":"Voon, Tarso","Country":"Chad","Primary_Volcano_Type":"Stratovolcano","Last_Eruption_Year":null,"Region":"Northern Africa Volcanic Regions"}},{"type":"Feature","id":225030,"geometry":{"type":"Point","coordinates":[24.27,12.95]},"properties":{"Volcano_Number":225030,"Volcano_Name":"Marra, Jebel","Country":"Sudan","Primary_Volcano_Type":"Volcanic field","Last_Eruption_Year":-2000,"Region":"Northern Africa Volcanic Regions"}},{"type":"Feature","id":225040,"geometry":{"type":"Point","coordinates":[25.85,14.57]},"properties":{"Volcano_Number":225040,"Volcano_Name":"Kutum Volcanic Field","Country":"Sudan","Primary_Volcano_Type":"Volcanic field","Last_Eruption_Year":null,"Region":"Northern Africa Volcanic Regions"}},{"type":"Feature","id":225050,"geometry":{"type":"Point","coordinates":[26.47,15.32]},"properties":{"Volcano_Number":225050,"Volcano_Name":"Meidob Volcanic Field","Country":"Sudan","Primary_Volcano_Type":"Volcanic field","Last_Eruption_Year":-2950,"Region":"Northern Africa Volcanic Regions"}},{"type":"Feature","id":225060,"geometry":{"type":"Point","coordinates":[32.75,18.33]},"properties":{"Volcano_Number":225060,"Volcano_Name":"Bayuda Volcanic Field","Country":"Sudan","Primary_Volcano_Type":"Volcanic field","Last_Eruption_Year":850,"Region":"Northern Africa Volcanic Regions"}},{"type":"Feature","id":231001,"geometry":{"type":"Point","coordinates":[37.583,32.333]},"properties":{"Volcano_Number":231001,"Volcano_Name":"Ash Shaam, Harrat","Country":"Syria-Jordan-Saudi Arabia","Primary_Volcano_Type":"Volcanic field","Last_Eruption_Year":-2670,"Region":"Arabia-Central Asia Volcanic Regions"}},{"type":"Feature","id":231040,"geometry":{"type":"Point","coordinates":[37.75,25.17]},"properties":{"Volcano_Number":231040,"Volcano_Name":"Lunayyir, Harrat","Country":"Saudi Arabia","Primary_Volcano_Type":"Volcanic field","Last_Eruption_Year":1000,"Region":"Arabia-Central Asia Volcanic Regions"}},{"type":"Feature","id":231050,"geometry":{"type":"Point","coordinates":[40.2,26.58]},"properties":{"Volcano_Number":231050,"Volcano_Name":"Ithnayn, Harrat","Country":"Saudi Arabia","Primary_Volcano_Type":"Volcanic field","Last_Eruption_Year":null,"Region":"Arabia-Central Asia Volcanic Regions"}},{"type":"Feature","id":231060,"geometry":{"type":"Point","coordinates":[40,25.5]},"properties":{"Volcano_Number":231060,"Volcano_Name":"Khaybar, Harrat","Country":"Saudi Arabia","Primary_Volcano_Type":"Volcanic field","Last_Eruption_Year":650,"Region":"Arabia-Central Asia Volcanic Regions"}},{"type":"Feature","id":231071,"geometry":{"type":"Point","coordinates":[41.38,22.8]},"properties":{"Volcano_Number":231071,"Volcano_Name":"Kishb, Harrat","Country":"Saudi Arabia","Primary_Volcano_Type":"Volcanic field","Last_Eruption_Year":null,"Region":"Arabia-Central Asia Volcanic Regions"}},{"type":"Feature","id":231072,"geometry":{"type":"Point","coordinates":[41.63,18.37]},"properties":{"Volcano_Number":231072,"Volcano_Name":"Birk, Harrat al","Country":"Saudi Arabia","Primary_Volcano_Type":"Volcanic field","Last_Eruption_Year":null,"Region":"Arabia-Central Asia Volcanic Regions"}},{"type":"Feature","id":231070,"geometry":{"type":"Point","coordinates":[39.78,23.08]},"properties":{"Volcano_Number":231070,"Volcano_Name":"Rahat, Harrat","Country":"Saudi Arabia","Primary_Volcano_Type":"Volcanic field","Last_Eruption_Year":1256,"Region":"Arabia-Central Asia Volcanic Regions"}},{"type":"Feature","id":231080,"geometry":{"type":"Point","coordinates":[42.83,17.05]},"properties":{"Volcano_Number":231080,"Volcano_Name":"Yar, Jabal","Country":"Saudi Arabia","Primary_Volcano_Type":"Volcanic field","Last_Eruption_Year":1810,"Region":"Arabia-Central Asia Volcanic Regions"}},{"type":"Feature","id":231090,"geometry":{"type":"Point","coordinates":[44.0978,15.6025]},"properties":{"Volcano_Number":231090,"Volcano_Name":"Arhab, Harra of","Country":"Yemen","Primary_Volcano_Type":"Volcanic field","Last_Eruption_Year":500,"Region":"Arabia-Central Asia Volcanic Regions"}},{"type":"Feature","id":231110,"geometry":{"type":"Point","coordinates":[45.1,15.4]},"properties":{"Volcano_Number":231110,"Volcano_Name":"Haylan, Jabal","Country":"Yemen","Primary_Volcano_Type":"Volcanic field","Last_Eruption_Year":-1200,"Region":"Arabia-Central Asia Volcanic Regions"}},{"type":"Feature","id":231120,"geometry":{"type":"Point","coordinates":[44.67,14.57]},"properties":{"Volcano_Number":231120,"Volcano_Name":"Dhamar, Harras of","Country":"Yemen","Primary_Volcano_Type":"Volcanic field","Last_Eruption_Year":null,"Region":"Arabia-Central Asia Volcanic Regions"}},{"type":"Feature","id":231160,"geometry":{"type":"Point","coordinates":[46.12,13.58]},"properties":{"Volcano_Number":231160,"Volcano_Name":"Sawad, Harra Es-","Country":"Yemen","Primary_Volcano_Type":"Volcanic field","Last_Eruption_Year":1253,"Region":"Arabia-Central Asia Volcanic Regions"}},{"type":"Feature","id":231170,"geometry":{"type":"Point","coordinates":[48.3,14.067]},"properties":{"Volcano_Number":231170,"Volcano_Name":"Balhaf-Bir Ali Volcanic Field","Country":"Yemen","Primary_Volcano_Type":"Volcanic field","Last_Eruption_Year":null,"Region":"Arabia-Central Asia Volcanic Regions"}},{"type":"Feature","id":231180,"geometry":{"type":"Point","coordinates":[50.935,15.515]},"properties":{"Volcano_Number":231180,"Volcano_Name":"Bir Borhut","Country":"Yemen","Primary_Volcano_Type":"Volcanic field","Last_Eruption_Year":null,"Region":"Arabia-Central Asia Volcanic Regions"}},{"type":"Feature","id":232010,"geometry":{"type":"Point","coordinates":[52.109,35.951]},"properties":{"Volcano_Number":232010,"Volcano_Name":"Damavand","Country":"Iran","Primary_Volcano_Type":"Stratovolcano","Last_Eruption_Year":-5350,"Region":"Arabia-Central Asia Volcanic Regions"}},{"type":"Feature","id":233001,"geometry":{"type":"Point","coordinates":[43.35,-11.4861]},"properties":{"Volcano_Number":233001,"Volcano_Name":"Grille, La","Country":"Union of the Comoros","Primary_Volcano_Type":"Shield","Last_Eruption_Year":null,"Region":"Somalian-Antarctic Volcanic Regions"}},{"type":"Feature","id":233005,"geometry":{"type":"Point","coordinates":[45.17,-12.83]},"properties":{"Volcano_Number":233005,"Volcano_Name":"Mayotte","Country":"France","Primary_Volcano_Type":"Shield","Last_Eruption_Year":-2050,"Region":"Somalian-Antarctic Volcanic Regions"}},{"type":"Feature","id":233010,"geometry":{"type":"Point","coordinates":[43.3639,-11.7658]},"properties":{"Volcano_Number":233010,"Volcano_Name":"Karthala","Country":"Union of the Comoros","Primary_Volcano_Type":"Shield","Last_Eruption_Year":2007,"Region":"Somalian-Antarctic Volcanic Regions"}},{"type":"Feature","id":233020,"geometry":{"type":"Point","coordinates":[55.708,-21.244]},"properties":{"Volcano_Number":233020,"Volcano_Name":"Fournaise, Piton de la","Country":"France","Primary_Volcano_Type":"Shield","Last_Eruption_Year":2026,"Region":"Somalian-Antarctic Volcanic Regions"}},{"type":"Feature","id":234000,"geometry":{"type":"Point","coordinates":[77.8221,-37.7216]},"properties":{"Volcano_Number":234000,"Volcano_Name":"Boomerang Seamount","Country":"France","Primary_Volcano_Type":"Caldera","Last_Eruption_Year":1995,"Region":"Somalian-Antarctic Volcanic Regions"}},{"type":"Feature","id":234001,"geometry":{"type":"Point","coordinates":[77.52,-37.83]},"properties":{"Volcano_Number":234001,"Volcano_Name":"Amsterdam Island","Country":"France","Primary_Volcano_Type":"Stratovolcano","Last_Eruption_Year":null,"Region":"Somalian-Antarctic Volcanic Regions"}},{"type":"Feature","id":234002,"geometry":{"type":"Point","coordinates":[77.53,-38.72]},"properties":{"Volcano_Number":234002,"Volcano_Name":"St. Paul","Country":"France","Primary_Volcano_Type":"Stratovolcano","Last_Eruption_Year":1793,"Region":"Somalian-Antarctic Volcanic Regions"}},{"type":"Feature","id":234011,"geometry":{"type":"Point","coordinates":[72.595,-53.0394]},"properties":{"Volcano_Number":234011,"Volcano_Name":"McDonald Islands","Country":"Australia","Primary_Volcano_Type":"Complex","Last_Eruption_Year":2005,"Region":"Somalian-Antarctic Volcanic Regions"}},{"type":"Feature","id":234010,"geometry":{"type":"Point","coordinates":[73.513,-53.106]},"properties":{"Volcano_Number":234010,"Volcano_Name":"Heard","Country":"Australia","Primary_Volcano_Type":"Stratovolcano","Last_Eruption_Year":2026,"Region":"Somalian-Antarctic Volcanic Regions"}},{"type":"Feature","id":234020,"geometry":{"type":"Point","coordinates":[69.5,-49.58]},"properties":{"Volcano_Number":234020,"Volcano_Name":"Kerguelen Islands","Country":"France","Primary_Volcano_Type":"Stratovolcano(es)","Last_Eruption_Year":null,"Region":"Somalian-Antarctic Volcanic Regions"}},{"type":"Feature","id":234030,"geometry":{"type":"Point","coordinates":[52.2,-46.43]},"properties":{"Volcano_Number":234030,"Volcano_Name":"Est, Ile de l'","Country":"France","Primary_Volcano_Type":"Stratovolcano","Last_Eruption_Year":null,"Region":"Somalian-Antarctic Volcanic Regions"}},{"type":"Feature","id":234040,"geometry":{"type":"Point","coordinates":[51.75,-46.42]},"properties":{"Volcano_Number":234040,"Volcano_Name":"Possession, Ile de la","Country":"France","Primary_Volcano_Type":"Stratovolcano","Last_Eruption_Year":null,"Region":"Somalian-Antarctic Volcanic Regions"}},{"type":"Feature","id":234050,"geometry":{"type":"Point","coordinates":[50.23,-46.1]},"properties":{"Volcano_Number":234050,"Volcano_Name":"Cochons, Ile aux","Country":"France","Primary_Volcano_Type":"Stratovolcano","Last_Eruption_Year":null,"Region":"Somalian-Antarctic Volcanic Regions"}},{"type":"Feature","id":234060,"geometry":{"type":"Point","coordinates":[37.95,-46.63]},"properties":{"Volcano_Number":234060,"Volcano_Name":"Prince Edward Island","Country":"South Africa","Primary_Volcano_Type":"Shield","Last_Eruption_Year":null,"Region":"Somalian-Antarctic Volcanic Regions"}},{"type":"Feature","id":234070,"geometry":{"type":"Point","coordinates":[37.75,-46.9]},"properties":{"Volcano_Number":234070,"Volcano_Name":"Marion Island","Country":"South Africa","Primary_Volcano_Type":"Shield(s)","Last_Eruption_Year":2004,"Region":"Somalian-Antarctic Volcanic Regions"}},{"type":"Feature","id":241021,"geometry":{"type":"Point","coordinates":[176.25,-37.28]},"properties":{"Volcano_Number":241021,"Volcano_Name":"Tuhua/Mayor Island","Country":"New Zealand","Primary_Volcano_Type":"Shield","Last_Eruption_Year":-5055,"Region":"Tonga-Kermadec Volcanic Regions"}},{"type":"Feature","id":241020,"geometry":{"type":"Point","coordinates":[174.81,-36.89]},"properties":{"Volcano_Number":241020,"Volcano_Name":"Auckland Volcanic Field","Country":"New Zealand","Primary_Volcano_Type":"Volcanic field","Last_Eruption_Year":1446,"Region":"Tonga-Kermadec Volcanic Regions"}},{"type":"Feature","id":241030,"geometry":{"type":"Point","coordinates":[174.07,-39.3]},"properties":{"Volcano_Number":241030,"Volcano_Name":"Taranaki","Country":"New Zealand","Primary_Volcano_Type":"Stratovolcano","Last_Eruption_Year":1800,"Region":"Tonga-Kermadec Volcanic Regions"}},{"type":"Feature","id":241040,"geometry":{"type":"Point","coordinates":[177.18,-37.52]},"properties":{"Volcano_Number":241040,"Volcano_Name":"Whakaari/White Island","Country":"New Zealand","Primary_Volcano_Type":"Stratovolcano(es)","Last_Eruption_Year":2026,"Region":"Tonga-Kermadec Volcanic Regions"}},{"type":"Feature","id":241050,"geometry":{"type":"Point","coordinates":[176.5069,-38.1569]},"properties":{"Volcano_Number":241050,"Volcano_Name":"Okataina","Country":"New Zealand","Primary_Volcano_Type":"Lava dome(s)","Last_Eruption_Year":1981,"Region":"Tonga-Kermadec Volcanic Regions"}},{"type":"Feature","id":241070,"geometry":{"type":"Point","coordinates":[175.893,-38.7811]},"properties":{"Volcano_Number":241070,"Volcano_Name":"Taupo","Country":"New Zealand","Primary_Volcano_Type":"Caldera","Last_Eruption_Year":260,"Region":"Tonga-Kermadec Volcanic Regions"}},{"type":"Feature","id":241080,"geometry":{"type":"Point","coordinates":[175.632,-39.157]},"properties":{"Volcano_Number":241080,"Volcano_Name":"Tongariro","Country":"New Zealand","Primary_Volcano_Type":"Stratovolcano(es)","Last_Eruption_Year":2012,"Region":"Tonga-Kermadec Volcanic Regions"}},{"type":"Feature","id":241101,"geometry":{"type":"Point","coordinates":[177.839,-36.446]},"properties":{"Volcano_Number":241101,"Volcano_Name":"Clark","Country":"New Zealand","Primary_Volcano_Type":"Stratovolcano","Last_Eruption_Year":null,"Region":"Tonga-Kermadec Volcanic Regions"}},{"type":"Feature","id":241102,"geometry":{"type":"Point","coordinates":[178.028,-36.321]},"properties":{"Volcano_Number":241102,"Volcano_Name":"Tangaroa","Country":"New Zealand","Primary_Volcano_Type":"Stratovolcano","Last_Eruption_Year":null,"Region":"Tonga-Kermadec Volcanic Regions"}},{"type":"Feature","id":241100,"geometry":{"type":"Point","coordinates":[175.57,-39.28]},"properties":{"Volcano_Number":241100,"Volcano_Name":"Ruapehu","Country":"New Zealand","Primary_Volcano_Type":"Stratovolcano","Last_Eruption_Year":2007,"Region":"Tonga-Kermadec Volcanic Regions"}},{"type":"Feature","id":241110,"geometry":{"type":"Point","coordinates":[178.196,-36.142]},"properties":{"Volcano_Number":241110,"Volcano_Name":"Rumble V","Country":"New Zealand","Primary_Volcano_Type":"Stratovolcano","Last_Eruption_Year":null,"Region":"Tonga-Kermadec Volcanic Regions"}},{"type":"Feature","id":241120,"geometry":{"type":"Point","coordinates":[178.05,-36.13]},"properties":{"Volcano_Number":241120,"Volcano_Name":"Rumble IV","Country":"New Zealand","Primary_Volcano_Type":"Stratovolcano","Last_Eruption_Year":null,"Region":"Tonga-Kermadec Volcanic Regions"}},{"type":"Feature","id":241130,"geometry":{"type":"Point","coordinates":[178.478,-35.745]},"properties":{"Volcano_Number":241130,"Volcano_Name":"Rumble III","Country":"New Zealand","Primary_Volcano_Type":"Stratovolcano","Last_Eruption_Year":2008,"Region":"Tonga-Kermadec Volcanic Regions"}},{"type":"Feature","id":241131,"geometry":{"type":"Point","coordinates":[178.527,-35.353]},"properties":{"Volcano_Number":241131,"Volcano_Name":"Rumble II West","Country":"New Zealand","Primary_Volcano_Type":"Stratovolcano","Last_Eruption_Year":null,"Region":"Tonga-Kermadec Volcanic Regions"}},{"type":"Feature","id":241140,"geometry":{"type":"Point","coordinates":[178.973,-35.004]},"properties":{"Volcano_Number":241140,"Volcano_Name":"Healy","Country":"New Zealand","Primary_Volcano_Type":"Stratovolcano","Last_Eruption_Year":1360,"Region":"Tonga-Kermadec Volcanic Regions"}},{"type":"Feature","id":241150,"geometry":{"type":"Point","coordinates":[179.0667,-34.875]},"properties":{"Volcano_Number":241150,"Volcano_Name":"Brothers","Country":"New Zealand","Primary_Volcano_Type":"Caldera","Last_Eruption_Year":null,"Region":"Tonga-Kermadec Volcanic Regions"}},{"type":"Feature","id":242001,"geometry":{"type":"Point","coordinates":[-179.18,-31.85]},"properties":{"Volcano_Number":242001,"Volcano_Name":"Wright","Country":"New Zealand","Primary_Volcano_Type":"Stratovolcano(es)","Last_Eruption_Year":null,"Region":"Tonga-Kermadec Volcanic Regions"}},{"type":"Feature","id":242010,"geometry":{"type":"Point","coordinates":[-178.556,-30.543]},"properties":{"Volcano_Number":242010,"Volcano_Name":"Curtis Island","Country":"New Zealand","Primary_Volcano_Type":"Stratovolcano","Last_Eruption_Year":null,"Region":"Tonga-Kermadec Volcanic Regions"}},{"type":"Feature","id":242021,"geometry":{"type":"Point","coordinates":[-178.475,-30.21]},"properties":{"Volcano_Number":242021,"Volcano_Name":"Macauley","Country":"New Zealand","Primary_Volcano_Type":"Caldera","Last_Eruption_Year":-4360,"Region":"Tonga-Kermadec Volcanic Regions"}},{"type":"Feature","id":242022,"geometry":{"type":"Point","coordinates":[-178.712,-30.036]},"properties":{"Volcano_Number":242022,"Volcano_Name":"Giggenbach","Country":"New Zealand","Primary_Volcano_Type":"Stratovolcano","Last_Eruption_Year":null,"Region":"Tonga-Kermadec Volcanic Regions"}},{"type":"Feature","id":242030,"geometry":{"type":"Point","coordinates":[-177.92,-29.27]},"properties":{"Volcano_Number":242030,"Volcano_Name":"Raoul Island","Country":"New Zealand","Primary_Volcano_Type":"Stratovolcano","Last_Eruption_Year":2006,"Region":"Tonga-Kermadec Volcanic Regions"}},{"type":"Feature","id":242050,"geometry":{"type":"Point","coordinates":[-177.188,-25.887]},"properties":{"Volcano_Number":242050,"Volcano_Name":"Monowai","Country":"New Zealand","Primary_Volcano_Type":"Stratovolcano","Last_Eruption_Year":2014,"Region":"Tonga-Kermadec Volcanic Regions"}},{"type":"Feature","id":243001,"geometry":{"type":"Point","coordinates":[-177.02,-24.8]},"properties":{"Volcano_Number":243001,"Volcano_Name":"Kermadec Arc at 24.8°S","Country":"Tonga","Primary_Volcano_Type":"Stratovolcano","Last_Eruption_Year":null,"Region":"Tonga-Kermadec Volcanic Regions"}},{"type":"Feature","id":243011,"geometry":{"type":"Point","coordinates":[-175.75,-21.15]},"properties":{"Volcano_Number":243011,"Volcano_Name":"Tofua Arc at 21.1°S","Country":"Tonga","Primary_Volcano_Type":"Stratovolcano","Last_Eruption_Year":null,"Region":"Tonga-Kermadec Volcanic Regions"}},{"type":"Feature","id":243010,"geometry":{"type":"Point","coordinates":[-175.65,-21.338]},"properties":{"Volcano_Number":243010,"Volcano_Name":"Tofua Arc at 21.3°S","Country":"Tonga","Primary_Volcano_Type":"Stratovolcano","Last_Eruption_Year":1932,"Region":"Tonga-Kermadec Volcanic Regions"}},{"type":"Feature","id":243030,"geometry":{"type":"Point","coordinates":[-175.55,-20.852]},"properties":{"Volcano_Number":243030,"Volcano_Name":"Tofua Arc at 20.9°S","Country":"Tonga","Primary_Volcano_Type":"Stratovolcano","Last_Eruption_Year":2017,"Region":"Tonga-Kermadec Volcanic Regions"}},{"type":"Feature","id":243040,"geometry":{"type":"Point","coordinates":[-175.3841,-20.5532]},"properties":{"Volcano_Number":243040,"Volcano_Name":"Hunga Tonga-Hunga Ha'apai","Country":"Tonga","Primary_Volcano_Type":"Caldera","Last_Eruption_Year":2022,"Region":"Tonga-Kermadec Volcanic Regions"}},{"type":"Feature","id":243050,"geometry":{"type":"Point","coordinates":[-175.42,-20.32]},"properties":{"Volcano_Number":243050,"Volcano_Name":"Fonuafo'ou","Country":"Tonga","Primary_Volcano_Type":"Stratovolcano","Last_Eruption_Year":1936,"Region":"Tonga-Kermadec Volcanic Regions"}},{"type":"Feature","id":243061,"geometry":{"type":"Point","coordinates":[-175.016,-19.668]},"properties":{"Volcano_Number":243061,"Volcano_Name":"Kao","Country":"Tonga","Primary_Volcano_Type":"Stratovolcano","Last_Eruption_Year":1847,"Region":"Tonga-Kermadec Volcanic Regions"}},{"type":"Feature","id":243060,"geometry":{"type":"Point","coordinates":[-175.07,-19.75]},"properties":{"Volcano_Number":243060,"Volcano_Name":"Tofua","Country":"Tonga","Primary_Volcano_Type":"Caldera","Last_Eruption_Year":2026,"Region":"Tonga-Kermadec Volcanic Regions"}},{"type":"Feature","id":243070,"geometry":{"type":"Point","coordinates":[-174.87,-19.18]},"properties":{"Volcano_Number":243070,"Volcano_Name":"Lateiki","Country":"Tonga","Primary_Volcano_Type":"Stratovolcano","Last_Eruption_Year":2019,"Region":"Tonga-Kermadec Volcanic Regions"}},{"type":"Feature","id":243080,"geometry":{"type":"Point","coordinates":[-174.775,-18.992]},"properties":{"Volcano_Number":243080,"Volcano_Name":"Home Reef","Country":"Tonga","Primary_Volcano_Type":"Stratovolcano","Last_Eruption_Year":2026,"Region":"Tonga-Kermadec Volcanic Regions"}},{"type":"Feature","id":243091,"geometry":{"type":"Point","coordinates":[-174.365,-18.325]},"properties":{"Volcano_Number":243091,"Volcano_Name":"Tofua Arc at 18.3°S","Country":"Tonga","Primary_Volcano_Type":"Stratovolcano","Last_Eruption_Year":2019,"Region":"Tonga-Kermadec Volcanic Regions"}},{"type":"Feature","id":243090,"geometry":{"type":"Point","coordinates":[-174.65,-18.806]},"properties":{"Volcano_Number":243090,"Volcano_Name":"Late","Country":"Tonga","Primary_Volcano_Type":"Stratovolcano","Last_Eruption_Year":1854,"Region":"Tonga-Kermadec Volcanic Regions"}},{"type":"Feature","id":243101,"geometry":{"type":"Point","coordinates":[-173.747,-15.854]},"properties":{"Volcano_Number":243101,"Volcano_Name":"Tafahi","Country":"Tonga","Primary_Volcano_Type":"Stratovolcano","Last_Eruption_Year":null,"Region":"Tonga-Kermadec Volcanic Regions"}},{"type":"Feature","id":243102,"geometry":{"type":"Point","coordinates":[-173.67,-15.62]},"properties":{"Volcano_Number":243102,"Volcano_Name":"Curacoa","Country":"Tonga","Primary_Volcano_Type":"Complex","Last_Eruption_Year":1979,"Region":"Tonga-Kermadec Volcanic Regions"}},{"type":"Feature","id":243100,"geometry":{"type":"Point","coordinates":[-174.317,-18.023]},"properties":{"Volcano_Number":243100,"Volcano_Name":"Fonualei","Country":"Tonga","Primary_Volcano_Type":"Stratovolcano","Last_Eruption_Year":1957,"Region":"Tonga-Kermadec Volcanic Regions"}},{"type":"Feature","id":243110,"geometry":{"type":"Point","coordinates":[-175.63,-15.6]},"properties":{"Volcano_Number":243110,"Volcano_Name":"Niuafo'ou","Country":"Tonga","Primary_Volcano_Type":"Shield","Last_Eruption_Year":1946,"Region":"Tonga-Kermadec Volcanic Regions"}},{"type":"Feature","id":243120,"geometry":{"type":"Point","coordinates":[-174.23,-15.37]},"properties":{"Volcano_Number":243120,"Volcano_Name":"Tafu-Maka","Country":"Tonga","Primary_Volcano_Type":"Fissure vent","Last_Eruption_Year":2008,"Region":"Tonga-Kermadec Volcanic Regions"}},{"type":"Feature","id":243130,"geometry":{"type":"Point","coordinates":[-173.75,-15.1]},"properties":{"Volcano_Number":243130,"Volcano_Name":"West Mata","Country":"Tonga","Primary_Volcano_Type":"Fissure vent(s)","Last_Eruption_Year":2009,"Region":"Tonga-Kermadec Volcanic Regions"}},{"type":"Feature","id":244000,"geometry":{"type":"Point","coordinates":[-169.058,-14.215]},"properties":{"Volcano_Number":244000,"Volcano_Name":"Vailulu'u","Country":"United States","Primary_Volcano_Type":"Shield","Last_Eruption_Year":2003,"Region":"Southern Pacific Volcanic Regions"}},{"type":"Feature","id":244001,"geometry":{"type":"Point","coordinates":[-169.454,-14.23]},"properties":{"Volcano_Number":244001,"Volcano_Name":"Ta'u","Country":"United States","Primary_Volcano_Type":"Shield","Last_Eruption_Year":null,"Region":"Southern Pacific Volcanic Regions"}},{"type":"Feature","id":244010,"geometry":{"type":"Point","coordinates":[-169.618,-14.175]},"properties":{"Volcano_Number":244010,"Volcano_Name":"Ofu-Olosega","Country":"United States","Primary_Volcano_Type":"Shield(s)","Last_Eruption_Year":1866,"Region":"Southern Pacific Volcanic Regions"}},{"type":"Feature","id":244020,"geometry":{"type":"Point","coordinates":[-170.7019,-14.2903]},"properties":{"Volcano_Number":244020,"Volcano_Name":"Tutuila","Country":"United States","Primary_Volcano_Type":"Tuff cone(s)","Last_Eruption_Year":440,"Region":"Southern Pacific Volcanic Regions"}},{"type":"Feature","id":244030,"geometry":{"type":"Point","coordinates":[-171.72,-13.935]},"properties":{"Volcano_Number":244030,"Volcano_Name":"Upolu","Country":"Samoa","Primary_Volcano_Type":"Shield","Last_Eruption_Year":null,"Region":"Southern Pacific Volcanic Regions"}},{"type":"Feature","id":244040,"geometry":{"type":"Point","coordinates":[-172.525,-13.612]},"properties":{"Volcano_Number":244040,"Volcano_Name":"Savaii","Country":"Samoa","Primary_Volcano_Type":"Shield","Last_Eruption_Year":1911,"Region":"Southern Pacific Volcanic Regions"}},{"type":"Feature","id":245010,"geometry":{"type":"Point","coordinates":[-179.9644,-16.8412]},"properties":{"Volcano_Number":245010,"Volcano_Name":"Taveuni","Country":"Fiji","Primary_Volcano_Type":"Shield","Last_Eruption_Year":1550,"Region":"Southwestern Pacific Volcanic Regions"}},{"type":"Feature","id":245030,"geometry":{"type":"Point","coordinates":[177.9815,-19.1181]},"properties":{"Volcano_Number":245030,"Volcano_Name":"Nabukelevu","Country":"Fiji","Primary_Volcano_Type":"Lava dome(s)","Last_Eruption_Year":1660,"Region":"Southwestern Pacific Volcanic Regions"}},{"type":"Feature","id":250010,"geometry":{"type":"Point","coordinates":[147.35,-2.38]},"properties":{"Volcano_Number":250010,"Volcano_Name":"St. Andrew Strait","Country":"Papua New Guinea","Primary_Volcano_Type":"Complex","Last_Eruption_Year":1957,"Region":"Southwestern Pacific Volcanic Regions"}},{"type":"Feature","id":250030,"geometry":{"type":"Point","coordinates":[147.78,-3.03]},"properties":{"Volcano_Number":250030,"Volcano_Name":"Titan Ridge","Country":"Papua New Guinea","Primary_Volcano_Type":"Fissure vent","Last_Eruption_Year":1972,"Region":"Southwestern Pacific Volcanic Regions"}},{"type":"Feature","id":251001,"geometry":{"type":"Point","coordinates":[144.605,-3.507]},"properties":{"Volcano_Number":251001,"Volcano_Name":"Blup Blup","Country":"Papua New Guinea","Primary_Volcano_Type":"Stratovolcano","Last_Eruption_Year":null,"Region":"Southwestern Pacific Volcanic Regions"}},{"type":"Feature","id":251002,"geometry":{"type":"Point","coordinates":[144.588,-3.608]},"properties":{"Volcano_Number":251002,"Volcano_Name":"Kadovar","Country":"Papua New Guinea","Primary_Volcano_Type":"Stratovolcano","Last_Eruption_Year":2023,"Region":"Southwestern Pacific Volcanic Regions"}},{"type":"Feature","id":251010,"geometry":{"type":"Point","coordinates":[144.818,-3.613]},"properties":{"Volcano_Number":251010,"Volcano_Name":"Bam","Country":"Papua New Guinea","Primary_Volcano_Type":"Stratovolcano","Last_Eruption_Year":1960,"Region":"Southwestern Pacific Volcanic Regions"}},{"type":"Feature","id":251020,"geometry":{"type":"Point","coordinates":[145.037,-4.08]},"properties":{"Volcano_Number":251020,"Volcano_Name":"Manam","Country":"Papua New Guinea","Primary_Volcano_Type":"Stratovolcano","Last_Eruption_Year":2026,"Region":"Southwestern Pacific Volcanic Regions"}},{"type":"Feature","id":251030,"geometry":{"type":"Point","coordinates":[145.976,-4.647]},"properties":{"Volcano_Number":251030,"Volcano_Name":"Karkar","Country":"Papua New Guinea","Primary_Volcano_Type":"Stratovolcano","Last_Eruption_Year":1979,"Region":"Southwestern Pacific Volcanic Regions"}},{"type":"Feature","id":251041,"geometry":{"type":"Point","coordinates":[146.717,-4.883]},"properties":{"Volcano_Number":251041,"Volcano_Name":"Hankow Reef","Country":"Papua New Guinea","Primary_Volcano_Type":"Stratovolcano","Last_Eruption_Year":null,"Region":"Southwestern Pacific Volcanic Regions"}},{"type":"Feature","id":251050,"geometry":{"type":"Point","coordinates":[147.105,-5.3144]},"properties":{"Volcano_Number":251050,"Volcano_Name":"Long Island","Country":"Papua New Guinea","Primary_Volcano_Type":"Complex","Last_Eruption_Year":1993,"Region":"Southwestern Pacific Volcanic Regions"}},{"type":"Feature","id":251060,"geometry":{"type":"Point","coordinates":[147.892,-5.592]},"properties":{"Volcano_Number":251060,"Volcano_Name":"Umboi","Country":"Papua New Guinea","Primary_Volcano_Type":"Complex","Last_Eruption_Year":null,"Region":"Southwestern Pacific Volcanic Regions"}},{"type":"Feature","id":251070,"geometry":{"type":"Point","coordinates":[148.115,-5.519]},"properties":{"Volcano_Number":251070,"Volcano_Name":"Ritter Island","Country":"Papua New Guinea","Primary_Volcano_Type":"Stratovolcano","Last_Eruption_Year":2007,"Region":"Southwestern Pacific Volcanic Regions"}},{"type":"Feature","id":251080,"geometry":{"type":"Point","coordinates":[148.0836,-5.4098]},"properties":{"Volcano_Number":251080,"Volcano_Name":"Sakar","Country":"Papua New Guinea","Primary_Volcano_Type":"Stratovolcano","Last_Eruption_Year":null,"Region":"Southwestern Pacific Volcanic Regions"}},{"type":"Feature","id":252010,"geometry":{"type":"Point","coordinates":[148.42,-5.525]},"properties":{"Volcano_Number":252010,"Volcano_Name":"Langila","Country":"Papua New Guinea","Primary_Volcano_Type":"Complex","Last_Eruption_Year":2026,"Region":"Southwestern Pacific Volcanic Regions"}},{"type":"Feature","id":252040,"geometry":{"type":"Point","coordinates":[150.0996,-5.0455]},"properties":{"Volcano_Number":252040,"Volcano_Name":"Dakataua","Country":"Papua New Guinea","Primary_Volcano_Type":"Caldera","Last_Eruption_Year":1895,"Region":"Southwestern Pacific Volcanic Regions"}},{"type":"Feature","id":252050,"geometry":{"type":"Point","coordinates":[150.038,-5.141]},"properties":{"Volcano_Number":252050,"Volcano_Name":"Bola","Country":"Papua New Guinea","Primary_Volcano_Type":"Stratovolcano","Last_Eruption_Year":null,"Region":"Southwestern Pacific Volcanic Regions"}},{"type":"Feature","id":252060,"geometry":{"type":"Point","coordinates":[150.07,-5.3]},"properties":{"Volcano_Number":252060,"Volcano_Name":"Garua Harbour","Country":"Papua New Guinea","Primary_Volcano_Type":"Volcanic field","Last_Eruption_Year":null,"Region":"Southwestern Pacific Volcanic Regions"}},{"type":"Feature","id":252071,"geometry":{"type":"Point","coordinates":[150.509,-5.466]},"properties":{"Volcano_Number":252071,"Volcano_Name":"Lolo","Country":"Papua New Guinea","Primary_Volcano_Type":"Stratovolcano","Last_Eruption_Year":null,"Region":"Southwestern Pacific Volcanic Regions"}},{"type":"Feature","id":252070,"geometry":{"type":"Point","coordinates":[150.027,-5.416]},"properties":{"Volcano_Number":252070,"Volcano_Name":"Krummel-Garbuna-Welcker","Country":"Papua New Guinea","Primary_Volcano_Type":"Stratovolcano(es)","Last_Eruption_Year":2008,"Region":"Southwestern Pacific Volcanic Regions"}},{"type":"Feature","id":252080,"geometry":{"type":"Point","coordinates":[150.5161,-5.5745]},"properties":{"Volcano_Number":252080,"Volcano_Name":"Witori","Country":"Papua New Guinea","Primary_Volcano_Type":"Caldera","Last_Eruption_Year":2012,"Region":"Southwestern Pacific Volcanic Regions"}},{"type":"Feature","id":252090,"geometry":{"type":"Point","coordinates":[150.942,-5.5]},"properties":{"Volcano_Number":252090,"Volcano_Name":"Sulu Range","Country":"Papua New Guinea","Primary_Volcano_Type":"Stratovolcano(es)","Last_Eruption_Year":null,"Region":"Southwestern Pacific Volcanic Regions"}},{"type":"Feature","id":252100,"geometry":{"type":"Point","coordinates":[151.1,-5.33]},"properties":{"Volcano_Number":252100,"Volcano_Name":"Hargy","Country":"Papua New Guinea","Primary_Volcano_Type":"Stratovolcano","Last_Eruption_Year":950,"Region":"Southwestern Pacific Volcanic Regions"}},{"type":"Feature","id":252110,"geometry":{"type":"Point","coordinates":[151.23,-5.2]},"properties":{"Volcano_Number":252110,"Volcano_Name":"Bamus","Country":"Papua New Guinea","Primary_Volcano_Type":"Stratovolcano","Last_Eruption_Year":1886,"Region":"Southwestern Pacific Volcanic Regions"}},{"type":"Feature","id":252120,"geometry":{"type":"Point","coordinates":[151.33,-5.05]},"properties":{"Volcano_Number":252120,"Volcano_Name":"Ulawun","Country":"Papua New Guinea","Primary_Volcano_Type":"Stratovolcano","Last_Eruption_Year":2025,"Region":"Southwestern Pacific Volcanic Regions"}},{"type":"Feature","id":252130,"geometry":{"type":"Point","coordinates":[151.1617,-4.9156]},"properties":{"Volcano_Number":252130,"Volcano_Name":"Lolobau","Country":"Papua New Guinea","Primary_Volcano_Type":"Caldera","Last_Eruption_Year":1912,"Region":"Southwestern Pacific Volcanic Regions"}},{"type":"Feature","id":252140,"geometry":{"type":"Point","coordinates":[152.1937,-4.2459]},"properties":{"Volcano_Number":252140,"Volcano_Name":"Rabaul","Country":"Papua New Guinea","Primary_Volcano_Type":"Caldera","Last_Eruption_Year":2014,"Region":"Southwestern Pacific Volcanic Regions"}},{"type":"Feature","id":252150,"geometry":{"type":"Point","coordinates":[152.2134,-4.1089]},"properties":{"Volcano_Number":252150,"Volcano_Name":"Tavui","Country":"Papua New Guinea","Primary_Volcano_Type":"Caldera","Last_Eruption_Year":-4946,"Region":"Southwestern Pacific Volcanic Regions"}},{"type":"Feature","id":253011,"geometry":{"type":"Point","coordinates":[148.37,-9]},"properties":{"Volcano_Number":253011,"Volcano_Name":"Hydrographers Range","Country":"Papua New Guinea","Primary_Volcano_Type":"Stratovolcano","Last_Eruption_Year":null,"Region":"Southwestern Pacific Volcanic Regions"}},{"type":"Feature","id":253010,"geometry":{"type":"Point","coordinates":[148.15,-8.95]},"properties":{"Volcano_Number":253010,"Volcano_Name":"Lamington","Country":"Papua New Guinea","Primary_Volcano_Type":"Stratovolcano","Last_Eruption_Year":1956,"Region":"Southwestern Pacific Volcanic Regions"}},{"type":"Feature","id":253021,"geometry":{"type":"Point","coordinates":[148.33,-9.08]},"properties":{"Volcano_Number":253021,"Volcano_Name":"Managlase Plateau","Country":"Papua New Guinea","Primary_Volcano_Type":"Volcanic field","Last_Eruption_Year":null,"Region":"Southwestern Pacific Volcanic Regions"}},{"type":"Feature","id":253030,"geometry":{"type":"Point","coordinates":[149.072,-9.2003]},"properties":{"Volcano_Number":253030,"Volcano_Name":"Victory","Country":"Papua New Guinea","Primary_Volcano_Type":"Stratovolcano","Last_Eruption_Year":1935,"Region":"Southwestern Pacific Volcanic Regions"}},{"type":"Feature","id":253041,"geometry":{"type":"Point","coordinates":[150.246,-9.358]},"properties":{"Volcano_Number":253041,"Volcano_Name":"Goodenough","Country":"Papua New Guinea","Primary_Volcano_Type":"Volcanic field","Last_Eruption_Year":null,"Region":"Southwestern Pacific Volcanic Regions"}},{"type":"Feature","id":253040,"geometry":{"type":"Point","coordinates":[149.1278,-9.5542]},"properties":{"Volcano_Number":253040,"Volcano_Name":"Sessagara Hills","Country":"Papua New Guinea","Primary_Volcano_Type":"Volcanic field","Last_Eruption_Year":1944,"Region":"Southwestern Pacific Volcanic Regions"}},{"type":"Feature","id":253050,"geometry":{"type":"Point","coordinates":[150.5239,-9.5056]},"properties":{"Volcano_Number":253050,"Volcano_Name":"Iamalele","Country":"Papua New Guinea","Primary_Volcano_Type":"Lava dome(s)","Last_Eruption_Year":null,"Region":"Southwestern Pacific Volcanic Regions"}},{"type":"Feature","id":253060,"geometry":{"type":"Point","coordinates":[150.88,-9.62]},"properties":{"Volcano_Number":253060,"Volcano_Name":"Dawson Strait Group","Country":"Papua New Guinea","Primary_Volcano_Type":"Volcanic field","Last_Eruption_Year":1350,"Region":"Southwestern Pacific Volcanic Regions"}},{"type":"Feature","id":255011,"geometry":{"type":"Point","coordinates":[155.2254,-6.0898]},"properties":{"Volcano_Number":255011,"Volcano_Name":"Billy Mitchell","Country":"Papua New Guinea","Primary_Volcano_Type":"Caldera","Last_Eruption_Year":1580,"Region":"Southwestern Pacific Volcanic Regions"}},{"type":"Feature","id":255010,"geometry":{"type":"Point","coordinates":[155.0008,-5.9156]},"properties":{"Volcano_Number":255010,"Volcano_Name":"Balbi","Country":"Papua New Guinea","Primary_Volcano_Type":"Stratovolcano","Last_Eruption_Year":null,"Region":"Southwestern Pacific Volcanic Regions"}},{"type":"Feature","id":255021,"geometry":{"type":"Point","coordinates":[155.608,-6.442]},"properties":{"Volcano_Number":255021,"Volcano_Name":"Takuan Group","Country":"Papua New Guinea","Primary_Volcano_Type":"Compound","Last_Eruption_Year":null,"Region":"Southwestern Pacific Volcanic Regions"}},{"type":"Feature","id":255020,"geometry":{"type":"Point","coordinates":[155.196,-6.137]},"properties":{"Volcano_Number":255020,"Volcano_Name":"Bagana","Country":"Papua New Guinea","Primary_Volcano_Type":"Lava cone","Last_Eruption_Year":2026,"Region":"Southwestern Pacific Volcanic Regions"}},{"type":"Feature","id":255030,"geometry":{"type":"Point","coordinates":[155.62,-6.52]},"properties":{"Volcano_Number":255030,"Volcano_Name":"Loloru","Country":"Papua New Guinea","Primary_Volcano_Type":"Compound","Last_Eruption_Year":-1050,"Region":"Southwestern Pacific Volcanic Regions"}},{"type":"Feature","id":255052,"geometry":{"type":"Point","coordinates":[157.03,-8.75]},"properties":{"Volcano_Number":255052,"Volcano_Name":"Kana Keoki","Country":"Solomon Islands","Primary_Volcano_Type":"Stratovolcano","Last_Eruption_Year":null,"Region":"Southwestern Pacific Volcanic Regions"}},{"type":"Feature","id":255053,"geometry":{"type":"Point","coordinates":[157.16,-8.841]},"properties":{"Volcano_Number":255053,"Volcano_Name":"Coleman Seamount","Country":"Solomon Islands","Primary_Volcano_Type":"Stratovolcano","Last_Eruption_Year":null,"Region":"Southwestern Pacific Volcanic Regions"}},{"type":"Feature","id":255050,"geometry":{"type":"Point","coordinates":[156.52,-8.292]},"properties":{"Volcano_Number":255050,"Volcano_Name":"Simbo","Country":"Solomon Islands","Primary_Volcano_Type":"Stratovolcano(es)","Last_Eruption_Year":1910,"Region":"Southwestern Pacific Volcanic Regions"}},{"type":"Feature","id":255061,"geometry":{"type":"Point","coordinates":[158.03,-8.92]},"properties":{"Volcano_Number":255061,"Volcano_Name":"New Georgia at 8.9°S","Country":"Solomon Islands","Primary_Volcano_Type":"Stratovolcano","Last_Eruption_Year":null,"Region":"Southwestern Pacific Volcanic Regions"}},{"type":"Feature","id":255060,"geometry":{"type":"Point","coordinates":[157.979,-8.991]},"properties":{"Volcano_Number":255060,"Volcano_Name":"Kavachi","Country":"Solomon Islands","Primary_Volcano_Type":"Stratovolcano","Last_Eruption_Year":2014,"Region":"Southwestern Pacific Volcanic Regions"}},{"type":"Feature","id":255070,"geometry":{"type":"Point","coordinates":[159.8119,-9.1324]},"properties":{"Volcano_Number":255070,"Volcano_Name":"Savo","Country":"Solomon Islands","Primary_Volcano_Type":"Stratovolcano","Last_Eruption_Year":1847,"Region":"Southwestern Pacific Volcanic Regions"}},{"type":"Feature","id":256010,"geometry":{"type":"Point","coordinates":[165.804,-10.386]},"properties":{"Volcano_Number":256010,"Volcano_Name":"Tinakula","Country":"Solomon Islands","Primary_Volcano_Type":"Stratovolcano","Last_Eruption_Year":2024,"Region":"Southwestern Pacific Volcanic Regions"}},{"type":"Feature","id":257001,"geometry":{"type":"Point","coordinates":[167.67,-13.67]},"properties":{"Volcano_Number":257001,"Volcano_Name":"Motlav","Country":"Vanuatu","Primary_Volcano_Type":"Stratovolcano","Last_Eruption_Year":null,"Region":"Southwestern Pacific Volcanic Regions"}},{"type":"Feature","id":257010,"geometry":{"type":"Point","coordinates":[167.47,-13.8]},"properties":{"Volcano_Number":257010,"Volcano_Name":"Suretamatai","Country":"Vanuatu","Primary_Volcano_Type":"Complex","Last_Eruption_Year":1966,"Region":"Southwestern Pacific Volcanic Regions"}},{"type":"Feature","id":257020,"geometry":{"type":"Point","coordinates":[167.514,-14.281]},"properties":{"Volcano_Number":257020,"Volcano_Name":"Gaua","Country":"Vanuatu","Primary_Volcano_Type":"Stratovolcano","Last_Eruption_Year":2022,"Region":"Southwestern Pacific Volcanic Regions"}},{"type":"Feature","id":257030,"geometry":{"type":"Point","coordinates":[167.835,-15.389]},"properties":{"Volcano_Number":257030,"Volcano_Name":"Ambae","Country":"Vanuatu","Primary_Volcano_Type":"Shield","Last_Eruption_Year":2026,"Region":"Southwestern Pacific Volcanic Regions"}},{"type":"Feature","id":257040,"geometry":{"type":"Point","coordinates":[168.12,-16.25]},"properties":{"Volcano_Number":257040,"Volcano_Name":"Ambrym","Country":"Vanuatu","Primary_Volcano_Type":"Shield(pyroclastic)","Last_Eruption_Year":2024,"Region":"Southwestern Pacific Volcanic Regions"}},{"type":"Feature","id":257050,"geometry":{"type":"Point","coordinates":[168.346,-16.507]},"properties":{"Volcano_Number":257050,"Volcano_Name":"Lopevi","Country":"Vanuatu","Primary_Volcano_Type":"Stratovolcano","Last_Eruption_Year":2007,"Region":"Southwestern Pacific Volcanic Regions"}},{"type":"Feature","id":257060,"geometry":{"type":"Point","coordinates":[168.3893,-16.6797]},"properties":{"Volcano_Number":257060,"Volcano_Name":"East Epi","Country":"Vanuatu","Primary_Volcano_Type":"Stratovolcano(es)","Last_Eruption_Year":2023,"Region":"Southwestern Pacific Volcanic Regions"}},{"type":"Feature","id":257070,"geometry":{"type":"Point","coordinates":[168.5227,-16.8304]},"properties":{"Volcano_Number":257070,"Volcano_Name":"Kuwae","Country":"Vanuatu","Primary_Volcano_Type":"Caldera","Last_Eruption_Year":1974,"Region":"Southwestern Pacific Volcanic Regions"}},{"type":"Feature","id":257081,"geometry":{"type":"Point","coordinates":[168.353,-17.4522]},"properties":{"Volcano_Number":257081,"Volcano_Name":"Nguna-Emau","Country":"Vanuatu","Primary_Volcano_Type":"Stratovolcano(es)","Last_Eruption_Year":null,"Region":"Southwestern Pacific Volcanic Regions"}},{"type":"Feature","id":257090,"geometry":{"type":"Point","coordinates":[169.238,-18.754]},"properties":{"Volcano_Number":257090,"Volcano_Name":"Traitor's Head","Country":"Vanuatu","Primary_Volcano_Type":"Stratovolcano","Last_Eruption_Year":1881,"Region":"Southwestern Pacific Volcanic Regions"}},{"type":"Feature","id":257100,"geometry":{"type":"Point","coordinates":[169.447,-19.532]},"properties":{"Volcano_Number":257100,"Volcano_Name":"Yasur","Country":"Vanuatu","Primary_Volcano_Type":"Stratovolcano","Last_Eruption_Year":2026,"Region":"Southwestern Pacific Volcanic Regions"}},{"type":"Feature","id":258001,"geometry":{"type":"Point","coordinates":[170.13,-20.957]},"properties":{"Volcano_Number":258001,"Volcano_Name":"Gemini-Oscostar","Country":"Vanuatu","Primary_Volcano_Type":"Stratovolcano","Last_Eruption_Year":1996,"Region":"Southwestern Pacific Volcanic Regions"}},{"type":"Feature","id":258010,"geometry":{"type":"Point","coordinates":[171.32,-22.33]},"properties":{"Volcano_Number":258010,"Volcano_Name":"Matthew Island","Country":"France - claimed by Vanuatu","Primary_Volcano_Type":"Stratovolcano","Last_Eruption_Year":1956,"Region":"Southwestern Pacific Volcanic Regions"}},{"type":"Feature","id":258020,"geometry":{"type":"Point","coordinates":[172.05,-22.4]},"properties":{"Volcano_Number":258020,"Volcano_Name":"Hunter Island","Country":"France - claimed by Vanuatu","Primary_Volcano_Type":"Stratovolcano","Last_Eruption_Year":1903,"Region":"Southwestern Pacific Volcanic Regions"}},{"type":"Feature","id":259010,"geometry":{"type":"Point","coordinates":[142.5,-37.77]},"properties":{"Volcano_Number":259010,"Volcano_Name":"Newer Volcanics Province","Country":"Australia","Primary_Volcano_Type":"Volcanic field","Last_Eruption_Year":-2900,"Region":"Eastern Australia Volcanic Regions"}},{"type":"Feature","id":259804,"geometry":{"type":"Point","coordinates":[144.567,-18.367]},"properties":{"Volcano_Number":259804,"Volcano_Name":"McBride Volcanic Province","Country":"Australia","Primary_Volcano_Type":"Volcanic field","Last_Eruption_Year":-5050,"Region":"Eastern Australia Volcanic Regions"}},{"type":"Feature","id":260010,"geometry":{"type":"Point","coordinates":[93.858,12.278]},"properties":{"Volcano_Number":260010,"Volcano_Name":"Barren Island","Country":"India","Primary_Volcano_Type":"Stratovolcano","Last_Eruption_Year":2026,"Region":"Sunda-Banda Volcanic Regions"}},{"type":"Feature","id":261030,"geometry":{"type":"Point","coordinates":[96.289,4.903]},"properties":{"Volcano_Number":261030,"Volcano_Name":"Peuet Sague","Country":"Indonesia","Primary_Volcano_Type":"Complex","Last_Eruption_Year":2000,"Region":"Sunda-Banda Volcanic Regions"}},{"type":"Feature","id":261050,"geometry":{"type":"Point","coordinates":[96.821,4.769]},"properties":{"Volcano_Number":261050,"Volcano_Name":"Telong, Bur ni","Country":"Indonesia","Primary_Volcano_Type":"Stratovolcano","Last_Eruption_Year":1937,"Region":"Sunda-Banda Volcanic Regions"}},{"type":"Feature","id":261070,"geometry":{"type":"Point","coordinates":[98.5127,3.2379]},"properties":{"Volcano_Number":261070,"Volcano_Name":"Singkut","Country":"Indonesia","Primary_Volcano_Type":"Caldera(s)","Last_Eruption_Year":1881,"Region":"Sunda-Banda Volcanic Regions"}},{"type":"Feature","id":261080,"geometry":{"type":"Point","coordinates":[98.392,3.17]},"properties":{"Volcano_Number":261080,"Volcano_Name":"Sinabung","Country":"Indonesia","Primary_Volcano_Type":"Stratovolcano","Last_Eruption_Year":2021,"Region":"Sunda-Banda Volcanic Regions"}},{"type":"Feature","id":261121,"geometry":{"type":"Point","coordinates":[99.6628,0.4756]},"properties":{"Volcano_Number":261121,"Volcano_Name":"Malintang","Country":"Indonesia","Primary_Volcano_Type":"Stratovolcano","Last_Eruption_Year":null,"Region":"Sunda-Banda Volcanic Regions"}},{"type":"Feature","id":261120,"geometry":{"type":"Point","coordinates":[99.5409,0.6834]},"properties":{"Volcano_Number":261120,"Volcano_Name":"Sorikmarapi","Country":"Indonesia","Primary_Volcano_Type":"Stratovolcano","Last_Eruption_Year":1986,"Region":"Sunda-Banda Volcanic Regions"}},{"type":"Feature","id":261130,"geometry":{"type":"Point","coordinates":[99.984,0.0787]},"properties":{"Volcano_Number":261130,"Volcano_Name":"Talakmau","Country":"Indonesia","Primary_Volcano_Type":"Complex","Last_Eruption_Year":null,"Region":"Sunda-Banda Volcanic Regions"}},{"type":"Feature","id":261140,"geometry":{"type":"Point","coordinates":[100.474,-0.38]},"properties":{"Volcano_Number":261140,"Volcano_Name":"Marapi","Country":"Indonesia","Primary_Volcano_Type":"Complex","Last_Eruption_Year":2026,"Region":"Sunda-Banda Volcanic Regions"}},{"type":"Feature","id":261150,"geometry":{"type":"Point","coordinates":[100.3192,-0.4311]},"properties":{"Volcano_Number":261150,"Volcano_Name":"Tandikat-Singgalang","Country":"Indonesia","Primary_Volcano_Type":"Stratovolcano(es)","Last_Eruption_Year":1924,"Region":"Sunda-Banda Volcanic Regions"}},{"type":"Feature","id":261160,"geometry":{"type":"Point","coordinates":[100.681,-0.979]},"properties":{"Volcano_Number":261160,"Volcano_Name":"Talang","Country":"Indonesia","Primary_Volcano_Type":"Stratovolcano","Last_Eruption_Year":2007,"Region":"Sunda-Banda Volcanic Regions"}},{"type":"Feature","id":261170,"geometry":{"type":"Point","coordinates":[101.264,-1.697]},"properties":{"Volcano_Number":261170,"Volcano_Name":"Kerinci","Country":"Indonesia","Primary_Volcano_Type":"Stratovolcano","Last_Eruption_Year":2024,"Region":"Sunda-Banda Volcanic Regions"}},{"type":"Feature","id":261180,"geometry":{"type":"Point","coordinates":[101.728,-2.414]},"properties":{"Volcano_Number":261180,"Volcano_Name":"Sumbing","Country":"Indonesia","Primary_Volcano_Type":"Stratovolcano","Last_Eruption_Year":1921,"Region":"Sunda-Banda Volcanic Regions"}},{"type":"Feature","id":261220,"geometry":{"type":"Point","coordinates":[102.6261,-3.5156]},"properties":{"Volcano_Number":261220,"Volcano_Name":"Kaba","Country":"Indonesia","Primary_Volcano_Type":"Stratovolcano","Last_Eruption_Year":2000,"Region":"Sunda-Banda Volcanic Regions"}},{"type":"Feature","id":261231,"geometry":{"type":"Point","coordinates":[103.306,-4.257]},"properties":{"Volcano_Number":261231,"Volcano_Name":"Patah","Country":"Indonesia","Primary_Volcano_Type":"Stratovolcano?","Last_Eruption_Year":null,"Region":"Sunda-Banda Volcanic Regions"}},{"type":"Feature","id":261230,"geometry":{"type":"Point","coordinates":[103.121,-4.016]},"properties":{"Volcano_Number":261230,"Volcano_Name":"Dempo","Country":"Indonesia","Primary_Volcano_Type":"Stratovolcano(es)","Last_Eruption_Year":2025,"Region":"Sunda-Banda Volcanic Regions"}},{"type":"Feature","id":261251,"geometry":{"type":"Point","coordinates":[103.925,-4.871]},"properties":{"Volcano_Number":261251,"Volcano_Name":"Ranau","Country":"Indonesia","Primary_Volcano_Type":"Caldera","Last_Eruption_Year":null,"Region":"Sunda-Banda Volcanic Regions"}},{"type":"Feature","id":261270,"geometry":{"type":"Point","coordinates":[104.27,-5.25]},"properties":{"Volcano_Number":261270,"Volcano_Name":"Suoh","Country":"Indonesia","Primary_Volcano_Type":"Caldera(s)","Last_Eruption_Year":2024,"Region":"Sunda-Banda Volcanic Regions"}},{"type":"Feature","id":262000,"geometry":{"type":"Point","coordinates":[105.4233,-6.1009]},"properties":{"Volcano_Number":262000,"Volcano_Name":"Krakatau","Country":"Indonesia","Primary_Volcano_Type":"Caldera","Last_Eruption_Year":2024,"Region":"Sunda-Banda Volcanic Regions"}},{"type":"Feature","id":263010,"geometry":{"type":"Point","coordinates":[105.978,-6.343]},"properties":{"Volcano_Number":263010,"Volcano_Name":"Pulosari","Country":"Indonesia","Primary_Volcano_Type":"Stratovolcano","Last_Eruption_Year":null,"Region":"Sunda-Banda Volcanic Regions"}},{"type":"Feature","id":263020,"geometry":{"type":"Point","coordinates":[106.05,-6.268]},"properties":{"Volcano_Number":263020,"Volcano_Name":"Karang","Country":"Indonesia","Primary_Volcano_Type":"Stratovolcano","Last_Eruption_Year":null,"Region":"Sunda-Banda Volcanic Regions"}},{"type":"Feature","id":263040,"geometry":{"type":"Point","coordinates":[106.675,-6.75]},"properties":{"Volcano_Number":263040,"Volcano_Name":"Perbakti-Gagak","Country":"Indonesia","Primary_Volcano_Type":"Stratovolcano(es)","Last_Eruption_Year":1939,"Region":"Sunda-Banda Volcanic Regions"}},{"type":"Feature","id":263050,"geometry":{"type":"Point","coordinates":[106.733,-6.716]},"properties":{"Volcano_Number":263050,"Volcano_Name":"Salak","Country":"Indonesia","Primary_Volcano_Type":"Stratovolcano","Last_Eruption_Year":1938,"Region":"Sunda-Banda Volcanic Regions"}},{"type":"Feature","id":263060,"geometry":{"type":"Point","coordinates":[106.983,-6.786]},"properties":{"Volcano_Number":263060,"Volcano_Name":"Gede-Pangrango","Country":"Indonesia","Primary_Volcano_Type":"Stratovolcano(es)","Last_Eruption_Year":1957,"Region":"Sunda-Banda Volcanic Regions"}},{"type":"Feature","id":263070,"geometry":{"type":"Point","coordinates":[107.4,-7.162]},"properties":{"Volcano_Number":263070,"Volcano_Name":"Patuha","Country":"Indonesia","Primary_Volcano_Type":"Stratovolcano","Last_Eruption_Year":null,"Region":"Sunda-Banda Volcanic Regions"}},{"type":"Feature","id":263090,"geometry":{"type":"Point","coordinates":[107.6,-6.77]},"properties":{"Volcano_Number":263090,"Volcano_Name":"Tangkuban Parahu","Country":"Indonesia","Primary_Volcano_Type":"Stratovolcano","Last_Eruption_Year":2019,"Region":"Sunda-Banda Volcanic Regions"}},{"type":"Feature","id":263100,"geometry":{"type":"Point","coordinates":[107.7306,-7.3175]},"properties":{"Volcano_Number":263100,"Volcano_Name":"Papandayan","Country":"Indonesia","Primary_Volcano_Type":"Stratovolcano(es)","Last_Eruption_Year":2002,"Region":"Sunda-Banda Volcanic Regions"}},{"type":"Feature","id":263131,"geometry":{"type":"Point","coordinates":[107.9612,-6.7639]},"properties":{"Volcano_Number":263131,"Volcano_Name":"Tampomas","Country":"Indonesia","Primary_Volcano_Type":"Stratovolcano","Last_Eruption_Year":null,"Region":"Sunda-Banda Volcanic Regions"}},{"type":"Feature","id":263130,"geometry":{"type":"Point","coordinates":[107.841,-7.143]},"properties":{"Volcano_Number":263130,"Volcano_Name":"Guntur","Country":"Indonesia","Primary_Volcano_Type":"Complex","Last_Eruption_Year":1847,"Region":"Sunda-Banda Volcanic Regions"}},{"type":"Feature","id":263140,"geometry":{"type":"Point","coordinates":[108.058,-7.25]},"properties":{"Volcano_Number":263140,"Volcano_Name":"Galunggung","Country":"Indonesia","Primary_Volcano_Type":"Stratovolcano","Last_Eruption_Year":1984,"Region":"Sunda-Banda Volcanic Regions"}},{"type":"Feature","id":263150,"geometry":{"type":"Point","coordinates":[108.07,-7.208]},"properties":{"Volcano_Number":263150,"Volcano_Name":"Talagabodas","Country":"Indonesia","Primary_Volcano_Type":"Stratovolcano","Last_Eruption_Year":null,"Region":"Sunda-Banda Volcanic Regions"}},{"type":"Feature","id":263170,"geometry":{"type":"Point","coordinates":[108.408,-6.895]},"properties":{"Volcano_Number":263170,"Volcano_Name":"Ciremai","Country":"Indonesia","Primary_Volcano_Type":"Stratovolcano","Last_Eruption_Year":1951,"Region":"Sunda-Banda Volcanic Regions"}},{"type":"Feature","id":263180,"geometry":{"type":"Point","coordinates":[109.208,-7.242]},"properties":{"Volcano_Number":263180,"Volcano_Name":"Slamet","Country":"Indonesia","Primary_Volcano_Type":"Stratovolcano","Last_Eruption_Year":2014,"Region":"Sunda-Banda Volcanic Regions"}},{"type":"Feature","id":263200,"geometry":{"type":"Point","coordinates":[109.879,-7.2]},"properties":{"Volcano_Number":263200,"Volcano_Name":"Dieng Volcanic Complex","Country":"Indonesia","Primary_Volcano_Type":"Complex","Last_Eruption_Year":2025,"Region":"Sunda-Banda Volcanic Regions"}},{"type":"Feature","id":263210,"geometry":{"type":"Point","coordinates":[109.997,-7.3014]},"properties":{"Volcano_Number":263210,"Volcano_Name":"Sundoro","Country":"Indonesia","Primary_Volcano_Type":"Stratovolcano","Last_Eruption_Year":1971,"Region":"Sunda-Banda Volcanic Regions"}},{"type":"Feature","id":263220,"geometry":{"type":"Point","coordinates":[110.0747,-7.3819]},"properties":{"Volcano_Number":263220,"Volcano_Name":"Sumbing","Country":"Indonesia","Primary_Volcano_Type":"Stratovolcano","Last_Eruption_Year":1730,"Region":"Sunda-Banda Volcanic Regions"}},{"type":"Feature","id":263240,"geometry":{"type":"Point","coordinates":[110.44,-7.454]},"properties":{"Volcano_Number":263240,"Volcano_Name":"Merbabu","Country":"Indonesia","Primary_Volcano_Type":"Stratovolcano","Last_Eruption_Year":1797,"Region":"Sunda-Banda Volcanic Regions"}},{"type":"Feature","id":263250,"geometry":{"type":"Point","coordinates":[110.446,-7.54]},"properties":{"Volcano_Number":263250,"Volcano_Name":"Merapi","Country":"Indonesia","Primary_Volcano_Type":"Stratovolcano","Last_Eruption_Year":2026,"Region":"Sunda-Banda Volcanic Regions"}},{"type":"Feature","id":263260,"geometry":{"type":"Point","coordinates":[111.192,-7.625]},"properties":{"Volcano_Number":263260,"Volcano_Name":"Lawu","Country":"Indonesia","Primary_Volcano_Type":"Stratovolcano","Last_Eruption_Year":null,"Region":"Sunda-Banda Volcanic Regions"}},{"type":"Feature","id":263281,"geometry":{"type":"Point","coordinates":[112.45,-7.92]},"properties":{"Volcano_Number":263281,"Volcano_Name":"Kawi-Butak","Country":"Indonesia","Primary_Volcano_Type":"Stratovolcano(es)","Last_Eruption_Year":null,"Region":"Sunda-Banda Volcanic Regions"}},{"type":"Feature","id":263280,"geometry":{"type":"Point","coordinates":[112.314,-7.935]},"properties":{"Volcano_Number":263280,"Volcano_Name":"Kelud","Country":"Indonesia","Primary_Volcano_Type":"Stratovolcano","Last_Eruption_Year":2014,"Region":"Sunda-Banda Volcanic Regions"}},{"type":"Feature","id":263291,"geometry":{"type":"Point","coordinates":[112.62,-7.616]},"properties":{"Volcano_Number":263291,"Volcano_Name":"Penanggungan","Country":"Indonesia","Primary_Volcano_Type":"Stratovolcano","Last_Eruption_Year":null,"Region":"Sunda-Banda Volcanic Regions"}},{"type":"Feature","id":263290,"geometry":{"type":"Point","coordinates":[112.575,-7.733]},"properties":{"Volcano_Number":263290,"Volcano_Name":"Arjuno-Welirang","Country":"Indonesia","Primary_Volcano_Type":"Stratovolcano","Last_Eruption_Year":1952,"Region":"Sunda-Banda Volcanic Regions"}},{"type":"Feature","id":263300,"geometry":{"type":"Point","coordinates":[112.922,-8.108]},"properties":{"Volcano_Number":263300,"Volcano_Name":"Semeru","Country":"Indonesia","Primary_Volcano_Type":"Stratovolcano","Last_Eruption_Year":2026,"Region":"Sunda-Banda Volcanic Regions"}},{"type":"Feature","id":263310,"geometry":{"type":"Point","coordinates":[112.95,-7.942]},"properties":{"Volcano_Number":263310,"Volcano_Name":"Tengger Caldera","Country":"Indonesia","Primary_Volcano_Type":"Stratovolcano(es)","Last_Eruption_Year":2023,"Region":"Sunda-Banda Volcanic Regions"}},{"type":"Feature","id":263320,"geometry":{"type":"Point","coordinates":[113.341,-7.981]},"properties":{"Volcano_Number":263320,"Volcano_Name":"Lamongan","Country":"Indonesia","Primary_Volcano_Type":"Stratovolcano","Last_Eruption_Year":1898,"Region":"Sunda-Banda Volcanic Regions"}},{"type":"Feature","id":263330,"geometry":{"type":"Point","coordinates":[113.57,-7.97]},"properties":{"Volcano_Number":263330,"Volcano_Name":"Iyang-Argapura","Country":"Indonesia","Primary_Volcano_Type":"Complex","Last_Eruption_Year":null,"Region":"Sunda-Banda Volcanic Regions"}},{"type":"Feature","id":263340,"geometry":{"type":"Point","coordinates":[114.056,-8.119]},"properties":{"Volcano_Number":263340,"Volcano_Name":"Raung","Country":"Indonesia","Primary_Volcano_Type":"Stratovolcano","Last_Eruption_Year":2025,"Region":"Sunda-Banda Volcanic Regions"}},{"type":"Feature","id":263351,"geometry":{"type":"Point","coordinates":[114.37,-7.85]},"properties":{"Volcano_Number":263351,"Volcano_Name":"Baluran","Country":"Indonesia","Primary_Volcano_Type":"Stratovolcano","Last_Eruption_Year":null,"Region":"Sunda-Banda Volcanic Regions"}},{"type":"Feature","id":263350,"geometry":{"type":"Point","coordinates":[114.242,-8.058]},"properties":{"Volcano_Number":263350,"Volcano_Name":"Ijen","Country":"Indonesia","Primary_Volcano_Type":"Stratovolcano(es)","Last_Eruption_Year":1999,"Region":"Sunda-Banda Volcanic Regions"}},{"type":"Feature","id":264001,"geometry":{"type":"Point","coordinates":[115.133,-8.283]},"properties":{"Volcano_Number":264001,"Volcano_Name":"Buyan-Bratan","Country":"Indonesia","Primary_Volcano_Type":"Caldera","Last_Eruption_Year":null,"Region":"Sunda-Banda Volcanic Regions"}},{"type":"Feature","id":264010,"geometry":{"type":"Point","coordinates":[115.3775,-8.2403]},"properties":{"Volcano_Number":264010,"Volcano_Name":"Batur","Country":"Indonesia","Primary_Volcano_Type":"Caldera","Last_Eruption_Year":2000,"Region":"Sunda-Banda Volcanic Regions"}},{"type":"Feature","id":264020,"geometry":{"type":"Point","coordinates":[115.508,-8.343]},"properties":{"Volcano_Number":264020,"Volcano_Name":"Agung","Country":"Indonesia","Primary_Volcano_Type":"Stratovolcano","Last_Eruption_Year":2022,"Region":"Sunda-Banda Volcanic Regions"}},{"type":"Feature","id":264030,"geometry":{"type":"Point","coordinates":[116.47,-8.42]},"properties":{"Volcano_Number":264030,"Volcano_Name":"Rinjani","Country":"Indonesia","Primary_Volcano_Type":"Stratovolcano","Last_Eruption_Year":2016,"Region":"Sunda-Banda Volcanic Regions"}},{"type":"Feature","id":264040,"geometry":{"type":"Point","coordinates":[118,-8.25]},"properties":{"Volcano_Number":264040,"Volcano_Name":"Tambora","Country":"Indonesia","Primary_Volcano_Type":"Stratovolcano","Last_Eruption_Year":1967,"Region":"Sunda-Banda Volcanic Regions"}},{"type":"Feature","id":264050,"geometry":{"type":"Point","coordinates":[119.07,-8.2]},"properties":{"Volcano_Number":264050,"Volcano_Name":"Sangeang Api","Country":"Indonesia","Primary_Volcano_Type":"Complex","Last_Eruption_Year":2022,"Region":"Sunda-Banda Volcanic Regions"}},{"type":"Feature","id":264060,"geometry":{"type":"Point","coordinates":[120.0074,-8.7345]},"properties":{"Volcano_Number":264060,"Volcano_Name":"Sano, Wai","Country":"Indonesia","Primary_Volcano_Type":"Caldera","Last_Eruption_Year":null,"Region":"Sunda-Banda Volcanic Regions"}},{"type":"Feature","id":264071,"geometry":{"type":"Point","coordinates":[120.5302,-8.637]},"properties":{"Volcano_Number":264071,"Volcano_Name":"Ranakah","Country":"Indonesia","Primary_Volcano_Type":"Lava dome(s)","Last_Eruption_Year":1991,"Region":"Sunda-Banda Volcanic Regions"}},{"type":"Feature","id":264080,"geometry":{"type":"Point","coordinates":[120.95,-8.875]},"properties":{"Volcano_Number":264080,"Volcano_Name":"Inierie","Country":"Indonesia","Primary_Volcano_Type":"Stratovolcano","Last_Eruption_Year":-8050,"Region":"Sunda-Banda Volcanic Regions"}},{"type":"Feature","id":264090,"geometry":{"type":"Point","coordinates":[120.98,-8.73]},"properties":{"Volcano_Number":264090,"Volcano_Name":"Inielika","Country":"Indonesia","Primary_Volcano_Type":"Complex","Last_Eruption_Year":2001,"Region":"Sunda-Banda Volcanic Regions"}},{"type":"Feature","id":264100,"geometry":{"type":"Point","coordinates":[121.191,-8.817]},"properties":{"Volcano_Number":264100,"Volcano_Name":"Ebulobo","Country":"Indonesia","Primary_Volcano_Type":"Stratovolcano","Last_Eruption_Year":1969,"Region":"Sunda-Banda Volcanic Regions"}},{"type":"Feature","id":264110,"geometry":{"type":"Point","coordinates":[121.641,-8.891]},"properties":{"Volcano_Number":264110,"Volcano_Name":"Iya","Country":"Indonesia","Primary_Volcano_Type":"Stratovolcano","Last_Eruption_Year":1969,"Region":"Sunda-Banda Volcanic Regions"}},{"type":"Feature","id":264140,"geometry":{"type":"Point","coordinates":[121.82,-8.77]},"properties":{"Volcano_Number":264140,"Volcano_Name":"Kelimutu","Country":"Indonesia","Primary_Volcano_Type":"Complex","Last_Eruption_Year":1968,"Region":"Sunda-Banda Volcanic Regions"}},{"type":"Feature","id":264150,"geometry":{"type":"Point","coordinates":[121.708,-8.32]},"properties":{"Volcano_Number":264150,"Volcano_Name":"Paluweh","Country":"Indonesia","Primary_Volcano_Type":"Stratovolcano","Last_Eruption_Year":2013,"Region":"Sunda-Banda Volcanic Regions"}},{"type":"Feature","id":264160,"geometry":{"type":"Point","coordinates":[122.455,-8.676]},"properties":{"Volcano_Number":264160,"Volcano_Name":"Egon","Country":"Indonesia","Primary_Volcano_Type":"Stratovolcano","Last_Eruption_Year":2008,"Region":"Sunda-Banda Volcanic Regions"}},{"type":"Feature","id":264180,"geometry":{"type":"Point","coordinates":[122.775,-8.542]},"properties":{"Volcano_Number":264180,"Volcano_Name":"Lewotobi","Country":"Indonesia","Primary_Volcano_Type":"Stratovolcano(es)","Last_Eruption_Year":2026,"Region":"Sunda-Banda Volcanic Regions"}},{"type":"Feature","id":264220,"geometry":{"type":"Point","coordinates":[123.258,-8.342]},"properties":{"Volcano_Number":264220,"Volcano_Name":"Iliboleng","Country":"Indonesia","Primary_Volcano_Type":"Stratovolcano","Last_Eruption_Year":1993,"Region":"Sunda-Banda Volcanic Regions"}},{"type":"Feature","id":264230,"geometry":{"type":"Point","coordinates":[123.508,-8.274]},"properties":{"Volcano_Number":264230,"Volcano_Name":"Lewotolok","Country":"Indonesia","Primary_Volcano_Type":"Stratovolcano","Last_Eruption_Year":2026,"Region":"Sunda-Banda Volcanic Regions"}},{"type":"Feature","id":264240,"geometry":{"type":"Point","coordinates":[123.38,-8.55]},"properties":{"Volcano_Number":264240,"Volcano_Name":"Ililabalekan","Country":"Indonesia","Primary_Volcano_Type":"Stratovolcano","Last_Eruption_Year":null,"Region":"Sunda-Banda Volcanic Regions"}},{"type":"Feature","id":264250,"geometry":{"type":"Point","coordinates":[123.573,-8.532]},"properties":{"Volcano_Number":264250,"Volcano_Name":"Iliwerung","Country":"Indonesia","Primary_Volcano_Type":"Complex","Last_Eruption_Year":2021,"Region":"Sunda-Banda Volcanic Regions"}},{"type":"Feature","id":264260,"geometry":{"type":"Point","coordinates":[123.585,-7.791]},"properties":{"Volcano_Number":264260,"Volcano_Name":"Tara, Batu","Country":"Indonesia","Primary_Volcano_Type":"Stratovolcano","Last_Eruption_Year":2015,"Region":"Sunda-Banda Volcanic Regions"}},{"type":"Feature","id":264270,"geometry":{"type":"Point","coordinates":[124.1306,-8.4972]},"properties":{"Volcano_Number":264270,"Volcano_Name":"Sirung","Country":"Indonesia","Primary_Volcano_Type":"Complex","Last_Eruption_Year":2021,"Region":"Sunda-Banda Volcanic Regions"}},{"type":"Feature","id":265040,"geometry":{"type":"Point","coordinates":[128.675,-7.125]},"properties":{"Volcano_Number":265040,"Volcano_Name":"Wurlali","Country":"Indonesia","Primary_Volcano_Type":"Stratovolcano","Last_Eruption_Year":1892,"Region":"Sunda-Banda Volcanic Regions"}},{"type":"Feature","id":265050,"geometry":{"type":"Point","coordinates":[129.144,-6.976]},"properties":{"Volcano_Number":265050,"Volcano_Name":"Teon","Country":"Indonesia","Primary_Volcano_Type":"Stratovolcano","Last_Eruption_Year":1904,"Region":"Sunda-Banda Volcanic Regions"}},{"type":"Feature","id":265060,"geometry":{"type":"Point","coordinates":[129.5,-6.73]},"properties":{"Volcano_Number":265060,"Volcano_Name":"Nila","Country":"Indonesia","Primary_Volcano_Type":"Stratovolcano","Last_Eruption_Year":1968,"Region":"Sunda-Banda Volcanic Regions"}},{"type":"Feature","id":265070,"geometry":{"type":"Point","coordinates":[130.017,-6.312]},"properties":{"Volcano_Number":265070,"Volcano_Name":"Serua","Country":"Indonesia","Primary_Volcano_Type":"Stratovolcano","Last_Eruption_Year":1921,"Region":"Sunda-Banda Volcanic Regions"}},{"type":"Feature","id":265080,"geometry":{"type":"Point","coordinates":[130.303,-5.543]},"properties":{"Volcano_Number":265080,"Volcano_Name":"Manuk","Country":"Indonesia","Primary_Volcano_Type":"Stratovolcano","Last_Eruption_Year":null,"Region":"Sunda-Banda Volcanic Regions"}},{"type":"Feature","id":265090,"geometry":{"type":"Point","coordinates":[129.881,-4.523]},"properties":{"Volcano_Number":265090,"Volcano_Name":"Banda Api","Country":"Indonesia","Primary_Volcano_Type":"Caldera","Last_Eruption_Year":1988,"Region":"Sunda-Banda Volcanic Regions"}},{"type":"Feature","id":266010,"geometry":{"type":"Point","coordinates":[121.601,-0.162]},"properties":{"Volcano_Number":266010,"Volcano_Name":"Colo","Country":"Indonesia","Primary_Volcano_Type":"Stratovolcano","Last_Eruption_Year":1983,"Region":"Western Pacific Volcanic Regions"}},{"type":"Feature","id":266020,"geometry":{"type":"Point","coordinates":[124.42,0.75]},"properties":{"Volcano_Number":266020,"Volcano_Name":"Ambang","Country":"Indonesia","Primary_Volcano_Type":"Complex","Last_Eruption_Year":2005,"Region":"Western Pacific Volcanic Regions"}},{"type":"Feature","id":266030,"geometry":{"type":"Point","coordinates":[124.737,1.112]},"properties":{"Volcano_Number":266030,"Volcano_Name":"Soputan","Country":"Indonesia","Primary_Volcano_Type":"Stratovolcano","Last_Eruption_Year":2020,"Region":"Western Pacific Volcanic Regions"}},{"type":"Feature","id":266100,"geometry":{"type":"Point","coordinates":[124.7992,1.3644]},"properties":{"Volcano_Number":266100,"Volcano_Name":"Lokon-Empung","Country":"Indonesia","Primary_Volcano_Type":"Stratovolcano(es)","Last_Eruption_Year":2015,"Region":"Western Pacific Volcanic Regions"}},{"type":"Feature","id":266110,"geometry":{"type":"Point","coordinates":[124.865,1.352]},"properties":{"Volcano_Number":266110,"Volcano_Name":"Mahawu","Country":"Indonesia","Primary_Volcano_Type":"Stratovolcano","Last_Eruption_Year":1977,"Region":"Western Pacific Volcanic Regions"}},{"type":"Feature","id":266120,"geometry":{"type":"Point","coordinates":[125.031,1.454]},"properties":{"Volcano_Number":266120,"Volcano_Name":"Klabat","Country":"Indonesia","Primary_Volcano_Type":"Stratovolcano","Last_Eruption_Year":null,"Region":"Western Pacific Volcanic Regions"}},{"type":"Feature","id":266130,"geometry":{"type":"Point","coordinates":[125.185,1.518]},"properties":{"Volcano_Number":266130,"Volcano_Name":"Tangkoko-Duasudara","Country":"Indonesia","Primary_Volcano_Type":"Stratovolcano","Last_Eruption_Year":1880,"Region":"Western Pacific Volcanic Regions"}},{"type":"Feature","id":267010,"geometry":{"type":"Point","coordinates":[125.3671,2.3058]},"properties":{"Volcano_Number":267010,"Volcano_Name":"Ruang","Country":"Indonesia","Primary_Volcano_Type":"Stratovolcano","Last_Eruption_Year":2024,"Region":"Western Pacific Volcanic Regions"}},{"type":"Feature","id":267020,"geometry":{"type":"Point","coordinates":[125.407,2.781]},"properties":{"Volcano_Number":267020,"Volcano_Name":"Karangetang","Country":"Indonesia","Primary_Volcano_Type":"Stratovolcano","Last_Eruption_Year":2023,"Region":"Western Pacific Volcanic Regions"}},{"type":"Feature","id":267030,"geometry":{"type":"Point","coordinates":[125.4422,3.1463]},"properties":{"Volcano_Number":267030,"Volcano_Name":"Banua Wuhu","Country":"Indonesia","Primary_Volcano_Type":"Complex","Last_Eruption_Year":1919,"Region":"Western Pacific Volcanic Regions"}},{"type":"Feature","id":267040,"geometry":{"type":"Point","coordinates":[125.447,3.689]},"properties":{"Volcano_Number":267040,"Volcano_Name":"Awu","Country":"Indonesia","Primary_Volcano_Type":"Stratovolcano","Last_Eruption_Year":2004,"Region":"Western Pacific Volcanic Regions"}},{"type":"Feature","id":268001,"geometry":{"type":"Point","coordinates":[127.825,1.832]},"properties":{"Volcano_Number":268001,"Volcano_Name":"Tarakan","Country":"Indonesia","Primary_Volcano_Type":"Pyroclastic cone(s)","Last_Eruption_Year":null,"Region":"Western Pacific Volcanic Regions"}},{"type":"Feature","id":268010,"geometry":{"type":"Point","coordinates":[127.8783,1.6992]},"properties":{"Volcano_Number":268010,"Volcano_Name":"Dukono","Country":"Indonesia","Primary_Volcano_Type":"Complex","Last_Eruption_Year":2026,"Region":"Western Pacific Volcanic Regions"}},{"type":"Feature","id":268020,"geometry":{"type":"Point","coordinates":[127.67,1.63]},"properties":{"Volcano_Number":268020,"Volcano_Name":"Tobaru","Country":"Indonesia","Primary_Volcano_Type":"Stratovolcano","Last_Eruption_Year":null,"Region":"Western Pacific Volcanic Regions"}},{"type":"Feature","id":268030,"geometry":{"type":"Point","coordinates":[127.6324,1.4941]},"properties":{"Volcano_Number":268030,"Volcano_Name":"Ibu","Country":"Indonesia","Primary_Volcano_Type":"Stratovolcano","Last_Eruption_Year":2026,"Region":"Western Pacific Volcanic Regions"}},{"type":"Feature","id":268040,"geometry":{"type":"Point","coordinates":[127.53,1.38]},"properties":{"Volcano_Number":268040,"Volcano_Name":"Gamkonora","Country":"Indonesia","Primary_Volcano_Type":"Stratovolcano","Last_Eruption_Year":2007,"Region":"Western Pacific Volcanic Regions"}},{"type":"Feature","id":268051,"geometry":{"type":"Point","coordinates":[127.439,1.08]},"properties":{"Volcano_Number":268051,"Volcano_Name":"Jailolo","Country":"Indonesia","Primary_Volcano_Type":"Stratovolcano","Last_Eruption_Year":null,"Region":"Western Pacific Volcanic Regions"}},{"type":"Feature","id":268052,"geometry":{"type":"Point","coordinates":[127.317,0.8971]},"properties":{"Volcano_Number":268052,"Volcano_Name":"Hiri","Country":"Indonesia","Primary_Volcano_Type":"Stratovolcano","Last_Eruption_Year":null,"Region":"Western Pacific Volcanic Regions"}},{"type":"Feature","id":268050,"geometry":{"type":"Point","coordinates":[127.4556,1.2389]},"properties":{"Volcano_Number":268050,"Volcano_Name":"Todoko-Ranu","Country":"Indonesia","Primary_Volcano_Type":"Caldera(s)","Last_Eruption_Year":null,"Region":"Western Pacific Volcanic Regions"}},{"type":"Feature","id":268061,"geometry":{"type":"Point","coordinates":[127.4029,0.6623]},"properties":{"Volcano_Number":268061,"Volcano_Name":"Kie Matubu","Country":"Indonesia","Primary_Volcano_Type":"Stratovolcano","Last_Eruption_Year":1210,"Region":"Western Pacific Volcanic Regions"}},{"type":"Feature","id":268062,"geometry":{"type":"Point","coordinates":[127.4,0.57]},"properties":{"Volcano_Number":268062,"Volcano_Name":"Mare","Country":"Indonesia","Primary_Volcano_Type":"Stratovolcano","Last_Eruption_Year":null,"Region":"Western Pacific Volcanic Regions"}},{"type":"Feature","id":268063,"geometry":{"type":"Point","coordinates":[127.411,0.454]},"properties":{"Volcano_Number":268063,"Volcano_Name":"Moti","Country":"Indonesia","Primary_Volcano_Type":"Stratovolcano","Last_Eruption_Year":null,"Region":"Western Pacific Volcanic Regions"}},{"type":"Feature","id":268060,"geometry":{"type":"Point","coordinates":[127.3322,0.81]},"properties":{"Volcano_Number":268060,"Volcano_Name":"Gamalama","Country":"Indonesia","Primary_Volcano_Type":"Stratovolcano(es)","Last_Eruption_Year":2018,"Region":"Western Pacific Volcanic Regions"}},{"type":"Feature","id":268070,"geometry":{"type":"Point","coordinates":[127.4,0.32]},"properties":{"Volcano_Number":268070,"Volcano_Name":"Kie Besi","Country":"Indonesia","Primary_Volcano_Type":"Stratovolcano","Last_Eruption_Year":1988,"Region":"Western Pacific Volcanic Regions"}},{"type":"Feature","id":271011,"geometry":{"type":"Point","coordinates":[124.892,6.113]},"properties":{"Volcano_Number":271011,"Volcano_Name":"Melebingoy","Country":"Philippines","Primary_Volcano_Type":"Stratovolcano","Last_Eruption_Year":1641,"Region":"Western Pacific Volcanic Regions"}},{"type":"Feature","id":271020,"geometry":{"type":"Point","coordinates":[125.0765,6.3604]},"properties":{"Volcano_Number":271020,"Volcano_Name":"Matutum","Country":"Philippines","Primary_Volcano_Type":"Stratovolcano","Last_Eruption_Year":1290,"Region":"Western Pacific Volcanic Regions"}},{"type":"Feature","id":271031,"geometry":{"type":"Point","coordinates":[126.047,7.382]},"properties":{"Volcano_Number":271031,"Volcano_Name":"Leonard Range","Country":"Philippines","Primary_Volcano_Type":"Stratovolcano","Last_Eruption_Year":80,"Region":"Western Pacific Volcanic Regions"}},{"type":"Feature","id":271040,"geometry":{"type":"Point","coordinates":[124.317,7.644]},"properties":{"Volcano_Number":271040,"Volcano_Name":"Makaturing","Country":"Philippines","Primary_Volcano_Type":"Stratovolcano","Last_Eruption_Year":1882,"Region":"Western Pacific Volcanic Regions"}},{"type":"Feature","id":271060,"geometry":{"type":"Point","coordinates":[124.507,7.691]},"properties":{"Volcano_Number":271060,"Volcano_Name":"Ragang","Country":"Philippines","Primary_Volcano_Type":"Stratovolcano","Last_Eruption_Year":1916,"Region":"Western Pacific Volcanic Regions"}},{"type":"Feature","id":271070,"geometry":{"type":"Point","coordinates":[125.0697,7.8765]},"properties":{"Volcano_Number":271070,"Volcano_Name":"Musuan","Country":"Philippines","Primary_Volcano_Type":"Lava dome","Last_Eruption_Year":null,"Region":"Western Pacific Volcanic Regions"}},{"type":"Feature","id":271080,"geometry":{"type":"Point","coordinates":[124.673,9.203]},"properties":{"Volcano_Number":271080,"Volcano_Name":"Camiguin","Country":"Philippines","Primary_Volcano_Type":"Stratovolcano(es)","Last_Eruption_Year":1953,"Region":"Western Pacific Volcanic Regions"}},{"type":"Feature","id":272020,"geometry":{"type":"Point","coordinates":[123.13,10.4096]},"properties":{"Volcano_Number":272020,"Volcano_Name":"Kanlaon","Country":"Philippines","Primary_Volcano_Type":"Stratovolcano","Last_Eruption_Year":2026,"Region":"Western Pacific Volcanic Regions"}},{"type":"Feature","id":272050,"geometry":{"type":"Point","coordinates":[125.218,10.285]},"properties":{"Volcano_Number":272050,"Volcano_Name":"Cabalían","Country":"Philippines","Primary_Volcano_Type":"Stratovolcano","Last_Eruption_Year":1820,"Region":"Western Pacific Volcanic Regions"}},{"type":"Feature","id":272080,"geometry":{"type":"Point","coordinates":[124.535,11.523]},"properties":{"Volcano_Number":272080,"Volcano_Name":"Biliran","Country":"Philippines","Primary_Volcano_Type":"Compound","Last_Eruption_Year":1939,"Region":"Western Pacific Volcanic Regions"}},{"type":"Feature","id":273010,"geometry":{"type":"Point","coordinates":[124.056,12.769]},"properties":{"Volcano_Number":273010,"Volcano_Name":"Bulusan","Country":"Philippines","Primary_Volcano_Type":"Stratovolcano(es)","Last_Eruption_Year":2025,"Region":"Western Pacific Volcanic Regions"}},{"type":"Feature","id":273030,"geometry":{"type":"Point","coordinates":[123.685,13.257]},"properties":{"Volcano_Number":273030,"Volcano_Name":"Mayon","Country":"Philippines","Primary_Volcano_Type":"Stratovolcano","Last_Eruption_Year":2026,"Region":"Western Pacific Volcanic Regions"}},{"type":"Feature","id":273041,"geometry":{"type":"Point","coordinates":[123.451,13.458]},"properties":{"Volcano_Number":273041,"Volcano_Name":"Iriga","Country":"Philippines","Primary_Volcano_Type":"Stratovolcano","Last_Eruption_Year":null,"Region":"Western Pacific Volcanic Regions"}},{"type":"Feature","id":273042,"geometry":{"type":"Point","coordinates":[123.38,13.658]},"properties":{"Volcano_Number":273042,"Volcano_Name":"Isarog","Country":"Philippines","Primary_Volcano_Type":"Stratovolcano","Last_Eruption_Year":-3500,"Region":"Western Pacific Volcanic Regions"}},{"type":"Feature","id":273050,"geometry":{"type":"Point","coordinates":[121.48,14.07]},"properties":{"Volcano_Number":273050,"Volcano_Name":"Banahaw","Country":"Philippines","Primary_Volcano_Type":"Complex","Last_Eruption_Year":null,"Region":"Western Pacific Volcanic Regions"}},{"type":"Feature","id":273060,"geometry":{"type":"Point","coordinates":[121.3,14.12]},"properties":{"Volcano_Number":273060,"Volcano_Name":"San Pablo Volcanic Field","Country":"Philippines","Primary_Volcano_Type":"Volcanic field","Last_Eruption_Year":1350,"Region":"Western Pacific Volcanic Regions"}},{"type":"Feature","id":273070,"geometry":{"type":"Point","coordinates":[120.9975,14.0106]},"properties":{"Volcano_Number":273070,"Volcano_Name":"Taal","Country":"Philippines","Primary_Volcano_Type":"Caldera","Last_Eruption_Year":2026,"Region":"Western Pacific Volcanic Regions"}},{"type":"Feature","id":273083,"geometry":{"type":"Point","coordinates":[120.35,15.13]},"properties":{"Volcano_Number":273083,"Volcano_Name":"Pinatubo","Country":"Philippines","Primary_Volcano_Type":"Stratovolcano","Last_Eruption_Year":2021,"Region":"Western Pacific Volcanic Regions"}},{"type":"Feature","id":273090,"geometry":{"type":"Point","coordinates":[122.123,18.222]},"properties":{"Volcano_Number":273090,"Volcano_Name":"Cagua","Country":"Philippines","Primary_Volcano_Type":"Stratovolcano","Last_Eruption_Year":1860,"Region":"Western Pacific Volcanic Regions"}},{"type":"Feature","id":274010,"geometry":{"type":"Point","coordinates":[121.86,18.83]},"properties":{"Volcano_Number":274010,"Volcano_Name":"Camiguin de Babuyanes","Country":"Philippines","Primary_Volcano_Type":"Stratovolcano","Last_Eruption_Year":1857,"Region":"Western Pacific Volcanic Regions"}},{"type":"Feature","id":274020,"geometry":{"type":"Point","coordinates":[122.202,19.077]},"properties":{"Volcano_Number":274020,"Volcano_Name":"Didicas","Country":"Philippines","Primary_Volcano_Type":"Compound","Last_Eruption_Year":1978,"Region":"Western Pacific Volcanic Regions"}},{"type":"Feature","id":274030,"geometry":{"type":"Point","coordinates":[121.95,19.524]},"properties":{"Volcano_Number":274030,"Volcano_Name":"Babuyan Claro","Country":"Philippines","Primary_Volcano_Type":"Stratovolcano(es)","Last_Eruption_Year":1924,"Region":"Western Pacific Volcanic Regions"}},{"type":"Feature","id":274060,"geometry":{"type":"Point","coordinates":[122.01,20.469]},"properties":{"Volcano_Number":274060,"Volcano_Name":"Iraya","Country":"Philippines","Primary_Volcano_Type":"Stratovolcano","Last_Eruption_Year":1454,"Region":"Western Pacific Volcanic Regions"}},{"type":"Feature","id":275001,"geometry":{"type":"Point","coordinates":[110.229,19.905]},"properties":{"Volcano_Number":275001,"Volcano_Name":"Hainan Volcanic Field","Country":"China","Primary_Volcano_Type":"Volcanic field","Last_Eruption_Year":1933,"Region":"Eastern Asia Volcanic Regions"}},{"type":"Feature","id":275020,"geometry":{"type":"Point","coordinates":[109.12,15.38]},"properties":{"Volcano_Number":275020,"Volcano_Name":"Ly Son Group","Country":"Vietnam","Primary_Volcano_Type":"Volcanic field","Last_Eruption_Year":null,"Region":"Eastern Asia Volcanic Regions"}},{"type":"Feature","id":275060,"geometry":{"type":"Point","coordinates":[109.014,10.158]},"properties":{"Volcano_Number":275060,"Volcano_Name":"Cendres, Ile des","Country":"Vietnam","Primary_Volcano_Type":"Volcanic field","Last_Eruption_Year":1923,"Region":"Eastern Asia Volcanic Regions"}},{"type":"Feature","id":275080,"geometry":{"type":"Point","coordinates":[95.25,20.92]},"properties":{"Volcano_Number":275080,"Volcano_Name":"Popa","Country":"Burma (Myanmar)","Primary_Volcano_Type":"Stratovolcano","Last_Eruption_Year":-6050,"Region":"Eastern Asia Volcanic Regions"}},{"type":"Feature","id":275110,"geometry":{"type":"Point","coordinates":[98.5,25.23]},"properties":{"Volcano_Number":275110,"Volcano_Name":"Tengchong","Country":"China","Primary_Volcano_Type":"Volcanic field","Last_Eruption_Year":-5750,"Region":"Eastern Asia Volcanic Regions"}},{"type":"Feature","id":281031,"geometry":{"type":"Point","coordinates":[121.953,24.841]},"properties":{"Volcano_Number":281031,"Volcano_Name":"Kueishantao","Country":"Taiwan","Primary_Volcano_Type":"Stratovolcano","Last_Eruption_Year":1853,"Region":"Western Pacific Volcanic Regions"}},{"type":"Feature","id":281032,"geometry":{"type":"Point","coordinates":[121.553,25.178]},"properties":{"Volcano_Number":281032,"Volcano_Name":"Tatun Volcanic Group","Country":"Taiwan","Primary_Volcano_Type":"Lava dome(s)","Last_Eruption_Year":648,"Region":"Western Pacific Volcanic Regions"}},{"type":"Feature","id":282010,"geometry":{"type":"Point","coordinates":[123.93,24.57]},"properties":{"Volcano_Number":282010,"Volcano_Name":"Submarine Volcano NNE of Iriomotejima","Country":"Japan","Primary_Volcano_Type":"Stratovolcano","Last_Eruption_Year":1924,"Region":"Western Pacific Volcanic Regions"}},{"type":"Feature","id":282021,"geometry":{"type":"Point","coordinates":[128.9958,28.7994]},"properties":{"Volcano_Number":282021,"Volcano_Name":"Yokoatejima","Country":"Japan","Primary_Volcano_Type":"Stratovolcano(es)","Last_Eruption_Year":1835,"Region":"Western Pacific Volcanic Regions"}},{"type":"Feature","id":282022,"geometry":{"type":"Point","coordinates":[129.594,29.465]},"properties":{"Volcano_Number":282022,"Volcano_Name":"Akusekijima","Country":"Japan","Primary_Volcano_Type":"Stratovolcano(es)","Last_Eruption_Year":null,"Region":"Western Pacific Volcanic Regions"}},{"type":"Feature","id":282020,"geometry":{"type":"Point","coordinates":[128.223,27.881]},"properties":{"Volcano_Number":282020,"Volcano_Name":"Io-Torishima","Country":"Japan","Primary_Volcano_Type":"Complex","Last_Eruption_Year":1968,"Region":"Western Pacific Volcanic Regions"}},{"type":"Feature","id":282030,"geometry":{"type":"Point","coordinates":[129.714,29.638]},"properties":{"Volcano_Number":282030,"Volcano_Name":"Suwanosejima","Country":"Japan","Primary_Volcano_Type":"Stratovolcano(es)","Last_Eruption_Year":2026,"Region":"Western Pacific Volcanic Regions"}},{"type":"Feature","id":282043,"geometry":{"type":"Point","coordinates":[129.926,29.968]},"properties":{"Volcano_Number":282043,"Volcano_Name":"Kuchinoshima","Country":"Japan","Primary_Volcano_Type":"Stratovolcano(es)","Last_Eruption_Year":1190,"Region":"Western Pacific Volcanic Regions"}},{"type":"Feature","id":282040,"geometry":{"type":"Point","coordinates":[129.857,29.859]},"properties":{"Volcano_Number":282040,"Volcano_Name":"Nakanoshima","Country":"Japan","Primary_Volcano_Type":"Stratovolcano(es)","Last_Eruption_Year":1914,"Region":"Western Pacific Volcanic Regions"}},{"type":"Feature","id":282050,"geometry":{"type":"Point","coordinates":[130.217,30.443]},"properties":{"Volcano_Number":282050,"Volcano_Name":"Kuchinoerabujima","Country":"Japan","Primary_Volcano_Type":"Stratovolcano(es)","Last_Eruption_Year":2020,"Region":"Western Pacific Volcanic Regions"}},{"type":"Feature","id":282060,"geometry":{"type":"Point","coordinates":[130.305,30.793]},"properties":{"Volcano_Number":282060,"Volcano_Name":"Kikai","Country":"Japan","Primary_Volcano_Type":"Caldera","Last_Eruption_Year":2025,"Region":"Western Pacific Volcanic Regions"}},{"type":"Feature","id":282070,"geometry":{"type":"Point","coordinates":[130.5283,31.18]},"properties":{"Volcano_Number":282070,"Volcano_Name":"Ata","Country":"Japan","Primary_Volcano_Type":"Caldera(s)","Last_Eruption_Year":885,"Region":"Western Pacific Volcanic Regions"}},{"type":"Feature","id":282081,"geometry":{"type":"Point","coordinates":[130.592,31.771]},"properties":{"Volcano_Number":282081,"Volcano_Name":"Yonemaru-Sumiyoshiike","Country":"Japan","Primary_Volcano_Type":"Maar(s)","Last_Eruption_Year":-6200,"Region":"Western Pacific Volcanic Regions"}},{"type":"Feature","id":282080,"geometry":{"type":"Point","coordinates":[130.6589,31.5772]},"properties":{"Volcano_Number":282080,"Volcano_Name":"Aira","Country":"Japan","Primary_Volcano_Type":"Caldera","Last_Eruption_Year":2026,"Region":"Western Pacific Volcanic Regions"}},{"type":"Feature","id":282091,"geometry":{"type":"Point","coordinates":[128.849,32.657]},"properties":{"Volcano_Number":282091,"Volcano_Name":"Fukue","Country":"Japan","Primary_Volcano_Type":"Volcanic field","Last_Eruption_Year":-400,"Region":"Western Pacific Volcanic Regions"}},{"type":"Feature","id":282090,"geometry":{"type":"Point","coordinates":[130.862,31.934]},"properties":{"Volcano_Number":282090,"Volcano_Name":"Kirishimayama","Country":"Japan","Primary_Volcano_Type":"Shield","Last_Eruption_Year":2025,"Region":"Western Pacific Volcanic Regions"}},{"type":"Feature","id":282100,"geometry":{"type":"Point","coordinates":[130.299,32.761]},"properties":{"Volcano_Number":282100,"Volcano_Name":"Unzendake","Country":"Japan","Primary_Volcano_Type":"Complex","Last_Eruption_Year":1996,"Region":"Western Pacific Volcanic Regions"}},{"type":"Feature","id":282110,"geometry":{"type":"Point","coordinates":[131.085,32.8849]},"properties":{"Volcano_Number":282110,"Volcano_Name":"Asosan","Country":"Japan","Primary_Volcano_Type":"Caldera","Last_Eruption_Year":2021,"Region":"Western Pacific Volcanic Regions"}},{"type":"Feature","id":282120,"geometry":{"type":"Point","coordinates":[131.249,33.086]},"properties":{"Volcano_Number":282120,"Volcano_Name":"Kujusan","Country":"Japan","Primary_Volcano_Type":"Stratovolcano(es)","Last_Eruption_Year":1996,"Region":"Western Pacific Volcanic Regions"}},{"type":"Feature","id":282130,"geometry":{"type":"Point","coordinates":[131.39,33.282]},"properties":{"Volcano_Number":282130,"Volcano_Name":"Yufu-Tsurumi","Country":"Japan","Primary_Volcano_Type":"Lava dome(s)","Last_Eruption_Year":867,"Region":"Western Pacific Volcanic Regions"}},{"type":"Feature","id":283001,"geometry":{"type":"Point","coordinates":[131.5167,34.4833]},"properties":{"Volcano_Number":283001,"Volcano_Name":"Abu","Country":"Japan","Primary_Volcano_Type":"Volcanic field","Last_Eruption_Year":-6850,"Region":"Western Pacific Volcanic Regions"}},{"type":"Feature","id":283002,"geometry":{"type":"Point","coordinates":[132.622,35.141]},"properties":{"Volcano_Number":283002,"Volcano_Name":"Sanbesan","Country":"Japan","Primary_Volcano_Type":"Stratovolcano","Last_Eruption_Year":650,"Region":"Western Pacific Volcanic Regions"}},{"type":"Feature","id":283010,"geometry":{"type":"Point","coordinates":[139.095,34.903]},"properties":{"Volcano_Number":283010,"Volcano_Name":"Izu-Tobu","Country":"Japan","Primary_Volcano_Type":"Pyroclastic cone(s)","Last_Eruption_Year":1989,"Region":"Northwestern Pacific Volcanic Regions"}},{"type":"Feature","id":283020,"geometry":{"type":"Point","coordinates":[139.021,35.233]},"properties":{"Volcano_Number":283020,"Volcano_Name":"Hakoneyama","Country":"Japan","Primary_Volcano_Type":"Complex","Last_Eruption_Year":2015,"Region":"Northwestern Pacific Volcanic Regions"}},{"type":"Feature","id":283031,"geometry":{"type":"Point","coordinates":[138.32,36.0875]},"properties":{"Volcano_Number":283031,"Volcano_Name":"Yokodake","Country":"Japan","Primary_Volcano_Type":"Stratovolcano(es)","Last_Eruption_Year":1200,"Region":"Northwestern Pacific Volcanic Regions"}},{"type":"Feature","id":283030,"geometry":{"type":"Point","coordinates":[138.728,35.361]},"properties":{"Volcano_Number":283030,"Volcano_Name":"Fujisan","Country":"Japan","Primary_Volcano_Type":"Stratovolcano","Last_Eruption_Year":1708,"Region":"Northwestern Pacific Volcanic Regions"}},{"type":"Feature","id":283040,"geometry":{"type":"Point","coordinates":[137.4806,35.8931]},"properties":{"Volcano_Number":283040,"Volcano_Name":"Ontakesan","Country":"Japan","Primary_Volcano_Type":"Complex","Last_Eruption_Year":2014,"Region":"Western Pacific Volcanic Regions"}},{"type":"Feature","id":283050,"geometry":{"type":"Point","coordinates":[136.771,36.155]},"properties":{"Volcano_Number":283050,"Volcano_Name":"Hakusan","Country":"Japan","Primary_Volcano_Type":"Stratovolcano","Last_Eruption_Year":1659,"Region":"Western Pacific Volcanic Regions"}},{"type":"Feature","id":283060,"geometry":{"type":"Point","coordinates":[137.554,36.106]},"properties":{"Volcano_Number":283060,"Volcano_Name":"Norikuradake","Country":"Japan","Primary_Volcano_Type":"Stratovolcano(es)","Last_Eruption_Year":-50,"Region":"Western Pacific Volcanic Regions"}},{"type":"Feature","id":283070,"geometry":{"type":"Point","coordinates":[137.587,36.227]},"properties":{"Volcano_Number":283070,"Volcano_Name":"Yakedake","Country":"Japan","Primary_Volcano_Type":"Stratovolcano(es)","Last_Eruption_Year":1995,"Region":"Western Pacific Volcanic Regions"}},{"type":"Feature","id":283080,"geometry":{"type":"Point","coordinates":[137.59,36.571]},"properties":{"Volcano_Number":283080,"Volcano_Name":"Midagahara","Country":"Japan","Primary_Volcano_Type":"Stratovolcano","Last_Eruption_Year":1839,"Region":"Western Pacific Volcanic Regions"}},{"type":"Feature","id":283090,"geometry":{"type":"Point","coordinates":[138.036,36.921]},"properties":{"Volcano_Number":283090,"Volcano_Name":"Niigata-Yakeyama","Country":"Japan","Primary_Volcano_Type":"Lava dome","Last_Eruption_Year":1998,"Region":"Northwestern Pacific Volcanic Regions"}},{"type":"Feature","id":283100,"geometry":{"type":"Point","coordinates":[138.114,36.891]},"properties":{"Volcano_Number":283100,"Volcano_Name":"Myokosan","Country":"Japan","Primary_Volcano_Type":"Stratovolcano","Last_Eruption_Year":-750,"Region":"Northwestern Pacific Volcanic Regions"}},{"type":"Feature","id":283110,"geometry":{"type":"Point","coordinates":[138.523,36.406]},"properties":{"Volcano_Number":283110,"Volcano_Name":"Asamayama","Country":"Japan","Primary_Volcano_Type":"Complex","Last_Eruption_Year":2019,"Region":"Northwestern Pacific Volcanic Regions"}},{"type":"Feature","id":283121,"geometry":{"type":"Point","coordinates":[138.519,36.688]},"properties":{"Volcano_Number":283121,"Volcano_Name":"Shiga","Country":"Japan","Primary_Volcano_Type":"Shield(s)","Last_Eruption_Year":null,"Region":"Northwestern Pacific Volcanic Regions"}},{"type":"Feature","id":283122,"geometry":{"type":"Point","coordinates":[138.8508,36.4775]},"properties":{"Volcano_Number":283122,"Volcano_Name":"Harunasan","Country":"Japan","Primary_Volcano_Type":"Stratovolcano","Last_Eruption_Year":550,"Region":"Northwestern Pacific Volcanic Regions"}},{"type":"Feature","id":283120,"geometry":{"type":"Point","coordinates":[138.528,36.618]},"properties":{"Volcano_Number":283120,"Volcano_Name":"Kusatsu-Shiranesan","Country":"Japan","Primary_Volcano_Type":"Stratovolcano(es)","Last_Eruption_Year":2018,"Region":"Northwestern Pacific Volcanic Regions"}},{"type":"Feature","id":283131,"geometry":{"type":"Point","coordinates":[139.285,36.955]},"properties":{"Volcano_Number":283131,"Volcano_Name":"Hiuchigatake","Country":"Japan","Primary_Volcano_Type":"Stratovolcano","Last_Eruption_Year":1544,"Region":"Northwestern Pacific Volcanic Regions"}},{"type":"Feature","id":283130,"geometry":{"type":"Point","coordinates":[139.193,36.56]},"properties":{"Volcano_Number":283130,"Volcano_Name":"Akagisan","Country":"Japan","Primary_Volcano_Type":"Stratovolcano","Last_Eruption_Year":null,"Region":"Northwestern Pacific Volcanic Regions"}},{"type":"Feature","id":283141,"geometry":{"type":"Point","coordinates":[139.4906,36.765]},"properties":{"Volcano_Number":283141,"Volcano_Name":"Nantaisan","Country":"Japan","Primary_Volcano_Type":"Stratovolcano","Last_Eruption_Year":-9540,"Region":"Northwestern Pacific Volcanic Regions"}},{"type":"Feature","id":283142,"geometry":{"type":"Point","coordinates":[139.4756,36.8067]},"properties":{"Volcano_Number":283142,"Volcano_Name":"Omanago Group","Country":"Japan","Primary_Volcano_Type":"Lava dome(s)","Last_Eruption_Year":-3050,"Region":"Northwestern Pacific Volcanic Regions"}},{"type":"Feature","id":283143,"geometry":{"type":"Point","coordinates":[139.777,36.9]},"properties":{"Volcano_Number":283143,"Volcano_Name":"Takaharayama","Country":"Japan","Primary_Volcano_Type":"Stratovolcano","Last_Eruption_Year":-4570,"Region":"Northwestern Pacific Volcanic Regions"}},{"type":"Feature","id":283140,"geometry":{"type":"Point","coordinates":[139.376,36.799]},"properties":{"Volcano_Number":283140,"Volcano_Name":"Nikko-Shiranesan","Country":"Japan","Primary_Volcano_Type":"Shield","Last_Eruption_Year":1952,"Region":"Northwestern Pacific Volcanic Regions"}},{"type":"Feature","id":283151,"geometry":{"type":"Point","coordinates":[139.566,37.444]},"properties":{"Volcano_Number":283151,"Volcano_Name":"Numazawa","Country":"Japan","Primary_Volcano_Type":"Shield","Last_Eruption_Year":-3400,"Region":"Northwestern Pacific Volcanic Regions"}},{"type":"Feature","id":283150,"geometry":{"type":"Point","coordinates":[139.9631,37.1247]},"properties":{"Volcano_Number":283150,"Volcano_Name":"Nasudake","Country":"Japan","Primary_Volcano_Type":"Stratovolcano(es)","Last_Eruption_Year":1963,"Region":"Northwestern Pacific Volcanic Regions"}},{"type":"Feature","id":283160,"geometry":{"type":"Point","coordinates":[140.072,37.601]},"properties":{"Volcano_Number":283160,"Volcano_Name":"Bandaisan","Country":"Japan","Primary_Volcano_Type":"Stratovolcano","Last_Eruption_Year":1888,"Region":"Northwestern Pacific Volcanic Regions"}},{"type":"Feature","id":283170,"geometry":{"type":"Point","coordinates":[140.281,37.647]},"properties":{"Volcano_Number":283170,"Volcano_Name":"Adatarayama","Country":"Japan","Primary_Volcano_Type":"Stratovolcano(es)","Last_Eruption_Year":1996,"Region":"Northwestern Pacific Volcanic Regions"}},{"type":"Feature","id":283180,"geometry":{"type":"Point","coordinates":[140.244,37.735]},"properties":{"Volcano_Number":283180,"Volcano_Name":"Azumayama","Country":"Japan","Primary_Volcano_Type":"Stratovolcano(es)","Last_Eruption_Year":1977,"Region":"Northwestern Pacific Volcanic Regions"}},{"type":"Feature","id":283191,"geometry":{"type":"Point","coordinates":[140.1617,38.5992]},"properties":{"Volcano_Number":283191,"Volcano_Name":"Hijiori","Country":"Japan","Primary_Volcano_Type":"Caldera","Last_Eruption_Year":null,"Region":"Northwestern Pacific Volcanic Regions"}},{"type":"Feature","id":283190,"geometry":{"type":"Point","coordinates":[140.4397,38.1439]},"properties":{"Volcano_Number":283190,"Volcano_Name":"Zaozan [Zaosan]","Country":"Japan","Primary_Volcano_Type":"Complex","Last_Eruption_Year":1940,"Region":"Northwestern Pacific Volcanic Regions"}},{"type":"Feature","id":283200,"geometry":{"type":"Point","coordinates":[140.734,38.729]},"properties":{"Volcano_Number":283200,"Volcano_Name":"Naruko","Country":"Japan","Primary_Volcano_Type":"Caldera","Last_Eruption_Year":837,"Region":"Northwestern Pacific Volcanic Regions"}},{"type":"Feature","id":283210,"geometry":{"type":"Point","coordinates":[140.788,38.961]},"properties":{"Volcano_Number":283210,"Volcano_Name":"Kurikomayama","Country":"Japan","Primary_Volcano_Type":"Stratovolcano","Last_Eruption_Year":1950,"Region":"Northwestern Pacific Volcanic Regions"}},{"type":"Feature","id":283220,"geometry":{"type":"Point","coordinates":[140.0489,39.0994]},"properties":{"Volcano_Number":283220,"Volcano_Name":"Chokaisan","Country":"Japan","Primary_Volcano_Type":"Stratovolcano(es)","Last_Eruption_Year":1974,"Region":"Northwestern Pacific Volcanic Regions"}},{"type":"Feature","id":283230,"geometry":{"type":"Point","coordinates":[140.799,39.761]},"properties":{"Volcano_Number":283230,"Volcano_Name":"Akita-Komagatake","Country":"Japan","Primary_Volcano_Type":"Stratovolcano(es)","Last_Eruption_Year":1971,"Region":"Northwestern Pacific Volcanic Regions"}},{"type":"Feature","id":283240,"geometry":{"type":"Point","coordinates":[141.001,39.853]},"properties":{"Volcano_Number":283240,"Volcano_Name":"Iwatesan","Country":"Japan","Primary_Volcano_Type":"Complex","Last_Eruption_Year":1919,"Region":"Northwestern Pacific Volcanic Regions"}},{"type":"Feature","id":283250,"geometry":{"type":"Point","coordinates":[140.854,39.958]},"properties":{"Volcano_Number":283250,"Volcano_Name":"Hachimantai","Country":"Japan","Primary_Volcano_Type":"Stratovolcano","Last_Eruption_Year":-5350,"Region":"Northwestern Pacific Volcanic Regions"}},{"type":"Feature","id":283262,"geometry":{"type":"Point","coordinates":[139.725,39.95]},"properties":{"Volcano_Number":283262,"Volcano_Name":"Megata","Country":"Japan","Primary_Volcano_Type":"Maar(s)","Last_Eruption_Year":-2050,"Region":"Northwestern Pacific Volcanic Regions"}},{"type":"Feature","id":283260,"geometry":{"type":"Point","coordinates":[140.757,39.964]},"properties":{"Volcano_Number":283260,"Volcano_Name":"Akita-Yakeyama","Country":"Japan","Primary_Volcano_Type":"Stratovolcano","Last_Eruption_Year":1997,"Region":"Northwestern Pacific Volcanic Regions"}},{"type":"Feature","id":283271,"geometry":{"type":"Point","coordinates":[140.88,40.51]},"properties":{"Volcano_Number":283271,"Volcano_Name":"Towada","Country":"Japan","Primary_Volcano_Type":"Caldera","Last_Eruption_Year":915,"Region":"Northwestern Pacific Volcanic Regions"}},{"type":"Feature","id":283270,"geometry":{"type":"Point","coordinates":[140.303,40.656]},"properties":{"Volcano_Number":283270,"Volcano_Name":"Iwakisan","Country":"Japan","Primary_Volcano_Type":"Stratovolcano","Last_Eruption_Year":1863,"Region":"Northwestern Pacific Volcanic Regions"}},{"type":"Feature","id":283280,"geometry":{"type":"Point","coordinates":[140.877,40.659]},"properties":{"Volcano_Number":283280,"Volcano_Name":"Hakkodasan","Country":"Japan","Primary_Volcano_Type":"Stratovolcano(es)","Last_Eruption_Year":1550,"Region":"Northwestern Pacific Volcanic Regions"}},{"type":"Feature","id":283290,"geometry":{"type":"Point","coordinates":[141.12,41.279]},"properties":{"Volcano_Number":283290,"Volcano_Name":"Osorezan","Country":"Japan","Primary_Volcano_Type":"Stratovolcano","Last_Eruption_Year":1787,"Region":"Northwestern Pacific Volcanic Regions"}},{"type":"Feature","id":284011,"geometry":{"type":"Point","coordinates":[139.279,34.52]},"properties":{"Volcano_Number":284011,"Volcano_Name":"Toshima","Country":"Japan","Primary_Volcano_Type":"Stratovolcano","Last_Eruption_Year":-4550,"Region":"Northwestern Pacific Volcanic Regions"}},{"type":"Feature","id":284010,"geometry":{"type":"Point","coordinates":[139.394,34.724]},"properties":{"Volcano_Number":284010,"Volcano_Name":"Izu-Oshima","Country":"Japan","Primary_Volcano_Type":"Stratovolcano","Last_Eruption_Year":1990,"Region":"Northwestern Pacific Volcanic Regions"}},{"type":"Feature","id":284020,"geometry":{"type":"Point","coordinates":[139.27,34.397]},"properties":{"Volcano_Number":284020,"Volcano_Name":"Niijima","Country":"Japan","Primary_Volcano_Type":"Lava dome(s)","Last_Eruption_Year":886,"Region":"Northwestern Pacific Volcanic Regions"}},{"type":"Feature","id":284030,"geometry":{"type":"Point","coordinates":[139.153,34.219]},"properties":{"Volcano_Number":284030,"Volcano_Name":"Kozushima","Country":"Japan","Primary_Volcano_Type":"Lava dome(s)","Last_Eruption_Year":838,"Region":"Northwestern Pacific Volcanic Regions"}},{"type":"Feature","id":284041,"geometry":{"type":"Point","coordinates":[139.602,33.874]},"properties":{"Volcano_Number":284041,"Volcano_Name":"Mikurajima","Country":"Japan","Primary_Volcano_Type":"Stratovolcano","Last_Eruption_Year":-4100,"Region":"Northwestern Pacific Volcanic Regions"}},{"type":"Feature","id":284042,"geometry":{"type":"Point","coordinates":[139.68,33.4]},"properties":{"Volcano_Number":284042,"Volcano_Name":"Kurose Hole","Country":"Japan","Primary_Volcano_Type":"Caldera","Last_Eruption_Year":null,"Region":"Northwestern Pacific Volcanic Regions"}},{"type":"Feature","id":284040,"geometry":{"type":"Point","coordinates":[139.526,34.094]},"properties":{"Volcano_Number":284040,"Volcano_Name":"Miyakejima","Country":"Japan","Primary_Volcano_Type":"Stratovolcano","Last_Eruption_Year":2010,"Region":"Northwestern Pacific Volcanic Regions"}},{"type":"Feature","id":284050,"geometry":{"type":"Point","coordinates":[139.766,33.137]},"properties":{"Volcano_Number":284050,"Volcano_Name":"Hachijojima","Country":"Japan","Primary_Volcano_Type":"Stratovolcano(es)","Last_Eruption_Year":1606,"Region":"Northwestern Pacific Volcanic Regions"}},{"type":"Feature","id":284061,"geometry":{"type":"Point","coordinates":[139.85,32.1]},"properties":{"Volcano_Number":284061,"Volcano_Name":"Kita-Bayonnaise","Country":"Japan","Primary_Volcano_Type":"Caldera","Last_Eruption_Year":null,"Region":"Northwestern Pacific Volcanic Regions"}},{"type":"Feature","id":284060,"geometry":{"type":"Point","coordinates":[139.759,32.458]},"properties":{"Volcano_Number":284060,"Volcano_Name":"Aogashima","Country":"Japan","Primary_Volcano_Type":"Stratovolcano","Last_Eruption_Year":1785,"Region":"Northwestern Pacific Volcanic Regions"}},{"type":"Feature","id":284070,"geometry":{"type":"Point","coordinates":[139.918,31.888]},"properties":{"Volcano_Number":284070,"Volcano_Name":"Myojinsho","Country":"Japan","Primary_Volcano_Type":"Caldera","Last_Eruption_Year":1970,"Region":"Northwestern Pacific Volcanic Regions"}},{"type":"Feature","id":284080,"geometry":{"type":"Point","coordinates":[140.051,31.44]},"properties":{"Volcano_Number":284080,"Volcano_Name":"Sumisujima","Country":"Japan","Primary_Volcano_Type":"Caldera","Last_Eruption_Year":1916,"Region":"Northwestern Pacific Volcanic Regions"}},{"type":"Feature","id":284091,"geometry":{"type":"Point","coordinates":[140.342,29.794]},"properties":{"Volcano_Number":284091,"Volcano_Name":"Sofugan","Country":"Japan","Primary_Volcano_Type":"Stratovolcano","Last_Eruption_Year":null,"Region":"Northwestern Pacific Volcanic Regions"}},{"type":"Feature","id":284093,"geometry":{"type":"Point","coordinates":[140.633,28.575]},"properties":{"Volcano_Number":284093,"Volcano_Name":"Suiyo Seamount","Country":"Japan","Primary_Volcano_Type":"Stratovolcano","Last_Eruption_Year":null,"Region":"Northwestern Pacific Volcanic Regions"}},{"type":"Feature","id":284094,"geometry":{"type":"Point","coordinates":[140.572,28.327]},"properties":{"Volcano_Number":284094,"Volcano_Name":"Mokuyo Seamount","Country":"Japan","Primary_Volcano_Type":"Stratovolcano","Last_Eruption_Year":null,"Region":"Northwestern Pacific Volcanic Regions"}},{"type":"Feature","id":284095,"geometry":{"type":"Point","coordinates":[140.8,27.68]},"properties":{"Volcano_Number":284095,"Volcano_Name":"Doyo Seamount","Country":"Japan","Primary_Volcano_Type":"Stratovolcano","Last_Eruption_Year":null,"Region":"Northwestern Pacific Volcanic Regions"}},{"type":"Feature","id":284096,"geometry":{"type":"Point","coordinates":[140.8797,27.2439]},"properties":{"Volcano_Number":284096,"Volcano_Name":"Nishinoshima","Country":"Japan","Primary_Volcano_Type":"Caldera","Last_Eruption_Year":2023,"Region":"Northwestern Pacific Volcanic Regions"}},{"type":"Feature","id":284097,"geometry":{"type":"Point","coordinates":[140.929,26.667]},"properties":{"Volcano_Number":284097,"Volcano_Name":"Kaikata Seamount","Country":"Japan","Primary_Volcano_Type":"Stratovolcano","Last_Eruption_Year":null,"Region":"Northwestern Pacific Volcanic Regions"}},{"type":"Feature","id":284090,"geometry":{"type":"Point","coordinates":[140.303,30.484]},"properties":{"Volcano_Number":284090,"Volcano_Name":"Izu-Torishima","Country":"Japan","Primary_Volcano_Type":"Stratovolcano","Last_Eruption_Year":2002,"Region":"Northwestern Pacific Volcanic Regions"}},{"type":"Feature","id":284100,"geometry":{"type":"Point","coordinates":[141.1017,26.1267]},"properties":{"Volcano_Number":284100,"Volcano_Name":"Kaitoku Seamount","Country":"Japan","Primary_Volcano_Type":"Stratovolcano","Last_Eruption_Year":2023,"Region":"Northwestern Pacific Volcanic Regions"}},{"type":"Feature","id":284110,"geometry":{"type":"Point","coordinates":[141.2386,25.455]},"properties":{"Volcano_Number":284110,"Volcano_Name":"Funka Asane","Country":"Japan","Primary_Volcano_Type":"Stratovolcano","Last_Eruption_Year":2022,"Region":"Northwestern Pacific Volcanic Regions"}},{"type":"Feature","id":284121,"geometry":{"type":"Point","coordinates":[141.417,24.417]},"properties":{"Volcano_Number":284121,"Volcano_Name":"Kita-Fukutokutai","Country":"Japan","Primary_Volcano_Type":"Stratovolcano","Last_Eruption_Year":1954,"Region":"Northwestern Pacific Volcanic Regions"}},{"type":"Feature","id":284120,"geometry":{"type":"Point","coordinates":[141.2892,24.7503]},"properties":{"Volcano_Number":284120,"Volcano_Name":"Ioto","Country":"Japan","Primary_Volcano_Type":"Caldera","Last_Eruption_Year":2025,"Region":"Northwestern Pacific Volcanic Regions"}},{"type":"Feature","id":284131,"geometry":{"type":"Point","coordinates":[141.935,23.5]},"properties":{"Volcano_Number":284131,"Volcano_Name":"Minami-Hiyoshi","Country":"Japan","Primary_Volcano_Type":"Stratovolcano","Last_Eruption_Year":1975,"Region":"Northwestern Pacific Volcanic Regions"}},{"type":"Feature","id":284132,"geometry":{"type":"Point","coordinates":[142.326,23.078]},"properties":{"Volcano_Number":284132,"Volcano_Name":"Nikko","Country":"Japan","Primary_Volcano_Type":"Stratovolcano","Last_Eruption_Year":null,"Region":"Northwestern Pacific Volcanic Regions"}},{"type":"Feature","id":284133,"geometry":{"type":"Point","coordinates":[143.47,21.93]},"properties":{"Volcano_Number":284133,"Volcano_Name":"Fukujin","Country":"United States","Primary_Volcano_Type":"Stratovolcano","Last_Eruption_Year":1974,"Region":"Northwestern Pacific Volcanic Regions"}},{"type":"Feature","id":284134,"geometry":{"type":"Point","coordinates":[143.71,21.765]},"properties":{"Volcano_Number":284134,"Volcano_Name":"Kasuga 1","Country":"United States","Primary_Volcano_Type":"Stratovolcano","Last_Eruption_Year":1959,"Region":"Northwestern Pacific Volcanic Regions"}},{"type":"Feature","id":284135,"geometry":{"type":"Point","coordinates":[143.637,21.6]},"properties":{"Volcano_Number":284135,"Volcano_Name":"Kasuga 2","Country":"United States","Primary_Volcano_Type":"Stratovolcano","Last_Eruption_Year":null,"Region":"Northwestern Pacific Volcanic Regions"}},{"type":"Feature","id":284136,"geometry":{"type":"Point","coordinates":[144.043,21.485]},"properties":{"Volcano_Number":284136,"Volcano_Name":"NW Eifuku","Country":"United States","Primary_Volcano_Type":"Stratovolcano","Last_Eruption_Year":null,"Region":"Northwestern Pacific Volcanic Regions"}},{"type":"Feature","id":284137,"geometry":{"type":"Point","coordinates":[144.194,21.324]},"properties":{"Volcano_Number":284137,"Volcano_Name":"Daikoku","Country":"United States","Primary_Volcano_Type":"Stratovolcano","Last_Eruption_Year":null,"Region":"Northwestern Pacific Volcanic Regions"}},{"type":"Feature","id":284130,"geometry":{"type":"Point","coordinates":[141.481,24.285]},"properties":{"Volcano_Number":284130,"Volcano_Name":"Fukutoku-Oka-no-Ba","Country":"Japan","Primary_Volcano_Type":"Pyroclastic cone","Last_Eruption_Year":2021,"Region":"Northwestern Pacific Volcanic Regions"}},{"type":"Feature","id":284141,"geometry":{"type":"Point","coordinates":[145.03,20.437]},"properties":{"Volcano_Number":284141,"Volcano_Name":"Ahyi","Country":"United States","Primary_Volcano_Type":"Stratovolcano","Last_Eruption_Year":2026,"Region":"Northwestern Pacific Volcanic Regions"}},{"type":"Feature","id":284142,"geometry":{"type":"Point","coordinates":[145.1,20.13]},"properties":{"Volcano_Number":284142,"Volcano_Name":"Supply Reef","Country":"United States","Primary_Volcano_Type":"Stratovolcano","Last_Eruption_Year":null,"Region":"Northwestern Pacific Volcanic Regions"}},{"type":"Feature","id":284143,"geometry":{"type":"Point","coordinates":[145.22,20.02]},"properties":{"Volcano_Number":284143,"Volcano_Name":"Maug Islands","Country":"United States","Primary_Volcano_Type":"Stratovolcano","Last_Eruption_Year":null,"Region":"Northwestern Pacific Volcanic Regions"}},{"type":"Feature","id":284140,"geometry":{"type":"Point","coordinates":[144.893,20.546]},"properties":{"Volcano_Number":284140,"Volcano_Name":"Farallon de Pajaros","Country":"United States","Primary_Volcano_Type":"Stratovolcano","Last_Eruption_Year":1953,"Region":"Northwestern Pacific Volcanic Regions"}},{"type":"Feature","id":284150,"geometry":{"type":"Point","coordinates":[145.406,19.671]},"properties":{"Volcano_Number":284150,"Volcano_Name":"Asuncion","Country":"United States","Primary_Volcano_Type":"Stratovolcano","Last_Eruption_Year":1906,"Region":"Northwestern Pacific Volcanic Regions"}},{"type":"Feature","id":284160,"geometry":{"type":"Point","coordinates":[145.67,18.77]},"properties":{"Volcano_Number":284160,"Volcano_Name":"Agrigan","Country":"United States","Primary_Volcano_Type":"Stratovolcano","Last_Eruption_Year":1917,"Region":"Northwestern Pacific Volcanic Regions"}},{"type":"Feature","id":284170,"geometry":{"type":"Point","coordinates":[145.8,18.13]},"properties":{"Volcano_Number":284170,"Volcano_Name":"Pagan","Country":"United States","Primary_Volcano_Type":"Stratovolcano(es)","Last_Eruption_Year":2021,"Region":"Northwestern Pacific Volcanic Regions"}},{"type":"Feature","id":284180,"geometry":{"type":"Point","coordinates":[145.83,17.6]},"properties":{"Volcano_Number":284180,"Volcano_Name":"Alamagan","Country":"United States","Primary_Volcano_Type":"Stratovolcano","Last_Eruption_Year":870,"Region":"Northwestern Pacific Volcanic Regions"}},{"type":"Feature","id":284191,"geometry":{"type":"Point","coordinates":[145.85,16.88]},"properties":{"Volcano_Number":284191,"Volcano_Name":"Zealandia Bank","Country":"United States","Primary_Volcano_Type":"Stratovolcano","Last_Eruption_Year":null,"Region":"Northwestern Pacific Volcanic Regions"}},{"type":"Feature","id":284192,"geometry":{"type":"Point","coordinates":[145.7803,16.6991]},"properties":{"Volcano_Number":284192,"Volcano_Name":"Sarigan","Country":"United States","Primary_Volcano_Type":"Stratovolcano","Last_Eruption_Year":null,"Region":"Northwestern Pacific Volcanic Regions"}},{"type":"Feature","id":284190,"geometry":{"type":"Point","coordinates":[145.84,17.3137]},"properties":{"Volcano_Number":284190,"Volcano_Name":"Guguan","Country":"United States","Primary_Volcano_Type":"Stratovolcano","Last_Eruption_Year":1883,"Region":"Northwestern Pacific Volcanic Regions"}},{"type":"Feature","id":284201,"geometry":{"type":"Point","coordinates":[145.67,15.93]},"properties":{"Volcano_Number":284201,"Volcano_Name":"East Diamante","Country":"United States","Primary_Volcano_Type":"Stratovolcano","Last_Eruption_Year":null,"Region":"Northwestern Pacific Volcanic Regions"}},{"type":"Feature","id":284202,"geometry":{"type":"Point","coordinates":[145.572,15.605]},"properties":{"Volcano_Number":284202,"Volcano_Name":"Ruby","Country":"United States","Primary_Volcano_Type":"Stratovolcano","Last_Eruption_Year":2023,"Region":"Northwestern Pacific Volcanic Regions"}},{"type":"Feature","id":284200,"geometry":{"type":"Point","coordinates":[145.67,16.35]},"properties":{"Volcano_Number":284200,"Volcano_Name":"Anatahan","Country":"United States","Primary_Volcano_Type":"Stratovolcano","Last_Eruption_Year":2008,"Region":"Northwestern Pacific Volcanic Regions"}},{"type":"Feature","id":284211,"geometry":{"type":"Point","coordinates":[144.775,14.601]},"properties":{"Volcano_Number":284211,"Volcano_Name":"NW Rota-1","Country":"United States","Primary_Volcano_Type":"Stratovolcano","Last_Eruption_Year":2010,"Region":"Northwestern Pacific Volcanic Regions"}},{"type":"Feature","id":284210,"geometry":{"type":"Point","coordinates":[145.249,14.958]},"properties":{"Volcano_Number":284210,"Volcano_Name":"Esmeralda Bank","Country":"United States","Primary_Volcano_Type":"Stratovolcano","Last_Eruption_Year":null,"Region":"Northwestern Pacific Volcanic Regions"}},{"type":"Feature","id":284220,"geometry":{"type":"Point","coordinates":[143.92,13.4]},"properties":{"Volcano_Number":284220,"Volcano_Name":"Forecast Seamount","Country":"United States","Primary_Volcano_Type":"Stratovolcano","Last_Eruption_Year":null,"Region":"Northwestern Pacific Volcanic Regions"}},{"type":"Feature","id":284230,"geometry":{"type":"Point","coordinates":[144.02,13.25]},"properties":{"Volcano_Number":284230,"Volcano_Name":"Seamount X","Country":"United States","Primary_Volcano_Type":"Stratovolcano","Last_Eruption_Year":null,"Region":"Northwestern Pacific Volcanic Regions"}},{"type":"Feature","id":285011,"geometry":{"type":"Point","coordinates":[141.166,41.805]},"properties":{"Volcano_Number":285011,"Volcano_Name":"Esan","Country":"Japan","Primary_Volcano_Type":"Lava dome(s)","Last_Eruption_Year":1874,"Region":"Northwestern Pacific Volcanic Regions"}},{"type":"Feature","id":285010,"geometry":{"type":"Point","coordinates":[139.367,41.51]},"properties":{"Volcano_Number":285010,"Volcano_Name":"Oshima-Oshima","Country":"Japan","Primary_Volcano_Type":"Stratovolcano","Last_Eruption_Year":1790,"Region":"Northwestern Pacific Volcanic Regions"}},{"type":"Feature","id":285020,"geometry":{"type":"Point","coordinates":[140.677,42.063]},"properties":{"Volcano_Number":285020,"Volcano_Name":"Hokkaido-Komagatake","Country":"Japan","Primary_Volcano_Type":"Stratovolcano","Last_Eruption_Year":2000,"Region":"Northwestern Pacific Volcanic Regions"}},{"type":"Feature","id":285031,"geometry":{"type":"Point","coordinates":[140.659,42.875]},"properties":{"Volcano_Number":285031,"Volcano_Name":"Niseko","Country":"Japan","Primary_Volcano_Type":"Stratovolcano(es)","Last_Eruption_Year":-4900,"Region":"Northwestern Pacific Volcanic Regions"}},{"type":"Feature","id":285032,"geometry":{"type":"Point","coordinates":[140.8114,42.8267]},"properties":{"Volcano_Number":285032,"Volcano_Name":"Yoteizan","Country":"Japan","Primary_Volcano_Type":"Stratovolcano","Last_Eruption_Year":-1050,"Region":"Northwestern Pacific Volcanic Regions"}},{"type":"Feature","id":285034,"geometry":{"type":"Point","coordinates":[141.16,42.491]},"properties":{"Volcano_Number":285034,"Volcano_Name":"Kuttara","Country":"Japan","Primary_Volcano_Type":"Stratovolcano(es)","Last_Eruption_Year":1820,"Region":"Northwestern Pacific Volcanic Regions"}},{"type":"Feature","id":285030,"geometry":{"type":"Point","coordinates":[140.839,42.544]},"properties":{"Volcano_Number":285030,"Volcano_Name":"Toya","Country":"Japan","Primary_Volcano_Type":"Stratovolcano","Last_Eruption_Year":2001,"Region":"Northwestern Pacific Volcanic Regions"}},{"type":"Feature","id":285041,"geometry":{"type":"Point","coordinates":[141.242,45.179]},"properties":{"Volcano_Number":285041,"Volcano_Name":"Rishirizan","Country":"Japan","Primary_Volcano_Type":"Stratovolcano","Last_Eruption_Year":-5830,"Region":"Northwestern Pacific Volcanic Regions"}},{"type":"Feature","id":285040,"geometry":{"type":"Point","coordinates":[141.38,42.688]},"properties":{"Volcano_Number":285040,"Volcano_Name":"Shikotsu","Country":"Japan","Primary_Volcano_Type":"Caldera","Last_Eruption_Year":1981,"Region":"Northwestern Pacific Volcanic Regions"}},{"type":"Feature","id":285050,"geometry":{"type":"Point","coordinates":[142.686,43.418]},"properties":{"Volcano_Number":285050,"Volcano_Name":"Tokachidake","Country":"Japan","Primary_Volcano_Type":"Stratovolcano(es)","Last_Eruption_Year":2004,"Region":"Northwestern Pacific Volcanic Regions"}},{"type":"Feature","id":285061,"geometry":{"type":"Point","coordinates":[143.031,43.418]},"properties":{"Volcano_Number":285061,"Volcano_Name":"Maruyama","Country":"Japan","Primary_Volcano_Type":"Stratovolcano(es)","Last_Eruption_Year":1898,"Region":"Northwestern Pacific Volcanic Regions"}},{"type":"Feature","id":285060,"geometry":{"type":"Point","coordinates":[142.854,43.664]},"properties":{"Volcano_Number":285060,"Volcano_Name":"Taisetsuzan","Country":"Japan","Primary_Volcano_Type":"Stratovolcano(es)","Last_Eruption_Year":1739,"Region":"Northwestern Pacific Volcanic Regions"}},{"type":"Feature","id":285070,"geometry":{"type":"Point","coordinates":[144.0086,43.3864]},"properties":{"Volcano_Number":285070,"Volcano_Name":"Akan","Country":"Japan","Primary_Volcano_Type":"Caldera","Last_Eruption_Year":2026,"Region":"Northwestern Pacific Volcanic Regions"}},{"type":"Feature","id":285081,"geometry":{"type":"Point","coordinates":[144.561,43.572]},"properties":{"Volcano_Number":285081,"Volcano_Name":"Mashu","Country":"Japan","Primary_Volcano_Type":"Caldera","Last_Eruption_Year":1080,"Region":"Northwestern Pacific Volcanic Regions"}},{"type":"Feature","id":285082,"geometry":{"type":"Point","coordinates":[145.122,44.076]},"properties":{"Volcano_Number":285082,"Volcano_Name":"Rausudake","Country":"Japan","Primary_Volcano_Type":"Stratovolcano","Last_Eruption_Year":1800,"Region":"Northwestern Pacific Volcanic Regions"}},{"type":"Feature","id":285080,"geometry":{"type":"Point","coordinates":[144.427,43.615]},"properties":{"Volcano_Number":285080,"Volcano_Name":"Kussharo","Country":"Japan","Primary_Volcano_Type":"Caldera","Last_Eruption_Year":1320,"Region":"Northwestern Pacific Volcanic Regions"}},{"type":"Feature","id":285090,"geometry":{"type":"Point","coordinates":[145.161,44.133]},"properties":{"Volcano_Number":285090,"Volcano_Name":"Shiretoko-Iozan","Country":"Japan","Primary_Volcano_Type":"Stratovolcano","Last_Eruption_Year":1936,"Region":"Northwestern Pacific Volcanic Regions"}},{"type":"Feature","id":290010,"geometry":{"type":"Point","coordinates":[145.504,43.844]},"properties":{"Volcano_Number":290010,"Volcano_Name":"Tomariyama [Golovnin]","Country":"Japan - administered by Russia","Primary_Volcano_Type":"Caldera","Last_Eruption_Year":1848,"Region":"Northwestern Pacific Volcanic Regions"}},{"type":"Feature","id":290021,"geometry":{"type":"Point","coordinates":[146.14,44.4536]},"properties":{"Volcano_Number":290021,"Volcano_Name":"Ruruidake [Smirnov]","Country":"Japan - administered by Russia","Primary_Volcano_Type":"Stratovolcano","Last_Eruption_Year":null,"Region":"Northwestern Pacific Volcanic Regions"}},{"type":"Feature","id":290020,"geometry":{"type":"Point","coordinates":[145.733,43.979]},"properties":{"Volcano_Number":290020,"Volcano_Name":"Raususan [Mendeleev]","Country":"Japan - administered by Russia","Primary_Volcano_Type":"Stratovolcano","Last_Eruption_Year":1880,"Region":"Northwestern Pacific Volcanic Regions"}},{"type":"Feature","id":290030,"geometry":{"type":"Point","coordinates":[146.2531,44.3536]},"properties":{"Volcano_Number":290030,"Volcano_Name":"Chachadake [Tiatia]","Country":"Japan - administered by Russia","Primary_Volcano_Type":"Stratovolcano","Last_Eruption_Year":1981,"Region":"Northwestern Pacific Volcanic Regions"}},{"type":"Feature","id":290040,"geometry":{"type":"Point","coordinates":[146.932,44.462]},"properties":{"Volcano_Number":290040,"Volcano_Name":"Berutarubesan [Berutarube]","Country":"Japan - administered by Russia","Primary_Volcano_Type":"Stratovolcano","Last_Eruption_Year":null,"Region":"Northwestern Pacific Volcanic Regions"}},{"type":"Feature","id":290050,"geometry":{"type":"Point","coordinates":[147.1306,44.8078]},"properties":{"Volcano_Number":290050,"Volcano_Name":"Etorofu-Atosanupuri [Atosanupuri]","Country":"Japan - administered by Russia","Primary_Volcano_Type":"Stratovolcano","Last_Eruption_Year":1932,"Region":"Northwestern Pacific Volcanic Regions"}},{"type":"Feature","id":290060,"geometry":{"type":"Point","coordinates":[147.403,44.857]},"properties":{"Volcano_Number":290060,"Volcano_Name":"Hitokappu Volcano Group [Bogatyr Ridge]","Country":"Japan - administered by Russia","Primary_Volcano_Type":"Stratovolcano","Last_Eruption_Year":null,"Region":"Northwestern Pacific Volcanic Regions"}},{"type":"Feature","id":290070,"geometry":{"type":"Point","coordinates":[147.8722,45.0114]},"properties":{"Volcano_Number":290070,"Volcano_Name":"Etorofu-Yakeyama [Grozny Group]","Country":"Japan - administered by Russia","Primary_Volcano_Type":"Complex","Last_Eruption_Year":2013,"Region":"Northwestern Pacific Volcanic Regions"}},{"type":"Feature","id":290080,"geometry":{"type":"Point","coordinates":[148.0142,45.1036]},"properties":{"Volcano_Number":290080,"Volcano_Name":"Sashiusudake [Baransky]","Country":"Japan - administered by Russia","Primary_Volcano_Type":"Stratovolcano","Last_Eruption_Year":1951,"Region":"Northwestern Pacific Volcanic Regions"}},{"type":"Feature","id":290100,"geometry":{"type":"Point","coordinates":[148.838,45.389]},"properties":{"Volcano_Number":290100,"Volcano_Name":"Moyorodake [Medvezhia]","Country":"Japan - administered by Russia","Primary_Volcano_Type":"Stratovolcano","Last_Eruption_Year":1999,"Region":"Northwestern Pacific Volcanic Regions"}},{"type":"Feature","id":290111,"geometry":{"type":"Point","coordinates":[149.6762,45.7593]},"properties":{"Volcano_Number":290111,"Volcano_Name":"Ivao Group","Country":"Russia","Primary_Volcano_Type":"Pyroclastic cone(s)","Last_Eruption_Year":null,"Region":"Northwestern Pacific Volcanic Regions"}},{"type":"Feature","id":290120,"geometry":{"type":"Point","coordinates":[150.083,46.042]},"properties":{"Volcano_Number":290120,"Volcano_Name":"Kolokol Group","Country":"Russia","Primary_Volcano_Type":"Stratovolcano","Last_Eruption_Year":1973,"Region":"Northwestern Pacific Volcanic Regions"}},{"type":"Feature","id":290130,"geometry":{"type":"Point","coordinates":[150.8526,46.2944]},"properties":{"Volcano_Number":290130,"Volcano_Name":"Kuril Arc at 46.3°N","Country":"Russia","Primary_Volcano_Type":null,"Last_Eruption_Year":null,"Region":"Northwestern Pacific Volcanic Regions"}},{"type":"Feature","id":290150,"geometry":{"type":"Point","coordinates":[150.871,46.532]},"properties":{"Volcano_Number":290150,"Volcano_Name":"Chirpoi","Country":"Russia","Primary_Volcano_Type":"Caldera","Last_Eruption_Year":2016,"Region":"Northwestern Pacific Volcanic Regions"}},{"type":"Feature","id":290161,"geometry":{"type":"Point","coordinates":[151.786,46.815]},"properties":{"Volcano_Number":290161,"Volcano_Name":"Milna","Country":"Russia","Primary_Volcano_Type":"Stratovolcano","Last_Eruption_Year":1914,"Region":"Northwestern Pacific Volcanic Regions"}},{"type":"Feature","id":290180,"geometry":{"type":"Point","coordinates":[151.9518,46.9178]},"properties":{"Volcano_Number":290180,"Volcano_Name":"Zavaritzki Caldera","Country":"Russia","Primary_Volcano_Type":"Caldera","Last_Eruption_Year":1957,"Region":"Northwestern Pacific Volcanic Regions"}},{"type":"Feature","id":290191,"geometry":{"type":"Point","coordinates":[152.25,47.12]},"properties":{"Volcano_Number":290191,"Volcano_Name":"Uratman","Country":"Russia","Primary_Volcano_Type":"Stratovolcano","Last_Eruption_Year":null,"Region":"Northwestern Pacific Volcanic Regions"}},{"type":"Feature","id":290190,"geometry":{"type":"Point","coordinates":[152.1167,47.0139]},"properties":{"Volcano_Number":290190,"Volcano_Name":"Prevo Peak","Country":"Russia","Primary_Volcano_Type":"Stratovolcano","Last_Eruption_Year":1825,"Region":"Northwestern Pacific Volcanic Regions"}},{"type":"Feature","id":290200,"geometry":{"type":"Point","coordinates":[152.475,47.35]},"properties":{"Volcano_Number":290200,"Volcano_Name":"Ketoi","Country":"Russia","Primary_Volcano_Type":"Stratovolcano","Last_Eruption_Year":1960,"Region":"Northwestern Pacific Volcanic Regions"}},{"type":"Feature","id":290211,"geometry":{"type":"Point","coordinates":[152.893,47.5861]},"properties":{"Volcano_Number":290211,"Volcano_Name":"Srednii","Country":"Russia","Primary_Volcano_Type":"Stratovolcano","Last_Eruption_Year":null,"Region":"Northwestern Pacific Volcanic Regions"}},{"type":"Feature","id":290210,"geometry":{"type":"Point","coordinates":[152.8139,47.5125]},"properties":{"Volcano_Number":290210,"Volcano_Name":"Ushishur","Country":"Russia","Primary_Volcano_Type":"Caldera","Last_Eruption_Year":1884,"Region":"Northwestern Pacific Volcanic Regions"}},{"type":"Feature","id":290220,"geometry":{"type":"Point","coordinates":[153.02,47.77]},"properties":{"Volcano_Number":290220,"Volcano_Name":"Rasshua","Country":"Russia","Primary_Volcano_Type":"Stratovolcano","Last_Eruption_Year":1957,"Region":"Northwestern Pacific Volcanic Regions"}},{"type":"Feature","id":290240,"geometry":{"type":"Point","coordinates":[153.2,48.092]},"properties":{"Volcano_Number":290240,"Volcano_Name":"Sarychev Peak","Country":"Russia","Primary_Volcano_Type":"Stratovolcano","Last_Eruption_Year":2021,"Region":"Northwestern Pacific Volcanic Regions"}},{"type":"Feature","id":290250,"geometry":{"type":"Point","coordinates":[153.25,48.292]},"properties":{"Volcano_Number":290250,"Volcano_Name":"Raikoke","Country":"Russia","Primary_Volcano_Type":"Stratovolcano","Last_Eruption_Year":2019,"Region":"Northwestern Pacific Volcanic Regions"}},{"type":"Feature","id":290260,"geometry":{"type":"Point","coordinates":[153.48,48.98]},"properties":{"Volcano_Number":290260,"Volcano_Name":"Chirinkotan","Country":"Russia","Primary_Volcano_Type":"Stratovolcano","Last_Eruption_Year":2022,"Region":"Northwestern Pacific Volcanic Regions"}},{"type":"Feature","id":290270,"geometry":{"type":"Point","coordinates":[153.93,48.958]},"properties":{"Volcano_Number":290270,"Volcano_Name":"Ekarma","Country":"Russia","Primary_Volcano_Type":"Stratovolcano","Last_Eruption_Year":2010,"Region":"Northwestern Pacific Volcanic Regions"}},{"type":"Feature","id":290290,"geometry":{"type":"Point","coordinates":[154.182,48.873]},"properties":{"Volcano_Number":290290,"Volcano_Name":"Sinarka","Country":"Russia","Primary_Volcano_Type":"Stratovolcano","Last_Eruption_Year":1878,"Region":"Northwestern Pacific Volcanic Regions"}},{"type":"Feature","id":290300,"geometry":{"type":"Point","coordinates":[154.508,49.12]},"properties":{"Volcano_Number":290300,"Volcano_Name":"Kharimkotan","Country":"Russia","Primary_Volcano_Type":"Stratovolcano","Last_Eruption_Year":1933,"Region":"Northwestern Pacific Volcanic Regions"}},{"type":"Feature","id":290310,"geometry":{"type":"Point","coordinates":[154.725,49.34]},"properties":{"Volcano_Number":290310,"Volcano_Name":"Tao-Rusyr Caldera","Country":"Russia","Primary_Volcano_Type":"Stratovolcano","Last_Eruption_Year":1952,"Region":"Northwestern Pacific Volcanic Regions"}},{"type":"Feature","id":290320,"geometry":{"type":"Point","coordinates":[154.8126,49.5641]},"properties":{"Volcano_Number":290320,"Volcano_Name":"Nemo Peak","Country":"Russia","Primary_Volcano_Type":"Caldera","Last_Eruption_Year":1938,"Region":"Northwestern Pacific Volcanic Regions"}},{"type":"Feature","id":290331,"geometry":{"type":"Point","coordinates":[154.9781,50.1973]},"properties":{"Volcano_Number":290331,"Volcano_Name":"Shirinki","Country":"Russia","Primary_Volcano_Type":"Stratovolcano","Last_Eruption_Year":null,"Region":"Northwestern Pacific Volcanic Regions"}},{"type":"Feature","id":290340,"geometry":{"type":"Point","coordinates":[155.246,50.267]},"properties":{"Volcano_Number":290340,"Volcano_Name":"Fuss Peak","Country":"Russia","Primary_Volcano_Type":"Stratovolcano","Last_Eruption_Year":1854,"Region":"Northwestern Pacific Volcanic Regions"}},{"type":"Feature","id":290350,"geometry":{"type":"Point","coordinates":[155.3847,50.1419]},"properties":{"Volcano_Number":290350,"Volcano_Name":"Karpinsky Group","Country":"Russia","Primary_Volcano_Type":"Complex","Last_Eruption_Year":null,"Region":"Northwestern Pacific Volcanic Regions"}},{"type":"Feature","id":290360,"geometry":{"type":"Point","coordinates":[155.461,50.324]},"properties":{"Volcano_Number":290360,"Volcano_Name":"Chikurachki","Country":"Russia","Primary_Volcano_Type":"Stratovolcano(es)","Last_Eruption_Year":2023,"Region":"Northwestern Pacific Volcanic Regions"}},{"type":"Feature","id":290370,"geometry":{"type":"Point","coordinates":[155.9867,50.5819]},"properties":{"Volcano_Number":290370,"Volcano_Name":"Vernadsky Ridge","Country":"Russia","Primary_Volcano_Type":"Pyroclastic cone(s)","Last_Eruption_Year":null,"Region":"Northwestern Pacific Volcanic Regions"}},{"type":"Feature","id":290380,"geometry":{"type":"Point","coordinates":[156.014,50.686]},"properties":{"Volcano_Number":290380,"Volcano_Name":"Ebeko","Country":"Russia","Primary_Volcano_Type":"Stratovolcano","Last_Eruption_Year":2024,"Region":"Northwestern Pacific Volcanic Regions"}},{"type":"Feature","id":290390,"geometry":{"type":"Point","coordinates":[155.565,50.861]},"properties":{"Volcano_Number":290390,"Volcano_Name":"Alaid","Country":"Russia","Primary_Volcano_Type":"Stratovolcano","Last_Eruption_Year":2022,"Region":"Northwestern Pacific Volcanic Regions"}},{"type":"Feature","id":300010,"geometry":{"type":"Point","coordinates":[156.875,51.306]},"properties":{"Volcano_Number":300010,"Volcano_Name":"Kambalny","Country":"Russia","Primary_Volcano_Type":"Stratovolcano","Last_Eruption_Year":2017,"Region":"Northwestern Pacific Volcanic Regions"}},{"type":"Feature","id":300021,"geometry":{"type":"Point","coordinates":[156.629,51.533]},"properties":{"Volcano_Number":300021,"Volcano_Name":"Yavinsky","Country":"Russia","Primary_Volcano_Type":"Stratovolcano","Last_Eruption_Year":-4050,"Region":"Northwestern Pacific Volcanic Regions"}},{"type":"Feature","id":300022,"geometry":{"type":"Point","coordinates":[156.978,51.452]},"properties":{"Volcano_Number":300022,"Volcano_Name":"Diky Greben","Country":"Russia","Primary_Volcano_Type":"Lava dome(s)","Last_Eruption_Year":350,"Region":"Northwestern Pacific Volcanic Regions"}},{"type":"Feature","id":300023,"geometry":{"type":"Point","coordinates":[157.12,51.45]},"properties":{"Volcano_Number":300023,"Volcano_Name":"Kurile Lake","Country":"Russia","Primary_Volcano_Type":"Caldera","Last_Eruption_Year":-6440,"Region":"Northwestern Pacific Volcanic Regions"}},{"type":"Feature","id":300020,"geometry":{"type":"Point","coordinates":[156.753,51.356]},"properties":{"Volcano_Number":300020,"Volcano_Name":"Koshelev","Country":"Russia","Primary_Volcano_Type":"Stratovolcano","Last_Eruption_Year":1690,"Region":"Northwestern Pacific Volcanic Regions"}},{"type":"Feature","id":300030,"geometry":{"type":"Point","coordinates":[157.203,51.498]},"properties":{"Volcano_Number":300030,"Volcano_Name":"Iliinsky","Country":"Russia","Primary_Volcano_Type":"Stratovolcano","Last_Eruption_Year":1901,"Region":"Northwestern Pacific Volcanic Regions"}},{"type":"Feature","id":300040,"geometry":{"type":"Point","coordinates":[157.328,51.577]},"properties":{"Volcano_Number":300040,"Volcano_Name":"Zheltovsky","Country":"Russia","Primary_Volcano_Type":"Stratovolcano","Last_Eruption_Year":1923,"Region":"Northwestern Pacific Volcanic Regions"}},{"type":"Feature","id":300052,"geometry":{"type":"Point","coordinates":[157.53,52.02]},"properties":{"Volcano_Number":300052,"Volcano_Name":"Olkoviy-Ozernoy Volcanic Field","Country":"Russia","Primary_Volcano_Type":"Volcanic field","Last_Eruption_Year":null,"Region":"Northwestern Pacific Volcanic Regions"}},{"type":"Feature","id":300053,"geometry":{"type":"Point","coordinates":[157.711,52.062]},"properties":{"Volcano_Number":300053,"Volcano_Name":"Khodutka","Country":"Russia","Primary_Volcano_Type":"Stratovolcano(es)","Last_Eruption_Year":-300,"Region":"Northwestern Pacific Volcanic Regions"}},{"type":"Feature","id":300058,"geometry":{"type":"Point","coordinates":[157.827,52.355]},"properties":{"Volcano_Number":300058,"Volcano_Name":"Asacha","Country":"Russia","Primary_Volcano_Type":"Complex","Last_Eruption_Year":null,"Region":"Northwestern Pacific Volcanic Regions"}},{"type":"Feature","id":300059,"geometry":{"type":"Point","coordinates":[157.9332,52.435]},"properties":{"Volcano_Number":300059,"Volcano_Name":"Visokiy","Country":"Russia","Primary_Volcano_Type":"Stratovolcano","Last_Eruption_Year":null,"Region":"Northwestern Pacific Volcanic Regions"}},{"type":"Feature","id":300050,"geometry":{"type":"Point","coordinates":[157.5292,51.8042]},"properties":{"Volcano_Number":300050,"Volcano_Name":"Ksudach","Country":"Russia","Primary_Volcano_Type":"Stratovolcano","Last_Eruption_Year":1907,"Region":"Northwestern Pacific Volcanic Regions"}},{"type":"Feature","id":300060,"geometry":{"type":"Point","coordinates":[158.196,52.449]},"properties":{"Volcano_Number":300060,"Volcano_Name":"Mutnovsky","Country":"Russia","Primary_Volcano_Type":"Complex","Last_Eruption_Year":2000,"Region":"Northwestern Pacific Volcanic Regions"}},{"type":"Feature","id":300070,"geometry":{"type":"Point","coordinates":[158.0358,52.5549]},"properties":{"Volcano_Number":300070,"Volcano_Name":"Gorely","Country":"Russia","Primary_Volcano_Type":"Caldera","Last_Eruption_Year":2010,"Region":"Northwestern Pacific Volcanic Regions"}},{"type":"Feature","id":300082,"geometry":{"type":"Point","coordinates":[157.58,52.63]},"properties":{"Volcano_Number":300082,"Volcano_Name":"Tolmachev Dol","Country":"Russia","Primary_Volcano_Type":"Pyroclastic cone(s)","Last_Eruption_Year":300,"Region":"Northwestern Pacific Volcanic Regions"}},{"type":"Feature","id":300083,"geometry":{"type":"Point","coordinates":[158.28,52.7]},"properties":{"Volcano_Number":300083,"Volcano_Name":"Vilyuchinsky","Country":"Russia","Primary_Volcano_Type":"Stratovolcano","Last_Eruption_Year":-8050,"Region":"Northwestern Pacific Volcanic Regions"}},{"type":"Feature","id":300084,"geometry":{"type":"Point","coordinates":[158.24,52.802]},"properties":{"Volcano_Number":300084,"Volcano_Name":"Barkhatnaya Sopka","Country":"Russia","Primary_Volcano_Type":"Volcanic field","Last_Eruption_Year":-3550,"Region":"Northwestern Pacific Volcanic Regions"}},{"type":"Feature","id":300080,"geometry":{"type":"Point","coordinates":[157.339,52.543]},"properties":{"Volcano_Number":300080,"Volcano_Name":"Opala","Country":"Russia","Primary_Volcano_Type":"Caldera","Last_Eruption_Year":1776,"Region":"Northwestern Pacific Volcanic Regions"}},{"type":"Feature","id":300090,"geometry":{"type":"Point","coordinates":[158.712,53.321]},"properties":{"Volcano_Number":300090,"Volcano_Name":"Koryaksky","Country":"Russia","Primary_Volcano_Type":"Stratovolcano","Last_Eruption_Year":2009,"Region":"Northwestern Pacific Volcanic Regions"}},{"type":"Feature","id":300100,"geometry":{"type":"Point","coordinates":[158.836,53.256]},"properties":{"Volcano_Number":300100,"Volcano_Name":"Avachinsky","Country":"Russia","Primary_Volcano_Type":"Stratovolcano","Last_Eruption_Year":2001,"Region":"Northwestern Pacific Volcanic Regions"}},{"type":"Feature","id":300110,"geometry":{"type":"Point","coordinates":[158.922,53.637]},"properties":{"Volcano_Number":300110,"Volcano_Name":"Dzenzursky","Country":"Russia","Primary_Volcano_Type":"Compound","Last_Eruption_Year":null,"Region":"Northwestern Pacific Volcanic Regions"}},{"type":"Feature","id":300121,"geometry":{"type":"Point","coordinates":[158.4478,53.7525]},"properties":{"Volcano_Number":300121,"Volcano_Name":"Veer","Country":"Russia","Primary_Volcano_Type":"Pyroclastic cone(s)","Last_Eruption_Year":390,"Region":"Northwestern Pacific Volcanic Regions"}},{"type":"Feature","id":300122,"geometry":{"type":"Point","coordinates":[158.052,53.833]},"properties":{"Volcano_Number":300122,"Volcano_Name":"Kostakan","Country":"Russia","Primary_Volcano_Type":"Pyroclastic cone(s)","Last_Eruption_Year":1350,"Region":"Northwestern Pacific Volcanic Regions"}},{"type":"Feature","id":300123,"geometry":{"type":"Point","coordinates":[158.07,53.905]},"properties":{"Volcano_Number":300123,"Volcano_Name":"Bakening","Country":"Russia","Primary_Volcano_Type":"Stratovolcano","Last_Eruption_Year":-550,"Region":"Northwestern Pacific Volcanic Regions"}},{"type":"Feature","id":300124,"geometry":{"type":"Point","coordinates":[158.3851,53.9065]},"properties":{"Volcano_Number":300124,"Volcano_Name":"Zavaritsky","Country":"Russia","Primary_Volcano_Type":"Pyroclastic cone(s)","Last_Eruption_Year":-800,"Region":"Northwestern Pacific Volcanic Regions"}},{"type":"Feature","id":300125,"geometry":{"type":"Point","coordinates":[159.45,53.98]},"properties":{"Volcano_Number":300125,"Volcano_Name":"Akademia Nauk","Country":"Russia","Primary_Volcano_Type":"Stratovolcano(es)","Last_Eruption_Year":1996,"Region":"Northwestern Pacific Volcanic Regions"}},{"type":"Feature","id":300120,"geometry":{"type":"Point","coordinates":[159.15,53.589]},"properties":{"Volcano_Number":300120,"Volcano_Name":"Zhupanovsky","Country":"Russia","Primary_Volcano_Type":"Compound","Last_Eruption_Year":2016,"Region":"Northwestern Pacific Volcanic Regions"}},{"type":"Feature","id":300130,"geometry":{"type":"Point","coordinates":[159.443,54.049]},"properties":{"Volcano_Number":300130,"Volcano_Name":"Karymsky","Country":"Russia","Primary_Volcano_Type":"Stratovolcano","Last_Eruption_Year":2025,"Region":"Northwestern Pacific Volcanic Regions"}},{"type":"Feature","id":300140,"geometry":{"type":"Point","coordinates":[159.674,54.135]},"properties":{"Volcano_Number":300140,"Volcano_Name":"Maly Semyachik","Country":"Russia","Primary_Volcano_Type":"Caldera","Last_Eruption_Year":1952,"Region":"Northwestern Pacific Volcanic Regions"}},{"type":"Feature","id":300150,"geometry":{"type":"Point","coordinates":[160.02,54.32]},"properties":{"Volcano_Number":300150,"Volcano_Name":"Bolshoi Semiachik","Country":"Russia","Primary_Volcano_Type":"Stratovolcano(es)","Last_Eruption_Year":-4450,"Region":"Northwestern Pacific Volcanic Regions"}},{"type":"Feature","id":300160,"geometry":{"type":"Point","coordinates":[159.804,54.528]},"properties":{"Volcano_Number":300160,"Volcano_Name":"Taunshits","Country":"Russia","Primary_Volcano_Type":"Stratovolcano","Last_Eruption_Year":-550,"Region":"Northwestern Pacific Volcanic Regions"}},{"type":"Feature","id":300170,"geometry":{"type":"Point","coordinates":[159.9741,54.4885]},"properties":{"Volcano_Number":300170,"Volcano_Name":"Uzon","Country":"Russia","Primary_Volcano_Type":"Caldera(s)","Last_Eruption_Year":200,"Region":"Northwestern Pacific Volcanic Regions"}},{"type":"Feature","id":300180,"geometry":{"type":"Point","coordinates":[160.251,54.489]},"properties":{"Volcano_Number":300180,"Volcano_Name":"Kikhpinych","Country":"Russia","Primary_Volcano_Type":"Stratovolcano(es)","Last_Eruption_Year":1550,"Region":"Northwestern Pacific Volcanic Regions"}},{"type":"Feature","id":300190,"geometry":{"type":"Point","coordinates":[160.27,54.596]},"properties":{"Volcano_Number":300190,"Volcano_Name":"Krasheninnikov","Country":"Russia","Primary_Volcano_Type":"Caldera","Last_Eruption_Year":2026,"Region":"Northwestern Pacific Volcanic Regions"}},{"type":"Feature","id":300200,"geometry":{"type":"Point","coordinates":[160.533,54.753]},"properties":{"Volcano_Number":300200,"Volcano_Name":"Kronotsky","Country":"Russia","Primary_Volcano_Type":"Stratovolcano","Last_Eruption_Year":-3350,"Region":"Northwestern Pacific Volcanic Regions"}},{"type":"Feature","id":300210,"geometry":{"type":"Point","coordinates":[160.703,54.974]},"properties":{"Volcano_Number":300210,"Volcano_Name":"Gamchen","Country":"Russia","Primary_Volcano_Type":"Complex","Last_Eruption_Year":-188,"Region":"Northwestern Pacific Volcanic Regions"}},{"type":"Feature","id":300221,"geometry":{"type":"Point","coordinates":[160.765,55.064]},"properties":{"Volcano_Number":300221,"Volcano_Name":"Vysoky","Country":"Russia","Primary_Volcano_Type":"Stratovolcano","Last_Eruption_Year":-550,"Region":"Northwestern Pacific Volcanic Regions"}},{"type":"Feature","id":300220,"geometry":{"type":"Point","coordinates":[160.725,55.033]},"properties":{"Volcano_Number":300220,"Volcano_Name":"Komarov","Country":"Russia","Primary_Volcano_Type":"Stratovolcano","Last_Eruption_Year":950,"Region":"Northwestern Pacific Volcanic Regions"}},{"type":"Feature","id":300230,"geometry":{"type":"Point","coordinates":[160.32,55.131]},"properties":{"Volcano_Number":300230,"Volcano_Name":"Kizimen","Country":"Russia","Primary_Volcano_Type":"Stratovolcano","Last_Eruption_Year":2013,"Region":"Northwestern Pacific Volcanic Regions"}},{"type":"Feature","id":300241,"geometry":{"type":"Point","coordinates":[160.527,55.758]},"properties":{"Volcano_Number":300241,"Volcano_Name":"Udina","Country":"Russia","Primary_Volcano_Type":"Stratovolcano(es)","Last_Eruption_Year":null,"Region":"Northwestern Pacific Volcanic Regions"}},{"type":"Feature","id":300242,"geometry":{"type":"Point","coordinates":[160.603,55.862]},"properties":{"Volcano_Number":300242,"Volcano_Name":"Zimina","Country":"Russia","Primary_Volcano_Type":"Stratovolcano(es)","Last_Eruption_Year":null,"Region":"Northwestern Pacific Volcanic Regions"}},{"type":"Feature","id":300240,"geometry":{"type":"Point","coordinates":[160.326,55.832]},"properties":{"Volcano_Number":300240,"Volcano_Name":"Tolbachik","Country":"Russia","Primary_Volcano_Type":"Shield","Last_Eruption_Year":2013,"Region":"Northwestern Pacific Volcanic Regions"}},{"type":"Feature","id":300251,"geometry":{"type":"Point","coordinates":[160.593,56.02]},"properties":{"Volcano_Number":300251,"Volcano_Name":"Kamen","Country":"Russia","Primary_Volcano_Type":"Stratovolcano","Last_Eruption_Year":null,"Region":"Northwestern Pacific Volcanic Regions"}},{"type":"Feature","id":300250,"geometry":{"type":"Point","coordinates":[160.595,55.972]},"properties":{"Volcano_Number":300250,"Volcano_Name":"Bezymianny","Country":"Russia","Primary_Volcano_Type":"Stratovolcano","Last_Eruption_Year":2025,"Region":"Northwestern Pacific Volcanic Regions"}},{"type":"Feature","id":300261,"geometry":{"type":"Point","coordinates":[160.509,56.113]},"properties":{"Volcano_Number":300261,"Volcano_Name":"Ushkovsky","Country":"Russia","Primary_Volcano_Type":"Compound","Last_Eruption_Year":1890,"Region":"Northwestern Pacific Volcanic Regions"}},{"type":"Feature","id":300260,"geometry":{"type":"Point","coordinates":[160.642,56.056]},"properties":{"Volcano_Number":300260,"Volcano_Name":"Klyuchevskoy","Country":"Russia","Primary_Volcano_Type":"Stratovolcano","Last_Eruption_Year":2025,"Region":"Northwestern Pacific Volcanic Regions"}},{"type":"Feature","id":300271,"geometry":{"type":"Point","coordinates":[167.33,55.42]},"properties":{"Volcano_Number":300271,"Volcano_Name":"Piip","Country":"Russia","Primary_Volcano_Type":"Stratovolcano","Last_Eruption_Year":-5050,"Region":"North America Volcanic Regions"}},{"type":"Feature","id":300272,"geometry":{"type":"Point","coordinates":[157.407,54.761]},"properties":{"Volcano_Number":300272,"Volcano_Name":"Khangar","Country":"Russia","Primary_Volcano_Type":"Stratovolcano","Last_Eruption_Year":1500,"Region":"Northwestern Pacific Volcanic Regions"}},{"type":"Feature","id":300273,"geometry":{"type":"Point","coordinates":[157.47,55.55]},"properties":{"Volcano_Number":300273,"Volcano_Name":"Cherpuk Group","Country":"Russia","Primary_Volcano_Type":"Pyroclastic cone(s)","Last_Eruption_Year":-4550,"Region":"Northwestern Pacific Volcanic Regions"}},{"type":"Feature","id":300270,"geometry":{"type":"Point","coordinates":[161.36,56.653]},"properties":{"Volcano_Number":300270,"Volcano_Name":"Sheveluch","Country":"Russia","Primary_Volcano_Type":"Stratovolcano","Last_Eruption_Year":2026,"Region":"Northwestern Pacific Volcanic Regions"}},{"type":"Feature","id":300280,"geometry":{"type":"Point","coordinates":[157.718,55.678]},"properties":{"Volcano_Number":300280,"Volcano_Name":"Ichinsky","Country":"Russia","Primary_Volcano_Type":"Stratovolcano","Last_Eruption_Year":1740,"Region":"Northwestern Pacific Volcanic Regions"}},{"type":"Feature","id":300360,"geometry":{"type":"Point","coordinates":[157.917,56.483]},"properties":{"Volcano_Number":300360,"Volcano_Name":"Bolshoi-Kekuknaysky","Country":"Russia","Primary_Volcano_Type":"Shield(s)","Last_Eruption_Year":-5310,"Region":"Northwestern Pacific Volcanic Regions"}},{"type":"Feature","id":300450,"geometry":{"type":"Point","coordinates":[159.647,56.656]},"properties":{"Volcano_Number":300450,"Volcano_Name":"Alney-Chashakondzha","Country":"Russia","Primary_Volcano_Type":"Stratovolcano","Last_Eruption_Year":1600,"Region":"Northwestern Pacific Volcanic Regions"}},{"type":"Feature","id":300511,"geometry":{"type":"Point","coordinates":[161.09,57.153]},"properties":{"Volcano_Number":300511,"Volcano_Name":"Shisheika","Country":"Russia","Primary_Volcano_Type":"Lava dome","Last_Eruption_Year":-2240,"Region":"Northwestern Pacific Volcanic Regions"}},{"type":"Feature","id":300512,"geometry":{"type":"Point","coordinates":[159.83,57.2]},"properties":{"Volcano_Number":300512,"Volcano_Name":"Terpuk","Country":"Russia","Primary_Volcano_Type":"Shield","Last_Eruption_Year":-800,"Region":"Northwestern Pacific Volcanic Regions"}},{"type":"Feature","id":300520,"geometry":{"type":"Point","coordinates":[160.067,57.317]},"properties":{"Volcano_Number":300520,"Volcano_Name":"Sedanka Lava Field","Country":"Russia","Primary_Volcano_Type":"Volcanic field","Last_Eruption_Year":-7050,"Region":"Northwestern Pacific Volcanic Regions"}},{"type":"Feature","id":300550,"geometry":{"type":"Point","coordinates":[160.2,57.33]},"properties":{"Volcano_Number":300550,"Volcano_Name":"Gorny Institute","Country":"Russia","Primary_Volcano_Type":"Stratovolcano","Last_Eruption_Year":1250,"Region":"Northwestern Pacific Volcanic Regions"}},{"type":"Feature","id":300551,"geometry":{"type":"Point","coordinates":[160.97,57.35]},"properties":{"Volcano_Number":300551,"Volcano_Name":"Kinenin","Country":"Russia","Primary_Volcano_Type":"Maar","Last_Eruption_Year":850,"Region":"Northwestern Pacific Volcanic Regions"}},{"type":"Feature","id":300552,"geometry":{"type":"Point","coordinates":[161.37,57.35]},"properties":{"Volcano_Number":300552,"Volcano_Name":"Bliznetsy","Country":"Russia","Primary_Volcano_Type":"Lava cone","Last_Eruption_Year":-1060,"Region":"Northwestern Pacific Volcanic Regions"}},{"type":"Feature","id":300560,"geometry":{"type":"Point","coordinates":[160.108,57.406]},"properties":{"Volcano_Number":300560,"Volcano_Name":"Titila","Country":"Russia","Primary_Volcano_Type":"Shield(s)","Last_Eruption_Year":-550,"Region":"Northwestern Pacific Volcanic Regions"}},{"type":"Feature","id":300590,"geometry":{"type":"Point","coordinates":[160.53,57.55]},"properties":{"Volcano_Number":300590,"Volcano_Name":"Elovsky","Country":"Russia","Primary_Volcano_Type":"Shield(s)","Last_Eruption_Year":-7550,"Region":"Northwestern Pacific Volcanic Regions"}},{"type":"Feature","id":300650,"geometry":{"type":"Point","coordinates":[160.65,57.97]},"properties":{"Volcano_Number":300650,"Volcano_Name":"Nylgimelkin","Country":"Russia","Primary_Volcano_Type":"Shield(s)","Last_Eruption_Year":-3550,"Region":"Northwestern Pacific Volcanic Regions"}},{"type":"Feature","id":300671,"geometry":{"type":"Point","coordinates":[160.82,58.13]},"properties":{"Volcano_Number":300671,"Volcano_Name":"Spokoiny","Country":"Russia","Primary_Volcano_Type":"Stratovolcano","Last_Eruption_Year":-3450,"Region":"Northwestern Pacific Volcanic Regions"}},{"type":"Feature","id":300680,"geometry":{"type":"Point","coordinates":[160.82,58.18]},"properties":{"Volcano_Number":300680,"Volcano_Name":"Ostry","Country":"Russia","Primary_Volcano_Type":"Stratovolcano","Last_Eruption_Year":-2050,"Region":"Northwestern Pacific Volcanic Regions"}},{"type":"Feature","id":300700,"geometry":{"type":"Point","coordinates":[160.87,58.28]},"properties":{"Volcano_Number":300700,"Volcano_Name":"Severny","Country":"Russia","Primary_Volcano_Type":"Shield","Last_Eruption_Year":-1550,"Region":"Northwestern Pacific Volcanic Regions"}},{"type":"Feature","id":302030,"geometry":{"type":"Point","coordinates":[117.77,56.28]},"properties":{"Volcano_Number":302030,"Volcano_Name":"Udokan Plateau","Country":"Russia","Primary_Volcano_Type":"Volcanic field","Last_Eruption_Year":-220,"Region":"Eastern Asia Volcanic Regions"}},{"type":"Feature","id":302060,"geometry":{"type":"Point","coordinates":[99.021,52.713]},"properties":{"Volcano_Number":302060,"Volcano_Name":"Jombolok","Country":"Russia","Primary_Volcano_Type":"Volcanic field","Last_Eruption_Year":737,"Region":"Eastern Asia Volcanic Regions"}},{"type":"Feature","id":303010,"geometry":{"type":"Point","coordinates":[99.95,48.133]},"properties":{"Volcano_Number":303010,"Volcano_Name":"Taryatu-Chulutu","Country":"Mongolia","Primary_Volcano_Type":"Volcanic field","Last_Eruption_Year":-2980,"Region":"Eastern Asia Volcanic Regions"}},{"type":"Feature","id":304030,"geometry":{"type":"Point","coordinates":[81.646,35.742]},"properties":{"Volcano_Number":304030,"Volcano_Name":"Ashikule Volcanic Field","Country":"China","Primary_Volcano_Type":"Volcanic field","Last_Eruption_Year":1951,"Region":"Eastern Asia Volcanic Regions"}},{"type":"Feature","id":305010,"geometry":{"type":"Point","coordinates":[113.111,41.59]},"properties":{"Volcano_Number":305010,"Volcano_Name":"Honggeertu","Country":"China","Primary_Volcano_Type":"Volcanic field","Last_Eruption_Year":null,"Region":"Eastern Asia Volcanic Regions"}},{"type":"Feature","id":305011,"geometry":{"type":"Point","coordinates":[120.8,47.45]},"properties":{"Volcano_Number":305011,"Volcano_Name":"Arxan-Chaihe","Country":"China","Primary_Volcano_Type":"Volcanic field","Last_Eruption_Year":0,"Region":"Eastern Asia Volcanic Regions"}},{"type":"Feature","id":305020,"geometry":{"type":"Point","coordinates":[125.92,49.37]},"properties":{"Volcano_Number":305020,"Volcano_Name":"Keluo Group","Country":"China","Primary_Volcano_Type":"Volcanic field","Last_Eruption_Year":null,"Region":"Eastern Asia Volcanic Regions"}},{"type":"Feature","id":305030,"geometry":{"type":"Point","coordinates":[126.15,48.722]},"properties":{"Volcano_Number":305030,"Volcano_Name":"Wudalianchi","Country":"China","Primary_Volcano_Type":"Volcanic field","Last_Eruption_Year":1776,"Region":"Eastern Asia Volcanic Regions"}},{"type":"Feature","id":305040,"geometry":{"type":"Point","coordinates":[128.83,44.08]},"properties":{"Volcano_Number":305040,"Volcano_Name":"Jingpohu","Country":"China","Primary_Volcano_Type":"Volcanic field","Last_Eruption_Year":-520,"Region":"Eastern Asia Volcanic Regions"}},{"type":"Feature","id":305050,"geometry":{"type":"Point","coordinates":[126.5,42.33]},"properties":{"Volcano_Number":305050,"Volcano_Name":"Longgang Group","Country":"China","Primary_Volcano_Type":"Volcanic field","Last_Eruption_Year":350,"Region":"Eastern Asia Volcanic Regions"}},{"type":"Feature","id":305060,"geometry":{"type":"Point","coordinates":[128.08,41.98]},"properties":{"Volcano_Number":305060,"Volcano_Name":"Changbaishan","Country":"China-North Korea","Primary_Volcano_Type":"Stratovolcano","Last_Eruption_Year":1903,"Region":"Eastern Asia Volcanic Regions"}},{"type":"Feature","id":306030,"geometry":{"type":"Point","coordinates":[130.87,37.5]},"properties":{"Volcano_Number":306030,"Volcano_Name":"Ulleungdo","Country":"South Korea","Primary_Volcano_Type":"Stratovolcano","Last_Eruption_Year":-2990,"Region":"Eastern Asia Volcanic Regions"}},{"type":"Feature","id":306040,"geometry":{"type":"Point","coordinates":[126.53,33.361]},"properties":{"Volcano_Number":306040,"Volcano_Name":"Halla","Country":"South Korea","Primary_Volcano_Type":"Shield","Last_Eruption_Year":1007,"Region":"Eastern Asia Volcanic Regions"}},{"type":"Feature","id":311010,"geometry":{"type":"Point","coordinates":[175.911,52.35]},"properties":{"Volcano_Number":311010,"Volcano_Name":"Buldir","Country":"United States","Primary_Volcano_Type":"Stratovolcano","Last_Eruption_Year":null,"Region":"North America Volcanic Regions"}},{"type":"Feature","id":311020,"geometry":{"type":"Point","coordinates":[177.602,52.103]},"properties":{"Volcano_Number":311020,"Volcano_Name":"Kiska","Country":"United States","Primary_Volcano_Type":"Stratovolcano","Last_Eruption_Year":1990,"Region":"North America Volcanic Regions"}},{"type":"Feature","id":311030,"geometry":{"type":"Point","coordinates":[178.136,52.015]},"properties":{"Volcano_Number":311030,"Volcano_Name":"Segula","Country":"United States","Primary_Volcano_Type":"Stratovolcano","Last_Eruption_Year":null,"Region":"North America Volcanic Regions"}},{"type":"Feature","id":311040,"geometry":{"type":"Point","coordinates":[178.33,51.97]},"properties":{"Volcano_Number":311040,"Volcano_Name":"Davidof","Country":"United States","Primary_Volcano_Type":"Stratovolcano","Last_Eruption_Year":null,"Region":"North America Volcanic Regions"}},{"type":"Feature","id":311050,"geometry":{"type":"Point","coordinates":[178.543,51.95]},"properties":{"Volcano_Number":311050,"Volcano_Name":"Little Sitkin","Country":"United States","Primary_Volcano_Type":"Stratovolcano","Last_Eruption_Year":1830,"Region":"North America Volcanic Regions"}},{"type":"Feature","id":311060,"geometry":{"type":"Point","coordinates":[179.58,51.93]},"properties":{"Volcano_Number":311060,"Volcano_Name":"Semisopochnoi","Country":"United States","Primary_Volcano_Type":"Stratovolcano","Last_Eruption_Year":2023,"Region":"North America Volcanic Regions"}},{"type":"Feature","id":311070,"geometry":{"type":"Point","coordinates":[-178.794,51.79]},"properties":{"Volcano_Number":311070,"Volcano_Name":"Gareloi","Country":"United States","Primary_Volcano_Type":"Stratovolcano","Last_Eruption_Year":1989,"Region":"North America Volcanic Regions"}},{"type":"Feature","id":311080,"geometry":{"type":"Point","coordinates":[-178.146,51.885]},"properties":{"Volcano_Number":311080,"Volcano_Name":"Tanaga","Country":"United States","Primary_Volcano_Type":"Stratovolcano(es)","Last_Eruption_Year":1914,"Region":"North America Volcanic Regions"}},{"type":"Feature","id":311090,"geometry":{"type":"Point","coordinates":[-178.006,51.873]},"properties":{"Volcano_Number":311090,"Volcano_Name":"Takawangha","Country":"United States","Primary_Volcano_Type":"Stratovolcano","Last_Eruption_Year":1550,"Region":"North America Volcanic Regions"}},{"type":"Feature","id":311100,"geometry":{"type":"Point","coordinates":[-177.438,51.91]},"properties":{"Volcano_Number":311100,"Volcano_Name":"Bobrof","Country":"United States","Primary_Volcano_Type":"Stratovolcano","Last_Eruption_Year":null,"Region":"North America Volcanic Regions"}},{"type":"Feature","id":311110,"geometry":{"type":"Point","coordinates":[-177.168,51.923]},"properties":{"Volcano_Number":311110,"Volcano_Name":"Kanaga","Country":"United States","Primary_Volcano_Type":"Stratovolcano","Last_Eruption_Year":2023,"Region":"North America Volcanic Regions"}},{"type":"Feature","id":311111,"geometry":{"type":"Point","coordinates":[-176.747,51.944]},"properties":{"Volcano_Number":311111,"Volcano_Name":"Moffett","Country":"United States","Primary_Volcano_Type":"Stratovolcano","Last_Eruption_Year":-1600,"Region":"North America Volcanic Regions"}},{"type":"Feature","id":311120,"geometry":{"type":"Point","coordinates":[-176.13,52.076]},"properties":{"Volcano_Number":311120,"Volcano_Name":"Great Sitkin","Country":"United States","Primary_Volcano_Type":"Stratovolcano","Last_Eruption_Year":2026,"Region":"North America Volcanic Regions"}},{"type":"Feature","id":311130,"geometry":{"type":"Point","coordinates":[-175.508,52.177]},"properties":{"Volcano_Number":311130,"Volcano_Name":"Kasatochi","Country":"United States","Primary_Volcano_Type":"Stratovolcano","Last_Eruption_Year":2008,"Region":"North America Volcanic Regions"}},{"type":"Feature","id":311140,"geometry":{"type":"Point","coordinates":[-175.13,52.22]},"properties":{"Volcano_Number":311140,"Volcano_Name":"Koniuji","Country":"United States","Primary_Volcano_Type":"Stratovolcano","Last_Eruption_Year":-1150,"Region":"North America Volcanic Regions"}},{"type":"Feature","id":311160,"geometry":{"type":"Point","coordinates":[-174.139,52.331]},"properties":{"Volcano_Number":311160,"Volcano_Name":"Atka Volcanic Complex","Country":"United States","Primary_Volcano_Type":"Stratovolcano(es)","Last_Eruption_Year":2025,"Region":"North America Volcanic Regions"}},{"type":"Feature","id":311180,"geometry":{"type":"Point","coordinates":[-172.51,52.315]},"properties":{"Volcano_Number":311180,"Volcano_Name":"Seguam","Country":"United States","Primary_Volcano_Type":"Stratovolcano(es)","Last_Eruption_Year":1993,"Region":"North America Volcanic Regions"}},{"type":"Feature","id":311190,"geometry":{"type":"Point","coordinates":[-171.252,52.5]},"properties":{"Volcano_Number":311190,"Volcano_Name":"Amukta","Country":"United States","Primary_Volcano_Type":"Stratovolcano","Last_Eruption_Year":1996,"Region":"North America Volcanic Regions"}},{"type":"Feature","id":311200,"geometry":{"type":"Point","coordinates":[-171.1383,52.5716]},"properties":{"Volcano_Number":311200,"Volcano_Name":"Chagulak","Country":"United States","Primary_Volcano_Type":"Stratovolcano","Last_Eruption_Year":null,"Region":"North America Volcanic Regions"}},{"type":"Feature","id":311210,"geometry":{"type":"Point","coordinates":[-170.6317,52.6394]},"properties":{"Volcano_Number":311210,"Volcano_Name":"Yunaska","Country":"United States","Primary_Volcano_Type":"Shield","Last_Eruption_Year":1937,"Region":"North America Volcanic Regions"}},{"type":"Feature","id":311220,"geometry":{"type":"Point","coordinates":[-170.111,52.742]},"properties":{"Volcano_Number":311220,"Volcano_Name":"Herbert","Country":"United States","Primary_Volcano_Type":"Stratovolcano","Last_Eruption_Year":null,"Region":"North America Volcanic Regions"}},{"type":"Feature","id":311230,"geometry":{"type":"Point","coordinates":[-170.054,52.894]},"properties":{"Volcano_Number":311230,"Volcano_Name":"Carlisle","Country":"United States","Primary_Volcano_Type":"Stratovolcano","Last_Eruption_Year":1828,"Region":"North America Volcanic Regions"}},{"type":"Feature","id":311240,"geometry":{"type":"Point","coordinates":[-169.944,52.825]},"properties":{"Volcano_Number":311240,"Volcano_Name":"Cleveland","Country":"United States","Primary_Volcano_Type":"Stratovolcano","Last_Eruption_Year":2020,"Region":"North America Volcanic Regions"}},{"type":"Feature","id":311241,"geometry":{"type":"Point","coordinates":[-169.77,52.83]},"properties":{"Volcano_Number":311241,"Volcano_Name":"Tana","Country":"United States","Primary_Volcano_Type":"Stratovolcano(es)","Last_Eruption_Year":null,"Region":"North America Volcanic Regions"}},{"type":"Feature","id":311250,"geometry":{"type":"Point","coordinates":[-169.77,53.065]},"properties":{"Volcano_Number":311250,"Volcano_Name":"Uliaga","Country":"United States","Primary_Volcano_Type":"Stratovolcano","Last_Eruption_Year":null,"Region":"North America Volcanic Regions"}},{"type":"Feature","id":311260,"geometry":{"type":"Point","coordinates":[-169.72,52.974]},"properties":{"Volcano_Number":311260,"Volcano_Name":"Kagamil","Country":"United States","Primary_Volcano_Type":"Stratovolcano","Last_Eruption_Year":1929,"Region":"North America Volcanic Regions"}},{"type":"Feature","id":311270,"geometry":{"type":"Point","coordinates":[-168.6875,53.1264]},"properties":{"Volcano_Number":311270,"Volcano_Name":"Vsevidof","Country":"United States","Primary_Volcano_Type":"Stratovolcano","Last_Eruption_Year":1878,"Region":"North America Volcanic Regions"}},{"type":"Feature","id":311280,"geometry":{"type":"Point","coordinates":[-168.539,53.157]},"properties":{"Volcano_Number":311280,"Volcano_Name":"Recheschnoi","Country":"United States","Primary_Volcano_Type":"Stratovolcano","Last_Eruption_Year":null,"Region":"North America Volcanic Regions"}},{"type":"Feature","id":311290,"geometry":{"type":"Point","coordinates":[-168.13,53.43]},"properties":{"Volcano_Number":311290,"Volcano_Name":"Okmok","Country":"United States","Primary_Volcano_Type":"Shield","Last_Eruption_Year":2008,"Region":"North America Volcanic Regions"}},{"type":"Feature","id":311300,"geometry":{"type":"Point","coordinates":[-168.03,53.93]},"properties":{"Volcano_Number":311300,"Volcano_Name":"Bogoslof","Country":"United States","Primary_Volcano_Type":"Stratovolcano","Last_Eruption_Year":2017,"Region":"North America Volcanic Regions"}},{"type":"Feature","id":311310,"geometry":{"type":"Point","coordinates":[-166.923,53.891]},"properties":{"Volcano_Number":311310,"Volcano_Name":"Makushin","Country":"United States","Primary_Volcano_Type":"Stratovolcano","Last_Eruption_Year":1995,"Region":"North America Volcanic Regions"}},{"type":"Feature","id":311320,"geometry":{"type":"Point","coordinates":[-165.986,54.134]},"properties":{"Volcano_Number":311320,"Volcano_Name":"Akutan","Country":"United States","Primary_Volcano_Type":"Stratovolcano","Last_Eruption_Year":1992,"Region":"North America Volcanic Regions"}},{"type":"Feature","id":311340,"geometry":{"type":"Point","coordinates":[-164.65,54.516]},"properties":{"Volcano_Number":311340,"Volcano_Name":"Westdahl","Country":"United States","Primary_Volcano_Type":"Stratovolcano?","Last_Eruption_Year":1992,"Region":"North America Volcanic Regions"}},{"type":"Feature","id":311350,"geometry":{"type":"Point","coordinates":[-164.43,54.65]},"properties":{"Volcano_Number":311350,"Volcano_Name":"Fisher","Country":"United States","Primary_Volcano_Type":"Stratovolcano","Last_Eruption_Year":1830,"Region":"North America Volcanic Regions"}},{"type":"Feature","id":311360,"geometry":{"type":"Point","coordinates":[-163.97,54.756]},"properties":{"Volcano_Number":311360,"Volcano_Name":"Shishaldin","Country":"United States","Primary_Volcano_Type":"Stratovolcano","Last_Eruption_Year":2023,"Region":"North America Volcanic Regions"}},{"type":"Feature","id":311380,"geometry":{"type":"Point","coordinates":[-163.589,54.8]},"properties":{"Volcano_Number":311380,"Volcano_Name":"Roundtop","Country":"United States","Primary_Volcano_Type":"Stratovolcano","Last_Eruption_Year":-7600,"Region":"North America Volcanic Regions"}},{"type":"Feature","id":311390,"geometry":{"type":"Point","coordinates":[-163.1472,55.4184]},"properties":{"Volcano_Number":311390,"Volcano_Name":"Amak","Country":"United States","Primary_Volcano_Type":"Stratovolcano","Last_Eruption_Year":1796,"Region":"North America Volcanic Regions"}},{"type":"Feature","id":312010,"geometry":{"type":"Point","coordinates":[-162.835,55.067]},"properties":{"Volcano_Number":312010,"Volcano_Name":"Frosty","Country":"United States","Primary_Volcano_Type":"Stratovolcano(es)","Last_Eruption_Year":null,"Region":"North America Volcanic Regions"}},{"type":"Feature","id":312011,"geometry":{"type":"Point","coordinates":[-162.276,55.183]},"properties":{"Volcano_Number":312011,"Volcano_Name":"Dutton","Country":"United States","Primary_Volcano_Type":"Stratovolcano","Last_Eruption_Year":null,"Region":"North America Volcanic Regions"}},{"type":"Feature","id":312020,"geometry":{"type":"Point","coordinates":[-162.0445,55.3519]},"properties":{"Volcano_Number":312020,"Volcano_Name":"Emmons Lake Volcanic Center","Country":"United States","Primary_Volcano_Type":"Caldera","Last_Eruption_Year":null,"Region":"North America Volcanic Regions"}},{"type":"Feature","id":312030,"geometry":{"type":"Point","coordinates":[-161.894,55.417]},"properties":{"Volcano_Number":312030,"Volcano_Name":"Pavlof","Country":"United States","Primary_Volcano_Type":"Stratovolcano","Last_Eruption_Year":2022,"Region":"North America Volcanic Regions"}},{"type":"Feature","id":312040,"geometry":{"type":"Point","coordinates":[-161.854,55.457]},"properties":{"Volcano_Number":312040,"Volcano_Name":"Pavlof Sister","Country":"United States","Primary_Volcano_Type":"Stratovolcano","Last_Eruption_Year":null,"Region":"North America Volcanic Regions"}},{"type":"Feature","id":312050,"geometry":{"type":"Point","coordinates":[-161.214,55.641]},"properties":{"Volcano_Number":312050,"Volcano_Name":"Dana","Country":"United States","Primary_Volcano_Type":"Stratovolcano","Last_Eruption_Year":-1890,"Region":"North America Volcanic Regions"}},{"type":"Feature","id":312060,"geometry":{"type":"Point","coordinates":[-159.797,56.011]},"properties":{"Volcano_Number":312060,"Volcano_Name":"Kupreanof","Country":"United States","Primary_Volcano_Type":"Stratovolcano","Last_Eruption_Year":null,"Region":"North America Volcanic Regions"}},{"type":"Feature","id":312070,"geometry":{"type":"Point","coordinates":[-159.38,56.17]},"properties":{"Volcano_Number":312070,"Volcano_Name":"Veniaminof","Country":"United States","Primary_Volcano_Type":"Stratovolcano","Last_Eruption_Year":2021,"Region":"North America Volcanic Regions"}},{"type":"Feature","id":312080,"geometry":{"type":"Point","coordinates":[-158.785,56.552]},"properties":{"Volcano_Number":312080,"Volcano_Name":"Black Peak","Country":"United States","Primary_Volcano_Type":"Stratovolcano","Last_Eruption_Year":-1900,"Region":"North America Volcanic Regions"}},{"type":"Feature","id":312090,"geometry":{"type":"Point","coordinates":[-158.17,56.88]},"properties":{"Volcano_Number":312090,"Volcano_Name":"Aniakchak","Country":"United States","Primary_Volcano_Type":"Caldera","Last_Eruption_Year":1931,"Region":"North America Volcanic Regions"}},{"type":"Feature","id":312100,"geometry":{"type":"Point","coordinates":[-157.185,57.019]},"properties":{"Volcano_Number":312100,"Volcano_Name":"Yantarni","Country":"United States","Primary_Volcano_Type":"Stratovolcano","Last_Eruption_Year":-800,"Region":"North America Volcanic Regions"}},{"type":"Feature","id":312110,"geometry":{"type":"Point","coordinates":[-156.99,57.135]},"properties":{"Volcano_Number":312110,"Volcano_Name":"Chiginagak","Country":"United States","Primary_Volcano_Type":"Stratovolcano","Last_Eruption_Year":1998,"Region":"North America Volcanic Regions"}},{"type":"Feature","id":312120,"geometry":{"type":"Point","coordinates":[-156.745,57.203]},"properties":{"Volcano_Number":312120,"Volcano_Name":"Kialagvik","Country":"United States","Primary_Volcano_Type":"Stratovolcano","Last_Eruption_Year":null,"Region":"North America Volcanic Regions"}},{"type":"Feature","id":312130,"geometry":{"type":"Point","coordinates":[-156.368,57.751]},"properties":{"Volcano_Number":312130,"Volcano_Name":"Ugashik-Peulik","Country":"United States","Primary_Volcano_Type":"Stratovolcano","Last_Eruption_Year":1814,"Region":"North America Volcanic Regions"}},{"type":"Feature","id":312131,"geometry":{"type":"Point","coordinates":[-156.5203,57.8344]},"properties":{"Volcano_Number":312131,"Volcano_Name":"Ukinrek Maars","Country":"United States","Primary_Volcano_Type":"Maar(s)","Last_Eruption_Year":1977,"Region":"North America Volcanic Regions"}},{"type":"Feature","id":312132,"geometry":{"type":"Point","coordinates":[-155.411,57.87]},"properties":{"Volcano_Number":312132,"Volcano_Name":"Alaska Peninsula Arc at 155.4°W","Country":"United States","Primary_Volcano_Type":"Lava dome","Last_Eruption_Year":null,"Region":"North America Volcanic Regions"}},{"type":"Feature","id":312140,"geometry":{"type":"Point","coordinates":[-155.361,58.172]},"properties":{"Volcano_Number":312140,"Volcano_Name":"Martin","Country":"United States","Primary_Volcano_Type":"Stratovolcano","Last_Eruption_Year":1953,"Region":"North America Volcanic Regions"}},{"type":"Feature","id":312150,"geometry":{"type":"Point","coordinates":[-155.253,58.195]},"properties":{"Volcano_Number":312150,"Volcano_Name":"Mageik","Country":"United States","Primary_Volcano_Type":"Stratovolcano","Last_Eruption_Year":-500,"Region":"North America Volcanic Regions"}},{"type":"Feature","id":312160,"geometry":{"type":"Point","coordinates":[-155.1,58.236]},"properties":{"Volcano_Number":312160,"Volcano_Name":"Trident","Country":"United States","Primary_Volcano_Type":"Stratovolcano","Last_Eruption_Year":1974,"Region":"North America Volcanic Regions"}},{"type":"Feature","id":312170,"geometry":{"type":"Point","coordinates":[-154.9533,58.279]},"properties":{"Volcano_Number":312170,"Volcano_Name":"Katmai","Country":"United States","Primary_Volcano_Type":"Stratovolcano","Last_Eruption_Year":1912,"Region":"North America Volcanic Regions"}},{"type":"Feature","id":312180,"geometry":{"type":"Point","coordinates":[-155.1588,58.2655]},"properties":{"Volcano_Number":312180,"Volcano_Name":"Novarupta","Country":"United States","Primary_Volcano_Type":"Caldera","Last_Eruption_Year":1912,"Region":"North America Volcanic Regions"}},{"type":"Feature","id":312190,"geometry":{"type":"Point","coordinates":[-155.092,58.354]},"properties":{"Volcano_Number":312190,"Volcano_Name":"Griggs","Country":"United States","Primary_Volcano_Type":"Stratovolcano","Last_Eruption_Year":-1790,"Region":"North America Volcanic Regions"}},{"type":"Feature","id":312200,"geometry":{"type":"Point","coordinates":[-154.682,58.336]},"properties":{"Volcano_Number":312200,"Volcano_Name":"Snowy Mountain","Country":"United States","Primary_Volcano_Type":"Stratovolcano(es)","Last_Eruption_Year":1710,"Region":"North America Volcanic Regions"}},{"type":"Feature","id":312210,"geometry":{"type":"Point","coordinates":[-154.449,58.418]},"properties":{"Volcano_Number":312210,"Volcano_Name":"Denison","Country":"United States","Primary_Volcano_Type":"Stratovolcano","Last_Eruption_Year":null,"Region":"North America Volcanic Regions"}},{"type":"Feature","id":312220,"geometry":{"type":"Point","coordinates":[-154.3895,58.4298]},"properties":{"Volcano_Number":312220,"Volcano_Name":"Steller","Country":"United States","Primary_Volcano_Type":"Stratovolcano","Last_Eruption_Year":null,"Region":"North America Volcanic Regions"}},{"type":"Feature","id":312230,"geometry":{"type":"Point","coordinates":[-154.355,58.453]},"properties":{"Volcano_Number":312230,"Volcano_Name":"Kukak","Country":"United States","Primary_Volcano_Type":"Stratovolcano","Last_Eruption_Year":null,"Region":"North America Volcanic Regions"}},{"type":"Feature","id":312250,"geometry":{"type":"Point","coordinates":[-154.0245,58.6113]},"properties":{"Volcano_Number":312250,"Volcano_Name":"Kaguyak","Country":"United States","Primary_Volcano_Type":"Lava dome(s)","Last_Eruption_Year":-3850,"Region":"North America Volcanic Regions"}},{"type":"Feature","id":312260,"geometry":{"type":"Point","coordinates":[-153.672,58.77]},"properties":{"Volcano_Number":312260,"Volcano_Name":"Fourpeaked","Country":"United States","Primary_Volcano_Type":"Stratovolcano","Last_Eruption_Year":2006,"Region":"North America Volcanic Regions"}},{"type":"Feature","id":312270,"geometry":{"type":"Point","coordinates":[-153.542,58.855]},"properties":{"Volcano_Number":312270,"Volcano_Name":"Douglas","Country":"United States","Primary_Volcano_Type":"Stratovolcano","Last_Eruption_Year":null,"Region":"North America Volcanic Regions"}},{"type":"Feature","id":313010,"geometry":{"type":"Point","coordinates":[-153.435,59.3626]},"properties":{"Volcano_Number":313010,"Volcano_Name":"Augustine","Country":"United States","Primary_Volcano_Type":"Lava dome(s)","Last_Eruption_Year":2006,"Region":"North America Volcanic Regions"}},{"type":"Feature","id":313020,"geometry":{"type":"Point","coordinates":[-153.09,60.032]},"properties":{"Volcano_Number":313020,"Volcano_Name":"Iliamna","Country":"United States","Primary_Volcano_Type":"Stratovolcano","Last_Eruption_Year":1876,"Region":"North America Volcanic Regions"}},{"type":"Feature","id":313030,"geometry":{"type":"Point","coordinates":[-152.742,60.485]},"properties":{"Volcano_Number":313030,"Volcano_Name":"Redoubt","Country":"United States","Primary_Volcano_Type":"Stratovolcano","Last_Eruption_Year":2009,"Region":"North America Volcanic Regions"}},{"type":"Feature","id":313040,"geometry":{"type":"Point","coordinates":[-152.251,61.299]},"properties":{"Volcano_Number":313040,"Volcano_Name":"Spurr","Country":"United States","Primary_Volcano_Type":"Stratovolcano","Last_Eruption_Year":1992,"Region":"North America Volcanic Regions"}},{"type":"Feature","id":313050,"geometry":{"type":"Point","coordinates":[-152.411,61.64]},"properties":{"Volcano_Number":313050,"Volcano_Name":"Hayes","Country":"United States","Primary_Volcano_Type":"Stratovolcano","Last_Eruption_Year":1200,"Region":"North America Volcanic Regions"}},{"type":"Feature","id":314010,"geometry":{"type":"Point","coordinates":[-170.213,57.167]},"properties":{"Volcano_Number":314010,"Volcano_Name":"St. Paul Island","Country":"United States","Primary_Volcano_Type":"Shield","Last_Eruption_Year":-1280,"Region":"North America Volcanic Regions"}},{"type":"Feature","id":314030,"geometry":{"type":"Point","coordinates":[-164.47,61.43]},"properties":{"Volcano_Number":314030,"Volcano_Name":"Ingakslugwat Hills","Country":"United States","Primary_Volcano_Type":"Volcanic field","Last_Eruption_Year":null,"Region":"North America Volcanic Regions"}},{"type":"Feature","id":314040,"geometry":{"type":"Point","coordinates":[-162.12,63.45]},"properties":{"Volcano_Number":314040,"Volcano_Name":"St. Michael","Country":"United States","Primary_Volcano_Type":"Volcanic field","Last_Eruption_Year":null,"Region":"North America Volcanic Regions"}},{"type":"Feature","id":314060,"geometry":{"type":"Point","coordinates":[-163.45,65.517]},"properties":{"Volcano_Number":314060,"Volcano_Name":"Imuruk Lake","Country":"United States","Primary_Volcano_Type":"Volcanic field","Last_Eruption_Year":300,"Region":"North America Volcanic Regions"}},{"type":"Feature","id":315001,"geometry":{"type":"Point","coordinates":[-148.4327,64.0616]},"properties":{"Volcano_Number":315001,"Volcano_Name":"Buzzard Creek","Country":"United States","Primary_Volcano_Type":"Tuff ring(s)","Last_Eruption_Year":-1050,"Region":"North America Volcanic Regions"}},{"type":"Feature","id":315020,"geometry":{"type":"Point","coordinates":[-144.017,62.006]},"properties":{"Volcano_Number":315020,"Volcano_Name":"Wrangell","Country":"United States","Primary_Volcano_Type":"Shield","Last_Eruption_Year":1912,"Region":"North America Volcanic Regions"}},{"type":"Feature","id":315030,"geometry":{"type":"Point","coordinates":[-141.75,61.38]},"properties":{"Volcano_Number":315030,"Volcano_Name":"Churchill","Country":"United States","Primary_Volcano_Type":"Stratovolcano","Last_Eruption_Year":847,"Region":"North America Volcanic Regions"}},{"type":"Feature","id":315040,"geometry":{"type":"Point","coordinates":[-135.75,57.05]},"properties":{"Volcano_Number":315040,"Volcano_Name":"Edgecumbe","Country":"United States","Primary_Volcano_Type":"Volcanic field","Last_Eruption_Year":-2080,"Region":"North America Volcanic Regions"}},{"type":"Feature","id":315050,"geometry":{"type":"Point","coordinates":[-133.1,56.5]},"properties":{"Volcano_Number":315050,"Volcano_Name":"Duncan Canal","Country":"United States","Primary_Volcano_Type":"Volcanic field","Last_Eruption_Year":null,"Region":"North America Volcanic Regions"}},{"type":"Feature","id":315060,"geometry":{"type":"Point","coordinates":[-133.3,55.25]},"properties":{"Volcano_Number":315060,"Volcano_Name":"Tlevak Strait-Suemez Island","Country":"United States","Primary_Volcano_Type":"Volcanic field","Last_Eruption_Year":null,"Region":"North America Volcanic Regions"}},{"type":"Feature","id":315070,"geometry":{"type":"Point","coordinates":[-131,55.35]},"properties":{"Volcano_Number":315070,"Volcano_Name":"Behm Canal-Rudyerd Bay","Country":"United States","Primary_Volcano_Type":"Volcanic field","Last_Eruption_Year":null,"Region":"North America Volcanic Regions"}},{"type":"Feature","id":320010,"geometry":{"type":"Point","coordinates":[-137.38,62.93]},"properties":{"Volcano_Number":320010,"Volcano_Name":"Fort Selkirk","Country":"Canada","Primary_Volcano_Type":"Volcanic field","Last_Eruption_Year":null,"Region":"North America Volcanic Regions"}},{"type":"Feature","id":320020,"geometry":{"type":"Point","coordinates":[-135.42,60.42]},"properties":{"Volcano_Number":320020,"Volcano_Name":"Alligator Lake","Country":"Canada","Primary_Volcano_Type":"Volcanic field","Last_Eruption_Year":null,"Region":"North America Volcanic Regions"}},{"type":"Feature","id":320030,"geometry":{"type":"Point","coordinates":[-133.358,59.708]},"properties":{"Volcano_Number":320030,"Volcano_Name":"Atlin Volcanic Field","Country":"Canada","Primary_Volcano_Type":"Pyroclastic cone(s)","Last_Eruption_Year":null,"Region":"North America Volcanic Regions"}},{"type":"Feature","id":320031,"geometry":{"type":"Point","coordinates":[-130.58,59.37]},"properties":{"Volcano_Number":320031,"Volcano_Name":"Tuya Volcanic Field","Country":"Canada","Primary_Volcano_Type":"Volcanic field","Last_Eruption_Year":null,"Region":"North America Volcanic Regions"}},{"type":"Feature","id":320040,"geometry":{"type":"Point","coordinates":[-131.97,58.6]},"properties":{"Volcano_Number":320040,"Volcano_Name":"Heart Peaks","Country":"Canada","Primary_Volcano_Type":"Shield","Last_Eruption_Year":null,"Region":"North America Volcanic Regions"}},{"type":"Feature","id":320050,"geometry":{"type":"Point","coordinates":[-131.35,58.42]},"properties":{"Volcano_Number":320050,"Volcano_Name":"Level Mountain","Country":"Canada","Primary_Volcano_Type":"Shield","Last_Eruption_Year":null,"Region":"North America Volcanic Regions"}},{"type":"Feature","id":320060,"geometry":{"type":"Point","coordinates":[-130.63,57.72]},"properties":{"Volcano_Number":320060,"Volcano_Name":"Edziza","Country":"Canada","Primary_Volcano_Type":"Stratovolcano","Last_Eruption_Year":950,"Region":"North America Volcanic Regions"}},{"type":"Feature","id":320070,"geometry":{"type":"Point","coordinates":[-130.68,57.43]},"properties":{"Volcano_Number":320070,"Volcano_Name":"Spectrum Range","Country":"Canada","Primary_Volcano_Type":"Shield","Last_Eruption_Year":null,"Region":"North America Volcanic Regions"}},{"type":"Feature","id":320080,"geometry":{"type":"Point","coordinates":[-131.28,56.78]},"properties":{"Volcano_Number":320080,"Volcano_Name":"Hoodoo Mountain","Country":"Canada","Primary_Volcano_Type":"Pyroclastic cone(s)","Last_Eruption_Year":-7050,"Region":"North America Volcanic Regions"}},{"type":"Feature","id":320090,"geometry":{"type":"Point","coordinates":[-130.75,56.567]},"properties":{"Volcano_Number":320090,"Volcano_Name":"Iskut-Unuk River Cones","Country":"Canada","Primary_Volcano_Type":"Pyroclastic cone(s)","Last_Eruption_Year":1800,"Region":"North America Volcanic Regions"}},{"type":"Feature","id":320100,"geometry":{"type":"Point","coordinates":[-128.8991,55.1109]},"properties":{"Volcano_Number":320100,"Volcano_Name":"Tseax River Cone","Country":"Canada","Primary_Volcano_Type":"Pyroclastic cone","Last_Eruption_Year":1690,"Region":"North America Volcanic Regions"}},{"type":"Feature","id":320110,"geometry":{"type":"Point","coordinates":[-130.23,54.7]},"properties":{"Volcano_Number":320110,"Volcano_Name":"Crow Lagoon","Country":"Canada","Primary_Volcano_Type":"Pyroclastic cone","Last_Eruption_Year":null,"Region":"North America Volcanic Regions"}},{"type":"Feature","id":320120,"geometry":{"type":"Point","coordinates":[-128.723,52.498]},"properties":{"Volcano_Number":320120,"Volcano_Name":"Milbanke Sound Group","Country":"Canada","Primary_Volcano_Type":"Pyroclastic cone(s)","Last_Eruption_Year":null,"Region":"North America Volcanic Regions"}},{"type":"Feature","id":320140,"geometry":{"type":"Point","coordinates":[-123.732,52.928]},"properties":{"Volcano_Number":320140,"Volcano_Name":"Nazko","Country":"Canada","Primary_Volcano_Type":"Pyroclastic cone(s)","Last_Eruption_Year":-5220,"Region":"North America Volcanic Regions"}},{"type":"Feature","id":320150,"geometry":{"type":"Point","coordinates":[-120.1125,52.0306]},"properties":{"Volcano_Number":320150,"Volcano_Name":"Wells Gray-Clearwater","Country":"Canada","Primary_Volcano_Type":"Volcanic field","Last_Eruption_Year":1550,"Region":"North America Volcanic Regions"}},{"type":"Feature","id":320160,"geometry":{"type":"Point","coordinates":[-126.1133,51.5179]},"properties":{"Volcano_Number":320160,"Volcano_Name":"Silverthrone","Country":"Canada","Primary_Volcano_Type":"Caldera","Last_Eruption_Year":null,"Region":"North America Volcanic Regions"}},{"type":"Feature","id":320170,"geometry":{"type":"Point","coordinates":[-123.4,50.8]},"properties":{"Volcano_Number":320170,"Volcano_Name":"Bridge River Cones","Country":"Canada","Primary_Volcano_Type":"Volcanic field","Last_Eruption_Year":null,"Region":"North America Volcanic Regions"}},{"type":"Feature","id":320180,"geometry":{"type":"Point","coordinates":[-123.5,50.63]},"properties":{"Volcano_Number":320180,"Volcano_Name":"Meager","Country":"Canada","Primary_Volcano_Type":"Complex","Last_Eruption_Year":-410,"Region":"North America Volcanic Regions"}},{"type":"Feature","id":320190,"geometry":{"type":"Point","coordinates":[-123,49.933]},"properties":{"Volcano_Number":320190,"Volcano_Name":"Garibaldi Lake","Country":"Canada","Primary_Volcano_Type":"Volcanic field","Last_Eruption_Year":null,"Region":"North America Volcanic Regions"}},{"type":"Feature","id":320200,"geometry":{"type":"Point","coordinates":[-123,49.85]},"properties":{"Volcano_Number":320200,"Volcano_Name":"Garibaldi","Country":"Canada","Primary_Volcano_Type":"Stratovolcano","Last_Eruption_Year":-8060,"Region":"North America Volcanic Regions"}},{"type":"Feature","id":320811,"geometry":{"type":"Point","coordinates":[-123.28,50.12]},"properties":{"Volcano_Number":320811,"Volcano_Name":"Cayley Volcanic Field","Country":"Canada","Primary_Volcano_Type":"Volcanic field","Last_Eruption_Year":null,"Region":"North America Volcanic Regions"}},{"type":"Feature","id":321010,"geometry":{"type":"Point","coordinates":[-121.813,48.777]},"properties":{"Volcano_Number":321010,"Volcano_Name":"Baker","Country":"United States","Primary_Volcano_Type":"Stratovolcano(es)","Last_Eruption_Year":1880,"Region":"North America Volcanic Regions"}},{"type":"Feature","id":321020,"geometry":{"type":"Point","coordinates":[-121.113,48.112]},"properties":{"Volcano_Number":321020,"Volcano_Name":"Glacier Peak","Country":"United States","Primary_Volcano_Type":"Stratovolcano","Last_Eruption_Year":1700,"Region":"North America Volcanic Regions"}},{"type":"Feature","id":321030,"geometry":{"type":"Point","coordinates":[-121.76,46.853]},"properties":{"Volcano_Number":321030,"Volcano_Name":"Rainier","Country":"United States","Primary_Volcano_Type":"Stratovolcano","Last_Eruption_Year":1450,"Region":"North America Volcanic Regions"}},{"type":"Feature","id":321040,"geometry":{"type":"Point","coordinates":[-121.49,46.206]},"properties":{"Volcano_Number":321040,"Volcano_Name":"Adams","Country":"United States","Primary_Volcano_Type":"Stratovolcano","Last_Eruption_Year":950,"Region":"North America Volcanic Regions"}},{"type":"Feature","id":321050,"geometry":{"type":"Point","coordinates":[-122.18,46.2]},"properties":{"Volcano_Number":321050,"Volcano_Name":"St. Helens","Country":"United States","Primary_Volcano_Type":"Stratovolcano","Last_Eruption_Year":2008,"Region":"North America Volcanic Regions"}},{"type":"Feature","id":321060,"geometry":{"type":"Point","coordinates":[-122.08,45.88]},"properties":{"Volcano_Number":321060,"Volcano_Name":"West Crater","Country":"United States","Primary_Volcano_Type":"Volcanic field","Last_Eruption_Year":-5750,"Region":"North America Volcanic Regions"}},{"type":"Feature","id":321070,"geometry":{"type":"Point","coordinates":[-121.82,45.93]},"properties":{"Volcano_Number":321070,"Volcano_Name":"Indian Heaven","Country":"United States","Primary_Volcano_Type":"Volcanic field","Last_Eruption_Year":-6250,"Region":"North America Volcanic Regions"}},{"type":"Feature","id":322010,"geometry":{"type":"Point","coordinates":[-121.695,45.374]},"properties":{"Volcano_Number":322010,"Volcano_Name":"Hood","Country":"United States","Primary_Volcano_Type":"Stratovolcano","Last_Eruption_Year":1866,"Region":"North America Volcanic Regions"}},{"type":"Feature","id":322020,"geometry":{"type":"Point","coordinates":[-121.8,44.674]},"properties":{"Volcano_Number":322020,"Volcano_Name":"Jefferson","Country":"United States","Primary_Volcano_Type":"Stratovolcano","Last_Eruption_Year":950,"Region":"North America Volcanic Regions"}},{"type":"Feature","id":322030,"geometry":{"type":"Point","coordinates":[-121.7686,44.4125]},"properties":{"Volcano_Number":322030,"Volcano_Name":"Blue Lake Crater","Country":"United States","Primary_Volcano_Type":"Maar","Last_Eruption_Year":680,"Region":"North America Volcanic Regions"}},{"type":"Feature","id":322040,"geometry":{"type":"Point","coordinates":[-121.93,44.38]},"properties":{"Volcano_Number":322040,"Volcano_Name":"Sand Mountain Field","Country":"United States","Primary_Volcano_Type":"Volcanic field","Last_Eruption_Year":-950,"Region":"North America Volcanic Regions"}},{"type":"Feature","id":322060,"geometry":{"type":"Point","coordinates":[-121.8423,44.285]},"properties":{"Volcano_Number":322060,"Volcano_Name":"Belknap","Country":"United States","Primary_Volcano_Type":"Shield(s)","Last_Eruption_Year":475,"Region":"North America Volcanic Regions"}},{"type":"Feature","id":322070,"geometry":{"type":"Point","coordinates":[-121.767,44.133]},"properties":{"Volcano_Number":322070,"Volcano_Name":"Three Sisters","Country":"United States","Primary_Volcano_Type":"Complex","Last_Eruption_Year":439,"Region":"North America Volcanic Regions"}},{"type":"Feature","id":322090,"geometry":{"type":"Point","coordinates":[-121.688,43.979]},"properties":{"Volcano_Number":322090,"Volcano_Name":"Bachelor","Country":"United States","Primary_Volcano_Type":"Stratovolcano","Last_Eruption_Year":-5800,"Region":"North America Volcanic Regions"}},{"type":"Feature","id":322100,"geometry":{"type":"Point","coordinates":[-121.82,43.57]},"properties":{"Volcano_Number":322100,"Volcano_Name":"Davis Lake","Country":"United States","Primary_Volcano_Type":"Volcanic field","Last_Eruption_Year":-2790,"Region":"North America Volcanic Regions"}},{"type":"Feature","id":322110,"geometry":{"type":"Point","coordinates":[-121.229,43.722]},"properties":{"Volcano_Number":322110,"Volcano_Name":"Newberry","Country":"United States","Primary_Volcano_Type":"Shield","Last_Eruption_Year":690,"Region":"North America Volcanic Regions"}},{"type":"Feature","id":322120,"geometry":{"type":"Point","coordinates":[-120.861,43.512]},"properties":{"Volcano_Number":322120,"Volcano_Name":"Devils Garden","Country":"United States","Primary_Volcano_Type":"Volcanic field","Last_Eruption_Year":null,"Region":"North America Volcanic Regions"}},{"type":"Feature","id":322150,"geometry":{"type":"Point","coordinates":[-122.1111,43.2411]},"properties":{"Volcano_Number":322150,"Volcano_Name":"Cinnamon Butte","Country":"United States","Primary_Volcano_Type":"Pyroclastic cone(s)","Last_Eruption_Year":null,"Region":"North America Volcanic Regions"}},{"type":"Feature","id":322160,"geometry":{"type":"Point","coordinates":[-122.107,42.942]},"properties":{"Volcano_Number":322160,"Volcano_Name":"Crater Lake","Country":"United States","Primary_Volcano_Type":"Caldera","Last_Eruption_Year":-2850,"Region":"North America Volcanic Regions"}},{"type":"Feature","id":322170,"geometry":{"type":"Point","coordinates":[-118.75,43.1]},"properties":{"Volcano_Number":322170,"Volcano_Name":"Diamond Craters","Country":"United States","Primary_Volcano_Type":"Volcanic field","Last_Eruption_Year":-5610,"Region":"North America Volcanic Regions"}},{"type":"Feature","id":322190,"geometry":{"type":"Point","coordinates":[-117.46,43.147]},"properties":{"Volcano_Number":322190,"Volcano_Name":"Jordan Craters","Country":"United States","Primary_Volcano_Type":"Volcanic field","Last_Eruption_Year":-1250,"Region":"North America Volcanic Regions"}},{"type":"Feature","id":323010,"geometry":{"type":"Point","coordinates":[-122.193,41.409]},"properties":{"Volcano_Number":323010,"Volcano_Name":"Shasta","Country":"United States","Primary_Volcano_Type":"Stratovolcano","Last_Eruption_Year":1250,"Region":"North America Volcanic Regions"}},{"type":"Feature","id":323020,"geometry":{"type":"Point","coordinates":[-121.554,41.611]},"properties":{"Volcano_Number":323020,"Volcano_Name":"Medicine Lake","Country":"United States","Primary_Volcano_Type":"Shield","Last_Eruption_Year":1060,"Region":"North America Volcanic Regions"}},{"type":"Feature","id":323080,"geometry":{"type":"Point","coordinates":[-121.508,40.492]},"properties":{"Volcano_Number":323080,"Volcano_Name":"Lassen Volcanic Center","Country":"United States","Primary_Volcano_Type":"Stratovolcano","Last_Eruption_Year":1917,"Region":"North America Volcanic Regions"}},{"type":"Feature","id":323100,"geometry":{"type":"Point","coordinates":[-122.77,38.97]},"properties":{"Volcano_Number":323100,"Volcano_Name":"Clear Lake Volcanic Field","Country":"United States","Primary_Volcano_Type":"Volcanic field","Last_Eruption_Year":null,"Region":"North America Volcanic Regions"}},{"type":"Feature","id":323110,"geometry":{"type":"Point","coordinates":[-119.03,38]},"properties":{"Volcano_Number":323110,"Volcano_Name":"Mono Lake Volcanic Field","Country":"United States","Primary_Volcano_Type":"Volcanic field","Last_Eruption_Year":1790,"Region":"North America Volcanic Regions"}},{"type":"Feature","id":323120,"geometry":{"type":"Point","coordinates":[-119.029,37.804]},"properties":{"Volcano_Number":323120,"Volcano_Name":"Mono-Inyo Craters","Country":"United States","Primary_Volcano_Type":"Lava dome(s)","Last_Eruption_Year":1380,"Region":"North America Volcanic Regions"}},{"type":"Feature","id":323150,"geometry":{"type":"Point","coordinates":[-119.032,37.631]},"properties":{"Volcano_Number":323150,"Volcano_Name":"Mammoth Mountain","Country":"United States","Primary_Volcano_Type":"Lava dome(s)","Last_Eruption_Year":1260,"Region":"North America Volcanic Regions"}},{"type":"Feature","id":323160,"geometry":{"type":"Point","coordinates":[-117.45,37.02]},"properties":{"Volcano_Number":323160,"Volcano_Name":"Ubehebe Craters","Country":"United States","Primary_Volcano_Type":"Maar(s)","Last_Eruption_Year":-150,"Region":"North America Volcanic Regions"}},{"type":"Feature","id":323200,"geometry":{"type":"Point","coordinates":[-115.616,33.197]},"properties":{"Volcano_Number":323200,"Volcano_Name":"Salton Buttes","Country":"United States","Primary_Volcano_Type":"Lava dome(s)","Last_Eruption_Year":210,"Region":"Eastern Pacific Volcanic Regions"}},{"type":"Feature","id":324010,"geometry":{"type":"Point","coordinates":[-114.3542,43.185]},"properties":{"Volcano_Number":324010,"Volcano_Name":"Black Butte Crater Lava Field","Country":"United States","Primary_Volcano_Type":"Shield","Last_Eruption_Year":-8180,"Region":"North America Volcanic Regions"}},{"type":"Feature","id":324020,"geometry":{"type":"Point","coordinates":[-113.493,43.371]},"properties":{"Volcano_Number":324020,"Volcano_Name":"Craters of the Moon","Country":"United States","Primary_Volcano_Type":"Volcanic field","Last_Eruption_Year":-130,"Region":"North America Volcanic Regions"}},{"type":"Feature","id":324030,"geometry":{"type":"Point","coordinates":[-113.2166,42.8859]},"properties":{"Volcano_Number":324030,"Volcano_Name":"Wapi Lava Field","Country":"United States","Primary_Volcano_Type":"Shield","Last_Eruption_Year":-300,"Region":"North America Volcanic Regions"}},{"type":"Feature","id":324040,"geometry":{"type":"Point","coordinates":[-112.4503,43.492]},"properties":{"Volcano_Number":324040,"Volcano_Name":"Hell's Half Acre","Country":"United States","Primary_Volcano_Type":"Shield","Last_Eruption_Year":-3250,"Region":"North America Volcanic Regions"}},{"type":"Feature","id":326010,"geometry":{"type":"Point","coordinates":[-118.8778,39.525]},"properties":{"Volcano_Number":326010,"Volcano_Name":"Soda Lakes","Country":"United States","Primary_Volcano_Type":"Maar(s)","Last_Eruption_Year":null,"Region":"North America Volcanic Regions"}},{"type":"Feature","id":327040,"geometry":{"type":"Point","coordinates":[-112.67,37.58]},"properties":{"Volcano_Number":327040,"Volcano_Name":"Markagunt Plateau","Country":"United States","Primary_Volcano_Type":"Volcanic field","Last_Eruption_Year":1050,"Region":"North America Volcanic Regions"}},{"type":"Feature","id":327050,"geometry":{"type":"Point","coordinates":[-112.5,38.97]},"properties":{"Volcano_Number":327050,"Volcano_Name":"Black Rock Desert","Country":"United States","Primary_Volcano_Type":"Volcanic field","Last_Eruption_Year":1290,"Region":"North America Volcanic Regions"}},{"type":"Feature","id":328010,"geometry":{"type":"Point","coordinates":[-107.0355,39.6613]},"properties":{"Volcano_Number":328010,"Volcano_Name":"Dotsero","Country":"United States","Primary_Volcano_Type":"Maar","Last_Eruption_Year":-2200,"Region":"North America Volcanic Regions"}},{"type":"Feature","id":329010,"geometry":{"type":"Point","coordinates":[-113.13,36.38]},"properties":{"Volcano_Number":329010,"Volcano_Name":"Uinkaret Field","Country":"United States","Primary_Volcano_Type":"Volcanic field","Last_Eruption_Year":1100,"Region":"North America Volcanic Regions"}},{"type":"Feature","id":329020,"geometry":{"type":"Point","coordinates":[-111.678,35.347]},"properties":{"Volcano_Number":329020,"Volcano_Name":"San Francisco Volcanic Field","Country":"United States","Primary_Volcano_Type":"Volcanic field","Last_Eruption_Year":1075,"Region":"North America Volcanic Regions"}},{"type":"Feature","id":327110,"geometry":{"type":"Point","coordinates":[-105.93,33.78]},"properties":{"Volcano_Number":327110,"Volcano_Name":"Carrizozo","Country":"United States","Primary_Volcano_Type":"Pyroclastic cone(s)","Last_Eruption_Year":-3250,"Region":"North America Volcanic Regions"}},{"type":"Feature","id":327120,"geometry":{"type":"Point","coordinates":[-108,34.8]},"properties":{"Volcano_Number":327120,"Volcano_Name":"Zuni-Bandera","Country":"United States","Primary_Volcano_Type":"Volcanic field","Last_Eruption_Year":-1170,"Region":"North America Volcanic Regions"}},{"type":"Feature","id":327812,"geometry":{"type":"Point","coordinates":[-108.83,34.25]},"properties":{"Volcano_Number":327812,"Volcano_Name":"Red Hill-Quemado","Country":"United States","Primary_Volcano_Type":"Volcanic field","Last_Eruption_Year":-9450,"Region":"North America Volcanic Regions"}},{"type":"Feature","id":331010,"geometry":{"type":"Point","coordinates":[-129.1,47.95]},"properties":{"Volcano_Number":331010,"Volcano_Name":"Endeavour Segment","Country":"Canada","Primary_Volcano_Type":"Fissure vent(s)","Last_Eruption_Year":-3490,"Region":"Eastern Pacific Volcanic Regions"}},{"type":"Feature","id":331011,"geometry":{"type":"Point","coordinates":[-129.33,46.88]},"properties":{"Volcano_Number":331011,"Volcano_Name":"Cobb Segment","Country":"Canada","Primary_Volcano_Type":"Fissure vent(s)","Last_Eruption_Year":-1180,"Region":"Eastern Pacific Volcanic Regions"}},{"type":"Feature","id":331020,"geometry":{"type":"Point","coordinates":[-129.58,46.52]},"properties":{"Volcano_Number":331020,"Volcano_Name":"CoAxial Segment","Country":"Undersea Features","Primary_Volcano_Type":"Fissure vent(s)","Last_Eruption_Year":1993,"Region":"Eastern Pacific Volcanic Regions"}},{"type":"Feature","id":331021,"geometry":{"type":"Point","coordinates":[-130,45.95]},"properties":{"Volcano_Number":331021,"Volcano_Name":"Axial Seamount","Country":"Undersea Features","Primary_Volcano_Type":"Fissure vent(s)","Last_Eruption_Year":2015,"Region":"Eastern Pacific Volcanic Regions"}},{"type":"Feature","id":331030,"geometry":{"type":"Point","coordinates":[-130.3,44.83]},"properties":{"Volcano_Number":331030,"Volcano_Name":"Cleft Segment","Country":"Undersea Features","Primary_Volcano_Type":"Fissure vent(s)","Last_Eruption_Year":1986,"Region":"Eastern Pacific Volcanic Regions"}},{"type":"Feature","id":331031,"geometry":{"type":"Point","coordinates":[-126.78,42.67]},"properties":{"Volcano_Number":331031,"Volcano_Name":"North Gorda Ridge Segment","Country":"United States","Primary_Volcano_Type":"Fissure vent(s)","Last_Eruption_Year":1996,"Region":"Eastern Pacific Volcanic Regions"}},{"type":"Feature","id":331040,"geometry":{"type":"Point","coordinates":[-127.5,40.98]},"properties":{"Volcano_Number":331040,"Volcano_Name":"Escanaba Segment","Country":"United States","Primary_Volcano_Type":"Fissure vent(s)","Last_Eruption_Year":-2260,"Region":"Eastern Pacific Volcanic Regions"}},{"type":"Feature","id":332000,"geometry":{"type":"Point","coordinates":[-155.27,18.92]},"properties":{"Volcano_Number":332000,"Volcano_Name":"Kamaehuakanaloa","Country":"United States","Primary_Volcano_Type":"Shield","Last_Eruption_Year":1996,"Region":"Eastern Pacific Volcanic Regions"}},{"type":"Feature","id":332010,"geometry":{"type":"Point","coordinates":[-155.287,19.421]},"properties":{"Volcano_Number":332010,"Volcano_Name":"Kilauea","Country":"United States","Primary_Volcano_Type":"Shield","Last_Eruption_Year":2026,"Region":"Eastern Pacific Volcanic Regions"}},{"type":"Feature","id":332020,"geometry":{"type":"Point","coordinates":[-155.608,19.475]},"properties":{"Volcano_Number":332020,"Volcano_Name":"Mauna Loa","Country":"United States","Primary_Volcano_Type":"Shield","Last_Eruption_Year":2022,"Region":"Eastern Pacific Volcanic Regions"}},{"type":"Feature","id":332030,"geometry":{"type":"Point","coordinates":[-155.47,19.82]},"properties":{"Volcano_Number":332030,"Volcano_Name":"Mauna Kea","Country":"United States","Primary_Volcano_Type":"Shield","Last_Eruption_Year":-2460,"Region":"Eastern Pacific Volcanic Regions"}},{"type":"Feature","id":332040,"geometry":{"type":"Point","coordinates":[-155.87,19.692]},"properties":{"Volcano_Number":332040,"Volcano_Name":"Hualalai","Country":"United States","Primary_Volcano_Type":"Shield","Last_Eruption_Year":1801,"Region":"Eastern Pacific Volcanic Regions"}},{"type":"Feature","id":332060,"geometry":{"type":"Point","coordinates":[-156.2537,20.7099]},"properties":{"Volcano_Number":332060,"Volcano_Name":"Haleakala","Country":"United States","Primary_Volcano_Type":"Shield","Last_Eruption_Year":1750,"Region":"Eastern Pacific Volcanic Regions"}},{"type":"Feature","id":333010,"geometry":{"type":"Point","coordinates":[-148.821,-17.564]},"properties":{"Volcano_Number":333010,"Volcano_Name":"Teahitia","Country":"France","Primary_Volcano_Type":"Compound","Last_Eruption_Year":1985,"Region":"Southern Pacific Volcanic Regions"}},{"type":"Feature","id":333020,"geometry":{"type":"Point","coordinates":[-148.586,-17.662]},"properties":{"Volcano_Number":333020,"Volcano_Name":"Rocard","Country":"France","Primary_Volcano_Type":"Cone","Last_Eruption_Year":1972,"Region":"Southern Pacific Volcanic Regions"}},{"type":"Feature","id":333030,"geometry":{"type":"Point","coordinates":[-148.525,-18.325]},"properties":{"Volcano_Number":333030,"Volcano_Name":"Moua Pihaa","Country":"France","Primary_Volcano_Type":"Stratovolcano","Last_Eruption_Year":1970,"Region":"Southern Pacific Volcanic Regions"}},{"type":"Feature","id":333040,"geometry":{"type":"Point","coordinates":[-148.068,-17.874]},"properties":{"Volcano_Number":333040,"Volcano_Name":"Mehetia","Country":"France","Primary_Volcano_Type":"Stratovolcano","Last_Eruption_Year":null,"Region":"Southern Pacific Volcanic Regions"}},{"type":"Feature","id":333050,"geometry":{"type":"Point","coordinates":[-129.27,-25.37]},"properties":{"Volcano_Number":333050,"Volcano_Name":"Adams Seamount","Country":"United Kingdom","Primary_Volcano_Type":"Lava dome","Last_Eruption_Year":-50,"Region":"Southern Pacific Volcanic Regions"}},{"type":"Feature","id":333060,"geometry":{"type":"Point","coordinates":[-140.25,-28.98]},"properties":{"Volcano_Number":333060,"Volcano_Name":"Macdonald","Country":"France","Primary_Volcano_Type":"Shield","Last_Eruption_Year":1989,"Region":"Southern Pacific Volcanic Regions"}},{"type":"Feature","id":334020,"geometry":{"type":"Point","coordinates":[-105.32,16.55]},"properties":{"Volcano_Number":334020,"Volcano_Name":"Northern EPR at 17°N","Country":"Mexico","Primary_Volcano_Type":"Fissure vent(s)","Last_Eruption_Year":-50,"Region":"Eastern Pacific Volcanic Regions"}},{"type":"Feature","id":334021,"geometry":{"type":"Point","coordinates":[-105.43,15.83]},"properties":{"Volcano_Number":334021,"Volcano_Name":"Northern EPR at 16°N","Country":"Mexico","Primary_Volcano_Type":"Fissure vent(s)","Last_Eruption_Year":-50,"Region":"Eastern Pacific Volcanic Regions"}},{"type":"Feature","id":334040,"geometry":{"type":"Point","coordinates":[-103.58,10.73]},"properties":{"Volcano_Number":334040,"Volcano_Name":"Northern EPR at 10.7°N","Country":"Undersea Features","Primary_Volcano_Type":"Fissure vent(s)","Last_Eruption_Year":2003,"Region":"Eastern Pacific Volcanic Regions"}},{"type":"Feature","id":334050,"geometry":{"type":"Point","coordinates":[-104.3,9.83]},"properties":{"Volcano_Number":334050,"Volcano_Name":"Northern EPR at 9.8°N","Country":"Undersea Features","Primary_Volcano_Type":"Fissure vent(s)","Last_Eruption_Year":2025,"Region":"Eastern Pacific Volcanic Regions"}},{"type":"Feature","id":334070,"geometry":{"type":"Point","coordinates":[-86.15,0.792]},"properties":{"Volcano_Number":334070,"Volcano_Name":"Galapagos Rift at 86°W","Country":"Ecuador","Primary_Volcano_Type":"Fissure vent(s)","Last_Eruption_Year":1996,"Region":"Eastern Pacific Volcanic Regions"}},{"type":"Feature","id":334100,"geometry":{"type":"Point","coordinates":[-107.95,-8.27]},"properties":{"Volcano_Number":334100,"Volcano_Name":"Southern EPR at 8°S","Country":"Undersea Features","Primary_Volcano_Type":"Fissure vent(s)","Last_Eruption_Year":1969,"Region":"Southern Pacific Volcanic Regions"}},{"type":"Feature","id":334120,"geometry":{"type":"Point","coordinates":[-113.206,-17.436]},"properties":{"Volcano_Number":334120,"Volcano_Name":"Southern EPR at 17.5°S (Segment K)","Country":"Undersea Features","Primary_Volcano_Type":"Fissure vent(s)","Last_Eruption_Year":1990,"Region":"Southern Pacific Volcanic Regions"}},{"type":"Feature","id":334130,"geometry":{"type":"Point","coordinates":[-113.35,-18.175]},"properties":{"Volcano_Number":334130,"Volcano_Name":"Southern EPR at 18.2°S (Segment J)","Country":"Undersea Features","Primary_Volcano_Type":"Fissure vent(s)","Last_Eruption_Year":1890,"Region":"Southern Pacific Volcanic Regions"}},{"type":"Feature","id":334140,"geometry":{"type":"Point","coordinates":[-113.42,-18.53]},"properties":{"Volcano_Number":334140,"Volcano_Name":"Southern EPR at 18.5°S (Segment I)","Country":"Undersea Features","Primary_Volcano_Type":"Fissure vent(s)","Last_Eruption_Year":1915,"Region":"Southern Pacific Volcanic Regions"}},{"type":"Feature","id":335020,"geometry":{"type":"Point","coordinates":[-139.845,-53.998]},"properties":{"Volcano_Number":335020,"Volcano_Name":"Hollister Ridge","Country":"Undersea Features","Primary_Volcano_Type":"Fissure vent","Last_Eruption_Year":null,"Region":"Southern Pacific Volcanic Regions"}},{"type":"Feature","id":335030,"geometry":{"type":"Point","coordinates":[-143.373,-56.153]},"properties":{"Volcano_Number":335030,"Volcano_Name":"Udintsev Transform","Country":"Undersea Features","Primary_Volcano_Type":"Fissure vent","Last_Eruption_Year":null,"Region":"Southern Pacific Volcanic Regions"}},{"type":"Feature","id":341001,"geometry":{"type":"Point","coordinates":[-113.5,31.85]},"properties":{"Volcano_Number":341001,"Volcano_Name":"Pinacate","Country":"Mexico","Primary_Volcano_Type":"Volcanic field","Last_Eruption_Year":null,"Region":"North America Volcanic Regions"}},{"type":"Feature","id":341003,"geometry":{"type":"Point","coordinates":[-114.4082,29.9728]},"properties":{"Volcano_Number":341003,"Volcano_Name":"San Luis, Isla","Country":"Mexico","Primary_Volcano_Type":"Tuff cone","Last_Eruption_Year":-1141,"Region":"Eastern Pacific Volcanic Regions"}},{"type":"Feature","id":341004,"geometry":{"type":"Point","coordinates":[-114.5,29.33]},"properties":{"Volcano_Number":341004,"Volcano_Name":"Jaraguay Volcanic Field","Country":"Mexico","Primary_Volcano_Type":"Volcanic field","Last_Eruption_Year":null,"Region":"Eastern Pacific Volcanic Regions"}},{"type":"Feature","id":341007,"geometry":{"type":"Point","coordinates":[-113.75,28.5]},"properties":{"Volcano_Number":341007,"Volcano_Name":"San Borja Volcanic Field","Country":"Mexico","Primary_Volcano_Type":"Volcanic field","Last_Eruption_Year":null,"Region":"Eastern Pacific Volcanic Regions"}},{"type":"Feature","id":341011,"geometry":{"type":"Point","coordinates":[-111.881,27.438]},"properties":{"Volcano_Number":341011,"Volcano_Name":"Tortuga, Isla","Country":"Mexico","Primary_Volcano_Type":"Shield","Last_Eruption_Year":null,"Region":"Eastern Pacific Volcanic Regions"}},{"type":"Feature","id":341012,"geometry":{"type":"Point","coordinates":[-111.92,26]},"properties":{"Volcano_Number":341012,"Volcano_Name":"Comondu-La Purisima","Country":"Mexico","Primary_Volcano_Type":"Volcanic field","Last_Eruption_Year":null,"Region":"Eastern Pacific Volcanic Regions"}},{"type":"Feature","id":341021,"geometry":{"type":"Point","coordinates":[-110.95,18.78]},"properties":{"Volcano_Number":341021,"Volcano_Name":"Socorro","Country":"Mexico","Primary_Volcano_Type":"Shield","Last_Eruption_Year":1994,"Region":"Eastern Pacific Volcanic Regions"}},{"type":"Feature","id":341022,"geometry":{"type":"Point","coordinates":[-104.45,24.15]},"properties":{"Volcano_Number":341022,"Volcano_Name":"Durango Volcanic Field","Country":"Mexico","Primary_Volcano_Type":"Volcanic field","Last_Eruption_Year":null,"Region":"North America Volcanic Regions"}},{"type":"Feature","id":341024,"geometry":{"type":"Point","coordinates":[-104.73,21.45]},"properties":{"Volcano_Number":341024,"Volcano_Name":"Sanganguey","Country":"Mexico","Primary_Volcano_Type":"Stratovolcano","Last_Eruption_Year":null,"Region":"Middle America-Caribbean Volcanic Regions"}},{"type":"Feature","id":341020,"geometry":{"type":"Point","coordinates":[-110.82,19.3]},"properties":{"Volcano_Number":341020,"Volcano_Name":"Barcena","Country":"Mexico","Primary_Volcano_Type":"Pyroclastic cone(s)","Last_Eruption_Year":1953,"Region":"Eastern Pacific Volcanic Regions"}},{"type":"Feature","id":341031,"geometry":{"type":"Point","coordinates":[-104.817,20.567]},"properties":{"Volcano_Number":341031,"Volcano_Name":"Mascota Volcanic Field","Country":"Mexico","Primary_Volcano_Type":"Volcanic field","Last_Eruption_Year":null,"Region":"Middle America-Caribbean Volcanic Regions"}},{"type":"Feature","id":341030,"geometry":{"type":"Point","coordinates":[-104.508,21.125]},"properties":{"Volcano_Number":341030,"Volcano_Name":"Ceboruco","Country":"Mexico","Primary_Volcano_Type":"Stratovolcano","Last_Eruption_Year":1875,"Region":"Middle America-Caribbean Volcanic Regions"}},{"type":"Feature","id":341040,"geometry":{"type":"Point","coordinates":[-103.62,19.514]},"properties":{"Volcano_Number":341040,"Volcano_Name":"Colima","Country":"Mexico","Primary_Volcano_Type":"Stratovolcano(es)","Last_Eruption_Year":2019,"Region":"Middle America-Caribbean Volcanic Regions"}},{"type":"Feature","id":341061,"geometry":{"type":"Point","coordinates":[-100.25,19.4]},"properties":{"Volcano_Number":341061,"Volcano_Name":"Zitacuaro-Valle de Bravo","Country":"Mexico","Primary_Volcano_Type":"Volcanic field","Last_Eruption_Year":-3050,"Region":"Middle America-Caribbean Volcanic Regions"}},{"type":"Feature","id":341062,"geometry":{"type":"Point","coordinates":[-99.7579,19.7383]},"properties":{"Volcano_Number":341062,"Volcano_Name":"Jocotitlan","Country":"Mexico","Primary_Volcano_Type":"Stratovolcano","Last_Eruption_Year":1270,"Region":"Middle America-Caribbean Volcanic Regions"}},{"type":"Feature","id":341060,"geometry":{"type":"Point","coordinates":[-101.75,19.85]},"properties":{"Volcano_Number":341060,"Volcano_Name":"Michoacan-Guanajuato","Country":"Mexico","Primary_Volcano_Type":"Volcanic field","Last_Eruption_Year":1952,"Region":"Middle America-Caribbean Volcanic Regions"}},{"type":"Feature","id":341070,"geometry":{"type":"Point","coordinates":[-99.758,19.108]},"properties":{"Volcano_Number":341070,"Volcano_Name":"Toluca, Nevado de","Country":"Mexico","Primary_Volcano_Type":"Stratovolcano","Last_Eruption_Year":-1350,"Region":"Middle America-Caribbean Volcanic Regions"}},{"type":"Feature","id":341082,"geometry":{"type":"Point","coordinates":[-98.642,19.179]},"properties":{"Volcano_Number":341082,"Volcano_Name":"Iztaccihuatl","Country":"Mexico","Primary_Volcano_Type":"Stratovolcano","Last_Eruption_Year":null,"Region":"Middle America-Caribbean Volcanic Regions"}},{"type":"Feature","id":341080,"geometry":{"type":"Point","coordinates":[-99.16,19.139]},"properties":{"Volcano_Number":341080,"Volcano_Name":"Chichinautzin","Country":"Mexico","Primary_Volcano_Type":"Volcanic field","Last_Eruption_Year":399,"Region":"Middle America-Caribbean Volcanic Regions"}},{"type":"Feature","id":341091,"geometry":{"type":"Point","coordinates":[-98.032,19.231]},"properties":{"Volcano_Number":341091,"Volcano_Name":"Malinche, La","Country":"Mexico","Primary_Volcano_Type":"Stratovolcano","Last_Eruption_Year":-1170,"Region":"Middle America-Caribbean Volcanic Regions"}},{"type":"Feature","id":341092,"geometry":{"type":"Point","coordinates":[-97.47,19.27]},"properties":{"Volcano_Number":341092,"Volcano_Name":"Serdan-Oriental Volcanic Field","Country":"Mexico","Primary_Volcano_Type":"Volcanic field","Last_Eruption_Year":-3920,"Region":"Middle America-Caribbean Volcanic Regions"}},{"type":"Feature","id":341093,"geometry":{"type":"Point","coordinates":[-97.45,19.68]},"properties":{"Volcano_Number":341093,"Volcano_Name":"Humeros, Los","Country":"Mexico","Primary_Volcano_Type":"Caldera(s)","Last_Eruption_Year":-4470,"Region":"Middle America-Caribbean Volcanic Regions"}},{"type":"Feature","id":341095,"geometry":{"type":"Point","coordinates":[-96.91,19.635]},"properties":{"Volcano_Number":341095,"Volcano_Name":"Naolinco Volcanic Field","Country":"Mexico","Primary_Volcano_Type":"Volcanic field","Last_Eruption_Year":1145,"Region":"Middle America-Caribbean Volcanic Regions"}},{"type":"Feature","id":341090,"geometry":{"type":"Point","coordinates":[-98.622,19.023]},"properties":{"Volcano_Number":341090,"Volcano_Name":"Popocatepetl","Country":"Mexico","Primary_Volcano_Type":"Stratovolcano(es)","Last_Eruption_Year":2026,"Region":"Middle America-Caribbean Volcanic Regions"}},{"type":"Feature","id":341100,"geometry":{"type":"Point","coordinates":[-97.27,19.03]},"properties":{"Volcano_Number":341100,"Volcano_Name":"Orizaba, Pico de","Country":"Mexico","Primary_Volcano_Type":"Stratovolcano","Last_Eruption_Year":1846,"Region":"Middle America-Caribbean Volcanic Regions"}},{"type":"Feature","id":341110,"geometry":{"type":"Point","coordinates":[-95.1989,18.5615]},"properties":{"Volcano_Number":341110,"Volcano_Name":"San Martin","Country":"Mexico","Primary_Volcano_Type":"Volcanic field","Last_Eruption_Year":1796,"Region":"Middle America-Caribbean Volcanic Regions"}},{"type":"Feature","id":341120,"geometry":{"type":"Point","coordinates":[-93.2297,17.3602]},"properties":{"Volcano_Number":341120,"Volcano_Name":"Chichon, El","Country":"Mexico","Primary_Volcano_Type":"Lava dome(s)","Last_Eruption_Year":1982,"Region":"Middle America-Caribbean Volcanic Regions"}},{"type":"Feature","id":341130,"geometry":{"type":"Point","coordinates":[-92.109,15.132]},"properties":{"Volcano_Number":341130,"Volcano_Name":"Tacana","Country":"Mexico-Guatemala","Primary_Volcano_Type":"Stratovolcano","Last_Eruption_Year":1986,"Region":"Middle America-Caribbean Volcanic Regions"}},{"type":"Feature","id":342020,"geometry":{"type":"Point","coordinates":[-91.903,15.043]},"properties":{"Volcano_Number":342020,"Volcano_Name":"Tajumulco","Country":"Guatemala","Primary_Volcano_Type":"Stratovolcano","Last_Eruption_Year":null,"Region":"Middle America-Caribbean Volcanic Regions"}},{"type":"Feature","id":342030,"geometry":{"type":"Point","coordinates":[-91.552,14.757]},"properties":{"Volcano_Number":342030,"Volcano_Name":"Santa Maria","Country":"Guatemala","Primary_Volcano_Type":"Stratovolcano","Last_Eruption_Year":2026,"Region":"Middle America-Caribbean Volcanic Regions"}},{"type":"Feature","id":342040,"geometry":{"type":"Point","coordinates":[-91.519,14.797]},"properties":{"Volcano_Number":342040,"Volcano_Name":"Almolonga","Country":"Guatemala","Primary_Volcano_Type":"Stratovolcano","Last_Eruption_Year":1818,"Region":"Middle America-Caribbean Volcanic Regions"}},{"type":"Feature","id":342060,"geometry":{"type":"Point","coordinates":[-91.186,14.583]},"properties":{"Volcano_Number":342060,"Volcano_Name":"Atitlan","Country":"Guatemala","Primary_Volcano_Type":"Stratovolcano(es)","Last_Eruption_Year":1853,"Region":"Middle America-Caribbean Volcanic Regions"}},{"type":"Feature","id":342070,"geometry":{"type":"Point","coordinates":[-91.189,14.612]},"properties":{"Volcano_Number":342070,"Volcano_Name":"Toliman","Country":"Guatemala","Primary_Volcano_Type":"Stratovolcano(es)","Last_Eruption_Year":null,"Region":"Middle America-Caribbean Volcanic Regions"}},{"type":"Feature","id":342080,"geometry":{"type":"Point","coordinates":[-90.876,14.501]},"properties":{"Volcano_Number":342080,"Volcano_Name":"Acatenango","Country":"Guatemala","Primary_Volcano_Type":"Stratovolcano(es)","Last_Eruption_Year":1972,"Region":"Middle America-Caribbean Volcanic Regions"}},{"type":"Feature","id":342090,"geometry":{"type":"Point","coordinates":[-90.8806,14.4748]},"properties":{"Volcano_Number":342090,"Volcano_Name":"Fuego","Country":"Guatemala","Primary_Volcano_Type":"Stratovolcano(es)","Last_Eruption_Year":2026,"Region":"Middle America-Caribbean Volcanic Regions"}},{"type":"Feature","id":342100,"geometry":{"type":"Point","coordinates":[-90.743,14.465]},"properties":{"Volcano_Number":342100,"Volcano_Name":"Agua","Country":"Guatemala","Primary_Volcano_Type":"Stratovolcano","Last_Eruption_Year":null,"Region":"Middle America-Caribbean Volcanic Regions"}},{"type":"Feature","id":342111,"geometry":{"type":"Point","coordinates":[-90.4,14.33]},"properties":{"Volcano_Number":342111,"Volcano_Name":"Cuilapa-Barbarena","Country":"Guatemala","Primary_Volcano_Type":"Volcanic field","Last_Eruption_Year":null,"Region":"Middle America-Caribbean Volcanic Regions"}},{"type":"Feature","id":342110,"geometry":{"type":"Point","coordinates":[-90.601,14.382]},"properties":{"Volcano_Number":342110,"Volcano_Name":"Pacaya","Country":"Guatemala","Primary_Volcano_Type":"Complex","Last_Eruption_Year":2021,"Region":"Middle America-Caribbean Volcanic Regions"}},{"type":"Feature","id":342121,"geometry":{"type":"Point","coordinates":[-90.271,14.34]},"properties":{"Volcano_Number":342121,"Volcano_Name":"Jumaytepeque","Country":"Guatemala","Primary_Volcano_Type":"Stratovolcano","Last_Eruption_Year":null,"Region":"Middle America-Caribbean Volcanic Regions"}},{"type":"Feature","id":342120,"geometry":{"type":"Point","coordinates":[-90.407,14.156]},"properties":{"Volcano_Number":342120,"Volcano_Name":"Tecuamburro","Country":"Guatemala","Primary_Volcano_Type":"Stratovolcano","Last_Eruption_Year":-960,"Region":"Middle America-Caribbean Volcanic Regions"}},{"type":"Feature","id":342130,"geometry":{"type":"Point","coordinates":[-90.1,14.03]},"properties":{"Volcano_Number":342130,"Volcano_Name":"Moyuta","Country":"Guatemala","Primary_Volcano_Type":"Stratovolcano","Last_Eruption_Year":null,"Region":"Middle America-Caribbean Volcanic Regions"}},{"type":"Feature","id":342140,"geometry":{"type":"Point","coordinates":[-89.992,14.308]},"properties":{"Volcano_Number":342140,"Volcano_Name":"Flores","Country":"Guatemala","Primary_Volcano_Type":"Volcanic field","Last_Eruption_Year":null,"Region":"Middle America-Caribbean Volcanic Regions"}},{"type":"Feature","id":342141,"geometry":{"type":"Point","coordinates":[-89.9,14.43]},"properties":{"Volcano_Number":342141,"Volcano_Name":"Tahual","Country":"Guatemala","Primary_Volcano_Type":"Stratovolcano","Last_Eruption_Year":null,"Region":"Middle America-Caribbean Volcanic Regions"}},{"type":"Feature","id":342150,"geometry":{"type":"Point","coordinates":[-89.87,14.33]},"properties":{"Volcano_Number":342150,"Volcano_Name":"Santiago, Cerro","Country":"Guatemala","Primary_Volcano_Type":"Volcanic field","Last_Eruption_Year":null,"Region":"Middle America-Caribbean Volcanic Regions"}},{"type":"Feature","id":342160,"geometry":{"type":"Point","coordinates":[-89.78,14.4]},"properties":{"Volcano_Number":342160,"Volcano_Name":"Suchitan","Country":"Guatemala","Primary_Volcano_Type":"Stratovolcano(es)","Last_Eruption_Year":null,"Region":"Middle America-Caribbean Volcanic Regions"}},{"type":"Feature","id":342170,"geometry":{"type":"Point","coordinates":[-89.73,14.12]},"properties":{"Volcano_Number":342170,"Volcano_Name":"Chingo","Country":"Guatemala-El Salvador","Primary_Volcano_Type":"Stratovolcano","Last_Eruption_Year":null,"Region":"Middle America-Caribbean Volcanic Regions"}},{"type":"Feature","id":342180,"geometry":{"type":"Point","coordinates":[-89.68,14.42]},"properties":{"Volcano_Number":342180,"Volcano_Name":"Ixtepeque","Country":"Guatemala","Primary_Volcano_Type":"Lava dome(s)","Last_Eruption_Year":null,"Region":"Middle America-Caribbean Volcanic Regions"}},{"type":"Feature","id":343002,"geometry":{"type":"Point","coordinates":[-89.631,14.054]},"properties":{"Volcano_Number":343002,"Volcano_Name":"Singuil, Cerro","Country":"El Salvador","Primary_Volcano_Type":"Volcanic field","Last_Eruption_Year":null,"Region":"Middle America-Caribbean Volcanic Regions"}},{"type":"Feature","id":343010,"geometry":{"type":"Point","coordinates":[-89.742,13.872]},"properties":{"Volcano_Number":343010,"Volcano_Name":"Apaneca Range","Country":"El Salvador","Primary_Volcano_Type":"Stratovolcano(es)","Last_Eruption_Year":null,"Region":"Middle America-Caribbean Volcanic Regions"}},{"type":"Feature","id":343020,"geometry":{"type":"Point","coordinates":[-89.63,13.853]},"properties":{"Volcano_Number":343020,"Volcano_Name":"Santa Ana","Country":"El Salvador","Primary_Volcano_Type":"Stratovolcano","Last_Eruption_Year":2005,"Region":"Middle America-Caribbean Volcanic Regions"}},{"type":"Feature","id":343030,"geometry":{"type":"Point","coordinates":[-89.633,13.813]},"properties":{"Volcano_Number":343030,"Volcano_Name":"Izalco","Country":"El Salvador","Primary_Volcano_Type":"Stratovolcano","Last_Eruption_Year":1966,"Region":"Middle America-Caribbean Volcanic Regions"}},{"type":"Feature","id":343041,"geometry":{"type":"Point","coordinates":[-89.55,13.87]},"properties":{"Volcano_Number":343041,"Volcano_Name":"Coatepeque Caldera","Country":"El Salvador","Primary_Volcano_Type":"Caldera","Last_Eruption_Year":null,"Region":"Middle America-Caribbean Volcanic Regions"}},{"type":"Feature","id":343051,"geometry":{"type":"Point","coordinates":[-89.25,14.02]},"properties":{"Volcano_Number":343051,"Volcano_Name":"Cinotepeque, Cerro","Country":"El Salvador","Primary_Volcano_Type":"Volcanic field","Last_Eruption_Year":null,"Region":"Middle America-Caribbean Volcanic Regions"}},{"type":"Feature","id":343050,"geometry":{"type":"Point","coordinates":[-89.294,13.734]},"properties":{"Volcano_Number":343050,"Volcano_Name":"San Salvador","Country":"El Salvador","Primary_Volcano_Type":"Stratovolcano","Last_Eruption_Year":1917,"Region":"Middle America-Caribbean Volcanic Regions"}},{"type":"Feature","id":343060,"geometry":{"type":"Point","coordinates":[-89.053,13.672]},"properties":{"Volcano_Number":343060,"Volcano_Name":"Ilopango","Country":"El Salvador","Primary_Volcano_Type":"Caldera","Last_Eruption_Year":1880,"Region":"Middle America-Caribbean Volcanic Regions"}},{"type":"Feature","id":343072,"geometry":{"type":"Point","coordinates":[-88.532,13.435]},"properties":{"Volcano_Number":343072,"Volcano_Name":"Taburete","Country":"El Salvador","Primary_Volcano_Type":"Stratovolcano","Last_Eruption_Year":null,"Region":"Middle America-Caribbean Volcanic Regions"}},{"type":"Feature","id":343070,"geometry":{"type":"Point","coordinates":[-88.8375,13.5969]},"properties":{"Volcano_Number":343070,"Volcano_Name":"San Vicente","Country":"El Salvador","Primary_Volcano_Type":"Stratovolcano","Last_Eruption_Year":null,"Region":"Middle America-Caribbean Volcanic Regions"}},{"type":"Feature","id":343081,"geometry":{"type":"Point","coordinates":[-88.471,13.419]},"properties":{"Volcano_Number":343081,"Volcano_Name":"Usulutan","Country":"El Salvador","Primary_Volcano_Type":"Stratovolcano","Last_Eruption_Year":null,"Region":"Middle America-Caribbean Volcanic Regions"}},{"type":"Feature","id":343082,"geometry":{"type":"Point","coordinates":[-88.43,13.47]},"properties":{"Volcano_Number":343082,"Volcano_Name":"Tigre, El","Country":"El Salvador","Primary_Volcano_Type":"Stratovolcano","Last_Eruption_Year":null,"Region":"Middle America-Caribbean Volcanic Regions"}},{"type":"Feature","id":343080,"geometry":{"type":"Point","coordinates":[-88.502,13.494]},"properties":{"Volcano_Number":343080,"Volcano_Name":"Tecapa","Country":"El Salvador","Primary_Volcano_Type":"Stratovolcano","Last_Eruption_Year":null,"Region":"Middle America-Caribbean Volcanic Regions"}},{"type":"Feature","id":343090,"geometry":{"type":"Point","coordinates":[-88.33,13.478]},"properties":{"Volcano_Number":343090,"Volcano_Name":"Chinameca","Country":"El Salvador","Primary_Volcano_Type":"Stratovolcano","Last_Eruption_Year":null,"Region":"Middle America-Caribbean Volcanic Regions"}},{"type":"Feature","id":343101,"geometry":{"type":"Point","coordinates":[-88.105,13.428]},"properties":{"Volcano_Number":343101,"Volcano_Name":"Aramuaca, Laguna","Country":"El Salvador","Primary_Volcano_Type":"Maar","Last_Eruption_Year":null,"Region":"Middle America-Caribbean Volcanic Regions"}},{"type":"Feature","id":343100,"geometry":{"type":"Point","coordinates":[-88.269,13.434]},"properties":{"Volcano_Number":343100,"Volcano_Name":"San Miguel","Country":"El Salvador","Primary_Volcano_Type":"Stratovolcano","Last_Eruption_Year":2023,"Region":"Middle America-Caribbean Volcanic Regions"}},{"type":"Feature","id":343130,"geometry":{"type":"Point","coordinates":[-87.639,13.274]},"properties":{"Volcano_Number":343130,"Volcano_Name":"Tigre, Isla del","Country":"Honduras","Primary_Volcano_Type":"Stratovolcano","Last_Eruption_Year":null,"Region":"Middle America-Caribbean Volcanic Regions"}},{"type":"Feature","id":343140,"geometry":{"type":"Point","coordinates":[-87.63,13.33]},"properties":{"Volcano_Number":343140,"Volcano_Name":"Zacate Grande, Isla","Country":"Honduras","Primary_Volcano_Type":"Stratovolcano","Last_Eruption_Year":null,"Region":"Middle America-Caribbean Volcanic Regions"}},{"type":"Feature","id":343150,"geometry":{"type":"Point","coordinates":[-87.983,14.964]},"properties":{"Volcano_Number":343150,"Volcano_Name":"Yojoa, Lago","Country":"Honduras","Primary_Volcano_Type":"Volcanic field","Last_Eruption_Year":-7638,"Region":"Middle America-Caribbean Volcanic Regions"}},{"type":"Feature","id":344010,"geometry":{"type":"Point","coordinates":[-87.57,12.98]},"properties":{"Volcano_Number":344010,"Volcano_Name":"Cosiguina","Country":"Nicaragua","Primary_Volcano_Type":"Stratovolcano","Last_Eruption_Year":1859,"Region":"Middle America-Caribbean Volcanic Regions"}},{"type":"Feature","id":344020,"geometry":{"type":"Point","coordinates":[-87.004,12.702]},"properties":{"Volcano_Number":344020,"Volcano_Name":"San Cristobal","Country":"Nicaragua","Primary_Volcano_Type":"Stratovolcano","Last_Eruption_Year":2024,"Region":"Middle America-Caribbean Volcanic Regions"}},{"type":"Feature","id":344040,"geometry":{"type":"Point","coordinates":[-86.84,12.606]},"properties":{"Volcano_Number":344040,"Volcano_Name":"Telica","Country":"Nicaragua","Primary_Volcano_Type":"Stratovolcano(es)","Last_Eruption_Year":2025,"Region":"Middle America-Caribbean Volcanic Regions"}},{"type":"Feature","id":344070,"geometry":{"type":"Point","coordinates":[-86.702,12.506]},"properties":{"Volcano_Number":344070,"Volcano_Name":"Negro, Cerro","Country":"Nicaragua","Primary_Volcano_Type":"Pyroclastic cone(s)","Last_Eruption_Year":1999,"Region":"Middle America-Caribbean Volcanic Regions"}},{"type":"Feature","id":344080,"geometry":{"type":"Point","coordinates":[-86.6786,12.4922]},"properties":{"Volcano_Number":344080,"Volcano_Name":"Las Pilas-El Hoyo Complex","Country":"Nicaragua","Primary_Volcano_Type":"Complex","Last_Eruption_Year":1954,"Region":"Middle America-Caribbean Volcanic Regions"}},{"type":"Feature","id":344091,"geometry":{"type":"Point","coordinates":[-86.342,12.242]},"properties":{"Volcano_Number":344091,"Volcano_Name":"Apoyeque","Country":"Nicaragua","Primary_Volcano_Type":"Caldera","Last_Eruption_Year":-50,"Region":"Middle America-Caribbean Volcanic Regions"}},{"type":"Feature","id":344092,"geometry":{"type":"Point","coordinates":[-86.32,12.12]},"properties":{"Volcano_Number":344092,"Volcano_Name":"Nejapa-Miraflores","Country":"Nicaragua","Primary_Volcano_Type":"Fissure vent(s)","Last_Eruption_Year":1060,"Region":"Middle America-Caribbean Volcanic Regions"}},{"type":"Feature","id":344090,"geometry":{"type":"Point","coordinates":[-86.539,12.423]},"properties":{"Volcano_Number":344090,"Volcano_Name":"Momotombo","Country":"Nicaragua","Primary_Volcano_Type":"Stratovolcano","Last_Eruption_Year":2016,"Region":"Middle America-Caribbean Volcanic Regions"}},{"type":"Feature","id":344101,"geometry":{"type":"Point","coordinates":[-85.979,11.9]},"properties":{"Volcano_Number":344101,"Volcano_Name":"Granada","Country":"Nicaragua","Primary_Volcano_Type":"Fissure vent(s)","Last_Eruption_Year":null,"Region":"Middle America-Caribbean Volcanic Regions"}},{"type":"Feature","id":344100,"geometry":{"type":"Point","coordinates":[-86.1688,11.9844]},"properties":{"Volcano_Number":344100,"Volcano_Name":"Masaya","Country":"Nicaragua","Primary_Volcano_Type":"Caldera","Last_Eruption_Year":2026,"Region":"Middle America-Caribbean Volcanic Regions"}},{"type":"Feature","id":344111,"geometry":{"type":"Point","coordinates":[-85.82,11.73]},"properties":{"Volcano_Number":344111,"Volcano_Name":"Zapatera","Country":"Nicaragua","Primary_Volcano_Type":"Shield","Last_Eruption_Year":null,"Region":"Middle America-Caribbean Volcanic Regions"}},{"type":"Feature","id":344110,"geometry":{"type":"Point","coordinates":[-85.968,11.826]},"properties":{"Volcano_Number":344110,"Volcano_Name":"Mombacho","Country":"Nicaragua","Primary_Volcano_Type":"Stratovolcano","Last_Eruption_Year":null,"Region":"Middle America-Caribbean Volcanic Regions"}},{"type":"Feature","id":344120,"geometry":{"type":"Point","coordinates":[-85.622,11.538]},"properties":{"Volcano_Number":344120,"Volcano_Name":"Concepcion","Country":"Nicaragua","Primary_Volcano_Type":"Stratovolcano","Last_Eruption_Year":2024,"Region":"Middle America-Caribbean Volcanic Regions"}},{"type":"Feature","id":345010,"geometry":{"type":"Point","coordinates":[-85.473,10.98]},"properties":{"Volcano_Number":345010,"Volcano_Name":"Orosi","Country":"Costa Rica","Primary_Volcano_Type":"Stratovolcano(es)","Last_Eruption_Year":null,"Region":"Middle America-Caribbean Volcanic Regions"}},{"type":"Feature","id":345020,"geometry":{"type":"Point","coordinates":[-85.3364,10.8314]},"properties":{"Volcano_Number":345020,"Volcano_Name":"Rincon de la Vieja","Country":"Costa Rica","Primary_Volcano_Type":"Complex","Last_Eruption_Year":2024,"Region":"Middle America-Caribbean Volcanic Regions"}},{"type":"Feature","id":345031,"geometry":{"type":"Point","coordinates":[-85.015,10.673]},"properties":{"Volcano_Number":345031,"Volcano_Name":"Tenorio","Country":"Costa Rica","Primary_Volcano_Type":"Stratovolcano(es)","Last_Eruption_Year":null,"Region":"Middle America-Caribbean Volcanic Regions"}},{"type":"Feature","id":345033,"geometry":{"type":"Point","coordinates":[-84.703,10.463]},"properties":{"Volcano_Number":345033,"Volcano_Name":"Arenal","Country":"Costa Rica","Primary_Volcano_Type":"Stratovolcano","Last_Eruption_Year":2010,"Region":"Middle America-Caribbean Volcanic Regions"}},{"type":"Feature","id":345034,"geometry":{"type":"Point","coordinates":[-84.366,10.3]},"properties":{"Volcano_Number":345034,"Volcano_Name":"Platanar","Country":"Costa Rica","Primary_Volcano_Type":"Stratovolcano(es)","Last_Eruption_Year":null,"Region":"Middle America-Caribbean Volcanic Regions"}},{"type":"Feature","id":345030,"geometry":{"type":"Point","coordinates":[-85.153,10.748]},"properties":{"Volcano_Number":345030,"Volcano_Name":"Miravalles","Country":"Costa Rica","Primary_Volcano_Type":"Stratovolcano","Last_Eruption_Year":1946,"Region":"Middle America-Caribbean Volcanic Regions"}},{"type":"Feature","id":345040,"geometry":{"type":"Point","coordinates":[-84.233,10.2]},"properties":{"Volcano_Number":345040,"Volcano_Name":"Poas","Country":"Costa Rica","Primary_Volcano_Type":"Stratovolcano","Last_Eruption_Year":2026,"Region":"Middle America-Caribbean Volcanic Regions"}},{"type":"Feature","id":345050,"geometry":{"type":"Point","coordinates":[-84.1,10.135]},"properties":{"Volcano_Number":345050,"Volcano_Name":"Barva","Country":"Costa Rica","Primary_Volcano_Type":"Complex","Last_Eruption_Year":-6050,"Region":"Middle America-Caribbean Volcanic Regions"}},{"type":"Feature","id":345060,"geometry":{"type":"Point","coordinates":[-83.852,9.979]},"properties":{"Volcano_Number":345060,"Volcano_Name":"Irazu","Country":"Costa Rica","Primary_Volcano_Type":"Stratovolcano","Last_Eruption_Year":1977,"Region":"Middle America-Caribbean Volcanic Regions"}},{"type":"Feature","id":345070,"geometry":{"type":"Point","coordinates":[-83.767,10.025]},"properties":{"Volcano_Number":345070,"Volcano_Name":"Turrialba","Country":"Costa Rica","Primary_Volcano_Type":"Stratovolcano","Last_Eruption_Year":2022,"Region":"Middle America-Caribbean Volcanic Regions"}},{"type":"Feature","id":346010,"geometry":{"type":"Point","coordinates":[-82.543,8.808]},"properties":{"Volcano_Number":346010,"Volcano_Name":"Baru","Country":"Panama","Primary_Volcano_Type":"Stratovolcano","Last_Eruption_Year":1550,"Region":"Middle America-Caribbean Volcanic Regions"}},{"type":"Feature","id":351011,"geometry":{"type":"Point","coordinates":[-75.363,5.203]},"properties":{"Volcano_Number":351011,"Volcano_Name":"Romeral","Country":"Colombia","Primary_Volcano_Type":"Stratovolcano","Last_Eruption_Year":-5390,"Region":"South America Volcanic Regions"}},{"type":"Feature","id":351012,"geometry":{"type":"Point","coordinates":[-75.293,5.091]},"properties":{"Volcano_Number":351012,"Volcano_Name":"Bravo, Cerro","Country":"Colombia","Primary_Volcano_Type":"Stratovolcano","Last_Eruption_Year":1720,"Region":"South America Volcanic Regions"}},{"type":"Feature","id":351021,"geometry":{"type":"Point","coordinates":[-75.365,4.818]},"properties":{"Volcano_Number":351021,"Volcano_Name":"Santa Isabel","Country":"Colombia","Primary_Volcano_Type":"Shield","Last_Eruption_Year":-850,"Region":"South America Volcanic Regions"}},{"type":"Feature","id":351020,"geometry":{"type":"Point","coordinates":[-75.324,4.892]},"properties":{"Volcano_Number":351020,"Volcano_Name":"Ruiz, Nevado del","Country":"Colombia","Primary_Volcano_Type":"Stratovolcano","Last_Eruption_Year":2026,"Region":"South America Volcanic Regions"}},{"type":"Feature","id":351030,"geometry":{"type":"Point","coordinates":[-75.33,4.658]},"properties":{"Volcano_Number":351030,"Volcano_Name":"Tolima, Nevado del","Country":"Colombia","Primary_Volcano_Type":"Stratovolcano","Last_Eruption_Year":1943,"Region":"South America Volcanic Regions"}},{"type":"Feature","id":351040,"geometry":{"type":"Point","coordinates":[-75.389,4.487]},"properties":{"Volcano_Number":351040,"Volcano_Name":"Machin","Country":"Colombia","Primary_Volcano_Type":"Stratovolcano","Last_Eruption_Year":1180,"Region":"South America Volcanic Regions"}},{"type":"Feature","id":351050,"geometry":{"type":"Point","coordinates":[-76.03,2.93]},"properties":{"Volcano_Number":351050,"Volcano_Name":"Huila, Nevado del","Country":"Colombia","Primary_Volcano_Type":"Stratovolcano","Last_Eruption_Year":2012,"Region":"South America Volcanic Regions"}},{"type":"Feature","id":351061,"geometry":{"type":"Point","coordinates":[-76.592,2.108]},"properties":{"Volcano_Number":351061,"Volcano_Name":"Sotara","Country":"Colombia","Primary_Volcano_Type":"Stratovolcano","Last_Eruption_Year":null,"Region":"South America Volcanic Regions"}},{"type":"Feature","id":351060,"geometry":{"type":"Point","coordinates":[-76.3948,2.3095]},"properties":{"Volcano_Number":351060,"Volcano_Name":"Purace","Country":"Colombia","Primary_Volcano_Type":"Stratovolcano(es)","Last_Eruption_Year":2026,"Region":"South America Volcanic Regions"}},{"type":"Feature","id":351070,"geometry":{"type":"Point","coordinates":[-76.936,1.5]},"properties":{"Volcano_Number":351070,"Volcano_Name":"Dona Juana","Country":"Colombia","Primary_Volcano_Type":"Stratovolcano","Last_Eruption_Year":1906,"Region":"South America Volcanic Regions"}},{"type":"Feature","id":351080,"geometry":{"type":"Point","coordinates":[-77.37,1.22]},"properties":{"Volcano_Number":351080,"Volcano_Name":"Galeras","Country":"Colombia","Primary_Volcano_Type":"Complex","Last_Eruption_Year":2014,"Region":"South America Volcanic Regions"}},{"type":"Feature","id":351090,"geometry":{"type":"Point","coordinates":[-77.68,1.08]},"properties":{"Volcano_Number":351090,"Volcano_Name":"Azufral","Country":"Colombia","Primary_Volcano_Type":"Stratovolcano","Last_Eruption_Year":-930,"Region":"South America Volcanic Regions"}},{"type":"Feature","id":351100,"geometry":{"type":"Point","coordinates":[-77.87,0.95]},"properties":{"Volcano_Number":351100,"Volcano_Name":"Cumbal","Country":"Colombia","Primary_Volcano_Type":"Stratovolcano","Last_Eruption_Year":1926,"Region":"South America Volcanic Regions"}},{"type":"Feature","id":351110,"geometry":{"type":"Point","coordinates":[-77.938,0.817]},"properties":{"Volcano_Number":351110,"Volcano_Name":"Chiles-Cerro Negro","Country":"Colombia-Ecuador","Primary_Volcano_Type":"Stratovolcano","Last_Eruption_Year":1936,"Region":"South America Volcanic Regions"}},{"type":"Feature","id":352001,"geometry":{"type":"Point","coordinates":[-77.58,0.552]},"properties":{"Volcano_Number":352001,"Volcano_Name":"Soche","Country":"Ecuador","Primary_Volcano_Type":"Stratovolcano","Last_Eruption_Year":-6650,"Region":"South America Volcanic Regions"}},{"type":"Feature","id":352002,"geometry":{"type":"Point","coordinates":[-78.287,0.468]},"properties":{"Volcano_Number":352002,"Volcano_Name":"Chachimbiro","Country":"Ecuador","Primary_Volcano_Type":"Stratovolcano","Last_Eruption_Year":-3740,"Region":"South America Volcanic Regions"}},{"type":"Feature","id":352003,"geometry":{"type":"Point","coordinates":[-78.364,0.308]},"properties":{"Volcano_Number":352003,"Volcano_Name":"Cuicocha","Country":"Ecuador","Primary_Volcano_Type":"Caldera","Last_Eruption_Year":650,"Region":"South America Volcanic Regions"}},{"type":"Feature","id":352004,"geometry":{"type":"Point","coordinates":[-78.183,0.258]},"properties":{"Volcano_Number":352004,"Volcano_Name":"Imbabura","Country":"Ecuador","Primary_Volcano_Type":"Compound","Last_Eruption_Year":-5550,"Region":"South America Volcanic Regions"}},{"type":"Feature","id":352005,"geometry":{"type":"Point","coordinates":[-78.27,0.13]},"properties":{"Volcano_Number":352005,"Volcano_Name":"Mojanda","Country":"Ecuador","Primary_Volcano_Type":"Stratovolcano(es)","Last_Eruption_Year":null,"Region":"South America Volcanic Regions"}},{"type":"Feature","id":352006,"geometry":{"type":"Point","coordinates":[-77.986,0.029]},"properties":{"Volcano_Number":352006,"Volcano_Name":"Cayambe","Country":"Ecuador","Primary_Volcano_Type":"Compound","Last_Eruption_Year":1786,"Region":"South America Volcanic Regions"}},{"type":"Feature","id":352011,"geometry":{"type":"Point","coordinates":[-78.49,0.0464]},"properties":{"Volcano_Number":352011,"Volcano_Name":"Pululahua","Country":"Ecuador","Primary_Volcano_Type":"Caldera","Last_Eruption_Year":290,"Region":"South America Volcanic Regions"}},{"type":"Feature","id":352010,"geometry":{"type":"Point","coordinates":[-77.656,-0.077]},"properties":{"Volcano_Number":352010,"Volcano_Name":"Reventador","Country":"Ecuador","Primary_Volcano_Type":"Stratovolcano","Last_Eruption_Year":2026,"Region":"South America Volcanic Regions"}},{"type":"Feature","id":352021,"geometry":{"type":"Point","coordinates":[-78.617,-0.353]},"properties":{"Volcano_Number":352021,"Volcano_Name":"Atacazo","Country":"Ecuador","Primary_Volcano_Type":"Stratovolcano","Last_Eruption_Year":-320,"Region":"South America Volcanic Regions"}},{"type":"Feature","id":352022,"geometry":{"type":"Point","coordinates":[-78.25,-0.375]},"properties":{"Volcano_Number":352022,"Volcano_Name":"Chacana","Country":"Ecuador","Primary_Volcano_Type":"Caldera","Last_Eruption_Year":1773,"Region":"South America Volcanic Regions"}},{"type":"Feature","id":352020,"geometry":{"type":"Point","coordinates":[-78.598,-0.171]},"properties":{"Volcano_Number":352020,"Volcano_Name":"Guagua Pichincha","Country":"Ecuador","Primary_Volcano_Type":"Stratovolcano","Last_Eruption_Year":2002,"Region":"South America Volcanic Regions"}},{"type":"Feature","id":352031,"geometry":{"type":"Point","coordinates":[-78,-0.53]},"properties":{"Volcano_Number":352031,"Volcano_Name":"Aliso","Country":"Ecuador","Primary_Volcano_Type":"Stratovolcano","Last_Eruption_Year":-2450,"Region":"South America Volcanic Regions"}},{"type":"Feature","id":352030,"geometry":{"type":"Point","coordinates":[-78.141,-0.481]},"properties":{"Volcano_Number":352030,"Volcano_Name":"Antisana","Country":"Ecuador","Primary_Volcano_Type":"Stratovolcano","Last_Eruption_Year":1802,"Region":"South America Volcanic Regions"}},{"type":"Feature","id":352041,"geometry":{"type":"Point","coordinates":[-78.716,-0.662]},"properties":{"Volcano_Number":352041,"Volcano_Name":"Iliniza","Country":"Ecuador","Primary_Volcano_Type":"Stratovolcano","Last_Eruption_Year":null,"Region":"South America Volcanic Regions"}},{"type":"Feature","id":352040,"geometry":{"type":"Point","coordinates":[-77.626,-0.538]},"properties":{"Volcano_Number":352040,"Volcano_Name":"Sumaco","Country":"Ecuador","Primary_Volcano_Type":"Stratovolcano","Last_Eruption_Year":1895,"Region":"South America Volcanic Regions"}},{"type":"Feature","id":352050,"geometry":{"type":"Point","coordinates":[-78.436,-0.677]},"properties":{"Volcano_Number":352050,"Volcano_Name":"Cotopaxi","Country":"Ecuador","Primary_Volcano_Type":"Stratovolcano","Last_Eruption_Year":2023,"Region":"South America Volcanic Regions"}},{"type":"Feature","id":352060,"geometry":{"type":"Point","coordinates":[-78.9044,-0.8592]},"properties":{"Volcano_Number":352060,"Volcano_Name":"Quilotoa","Country":"Ecuador","Primary_Volcano_Type":"Caldera","Last_Eruption_Year":1280,"Region":"South America Volcanic Regions"}},{"type":"Feature","id":352071,"geometry":{"type":"Point","coordinates":[-78.817,-1.469]},"properties":{"Volcano_Number":352071,"Volcano_Name":"Chimborazo","Country":"Ecuador","Primary_Volcano_Type":"Stratovolcano","Last_Eruption_Year":550,"Region":"South America Volcanic Regions"}},{"type":"Feature","id":352081,"geometry":{"type":"Point","coordinates":[-78.614,-1.786]},"properties":{"Volcano_Number":352081,"Volcano_Name":"Licto","Country":"Ecuador","Primary_Volcano_Type":"Pyroclastic cone(s)","Last_Eruption_Year":null,"Region":"South America Volcanic Regions"}},{"type":"Feature","id":352080,"geometry":{"type":"Point","coordinates":[-78.442,-1.467]},"properties":{"Volcano_Number":352080,"Volcano_Name":"Tungurahua","Country":"Ecuador","Primary_Volcano_Type":"Stratovolcano","Last_Eruption_Year":2016,"Region":"South America Volcanic Regions"}},{"type":"Feature","id":352090,"geometry":{"type":"Point","coordinates":[-78.341,-2.005]},"properties":{"Volcano_Number":352090,"Volcano_Name":"Sangay","Country":"Ecuador","Primary_Volcano_Type":"Stratovolcano","Last_Eruption_Year":2026,"Region":"South America Volcanic Regions"}},{"type":"Feature","id":353011,"geometry":{"type":"Point","coordinates":[-91.546,-0.02]},"properties":{"Volcano_Number":353011,"Volcano_Name":"Ecuador","Country":"Ecuador","Primary_Volcano_Type":"Shield","Last_Eruption_Year":1150,"Region":"Eastern Pacific Volcanic Regions"}},{"type":"Feature","id":353010,"geometry":{"type":"Point","coordinates":[-91.55,-0.37]},"properties":{"Volcano_Number":353010,"Volcano_Name":"Fernandina","Country":"Ecuador","Primary_Volcano_Type":"Shield","Last_Eruption_Year":2024,"Region":"Eastern Pacific Volcanic Regions"}},{"type":"Feature","id":353020,"geometry":{"type":"Point","coordinates":[-91.35,0.02]},"properties":{"Volcano_Number":353020,"Volcano_Name":"Wolf","Country":"Ecuador","Primary_Volcano_Type":"Shield","Last_Eruption_Year":2022,"Region":"Eastern Pacific Volcanic Regions"}},{"type":"Feature","id":353030,"geometry":{"type":"Point","coordinates":[-91.28,-0.18]},"properties":{"Volcano_Number":353030,"Volcano_Name":"Darwin","Country":"Ecuador","Primary_Volcano_Type":"Shield","Last_Eruption_Year":1813,"Region":"Eastern Pacific Volcanic Regions"}},{"type":"Feature","id":353040,"geometry":{"type":"Point","coordinates":[-91.12,-0.43]},"properties":{"Volcano_Number":353040,"Volcano_Name":"Alcedo","Country":"Ecuador","Primary_Volcano_Type":"Shield","Last_Eruption_Year":1993,"Region":"Eastern Pacific Volcanic Regions"}},{"type":"Feature","id":353050,"geometry":{"type":"Point","coordinates":[-91.17,-0.83]},"properties":{"Volcano_Number":353050,"Volcano_Name":"Negra, Sierra","Country":"Ecuador","Primary_Volcano_Type":"Shield","Last_Eruption_Year":2018,"Region":"Eastern Pacific Volcanic Regions"}},{"type":"Feature","id":353060,"geometry":{"type":"Point","coordinates":[-91.408,-0.92]},"properties":{"Volcano_Number":353060,"Volcano_Name":"Azul, Cerro","Country":"Ecuador","Primary_Volcano_Type":"Shield","Last_Eruption_Year":2008,"Region":"Eastern Pacific Volcanic Regions"}},{"type":"Feature","id":353070,"geometry":{"type":"Point","coordinates":[-90.7553,0.5858]},"properties":{"Volcano_Number":353070,"Volcano_Name":"Pinta","Country":"Ecuador","Primary_Volcano_Type":"Shield","Last_Eruption_Year":null,"Region":"Eastern Pacific Volcanic Regions"}},{"type":"Feature","id":353081,"geometry":{"type":"Point","coordinates":[-89.958,0.32]},"properties":{"Volcano_Number":353081,"Volcano_Name":"Genovesa","Country":"Ecuador","Primary_Volcano_Type":"Shield","Last_Eruption_Year":null,"Region":"Eastern Pacific Volcanic Regions"}},{"type":"Feature","id":353080,"geometry":{"type":"Point","coordinates":[-90.47,0.33]},"properties":{"Volcano_Number":353080,"Volcano_Name":"Marchena","Country":"Ecuador","Primary_Volcano_Type":"Shield","Last_Eruption_Year":1991,"Region":"Eastern Pacific Volcanic Regions"}},{"type":"Feature","id":353091,"geometry":{"type":"Point","coordinates":[-90.33,-0.62]},"properties":{"Volcano_Number":353091,"Volcano_Name":"Santa Cruz","Country":"Ecuador","Primary_Volcano_Type":"Shield","Last_Eruption_Year":null,"Region":"Eastern Pacific Volcanic Regions"}},{"type":"Feature","id":353090,"geometry":{"type":"Point","coordinates":[-90.77,-0.22]},"properties":{"Volcano_Number":353090,"Volcano_Name":"Santiago","Country":"Ecuador","Primary_Volcano_Type":"Shield","Last_Eruption_Year":1906,"Region":"Eastern Pacific Volcanic Regions"}},{"type":"Feature","id":353120,"geometry":{"type":"Point","coordinates":[-89.4292,-0.8292]},"properties":{"Volcano_Number":353120,"Volcano_Name":"San Cristobal","Country":"Ecuador","Primary_Volcano_Type":"Shield","Last_Eruption_Year":null,"Region":"Eastern Pacific Volcanic Regions"}},{"type":"Feature","id":354000,"geometry":{"type":"Point","coordinates":[-71.363,-14.131]},"properties":{"Volcano_Number":354000,"Volcano_Name":"Quimsachata-Oroscocha","Country":"Peru","Primary_Volcano_Type":"Lava dome","Last_Eruption_Year":-4450,"Region":"South America Volcanic Regions"}},{"type":"Feature","id":354001,"geometry":{"type":"Point","coordinates":[-73.1914,-15.0726]},"properties":{"Volcano_Number":354001,"Volcano_Name":"Auquihuato, Cerro","Country":"Peru","Primary_Volcano_Type":"Pyroclastic cone","Last_Eruption_Year":null,"Region":"South America Volcanic Regions"}},{"type":"Feature","id":354003,"geometry":{"type":"Point","coordinates":[-72.65,-15.52]},"properties":{"Volcano_Number":354003,"Volcano_Name":"Coropuna","Country":"Peru","Primary_Volcano_Type":"Stratovolcano","Last_Eruption_Year":null,"Region":"South America Volcanic Regions"}},{"type":"Feature","id":354004,"geometry":{"type":"Point","coordinates":[-72.33,-15.42]},"properties":{"Volcano_Number":354004,"Volcano_Name":"Andahua-Orcopampa","Country":"Peru","Primary_Volcano_Type":"Volcanic field","Last_Eruption_Year":1490,"Region":"South America Volcanic Regions"}},{"type":"Feature","id":354005,"geometry":{"type":"Point","coordinates":[-72.08,-15.78]},"properties":{"Volcano_Number":354005,"Volcano_Name":"Huambo","Country":"Peru","Primary_Volcano_Type":"Volcanic field","Last_Eruption_Year":-700,"Region":"South America Volcanic Regions"}},{"type":"Feature","id":354006,"geometry":{"type":"Point","coordinates":[-71.857,-15.787]},"properties":{"Volcano_Number":354006,"Volcano_Name":"Sabancaya","Country":"Peru","Primary_Volcano_Type":"Stratovolcano(es)","Last_Eruption_Year":2026,"Region":"South America Volcanic Regions"}},{"type":"Feature","id":354010,"geometry":{"type":"Point","coordinates":[-71.4056,-16.2991]},"properties":{"Volcano_Number":354010,"Volcano_Name":"Misti, El","Country":"Peru","Primary_Volcano_Type":"Stratovolcano","Last_Eruption_Year":1985,"Region":"South America Volcanic Regions"}},{"type":"Feature","id":354020,"geometry":{"type":"Point","coordinates":[-70.8972,-16.345]},"properties":{"Volcano_Number":354020,"Volcano_Name":"Ubinas","Country":"Peru","Primary_Volcano_Type":"Stratovolcano","Last_Eruption_Year":2024,"Region":"South America Volcanic Regions"}},{"type":"Feature","id":354031,"geometry":{"type":"Point","coordinates":[-70.5981,-16.7586]},"properties":{"Volcano_Number":354031,"Volcano_Name":"Ticsani","Country":"Peru","Primary_Volcano_Type":"Lava dome(s)","Last_Eruption_Year":1800,"Region":"South America Volcanic Regions"}},{"type":"Feature","id":354030,"geometry":{"type":"Point","coordinates":[-70.8542,-16.6144]},"properties":{"Volcano_Number":354030,"Volcano_Name":"Huaynaputina","Country":"Peru","Primary_Volcano_Type":"Stratovolcano","Last_Eruption_Year":1600,"Region":"South America Volcanic Regions"}},{"type":"Feature","id":354040,"geometry":{"type":"Point","coordinates":[-70.372,-17.026]},"properties":{"Volcano_Number":354040,"Volcano_Name":"Tutupaca","Country":"Peru","Primary_Volcano_Type":"Stratovolcano(es)","Last_Eruption_Year":1802,"Region":"South America Volcanic Regions"}},{"type":"Feature","id":354050,"geometry":{"type":"Point","coordinates":[-70.196,-17.184]},"properties":{"Volcano_Number":354050,"Volcano_Name":"Yucamane","Country":"Peru","Primary_Volcano_Type":"Stratovolcano(es)","Last_Eruption_Year":-1320,"Region":"South America Volcanic Regions"}},{"type":"Feature","id":354060,"geometry":{"type":"Point","coordinates":[-69.7886,-17.4852]},"properties":{"Volcano_Number":354060,"Volcano_Name":"Casiri, Nevados","Country":"Peru","Primary_Volcano_Type":"Stratovolcano(es)","Last_Eruption_Year":null,"Region":"South America Volcanic Regions"}},{"type":"Feature","id":355011,"geometry":{"type":"Point","coordinates":[-69.5,-18.1]},"properties":{"Volcano_Number":355011,"Volcano_Name":"Taapaca","Country":"Chile","Primary_Volcano_Type":"Complex","Last_Eruption_Year":-320,"Region":"South America Volcanic Regions"}},{"type":"Feature","id":355012,"geometry":{"type":"Point","coordinates":[-69.142,-18.166]},"properties":{"Volcano_Number":355012,"Volcano_Name":"Parinacota","Country":"Chile-Bolivia","Primary_Volcano_Type":"Stratovolcano","Last_Eruption_Year":290,"Region":"South America Volcanic Regions"}},{"type":"Feature","id":355020,"geometry":{"type":"Point","coordinates":[-69.092,-18.42]},"properties":{"Volcano_Number":355020,"Volcano_Name":"Guallatiri","Country":"Chile","Primary_Volcano_Type":"Stratovolcano","Last_Eruption_Year":1960,"Region":"South America Volcanic Regions"}},{"type":"Feature","id":355032,"geometry":{"type":"Point","coordinates":[-68.53,-19.13]},"properties":{"Volcano_Number":355032,"Volcano_Name":"Tata Sabaya","Country":"Bolivia","Primary_Volcano_Type":"Stratovolcano","Last_Eruption_Year":null,"Region":"South America Volcanic Regions"}},{"type":"Feature","id":355030,"geometry":{"type":"Point","coordinates":[-68.83,-19.15]},"properties":{"Volcano_Number":355030,"Volcano_Name":"Isluga","Country":"Chile","Primary_Volcano_Type":"Stratovolcano","Last_Eruption_Year":1913,"Region":"South America Volcanic Regions"}},{"type":"Feature","id":355040,"geometry":{"type":"Point","coordinates":[-68.55,-20.73]},"properties":{"Volcano_Number":355040,"Volcano_Name":"Irruputuncu","Country":"Chile-Bolivia","Primary_Volcano_Type":"Stratovolcano","Last_Eruption_Year":1995,"Region":"South America Volcanic Regions"}},{"type":"Feature","id":355050,"geometry":{"type":"Point","coordinates":[-68.413,-20.939]},"properties":{"Volcano_Number":355050,"Volcano_Name":"Olca-Paruma","Country":"Chile-Bolivia","Primary_Volcano_Type":"Stratovolcano(es)","Last_Eruption_Year":null,"Region":"South America Volcanic Regions"}},{"type":"Feature","id":355091,"geometry":{"type":"Point","coordinates":[-67.891,-22.719]},"properties":{"Volcano_Number":355091,"Volcano_Name":"Sairecabur","Country":"Chile-Bolivia","Primary_Volcano_Type":"Stratovolcano(es)","Last_Eruption_Year":null,"Region":"South America Volcanic Regions"}},{"type":"Feature","id":355092,"geometry":{"type":"Point","coordinates":[-67.88,-22.83]},"properties":{"Volcano_Number":355092,"Volcano_Name":"Licancabur","Country":"Chile-Bolivia","Primary_Volcano_Type":"Stratovolcano","Last_Eruption_Year":null,"Region":"South America Volcanic Regions"}},{"type":"Feature","id":355093,"geometry":{"type":"Point","coordinates":[-67.566,-22.895]},"properties":{"Volcano_Number":355093,"Volcano_Name":"Guayaques","Country":"Chile-Bolivia","Primary_Volcano_Type":"Lava dome(s)","Last_Eruption_Year":null,"Region":"South America Volcanic Regions"}},{"type":"Feature","id":355094,"geometry":{"type":"Point","coordinates":[-67.75,-23]},"properties":{"Volcano_Number":355094,"Volcano_Name":"Purico Complex","Country":"Chile","Primary_Volcano_Type":"Shield(pyroclastic)","Last_Eruption_Year":null,"Region":"South America Volcanic Regions"}},{"type":"Feature","id":355095,"geometry":{"type":"Point","coordinates":[-67.645,-23.236]},"properties":{"Volcano_Number":355095,"Volcano_Name":"Colachi","Country":"Chile","Primary_Volcano_Type":"Stratovolcano","Last_Eruption_Year":null,"Region":"South America Volcanic Regions"}},{"type":"Feature","id":355096,"geometry":{"type":"Point","coordinates":[-67.618,-23.292]},"properties":{"Volcano_Number":355096,"Volcano_Name":"Acamarachi","Country":"Chile","Primary_Volcano_Type":"Stratovolcano","Last_Eruption_Year":null,"Region":"South America Volcanic Regions"}},{"type":"Feature","id":355098,"geometry":{"type":"Point","coordinates":[-67.7,-23.58]},"properties":{"Volcano_Number":355098,"Volcano_Name":"Chiliques","Country":"Chile","Primary_Volcano_Type":"Stratovolcano","Last_Eruption_Year":null,"Region":"South America Volcanic Regions"}},{"type":"Feature","id":355090,"geometry":{"type":"Point","coordinates":[-67.853,-22.557]},"properties":{"Volcano_Number":355090,"Volcano_Name":"Putana","Country":"Chile","Primary_Volcano_Type":"Stratovolcano","Last_Eruption_Year":1810,"Region":"South America Volcanic Regions"}},{"type":"Feature","id":355101,"geometry":{"type":"Point","coordinates":[-67.534,-23.743]},"properties":{"Volcano_Number":355101,"Volcano_Name":"Cordon de Puntas Negras","Country":"Chile","Primary_Volcano_Type":"Stratovolcano(es)","Last_Eruption_Year":null,"Region":"South America Volcanic Regions"}},{"type":"Feature","id":355102,"geometry":{"type":"Point","coordinates":[-67.77,-23.82]},"properties":{"Volcano_Number":355102,"Volcano_Name":"Miniques","Country":"Chile","Primary_Volcano_Type":"Stratovolcano(es)","Last_Eruption_Year":null,"Region":"South America Volcanic Regions"}},{"type":"Feature","id":355103,"geometry":{"type":"Point","coordinates":[-67.95,-23.83]},"properties":{"Volcano_Number":355103,"Volcano_Name":"Tujle, Cerro","Country":"Chile","Primary_Volcano_Type":"Maar","Last_Eruption_Year":null,"Region":"South America Volcanic Regions"}},{"type":"Feature","id":355104,"geometry":{"type":"Point","coordinates":[-67.74,-23.949]},"properties":{"Volcano_Number":355104,"Volcano_Name":"Caichinque","Country":"Chile","Primary_Volcano_Type":"Stratovolcano(es)","Last_Eruption_Year":null,"Region":"South America Volcanic Regions"}},{"type":"Feature","id":355105,"geometry":{"type":"Point","coordinates":[-68.13,-23.97]},"properties":{"Volcano_Number":355105,"Volcano_Name":"Tilocalar","Country":"Chile","Primary_Volcano_Type":"Lava cone(es)","Last_Eruption_Year":null,"Region":"South America Volcanic Regions"}},{"type":"Feature","id":355107,"geometry":{"type":"Point","coordinates":[-68.054,-24.188]},"properties":{"Volcano_Number":355107,"Volcano_Name":"Pular","Country":"Chile","Primary_Volcano_Type":"Stratovolcano(es)","Last_Eruption_Year":null,"Region":"South America Volcanic Regions"}},{"type":"Feature","id":355108,"geometry":{"type":"Point","coordinates":[-68.59,-24.319]},"properties":{"Volcano_Number":355108,"Volcano_Name":"Negrillar, La","Country":"Chile","Primary_Volcano_Type":"Pyroclastic cone(s)","Last_Eruption_Year":null,"Region":"South America Volcanic Regions"}},{"type":"Feature","id":355109,"geometry":{"type":"Point","coordinates":[-68.246,-24.396]},"properties":{"Volcano_Number":355109,"Volcano_Name":"Socompa","Country":"Chile-Argentina","Primary_Volcano_Type":"Stratovolcano","Last_Eruption_Year":-5250,"Region":"South America Volcanic Regions"}},{"type":"Feature","id":355100,"geometry":{"type":"Point","coordinates":[-67.73,-23.37]},"properties":{"Volcano_Number":355100,"Volcano_Name":"Lascar","Country":"Chile","Primary_Volcano_Type":"Stratovolcano(es)","Last_Eruption_Year":2026,"Region":"South America Volcanic Regions"}},{"type":"Feature","id":355112,"geometry":{"type":"Point","coordinates":[-68.367,-25.083]},"properties":{"Volcano_Number":355112,"Volcano_Name":"Corrida de Cori Volcanic Field","Country":"Chile-Argentina","Primary_Volcano_Type":"Stratovolcano","Last_Eruption_Year":null,"Region":"South America Volcanic Regions"}},{"type":"Feature","id":355110,"geometry":{"type":"Point","coordinates":[-68.53,-24.72]},"properties":{"Volcano_Number":355110,"Volcano_Name":"Llullaillaco","Country":"Chile-Argentina","Primary_Volcano_Type":"Stratovolcano","Last_Eruption_Year":1877,"Region":"South America Volcanic Regions"}},{"type":"Feature","id":355121,"geometry":{"type":"Point","coordinates":[-68.521,-25.336]},"properties":{"Volcano_Number":355121,"Volcano_Name":"Cordon del Azufre","Country":"Chile-Argentina","Primary_Volcano_Type":"Complex","Last_Eruption_Year":null,"Region":"South America Volcanic Regions"}},{"type":"Feature","id":355122,"geometry":{"type":"Point","coordinates":[-68.588,-25.414]},"properties":{"Volcano_Number":355122,"Volcano_Name":"Bayo Gorbea, Cerro","Country":"Chile-Argentina","Primary_Volcano_Type":"Complex","Last_Eruption_Year":null,"Region":"South America Volcanic Regions"}},{"type":"Feature","id":355123,"geometry":{"type":"Point","coordinates":[-68.58,-26.48]},"properties":{"Volcano_Number":355123,"Volcano_Name":"Nevada, Sierra","Country":"Chile-Argentina","Primary_Volcano_Type":"Complex","Last_Eruption_Year":null,"Region":"South America Volcanic Regions"}},{"type":"Feature","id":355124,"geometry":{"type":"Point","coordinates":[-68.37,-26.8]},"properties":{"Volcano_Number":355124,"Volcano_Name":"Falso Azufre","Country":"Chile-Argentina","Primary_Volcano_Type":"Complex","Last_Eruption_Year":null,"Region":"South America Volcanic Regions"}},{"type":"Feature","id":355125,"geometry":{"type":"Point","coordinates":[-68.296,-27.033]},"properties":{"Volcano_Number":355125,"Volcano_Name":"Incahuasi, Nevado de","Country":"Chile-Argentina","Primary_Volcano_Type":"Stratovolcano(es)","Last_Eruption_Year":null,"Region":"South America Volcanic Regions"}},{"type":"Feature","id":355120,"geometry":{"type":"Point","coordinates":[-68.507,-25.168]},"properties":{"Volcano_Number":355120,"Volcano_Name":"Lastarria","Country":"Chile-Argentina","Primary_Volcano_Type":"Stratovolcano","Last_Eruption_Year":null,"Region":"South America Volcanic Regions"}},{"type":"Feature","id":355131,"geometry":{"type":"Point","coordinates":[-68.713,-27.105]},"properties":{"Volcano_Number":355131,"Volcano_Name":"Solo, El","Country":"Chile-Argentina","Primary_Volcano_Type":"Stratovolcano","Last_Eruption_Year":null,"Region":"South America Volcanic Regions"}},{"type":"Feature","id":355130,"geometry":{"type":"Point","coordinates":[-68.541,-27.109]},"properties":{"Volcano_Number":355130,"Volcano_Name":"Ojos del Salado, Nevados","Country":"Chile-Argentina","Primary_Volcano_Type":"Stratovolcano","Last_Eruption_Year":750,"Region":"South America Volcanic Regions"}},{"type":"Feature","id":355160,"geometry":{"type":"Point","coordinates":[-67.783,-24.29]},"properties":{"Volcano_Number":355160,"Volcano_Name":"Aracar","Country":"Argentina","Primary_Volcano_Type":"Stratovolcano","Last_Eruption_Year":null,"Region":"South America Volcanic Regions"}},{"type":"Feature","id":355161,"geometry":{"type":"Point","coordinates":[-68.266,-25.078]},"properties":{"Volcano_Number":355161,"Volcano_Name":"Central Andean Arc at 25.1°S","Country":"Argentina","Primary_Volcano_Type":"Pyroclastic cone","Last_Eruption_Year":null,"Region":"South America Volcanic Regions"}},{"type":"Feature","id":355190,"geometry":{"type":"Point","coordinates":[-68.361,-26.632]},"properties":{"Volcano_Number":355190,"Volcano_Name":"Condor, El","Country":"Argentina","Primary_Volcano_Type":"Stratovolcano","Last_Eruption_Year":null,"Region":"South America Volcanic Regions"}},{"type":"Feature","id":355200,"geometry":{"type":"Point","coordinates":[-68.116,-26.623]},"properties":{"Volcano_Number":355200,"Volcano_Name":"Peinado","Country":"Argentina","Primary_Volcano_Type":"Stratovolcano","Last_Eruption_Year":null,"Region":"South America Volcanic Regions"}},{"type":"Feature","id":355210,"geometry":{"type":"Point","coordinates":[-67.746,-26.7657]},"properties":{"Volcano_Number":355210,"Volcano_Name":"Blanco, Cerro","Country":"Argentina","Primary_Volcano_Type":"Caldera","Last_Eruption_Year":-2300,"Region":"South America Volcanic Regions"}},{"type":"Feature","id":355220,"geometry":{"type":"Point","coordinates":[-68.561,-27.196]},"properties":{"Volcano_Number":355220,"Volcano_Name":"Tipas","Country":"Argentina","Primary_Volcano_Type":"Complex","Last_Eruption_Year":null,"Region":"South America Volcanic Regions"}},{"type":"Feature","id":356011,"geometry":{"type":"Point","coordinates":[-109.356,-27.114]},"properties":{"Volcano_Number":356011,"Volcano_Name":"Rapa Nui","Country":"Chile","Primary_Volcano_Type":"Shield(s)","Last_Eruption_Year":null,"Region":"Southern Pacific Volcanic Regions"}},{"type":"Feature","id":357010,"geometry":{"type":"Point","coordinates":[-69.797,-33.425]},"properties":{"Volcano_Number":357010,"Volcano_Name":"Tupungatito","Country":"Chile-Argentina","Primary_Volcano_Type":"Stratovolcano","Last_Eruption_Year":1987,"Region":"South America Volcanic Regions"}},{"type":"Feature","id":357021,"geometry":{"type":"Point","coordinates":[-69.832,-34.164]},"properties":{"Volcano_Number":357021,"Volcano_Name":"Maipo","Country":"Chile-Argentina","Primary_Volcano_Type":"Caldera","Last_Eruption_Year":1912,"Region":"South America Volcanic Regions"}},{"type":"Feature","id":357022,"geometry":{"type":"Point","coordinates":[-70.295,-34.608]},"properties":{"Volcano_Number":357022,"Volcano_Name":"Palomo","Country":"Chile","Primary_Volcano_Type":"Stratovolcano","Last_Eruption_Year":null,"Region":"South America Volcanic Regions"}},{"type":"Feature","id":357023,"geometry":{"type":"Point","coordinates":[-69.921,-34.592]},"properties":{"Volcano_Number":357023,"Volcano_Name":"Atuel, Caldera del","Country":"Argentina","Primary_Volcano_Type":"Caldera","Last_Eruption_Year":null,"Region":"South America Volcanic Regions"}},{"type":"Feature","id":357024,"geometry":{"type":"Point","coordinates":[-69.981,-34.917]},"properties":{"Volcano_Number":357024,"Volcano_Name":"Risco Plateado","Country":"Argentina","Primary_Volcano_Type":"Stratovolcano","Last_Eruption_Year":null,"Region":"South America Volcanic Regions"}},{"type":"Feature","id":357020,"geometry":{"type":"Point","coordinates":[-69.895,-33.789]},"properties":{"Volcano_Number":357020,"Volcano_Name":"San Jose","Country":"Chile-Argentina","Primary_Volcano_Type":"Stratovolcano(es)","Last_Eruption_Year":1960,"Region":"South America Volcanic Regions"}},{"type":"Feature","id":357030,"geometry":{"type":"Point","coordinates":[-70.352,-34.814]},"properties":{"Volcano_Number":357030,"Volcano_Name":"Tinguiririca","Country":"Chile","Primary_Volcano_Type":"Stratovolcano","Last_Eruption_Year":1917,"Region":"South America Volcanic Regions"}},{"type":"Feature","id":357041,"geometry":{"type":"Point","coordinates":[-69.9,-35.123]},"properties":{"Volcano_Number":357041,"Volcano_Name":"Infiernillo","Country":"Argentina","Primary_Volcano_Type":"Volcanic field","Last_Eruption_Year":-6890,"Region":"South America Volcanic Regions"}},{"type":"Feature","id":357042,"geometry":{"type":"Point","coordinates":[-70.496,-35.558]},"properties":{"Volcano_Number":357042,"Volcano_Name":"Calabozos","Country":"Chile","Primary_Volcano_Type":"Caldera","Last_Eruption_Year":null,"Region":"South America Volcanic Regions"}},{"type":"Feature","id":357040,"geometry":{"type":"Point","coordinates":[-70.568,-35.223]},"properties":{"Volcano_Number":357040,"Volcano_Name":"Planchon-Peteroa","Country":"Chile","Primary_Volcano_Type":"Stratovolcano(es)","Last_Eruption_Year":2025,"Region":"South America Volcanic Regions"}},{"type":"Feature","id":357050,"geometry":{"type":"Point","coordinates":[-70.75,-35.58]},"properties":{"Volcano_Number":357050,"Volcano_Name":"Descabezado Grande","Country":"Chile","Primary_Volcano_Type":"Stratovolcano(es)","Last_Eruption_Year":1933,"Region":"South America Volcanic Regions"}},{"type":"Feature","id":357061,"geometry":{"type":"Point","coordinates":[-70.492,-36.058]},"properties":{"Volcano_Number":357061,"Volcano_Name":"Maule, Laguna del","Country":"Chile","Primary_Volcano_Type":"Caldera","Last_Eruption_Year":-50,"Region":"South America Volcanic Regions"}},{"type":"Feature","id":357062,"geometry":{"type":"Point","coordinates":[-70.849,-35.989]},"properties":{"Volcano_Number":357062,"Volcano_Name":"San Pedro-Pellado","Country":"Chile","Primary_Volcano_Type":"Stratovolcano(es)","Last_Eruption_Year":null,"Region":"South America Volcanic Regions"}},{"type":"Feature","id":357063,"geometry":{"type":"Point","coordinates":[-71.1641,-36.1959]},"properties":{"Volcano_Number":357063,"Volcano_Name":"Longavi, Nevado de","Country":"Chile","Primary_Volcano_Type":"Stratovolcano","Last_Eruption_Year":-4890,"Region":"South America Volcanic Regions"}},{"type":"Feature","id":357064,"geometry":{"type":"Point","coordinates":[-71.009,-36.286]},"properties":{"Volcano_Number":357064,"Volcano_Name":"Blancas, Lomas","Country":"Chile","Primary_Volcano_Type":"Stratovolcano","Last_Eruption_Year":null,"Region":"South America Volcanic Regions"}},{"type":"Feature","id":357065,"geometry":{"type":"Point","coordinates":[-70.9033,-36.4606]},"properties":{"Volcano_Number":357065,"Volcano_Name":"Resago, Volcan","Country":"Chile","Primary_Volcano_Type":"Pyroclastic cone","Last_Eruption_Year":null,"Region":"South America Volcanic Regions"}},{"type":"Feature","id":357066,"geometry":{"type":"Point","coordinates":[-69.241,-36.422]},"properties":{"Volcano_Number":357066,"Volcano_Name":"Payun Matru","Country":"Argentina","Primary_Volcano_Type":"Volcanic field","Last_Eruption_Year":-5050,"Region":"South America Volcanic Regions"}},{"type":"Feature","id":357060,"geometry":{"type":"Point","coordinates":[-70.761,-35.653]},"properties":{"Volcano_Number":357060,"Volcano_Name":"Azul, Cerro","Country":"Chile","Primary_Volcano_Type":"Stratovolcano","Last_Eruption_Year":1967,"Region":"South America Volcanic Regions"}},{"type":"Feature","id":357072,"geometry":{"type":"Point","coordinates":[-70.033,-37.144]},"properties":{"Volcano_Number":357072,"Volcano_Name":"Tromen Volcanic Plateau","Country":"Argentina","Primary_Volcano_Type":"Stratovolcano(es)","Last_Eruption_Year":1822,"Region":"South America Volcanic Regions"}},{"type":"Feature","id":357070,"geometry":{"type":"Point","coordinates":[-71.378,-36.868]},"properties":{"Volcano_Number":357070,"Volcano_Name":"Chillan, Nevados de","Country":"Chile","Primary_Volcano_Type":"Stratovolcano","Last_Eruption_Year":2022,"Region":"South America Volcanic Regions"}},{"type":"Feature","id":357080,"geometry":{"type":"Point","coordinates":[-71.349,-37.406]},"properties":{"Volcano_Number":357080,"Volcano_Name":"Antuco","Country":"Chile","Primary_Volcano_Type":"Stratovolcano","Last_Eruption_Year":1869,"Region":"South America Volcanic Regions"}},{"type":"Feature","id":357091,"geometry":{"type":"Point","coordinates":[-71.4464,-37.9276]},"properties":{"Volcano_Number":357091,"Volcano_Name":"Callaqui","Country":"Chile","Primary_Volcano_Type":"Stratovolcano","Last_Eruption_Year":1980,"Region":"South America Volcanic Regions"}},{"type":"Feature","id":357093,"geometry":{"type":"Point","coordinates":[-71.645,-38.31]},"properties":{"Volcano_Number":357093,"Volcano_Name":"Tolhuaca","Country":"Chile","Primary_Volcano_Type":"Stratovolcano","Last_Eruption_Year":-4000,"Region":"South America Volcanic Regions"}},{"type":"Feature","id":357090,"geometry":{"type":"Point","coordinates":[-71.183,-37.856]},"properties":{"Volcano_Number":357090,"Volcano_Name":"Copahue","Country":"Chile-Argentina","Primary_Volcano_Type":"Stratovolcano","Last_Eruption_Year":2024,"Region":"South America Volcanic Regions"}},{"type":"Feature","id":357102,"geometry":{"type":"Point","coordinates":[-70.37,-39.02]},"properties":{"Volcano_Number":357102,"Volcano_Name":"Blanca, Laguna","Country":"Argentina","Primary_Volcano_Type":"Volcanic field","Last_Eruption_Year":null,"Region":"South America Volcanic Regions"}},{"type":"Feature","id":357100,"geometry":{"type":"Point","coordinates":[-71.586,-38.379]},"properties":{"Volcano_Number":357100,"Volcano_Name":"Lonquimay","Country":"Chile","Primary_Volcano_Type":"Stratovolcano","Last_Eruption_Year":1990,"Region":"South America Volcanic Regions"}},{"type":"Feature","id":357111,"geometry":{"type":"Point","coordinates":[-71.52,-38.97]},"properties":{"Volcano_Number":357111,"Volcano_Name":"Sollipulli","Country":"Chile","Primary_Volcano_Type":"Caldera","Last_Eruption_Year":1240,"Region":"South America Volcanic Regions"}},{"type":"Feature","id":357112,"geometry":{"type":"Point","coordinates":[-71.75,-39.25]},"properties":{"Volcano_Number":357112,"Volcano_Name":"Caburgua-Huelemolle","Country":"Chile","Primary_Volcano_Type":"Volcanic field","Last_Eruption_Year":-5050,"Region":"South America Volcanic Regions"}},{"type":"Feature","id":357110,"geometry":{"type":"Point","coordinates":[-71.729,-38.692]},"properties":{"Volcano_Number":357110,"Volcano_Name":"Llaima","Country":"Chile","Primary_Volcano_Type":"Stratovolcano","Last_Eruption_Year":2009,"Region":"South America Volcanic Regions"}},{"type":"Feature","id":357121,"geometry":{"type":"Point","coordinates":[-71.722,-39.496]},"properties":{"Volcano_Number":357121,"Volcano_Name":"Quetrupillan","Country":"Chile","Primary_Volcano_Type":"Stratovolcano","Last_Eruption_Year":255,"Region":"South America Volcanic Regions"}},{"type":"Feature","id":357122,"geometry":{"type":"Point","coordinates":[-71.502,-39.637]},"properties":{"Volcano_Number":357122,"Volcano_Name":"Lanin","Country":"Chile-Argentina","Primary_Volcano_Type":"Stratovolcano","Last_Eruption_Year":560,"Region":"South America Volcanic Regions"}},{"type":"Feature","id":357123,"geometry":{"type":"Point","coordinates":[-71.58,-39.887]},"properties":{"Volcano_Number":357123,"Volcano_Name":"Huanquihue Group","Country":"Argentina","Primary_Volcano_Type":"Stratovolcano(es)","Last_Eruption_Year":1750,"Region":"South America Volcanic Regions"}},{"type":"Feature","id":357120,"geometry":{"type":"Point","coordinates":[-71.93,-39.42]},"properties":{"Volcano_Number":357120,"Volcano_Name":"Villarrica","Country":"Chile","Primary_Volcano_Type":"Stratovolcano","Last_Eruption_Year":2025,"Region":"South America Volcanic Regions"}},{"type":"Feature","id":357130,"geometry":{"type":"Point","coordinates":[-72.027,-39.927]},"properties":{"Volcano_Number":357130,"Volcano_Name":"Mocho-Choshuenco","Country":"Chile","Primary_Volcano_Type":"Stratovolcano(es)","Last_Eruption_Year":1937,"Region":"South America Volcanic Regions"}},{"type":"Feature","id":357140,"geometry":{"type":"Point","coordinates":[-72.07,-40.35]},"properties":{"Volcano_Number":357140,"Volcano_Name":"Carran-Los Venados","Country":"Chile","Primary_Volcano_Type":"Pyroclastic cone(s)","Last_Eruption_Year":1979,"Region":"South America Volcanic Regions"}},{"type":"Feature","id":357153,"geometry":{"type":"Point","coordinates":[-72.15,-40.783]},"properties":{"Volcano_Number":357153,"Volcano_Name":"Antillanca Volcanic Complex","Country":"Chile","Primary_Volcano_Type":"Stratovolcano(es)","Last_Eruption_Year":-230,"Region":"South America Volcanic Regions"}},{"type":"Feature","id":357150,"geometry":{"type":"Point","coordinates":[-72.117,-40.59]},"properties":{"Volcano_Number":357150,"Volcano_Name":"Puyehue-Cordon Caulle","Country":"Chile","Primary_Volcano_Type":"Stratovolcano","Last_Eruption_Year":2012,"Region":"South America Volcanic Regions"}},{"type":"Feature","id":357160,"geometry":{"type":"Point","coordinates":[-72.264,-40.969]},"properties":{"Volcano_Number":357160,"Volcano_Name":"Puntiagudo-Cordon Cenizos","Country":"Chile","Primary_Volcano_Type":"Stratovolcano","Last_Eruption_Year":1850,"Region":"South America Volcanic Regions"}},{"type":"Feature","id":358011,"geometry":{"type":"Point","coordinates":[-71.885,-41.157]},"properties":{"Volcano_Number":358011,"Volcano_Name":"Tronador","Country":"Chile-Argentina","Primary_Volcano_Type":"Stratovolcano","Last_Eruption_Year":null,"Region":"South America Volcanic Regions"}},{"type":"Feature","id":358012,"geometry":{"type":"Point","coordinates":[-72.27,-41.3]},"properties":{"Volcano_Number":358012,"Volcano_Name":"Cayutue-La Vigueria","Country":"Chile","Primary_Volcano_Type":"Volcanic field","Last_Eruption_Year":-190,"Region":"South America Volcanic Regions"}},{"type":"Feature","id":358010,"geometry":{"type":"Point","coordinates":[-72.496,-41.105]},"properties":{"Volcano_Number":358010,"Volcano_Name":"Osorno","Country":"Chile","Primary_Volcano_Type":"Stratovolcano","Last_Eruption_Year":1869,"Region":"South America Volcanic Regions"}},{"type":"Feature","id":358022,"geometry":{"type":"Point","coordinates":[-72.396,-41.755]},"properties":{"Volcano_Number":358022,"Volcano_Name":"Yate","Country":"Chile","Primary_Volcano_Type":"Stratovolcano","Last_Eruption_Year":1090,"Region":"South America Volcanic Regions"}},{"type":"Feature","id":358023,"geometry":{"type":"Point","coordinates":[-72.431,-41.874]},"properties":{"Volcano_Number":358023,"Volcano_Name":"Hornopiren","Country":"Chile","Primary_Volcano_Type":"Stratovolcano","Last_Eruption_Year":340,"Region":"South America Volcanic Regions"}},{"type":"Feature","id":358024,"geometry":{"type":"Point","coordinates":[-72.58,-41.88]},"properties":{"Volcano_Number":358024,"Volcano_Name":"Apagado","Country":"Chile","Primary_Volcano_Type":"Pyroclastic cone","Last_Eruption_Year":-590,"Region":"South America Volcanic Regions"}},{"type":"Feature","id":358025,"geometry":{"type":"Point","coordinates":[-70.194,-42.018]},"properties":{"Volcano_Number":358025,"Volcano_Name":"Crater Basalt Volcanic Field","Country":"Argentina","Primary_Volcano_Type":"Volcanic field","Last_Eruption_Year":null,"Region":"South America Volcanic Regions"}},{"type":"Feature","id":358020,"geometry":{"type":"Point","coordinates":[-72.618,-41.33]},"properties":{"Volcano_Number":358020,"Volcano_Name":"Calbuco","Country":"Chile","Primary_Volcano_Type":"Stratovolcano","Last_Eruption_Year":2015,"Region":"South America Volcanic Regions"}},{"type":"Feature","id":358030,"geometry":{"type":"Point","coordinates":[-72.578,-42.377]},"properties":{"Volcano_Number":358030,"Volcano_Name":"Huequi","Country":"Chile","Primary_Volcano_Type":"Lava dome(s)","Last_Eruption_Year":1920,"Region":"South America Volcanic Regions"}},{"type":"Feature","id":358041,"geometry":{"type":"Point","coordinates":[-72.6514,-42.8349]},"properties":{"Volcano_Number":358041,"Volcano_Name":"Chaiten","Country":"Chile","Primary_Volcano_Type":"Caldera","Last_Eruption_Year":2011,"Region":"South America Volcanic Regions"}},{"type":"Feature","id":358040,"geometry":{"type":"Point","coordinates":[-72.445,-42.799]},"properties":{"Volcano_Number":358040,"Volcano_Name":"Michinmahuida","Country":"Chile","Primary_Volcano_Type":"Stratovolcano","Last_Eruption_Year":1835,"Region":"South America Volcanic Regions"}},{"type":"Feature","id":358049,"geometry":{"type":"Point","coordinates":[-72.782,-43.469]},"properties":{"Volcano_Number":358049,"Volcano_Name":"Yanteles","Country":"Chile","Primary_Volcano_Type":"Stratovolcano(es)","Last_Eruption_Year":-6650,"Region":"South America Volcanic Regions"}},{"type":"Feature","id":358052,"geometry":{"type":"Point","coordinates":[-72.88,-44.08]},"properties":{"Volcano_Number":358052,"Volcano_Name":"Melimoyu","Country":"Chile","Primary_Volcano_Type":"Stratovolcano","Last_Eruption_Year":200,"Region":"South America Volcanic Regions"}},{"type":"Feature","id":358053,"geometry":{"type":"Point","coordinates":[-72.53,-44.3]},"properties":{"Volcano_Number":358053,"Volcano_Name":"Puyuhuapi","Country":"Chile","Primary_Volcano_Type":"Pyroclastic cone(s)","Last_Eruption_Year":null,"Region":"South America Volcanic Regions"}},{"type":"Feature","id":358054,"geometry":{"type":"Point","coordinates":[-73.0767,-44.6931]},"properties":{"Volcano_Number":358054,"Volcano_Name":"Mentolat","Country":"Chile","Primary_Volcano_Type":"Stratovolcano","Last_Eruption_Year":1710,"Region":"South America Volcanic Regions"}},{"type":"Feature","id":358055,"geometry":{"type":"Point","coordinates":[-72.984,-45.059]},"properties":{"Volcano_Number":358055,"Volcano_Name":"Cay","Country":"Chile","Primary_Volcano_Type":"Stratovolcano","Last_Eruption_Year":null,"Region":"South America Volcanic Regions"}},{"type":"Feature","id":358056,"geometry":{"type":"Point","coordinates":[-73.17,-45.1]},"properties":{"Volcano_Number":358056,"Volcano_Name":"Maca","Country":"Chile","Primary_Volcano_Type":"Stratovolcano","Last_Eruption_Year":1560,"Region":"South America Volcanic Regions"}},{"type":"Feature","id":358057,"geometry":{"type":"Point","coordinates":[-72.97,-45.9]},"properties":{"Volcano_Number":358057,"Volcano_Name":"Hudson, Cerro","Country":"Chile","Primary_Volcano_Type":"Stratovolcano","Last_Eruption_Year":2011,"Region":"South America Volcanic Regions"}},{"type":"Feature","id":358050,"geometry":{"type":"Point","coordinates":[-72.794,-43.189]},"properties":{"Volcano_Number":358050,"Volcano_Name":"Corcovado","Country":"Chile","Primary_Volcano_Type":"Stratovolcano","Last_Eruption_Year":-4920,"Region":"South America Volcanic Regions"}},{"type":"Feature","id":358062,"geometry":{"type":"Point","coordinates":[-73.75,-50.33]},"properties":{"Volcano_Number":358062,"Volcano_Name":"Aguilera","Country":"Chile","Primary_Volcano_Type":"Stratovolcano","Last_Eruption_Year":-1253,"Region":"South America Volcanic Regions"}},{"type":"Feature","id":358063,"geometry":{"type":"Point","coordinates":[-73.5802,-50.9395]},"properties":{"Volcano_Number":358063,"Volcano_Name":"Reclus","Country":"Chile","Primary_Volcano_Type":"Pyroclastic cone","Last_Eruption_Year":1908,"Region":"South America Volcanic Regions"}},{"type":"Feature","id":358060,"geometry":{"type":"Point","coordinates":[-73.504,-49.019]},"properties":{"Volcano_Number":358060,"Volcano_Name":"Lautaro","Country":"Chile","Primary_Volcano_Type":"Stratovolcano","Last_Eruption_Year":1979,"Region":"South America Volcanic Regions"}},{"type":"Feature","id":358070,"geometry":{"type":"Point","coordinates":[-73.4,-52.33]},"properties":{"Volcano_Number":358070,"Volcano_Name":"Burney, Monte","Country":"Chile","Primary_Volcano_Type":"Stratovolcano","Last_Eruption_Year":1910,"Region":"South America Volcanic Regions"}},{"type":"Feature","id":358080,"geometry":{"type":"Point","coordinates":[-69.698,-52.082]},"properties":{"Volcano_Number":358080,"Volcano_Name":"Pali-Aike Volcanic Field","Country":"Chile-Argentina","Primary_Volcano_Type":"Volcanic field","Last_Eruption_Year":-5550,"Region":"South America Volcanic Regions"}},{"type":"Feature","id":358090,"geometry":{"type":"Point","coordinates":[-70.262,-54.97]},"properties":{"Volcano_Number":358090,"Volcano_Name":"Fueguino","Country":"Chile","Primary_Volcano_Type":"Lava dome(s)","Last_Eruption_Year":1820,"Region":"South America Volcanic Regions"}},{"type":"Feature","id":360010,"geometry":{"type":"Point","coordinates":[-63.23,17.63]},"properties":{"Volcano_Number":360010,"Volcano_Name":"Saba","Country":"Netherlands","Primary_Volcano_Type":"Stratovolcano","Last_Eruption_Year":1640,"Region":"Middle America-Caribbean Volcanic Regions"}},{"type":"Feature","id":360020,"geometry":{"type":"Point","coordinates":[-62.96,17.478]},"properties":{"Volcano_Number":360020,"Volcano_Name":"Quill, The","Country":"Netherlands","Primary_Volcano_Type":"Stratovolcano","Last_Eruption_Year":250,"Region":"Middle America-Caribbean Volcanic Regions"}},{"type":"Feature","id":360030,"geometry":{"type":"Point","coordinates":[-62.8,17.37]},"properties":{"Volcano_Number":360030,"Volcano_Name":"Liamuiga","Country":"Saint Kitts and Nevis","Primary_Volcano_Type":"Stratovolcano","Last_Eruption_Year":160,"Region":"Middle America-Caribbean Volcanic Regions"}},{"type":"Feature","id":360040,"geometry":{"type":"Point","coordinates":[-62.58,17.15]},"properties":{"Volcano_Number":360040,"Volcano_Name":"Nevis Peak","Country":"Saint Kitts and Nevis","Primary_Volcano_Type":"Stratovolcano","Last_Eruption_Year":null,"Region":"Middle America-Caribbean Volcanic Regions"}},{"type":"Feature","id":360050,"geometry":{"type":"Point","coordinates":[-62.18,16.72]},"properties":{"Volcano_Number":360050,"Volcano_Name":"Soufriere Hills","Country":"United Kingdom","Primary_Volcano_Type":"Stratovolcano","Last_Eruption_Year":2013,"Region":"Middle America-Caribbean Volcanic Regions"}},{"type":"Feature","id":360060,"geometry":{"type":"Point","coordinates":[-61.664,16.044]},"properties":{"Volcano_Number":360060,"Volcano_Name":"Soufriere Guadeloupe","Country":"France","Primary_Volcano_Type":"Stratovolcano","Last_Eruption_Year":1977,"Region":"Middle America-Caribbean Volcanic Regions"}},{"type":"Feature","id":360080,"geometry":{"type":"Point","coordinates":[-61.43,15.612]},"properties":{"Volcano_Number":360080,"Volcano_Name":"Diables, Morne aux","Country":"Dominica","Primary_Volcano_Type":"Lava dome(s)","Last_Eruption_Year":null,"Region":"Middle America-Caribbean Volcanic Regions"}},{"type":"Feature","id":360090,"geometry":{"type":"Point","coordinates":[-61.397,15.503]},"properties":{"Volcano_Number":360090,"Volcano_Name":"Diablotins, Morne","Country":"Dominica","Primary_Volcano_Type":"Stratovolcano","Last_Eruption_Year":null,"Region":"Middle America-Caribbean Volcanic Regions"}},{"type":"Feature","id":360101,"geometry":{"type":"Point","coordinates":[-61.305,15.307]},"properties":{"Volcano_Number":360101,"Volcano_Name":"Watt, Morne","Country":"Dominica","Primary_Volcano_Type":"Stratovolcano(es)","Last_Eruption_Year":1997,"Region":"Middle America-Caribbean Volcanic Regions"}},{"type":"Feature","id":360100,"geometry":{"type":"Point","coordinates":[-61.33,15.37]},"properties":{"Volcano_Number":360100,"Volcano_Name":"Trois Pitons, Morne","Country":"Dominica","Primary_Volcano_Type":"Complex","Last_Eruption_Year":920,"Region":"Middle America-Caribbean Volcanic Regions"}},{"type":"Feature","id":360110,"geometry":{"type":"Point","coordinates":[-61.341,15.255]},"properties":{"Volcano_Number":360110,"Volcano_Name":"Plat Pays, Morne","Country":"Dominica","Primary_Volcano_Type":"Stratovolcano","Last_Eruption_Year":1270,"Region":"Middle America-Caribbean Volcanic Regions"}},{"type":"Feature","id":360120,"geometry":{"type":"Point","coordinates":[-61.166,14.809]},"properties":{"Volcano_Number":360120,"Volcano_Name":"Pelee","Country":"France","Primary_Volcano_Type":"Stratovolcano","Last_Eruption_Year":1932,"Region":"Middle America-Caribbean Volcanic Regions"}},{"type":"Feature","id":360140,"geometry":{"type":"Point","coordinates":[-61.05,13.83]},"properties":{"Volcano_Number":360140,"Volcano_Name":"Qualibou","Country":"Saint Lucia","Primary_Volcano_Type":"Caldera","Last_Eruption_Year":1766,"Region":"Middle America-Caribbean Volcanic Regions"}},{"type":"Feature","id":360150,"geometry":{"type":"Point","coordinates":[-61.18,13.33]},"properties":{"Volcano_Number":360150,"Volcano_Name":"Soufriere St. Vincent","Country":"Saint Vincent and the Grenadines","Primary_Volcano_Type":"Stratovolcano","Last_Eruption_Year":2021,"Region":"Middle America-Caribbean Volcanic Regions"}},{"type":"Feature","id":360160,"geometry":{"type":"Point","coordinates":[-61.64,12.3]},"properties":{"Volcano_Number":360160,"Volcano_Name":"Kick 'em Jenny","Country":"Grenada","Primary_Volcano_Type":"Complex","Last_Eruption_Year":2017,"Region":"Middle America-Caribbean Volcanic Regions"}},{"type":"Feature","id":360170,"geometry":{"type":"Point","coordinates":[-61.67,12.15]},"properties":{"Volcano_Number":360170,"Volcano_Name":"St. Catherine","Country":"Grenada","Primary_Volcano_Type":"Stratovolcano","Last_Eruption_Year":null,"Region":"Middle America-Caribbean Volcanic Regions"}},{"type":"Feature","id":370010,"geometry":{"type":"Point","coordinates":[-23.783,64.8]},"properties":{"Volcano_Number":370010,"Volcano_Name":"Snaefellsjokull","Country":"Iceland","Primary_Volcano_Type":"Stratovolcano","Last_Eruption_Year":200,"Region":"Atlantic Ocean Volcanic Regions"}},{"type":"Feature","id":370020,"geometry":{"type":"Point","coordinates":[-23.283,64.866]},"properties":{"Volcano_Number":370020,"Volcano_Name":"Helgrindur","Country":"Iceland","Primary_Volcano_Type":"Volcanic field","Last_Eruption_Year":null,"Region":"Atlantic Ocean Volcanic Regions"}},{"type":"Feature","id":370030,"geometry":{"type":"Point","coordinates":[-22.483,64.9]},"properties":{"Volcano_Number":370030,"Volcano_Name":"Ljosufjoll","Country":"Iceland","Primary_Volcano_Type":"Volcanic field","Last_Eruption_Year":960,"Region":"Atlantic Ocean Volcanic Regions"}},{"type":"Feature","id":371020,"geometry":{"type":"Point","coordinates":[-22.717,63.817]},"properties":{"Volcano_Number":371020,"Volcano_Name":"Reykjanes","Country":"Iceland","Primary_Volcano_Type":"Crater rows","Last_Eruption_Year":2025,"Region":"Atlantic Ocean Volcanic Regions"}},{"type":"Feature","id":371030,"geometry":{"type":"Point","coordinates":[-22.067,63.917]},"properties":{"Volcano_Number":371030,"Volcano_Name":"Krysuvik-Trolladyngja","Country":"Iceland","Primary_Volcano_Type":"Crater rows","Last_Eruption_Year":1340,"Region":"Atlantic Ocean Volcanic Regions"}},{"type":"Feature","id":371040,"geometry":{"type":"Point","coordinates":[-21.783,63.933]},"properties":{"Volcano_Number":371040,"Volcano_Name":"Brennisteinsfjoll","Country":"Iceland","Primary_Volcano_Type":"Crater rows","Last_Eruption_Year":1341,"Region":"Atlantic Ocean Volcanic Regions"}},{"type":"Feature","id":371051,"geometry":{"type":"Point","coordinates":[-21.333,64.083]},"properties":{"Volcano_Number":371051,"Volcano_Name":"Hromundartindur","Country":"Iceland","Primary_Volcano_Type":"Stratovolcano","Last_Eruption_Year":null,"Region":"Atlantic Ocean Volcanic Regions"}},{"type":"Feature","id":371050,"geometry":{"type":"Point","coordinates":[-21.416,64.083]},"properties":{"Volcano_Number":371050,"Volcano_Name":"Hengill","Country":"Iceland","Primary_Volcano_Type":"Crater rows","Last_Eruption_Year":150,"Region":"Atlantic Ocean Volcanic Regions"}},{"type":"Feature","id":371060,"geometry":{"type":"Point","coordinates":[-20.883,64.05]},"properties":{"Volcano_Number":371060,"Volcano_Name":"Grimsnes","Country":"Iceland","Primary_Volcano_Type":"Volcanic field","Last_Eruption_Year":-3500,"Region":"Atlantic Ocean Volcanic Regions"}},{"type":"Feature","id":371070,"geometry":{"type":"Point","coordinates":[-20.666,64.583]},"properties":{"Volcano_Number":371070,"Volcano_Name":"Prestahnukur","Country":"Iceland","Primary_Volcano_Type":"Fissure vent(s)","Last_Eruption_Year":-3350,"Region":"Atlantic Ocean Volcanic Regions"}},{"type":"Feature","id":371080,"geometry":{"type":"Point","coordinates":[-19.7,64.85]},"properties":{"Volcano_Number":371080,"Volcano_Name":"Oddnyjarhnjukur-Langjokull","Country":"Iceland","Primary_Volcano_Type":"Fissure vent(s)","Last_Eruption_Year":950,"Region":"Atlantic Ocean Volcanic Regions"}},{"type":"Feature","id":371090,"geometry":{"type":"Point","coordinates":[-18.766,64.833]},"properties":{"Volcano_Number":371090,"Volcano_Name":"Hofsjokull","Country":"Iceland","Primary_Volcano_Type":"Fissure vent(s)","Last_Eruption_Year":null,"Region":"Atlantic Ocean Volcanic Regions"}},{"type":"Feature","id":372010,"geometry":{"type":"Point","coordinates":[-20.266,63.416]},"properties":{"Volcano_Number":372010,"Volcano_Name":"Vestmannaeyjar","Country":"Iceland","Primary_Volcano_Type":"Fissure vent(s)","Last_Eruption_Year":1973,"Region":"Atlantic Ocean Volcanic Regions"}},{"type":"Feature","id":372020,"geometry":{"type":"Point","coordinates":[-19.633,63.633]},"properties":{"Volcano_Number":372020,"Volcano_Name":"Eyjafjallajokull","Country":"Iceland","Primary_Volcano_Type":"Stratovolcano","Last_Eruption_Year":2010,"Region":"Atlantic Ocean Volcanic Regions"}},{"type":"Feature","id":372030,"geometry":{"type":"Point","coordinates":[-19.083,63.633]},"properties":{"Volcano_Number":372030,"Volcano_Name":"Katla","Country":"Iceland","Primary_Volcano_Type":"Fissure vent(s)","Last_Eruption_Year":1918,"Region":"Atlantic Ocean Volcanic Regions"}},{"type":"Feature","id":372040,"geometry":{"type":"Point","coordinates":[-19.716,63.783]},"properties":{"Volcano_Number":372040,"Volcano_Name":"Tindfjallajokull","Country":"Iceland","Primary_Volcano_Type":"Stratovolcano","Last_Eruption_Year":null,"Region":"Atlantic Ocean Volcanic Regions"}},{"type":"Feature","id":372050,"geometry":{"type":"Point","coordinates":[-19.122,63.892]},"properties":{"Volcano_Number":372050,"Volcano_Name":"Torfajokull","Country":"Iceland","Primary_Volcano_Type":"Stratovolcano","Last_Eruption_Year":1477,"Region":"Atlantic Ocean Volcanic Regions"}},{"type":"Feature","id":372070,"geometry":{"type":"Point","coordinates":[-19.666,63.983]},"properties":{"Volcano_Number":372070,"Volcano_Name":"Hekla","Country":"Iceland","Primary_Volcano_Type":"Stratovolcano","Last_Eruption_Year":2000,"Region":"Atlantic Ocean Volcanic Regions"}},{"type":"Feature","id":373010,"geometry":{"type":"Point","coordinates":[-17.316,64.416]},"properties":{"Volcano_Number":373010,"Volcano_Name":"Grimsvotn","Country":"Iceland","Primary_Volcano_Type":"Caldera","Last_Eruption_Year":2011,"Region":"Atlantic Ocean Volcanic Regions"}},{"type":"Feature","id":373030,"geometry":{"type":"Point","coordinates":[-17.516,64.633]},"properties":{"Volcano_Number":373030,"Volcano_Name":"Bardarbunga","Country":"Iceland","Primary_Volcano_Type":"Stratovolcano","Last_Eruption_Year":2015,"Region":"Atlantic Ocean Volcanic Regions"}},{"type":"Feature","id":373040,"geometry":{"type":"Point","coordinates":[-17.916,64.75]},"properties":{"Volcano_Number":373040,"Volcano_Name":"Tungnafellsjokull","Country":"Iceland","Primary_Volcano_Type":"Stratovolcano","Last_Eruption_Year":null,"Region":"Atlantic Ocean Volcanic Regions"}},{"type":"Feature","id":373050,"geometry":{"type":"Point","coordinates":[-16.647,64.653]},"properties":{"Volcano_Number":373050,"Volcano_Name":"Kverkfjoll","Country":"Iceland","Primary_Volcano_Type":"Stratovolcano","Last_Eruption_Year":1968,"Region":"Atlantic Ocean Volcanic Regions"}},{"type":"Feature","id":373060,"geometry":{"type":"Point","coordinates":[-16.783,65.033]},"properties":{"Volcano_Number":373060,"Volcano_Name":"Askja","Country":"Iceland","Primary_Volcano_Type":"Stratovolcano","Last_Eruption_Year":1961,"Region":"Atlantic Ocean Volcanic Regions"}},{"type":"Feature","id":373070,"geometry":{"type":"Point","coordinates":[-16.666,65.416]},"properties":{"Volcano_Number":373070,"Volcano_Name":"Fremrinamar","Country":"Iceland","Primary_Volcano_Type":"Stratovolcano","Last_Eruption_Year":-1200,"Region":"Atlantic Ocean Volcanic Regions"}},{"type":"Feature","id":373080,"geometry":{"type":"Point","coordinates":[-16.728,65.715]},"properties":{"Volcano_Number":373080,"Volcano_Name":"Krafla","Country":"Iceland","Primary_Volcano_Type":"Caldera","Last_Eruption_Year":1984,"Region":"Atlantic Ocean Volcanic Regions"}},{"type":"Feature","id":373090,"geometry":{"type":"Point","coordinates":[-16.967,65.883]},"properties":{"Volcano_Number":373090,"Volcano_Name":"Theistareykir","Country":"Iceland","Primary_Volcano_Type":"Shield","Last_Eruption_Year":-900,"Region":"Atlantic Ocean Volcanic Regions"}},{"type":"Feature","id":373100,"geometry":{"type":"Point","coordinates":[-17.118,66.309]},"properties":{"Volcano_Number":373100,"Volcano_Name":"Tjornes Fracture Zone","Country":"Iceland","Primary_Volcano_Type":"Fissure vent","Last_Eruption_Year":1868,"Region":"Atlantic Ocean Volcanic Regions"}},{"type":"Feature","id":374010,"geometry":{"type":"Point","coordinates":[-16.65,64]},"properties":{"Volcano_Number":374010,"Volcano_Name":"Oraefajokull","Country":"Iceland","Primary_Volcano_Type":"Stratovolcano","Last_Eruption_Year":1728,"Region":"Atlantic Ocean Volcanic Regions"}},{"type":"Feature","id":374020,"geometry":{"type":"Point","coordinates":[-16.583,64.25]},"properties":{"Volcano_Number":374020,"Volcano_Name":"Esjufjoll","Country":"Iceland","Primary_Volcano_Type":"Stratovolcano","Last_Eruption_Year":null,"Region":"Atlantic Ocean Volcanic Regions"}},{"type":"Feature","id":374801,"geometry":{"type":"Point","coordinates":[-15.56,64.798]},"properties":{"Volcano_Number":374801,"Volcano_Name":"Snaefell","Country":"Iceland","Primary_Volcano_Type":"Stratovolcano","Last_Eruption_Year":null,"Region":"Atlantic Ocean Volcanic Regions"}},{"type":"Feature","id":375010,"geometry":{"type":"Point","coordinates":[-18.5,66.67]},"properties":{"Volcano_Number":375010,"Volcano_Name":"Kolbeinsey Ridge","Country":"Iceland","Primary_Volcano_Type":"Fissure vent","Last_Eruption_Year":1755,"Region":"Atlantic Ocean Volcanic Regions"}},{"type":"Feature","id":376010,"geometry":{"type":"Point","coordinates":[-8.155,71.082]},"properties":{"Volcano_Number":376010,"Volcano_Name":"Jan Mayen","Country":"Norway","Primary_Volcano_Type":"Stratovolcano","Last_Eruption_Year":1985,"Region":"Atlantic Ocean Volcanic Regions"}},{"type":"Feature","id":377020,"geometry":{"type":"Point","coordinates":[85.25,85.608]},"properties":{"Volcano_Number":377020,"Volcano_Name":"East Gakkel Ridge at 85°E","Country":"Undersea Features","Primary_Volcano_Type":"Fissure vent","Last_Eruption_Year":1999,"Region":"Atlantic Ocean Volcanic Regions"}},{"type":"Feature","id":381040,"geometry":{"type":"Point","coordinates":[-38.08,38.75]},"properties":{"Volcano_Number":381040,"Volcano_Name":"Pico Fracture Zone","Country":"Undersea Features","Primary_Volcano_Type":"Fissure vent","Last_Eruption_Year":1865,"Region":"Atlantic Ocean Volcanic Regions"}},{"type":"Feature","id":382001,"geometry":{"type":"Point","coordinates":[-31.216,39.462]},"properties":{"Volcano_Number":382001,"Volcano_Name":"Flores","Country":"Portugal","Primary_Volcano_Type":"Stratovolcano(es)","Last_Eruption_Year":-950,"Region":"Atlantic Ocean Volcanic Regions"}},{"type":"Feature","id":382010,"geometry":{"type":"Point","coordinates":[-28.713,38.576]},"properties":{"Volcano_Number":382010,"Volcano_Name":"Fayal","Country":"Portugal","Primary_Volcano_Type":"Stratovolcano","Last_Eruption_Year":1958,"Region":"Atlantic Ocean Volcanic Regions"}},{"type":"Feature","id":382020,"geometry":{"type":"Point","coordinates":[-28.4,38.47]},"properties":{"Volcano_Number":382020,"Volcano_Name":"Pico","Country":"Portugal","Primary_Volcano_Type":"Stratovolcano","Last_Eruption_Year":1720,"Region":"Atlantic Ocean Volcanic Regions"}},{"type":"Feature","id":382030,"geometry":{"type":"Point","coordinates":[-28.08,38.65]},"properties":{"Volcano_Number":382030,"Volcano_Name":"Sao Jorge","Country":"Portugal","Primary_Volcano_Type":"Fissure vent","Last_Eruption_Year":1902,"Region":"Atlantic Ocean Volcanic Regions"}},{"type":"Feature","id":382040,"geometry":{"type":"Point","coordinates":[-27.97,39.02]},"properties":{"Volcano_Number":382040,"Volcano_Name":"Graciosa","Country":"Portugal","Primary_Volcano_Type":"Stratovolcano","Last_Eruption_Year":-1950,"Region":"Atlantic Ocean Volcanic Regions"}},{"type":"Feature","id":382050,"geometry":{"type":"Point","coordinates":[-27.32,38.73]},"properties":{"Volcano_Number":382050,"Volcano_Name":"Terceira","Country":"Portugal","Primary_Volcano_Type":"Stratovolcano(es)","Last_Eruption_Year":2000,"Region":"Atlantic Ocean Volcanic Regions"}},{"type":"Feature","id":382070,"geometry":{"type":"Point","coordinates":[-26.63,38.23]},"properties":{"Volcano_Number":382070,"Volcano_Name":"Don Joao de Castro Bank","Country":"Portugal","Primary_Volcano_Type":"Shield","Last_Eruption_Year":1720,"Region":"Atlantic Ocean Volcanic Regions"}},{"type":"Feature","id":382081,"geometry":{"type":"Point","coordinates":[-25.67,37.78]},"properties":{"Volcano_Number":382081,"Volcano_Name":"Picos Fissural Volcanic System","Country":"Portugal","Primary_Volcano_Type":"Fissure vent","Last_Eruption_Year":1652,"Region":"Atlantic Ocean Volcanic Regions"}},{"type":"Feature","id":382080,"geometry":{"type":"Point","coordinates":[-25.785,37.865]},"properties":{"Volcano_Number":382080,"Volcano_Name":"Sete Cidades","Country":"Portugal","Primary_Volcano_Type":"Stratovolcano","Last_Eruption_Year":1880,"Region":"Atlantic Ocean Volcanic Regions"}},{"type":"Feature","id":382090,"geometry":{"type":"Point","coordinates":[-25.47,37.77]},"properties":{"Volcano_Number":382090,"Volcano_Name":"Agua de Pau","Country":"Portugal","Primary_Volcano_Type":"Stratovolcano","Last_Eruption_Year":1564,"Region":"Atlantic Ocean Volcanic Regions"}},{"type":"Feature","id":382100,"geometry":{"type":"Point","coordinates":[-25.32,37.77]},"properties":{"Volcano_Number":382100,"Volcano_Name":"Furnas","Country":"Portugal","Primary_Volcano_Type":"Stratovolcano","Last_Eruption_Year":1630,"Region":"Atlantic Ocean Volcanic Regions"}},{"type":"Feature","id":382110,"geometry":{"type":"Point","coordinates":[-25.88,37.6]},"properties":{"Volcano_Number":382110,"Volcano_Name":"Monaco Bank","Country":"Portugal","Primary_Volcano_Type":"Fissure vent","Last_Eruption_Year":1911,"Region":"Atlantic Ocean Volcanic Regions"}},{"type":"Feature","id":382120,"geometry":{"type":"Point","coordinates":[-16.97,32.73]},"properties":{"Volcano_Number":382120,"Volcano_Name":"Madeira","Country":"Portugal","Primary_Volcano_Type":"Shield","Last_Eruption_Year":-4500,"Region":"Northern Africa Volcanic Regions"}},{"type":"Feature","id":383010,"geometry":{"type":"Point","coordinates":[-17.83,28.57]},"properties":{"Volcano_Number":383010,"Volcano_Name":"La Palma","Country":"Spain","Primary_Volcano_Type":"Stratovolcano(es)","Last_Eruption_Year":2021,"Region":"Northern Africa Volcanic Regions"}},{"type":"Feature","id":383020,"geometry":{"type":"Point","coordinates":[-18.03,27.73]},"properties":{"Volcano_Number":383020,"Volcano_Name":"Hierro","Country":"Spain","Primary_Volcano_Type":"Shield","Last_Eruption_Year":2012,"Region":"Northern Africa Volcanic Regions"}},{"type":"Feature","id":383030,"geometry":{"type":"Point","coordinates":[-16.641,28.271]},"properties":{"Volcano_Number":383030,"Volcano_Name":"Tenerife","Country":"Spain","Primary_Volcano_Type":"Stratovolcano","Last_Eruption_Year":1909,"Region":"Northern Africa Volcanic Regions"}},{"type":"Feature","id":383040,"geometry":{"type":"Point","coordinates":[-15.58,28]},"properties":{"Volcano_Number":383040,"Volcano_Name":"Gran Canaria","Country":"Spain","Primary_Volcano_Type":"Fissure vent(s)","Last_Eruption_Year":40,"Region":"Northern Africa Volcanic Regions"}},{"type":"Feature","id":383050,"geometry":{"type":"Point","coordinates":[-14.02,28.358]},"properties":{"Volcano_Number":383050,"Volcano_Name":"Fuerteventura","Country":"Spain","Primary_Volcano_Type":"Fissure vent(s)","Last_Eruption_Year":null,"Region":"Northern Africa Volcanic Regions"}},{"type":"Feature","id":383060,"geometry":{"type":"Point","coordinates":[-13.63,29.03]},"properties":{"Volcano_Number":383060,"Volcano_Name":"Lanzarote","Country":"Spain","Primary_Volcano_Type":"Fissure vent(s)","Last_Eruption_Year":1824,"Region":"Northern Africa Volcanic Regions"}},{"type":"Feature","id":384010,"geometry":{"type":"Point","coordinates":[-24.35,14.95]},"properties":{"Volcano_Number":384010,"Volcano_Name":"Fogo","Country":"Cabo Verde","Primary_Volcano_Type":"Stratovolcano","Last_Eruption_Year":2015,"Region":"Northern Africa Volcanic Regions"}},{"type":"Feature","id":384020,"geometry":{"type":"Point","coordinates":[-24.7041,14.8514]},"properties":{"Volcano_Number":384020,"Volcano_Name":"Brava","Country":"Cabo Verde","Primary_Volcano_Type":"Stratovolcano","Last_Eruption_Year":null,"Region":"Northern Africa Volcanic Regions"}},{"type":"Feature","id":385030,"geometry":{"type":"Point","coordinates":[-19.596,-0.433]},"properties":{"Volcano_Number":385030,"Volcano_Name":"Romanche Fracture Zone","Country":"Undersea Features","Primary_Volcano_Type":"Fissure vent","Last_Eruption_Year":null,"Region":"Atlantic Ocean Volcanic Regions"}},{"type":"Feature","id":385050,"geometry":{"type":"Point","coordinates":[-14.3667,-7.9458]},"properties":{"Volcano_Number":385050,"Volcano_Name":"Ascension","Country":"United Kingdom","Primary_Volcano_Type":"Stratovolcano","Last_Eruption_Year":1508,"Region":"Atlantic Ocean Volcanic Regions"}},{"type":"Feature","id":386011,"geometry":{"type":"Point","coordinates":[-12.48,-37.42]},"properties":{"Volcano_Number":386011,"Volcano_Name":"Nightingale Island","Country":"United Kingdom","Primary_Volcano_Type":"Stratovolcano","Last_Eruption_Year":2004,"Region":"Atlantic Ocean Volcanic Regions"}},{"type":"Feature","id":386010,"geometry":{"type":"Point","coordinates":[-12.28,-37.092]},"properties":{"Volcano_Number":386010,"Volcano_Name":"Tristan da Cunha","Country":"United Kingdom","Primary_Volcano_Type":"Shield","Last_Eruption_Year":1962,"Region":"Atlantic Ocean Volcanic Regions"}},{"type":"Feature","id":386020,"geometry":{"type":"Point","coordinates":[3.351,-54.408]},"properties":{"Volcano_Number":386020,"Volcano_Name":"Bouvet","Country":"Norway","Primary_Volcano_Type":"Shield","Last_Eruption_Year":-50,"Region":"Atlantic Ocean Volcanic Regions"}},{"type":"Feature","id":390011,"geometry":{"type":"Point","coordinates":[162.47,-66.42]},"properties":{"Volcano_Number":390011,"Volcano_Name":"Young Island","Country":"Antarctica","Primary_Volcano_Type":"Stratovolcano","Last_Eruption_Year":null,"Region":"Antarctic-Scotia Volcanic Regions"}},{"type":"Feature","id":390012,"geometry":{"type":"Point","coordinates":[164.83,-67.4]},"properties":{"Volcano_Number":390012,"Volcano_Name":"Sturge Island","Country":"Antarctica","Primary_Volcano_Type":"Stratovolcano","Last_Eruption_Year":null,"Region":"Antarctic-Scotia Volcanic Regions"}},{"type":"Feature","id":390013,"geometry":{"type":"Point","coordinates":[165.5,-72.67]},"properties":{"Volcano_Number":390013,"Volcano_Name":"Pleiades, The","Country":"Antarctica","Primary_Volcano_Type":"Stratovolcano","Last_Eruption_Year":-1050,"Region":"Antarctic-Scotia Volcanic Regions"}},{"type":"Feature","id":390015,"geometry":{"type":"Point","coordinates":[164.7,-74.35]},"properties":{"Volcano_Number":390015,"Volcano_Name":"Melbourne","Country":"Antarctica","Primary_Volcano_Type":"Stratovolcano","Last_Eruption_Year":1892,"Region":"Antarctic-Scotia Volcanic Regions"}},{"type":"Feature","id":390016,"geometry":{"type":"Point","coordinates":[163,-76.83]},"properties":{"Volcano_Number":390016,"Volcano_Name":"McMurdo Province at 76.8°S","Country":"Antarctica","Primary_Volcano_Type":"Caldera","Last_Eruption_Year":null,"Region":"Antarctic-Scotia Volcanic Regions"}},{"type":"Feature","id":390010,"geometry":{"type":"Point","coordinates":[163.25,-66.78]},"properties":{"Volcano_Number":390010,"Volcano_Name":"Buckle Island","Country":"Antarctica","Primary_Volcano_Type":"Stratovolcano","Last_Eruption_Year":1899,"Region":"Antarctic-Scotia Volcanic Regions"}},{"type":"Feature","id":390017,"geometry":{"type":"Point","coordinates":[163.53,-78.5]},"properties":{"Volcano_Number":390017,"Volcano_Name":"Morning","Country":"Antarctica","Primary_Volcano_Type":"Shield","Last_Eruption_Year":null,"Region":"Antarctic-Scotia Volcanic Regions"}},{"type":"Feature","id":390021,"geometry":{"type":"Point","coordinates":[163.33,-78.25]},"properties":{"Volcano_Number":390021,"Volcano_Name":"Royal Society Range","Country":"Antarctica","Primary_Volcano_Type":"Pyroclastic cone(s)","Last_Eruption_Year":null,"Region":"Antarctic-Scotia Volcanic Regions"}},{"type":"Feature","id":390022,"geometry":{"type":"Point","coordinates":[-136,-76.05]},"properties":{"Volcano_Number":390022,"Volcano_Name":"Berlin","Country":"Antarctica","Primary_Volcano_Type":"Shield(s)","Last_Eruption_Year":-8350,"Region":"Antarctic-Scotia Volcanic Regions"}},{"type":"Feature","id":390023,"geometry":{"type":"Point","coordinates":[-132.33,-75.8]},"properties":{"Volcano_Number":390023,"Volcano_Name":"Andrus","Country":"Antarctica","Primary_Volcano_Type":"Shield(s)","Last_Eruption_Year":null,"Region":"Antarctic-Scotia Volcanic Regions"}},{"type":"Feature","id":390027,"geometry":{"type":"Point","coordinates":[-112.08,-76.28]},"properties":{"Volcano_Number":390027,"Volcano_Name":"Takahe","Country":"Antarctica","Primary_Volcano_Type":"Shield","Last_Eruption_Year":-5550,"Region":"Antarctic-Scotia Volcanic Regions"}},{"type":"Feature","id":390028,"geometry":{"type":"Point","coordinates":[-99.42,-74.33]},"properties":{"Volcano_Number":390028,"Volcano_Name":"Hudson Mountains","Country":"Antarctica","Primary_Volcano_Type":"Stratovolcano(es)","Last_Eruption_Year":-207,"Region":"Antarctic-Scotia Volcanic Regions"}},{"type":"Feature","id":390020,"geometry":{"type":"Point","coordinates":[167.17,-77.53]},"properties":{"Volcano_Number":390020,"Volcano_Name":"Erebus","Country":"Antarctica","Primary_Volcano_Type":"Stratovolcano","Last_Eruption_Year":2026,"Region":"Antarctic-Scotia Volcanic Regions"}},{"type":"Feature","id":390031,"geometry":{"type":"Point","coordinates":[-57.93,-62.1]},"properties":{"Volcano_Number":390031,"Volcano_Name":"Penguin Island","Country":"Antarctica","Primary_Volcano_Type":"Stratovolcano","Last_Eruption_Year":1905,"Region":"Antarctic-Scotia Volcanic Regions"}},{"type":"Feature","id":390030,"geometry":{"type":"Point","coordinates":[-60.6367,-62.9567]},"properties":{"Volcano_Number":390030,"Volcano_Name":"Deception Island","Country":"Antarctica","Primary_Volcano_Type":"Caldera","Last_Eruption_Year":1970,"Region":"Antarctic-Scotia Volcanic Regions"}},{"type":"Feature","id":390041,"geometry":{"type":"Point","coordinates":[-55.78,-63.579]},"properties":{"Volcano_Number":390041,"Volcano_Name":"Paulet","Country":"Antarctica","Primary_Volcano_Type":"Pyroclastic cone","Last_Eruption_Year":null,"Region":"Antarctic-Scotia Volcanic Regions"}},{"type":"Feature","id":390040,"geometry":{"type":"Point","coordinates":[-56.713,-62.063]},"properties":{"Volcano_Number":390040,"Volcano_Name":"Bridgeman Island","Country":"Antarctica","Primary_Volcano_Type":"Stratovolcano","Last_Eruption_Year":null,"Region":"Antarctic-Scotia Volcanic Regions"}},{"type":"Feature","id":390070,"geometry":{"type":"Point","coordinates":[-27.225,-59.442]},"properties":{"Volcano_Number":390070,"Volcano_Name":"Southern Thule","Country":"United Kingdom","Primary_Volcano_Type":"Stratovolcano(es)","Last_Eruption_Year":1975,"Region":"Antarctic-Scotia Volcanic Regions"}},{"type":"Feature","id":390081,"geometry":{"type":"Point","coordinates":[-26.374,-58.445]},"properties":{"Volcano_Number":390081,"Volcano_Name":"Montagu Island","Country":"United Kingdom","Primary_Volcano_Type":"Shield","Last_Eruption_Year":2007,"Region":"Antarctic-Scotia Volcanic Regions"}},{"type":"Feature","id":390080,"geometry":{"type":"Point","coordinates":[-26.533,-59.017]},"properties":{"Volcano_Number":390080,"Volcano_Name":"Bristol Island","Country":"United Kingdom","Primary_Volcano_Type":"Stratovolcano","Last_Eruption_Year":2016,"Region":"Antarctic-Scotia Volcanic Regions"}},{"type":"Feature","id":390090,"geometry":{"type":"Point","coordinates":[-26.483,-57.8]},"properties":{"Volcano_Number":390090,"Volcano_Name":"Saunders","Country":"United Kingdom","Primary_Volcano_Type":"Stratovolcano","Last_Eruption_Year":2026,"Region":"Antarctic-Scotia Volcanic Regions"}},{"type":"Feature","id":390100,"geometry":{"type":"Point","coordinates":[-26.67,-57.08]},"properties":{"Volcano_Number":390100,"Volcano_Name":"Candlemas Island","Country":"United Kingdom","Primary_Volcano_Type":"Stratovolcano","Last_Eruption_Year":1911,"Region":"Antarctic-Scotia Volcanic Regions"}},{"type":"Feature","id":390110,"geometry":{"type":"Point","coordinates":[-27.176,-56.712]},"properties":{"Volcano_Number":390110,"Volcano_Name":"Hodson","Country":"United Kingdom","Primary_Volcano_Type":"Stratovolcano","Last_Eruption_Year":null,"Region":"Antarctic-Scotia Volcanic Regions"}},{"type":"Feature","id":390120,"geometry":{"type":"Point","coordinates":[-28.14,-56.656]},"properties":{"Volcano_Number":390120,"Volcano_Name":"Leskov Island","Country":"United Kingdom","Primary_Volcano_Type":"Stratovolcano","Last_Eruption_Year":null,"Region":"Antarctic-Scotia Volcanic Regions"}},{"type":"Feature","id":390130,"geometry":{"type":"Point","coordinates":[-27.57,-56.3]},"properties":{"Volcano_Number":390130,"Volcano_Name":"Zavodovski","Country":"United Kingdom","Primary_Volcano_Type":"Stratovolcano","Last_Eruption_Year":2016,"Region":"Antarctic-Scotia Volcanic Regions"}},{"type":"Feature","id":390140,"geometry":{"type":"Point","coordinates":[-28.167,-55.912]},"properties":{"Volcano_Number":390140,"Volcano_Name":"Protector Seamounts","Country":"United Kingdom","Primary_Volcano_Type":"Volcanic field","Last_Eruption_Year":1962,"Region":"Antarctic-Scotia Volcanic Regions"}},{"type":"Feature","id":390847,"geometry":{"type":"Point","coordinates":[-57.67,-62.02]},"properties":{"Volcano_Number":390847,"Volcano_Name":"Melville","Country":"Antarctica","Primary_Volcano_Type":"Stratovolcano","Last_Eruption_Year":null,"Region":"Antarctic-Scotia Volcanic Regions"}},{"type":"Feature","id":390829,"geometry":{"type":"Point","coordinates":[-57.75,-64.15]},"properties":{"Volcano_Number":390829,"Volcano_Name":"Mount Haddington Volcanic Field","Country":"Antarctica","Primary_Volcano_Type":"Shield","Last_Eruption_Year":null,"Region":"Antarctic-Scotia Volcanic Regions"}},{"type":"Feature","id":331032,"geometry":{"type":"Point","coordinates":[-127.05,42.15]},"properties":{"Volcano_Number":331032,"Volcano_Name":"Jackson Segment","Country":"United States","Primary_Volcano_Type":"Fissure vent(s)","Last_Eruption_Year":null,"Region":"Eastern Pacific Volcanic Regions"}},{"type":"Feature","id":284193,"geometry":{"type":"Point","coordinates":[145.78,16.58]},"properties":{"Volcano_Number":284193,"Volcano_Name":"South Sarigan Seamount","Country":"United States","Primary_Volcano_Type":"Stratovolcano","Last_Eruption_Year":2010,"Region":"Northwestern Pacific Volcanic Regions"}},{"type":"Feature","id":385052,"geometry":{"type":"Point","coordinates":[-5.22,-32.958]},"properties":{"Volcano_Number":385052,"Volcano_Name":"Walvis Ridge at 33°S","Country":"Undersea Features","Primary_Volcano_Type":"Cone","Last_Eruption_Year":2002,"Region":"Atlantic Ocean Volcanic Regions"}},{"type":"Feature","id":242005,"geometry":{"type":"Point","coordinates":[-179.033,-31.08]},"properties":{"Volcano_Number":242005,"Volcano_Name":"Havre Seamount","Country":"New Zealand","Primary_Volcano_Type":"Stratovolcano","Last_Eruption_Year":2012,"Region":"Tonga-Kermadec Volcanic Regions"}},{"type":"Feature","id":290072,"geometry":{"type":"Point","coordinates":[147.9169,45.0286]},"properties":{"Volcano_Number":290072,"Volcano_Name":"Odamoisan [Tebenkov]","Country":"Japan - administered by Russia","Primary_Volcano_Type":"Stratovolcano","Last_Eruption_Year":null,"Region":"Northwestern Pacific Volcanic Regions"}},{"type":"Feature","id":243140,"geometry":{"type":"Point","coordinates":[-174.0028,-15.3675]},"properties":{"Volcano_Number":243140,"Volcano_Name":"Niuatahi","Country":"Tonga","Primary_Volcano_Type":"Caldera","Last_Eruption_Year":null,"Region":"Tonga-Kermadec Volcanic Regions"}},{"type":"Feature","id":285083,"geometry":{"type":"Point","coordinates":[145.086,44.044]},"properties":{"Volcano_Number":285083,"Volcano_Name":"Tenchozan","Country":"Japan","Primary_Volcano_Type":"Crater rows","Last_Eruption_Year":null,"Region":"Northwestern Pacific Volcanic Regions"}},{"type":"Feature","id":283069,"geometry":{"type":"Point","coordinates":[137.573,36.2]},"properties":{"Volcano_Number":283069,"Volcano_Name":"Akandanayama","Country":"Japan","Primary_Volcano_Type":"Stratovolcano","Last_Eruption_Year":null,"Region":"Western Pacific Volcanic Regions"}},{"type":"Feature","id":243111,"geometry":{"type":"Point","coordinates":[-175.725,-15.431]},"properties":{"Volcano_Number":243111,"Volcano_Name":"Dugong","Country":"Tonga","Primary_Volcano_Type":"Shield","Last_Eruption_Year":null,"Region":"Tonga-Kermadec Volcanic Regions"}},{"type":"Feature","id":243112,"geometry":{"type":"Point","coordinates":[-176.283,-15.333]},"properties":{"Volcano_Number":243112,"Volcano_Name":"Lobster","Country":"Tonga","Primary_Volcano_Type":"Shield","Last_Eruption_Year":null,"Region":"Tonga-Kermadec Volcanic Regions"}},{"type":"Feature","id":358064,"geometry":{"type":"Point","coordinates":[-73.05,-45.22]},"properties":{"Volcano_Number":358064,"Volcano_Name":"Meullin","Country":"Chile","Primary_Volcano_Type":"Volcanic field","Last_Eruption_Year":null,"Region":"South America Volcanic Regions"}},{"type":"Feature","id":331005,"geometry":{"type":"Point","coordinates":[-128.64,48.78]},"properties":{"Volcano_Number":331005,"Volcano_Name":"West Valley Segment","Country":"Canada","Primary_Volcano_Type":"Fissure vent","Last_Eruption_Year":null,"Region":"Eastern Pacific Volcanic Regions"}},{"type":"Feature","id":331060,"geometry":{"type":"Point","coordinates":[-129.879,44.267]},"properties":{"Volcano_Number":331060,"Volcano_Name":"East Blanco Depression","Country":"Undersea Features","Primary_Volcano_Type":"Fissure vent","Last_Eruption_Year":null,"Region":"Eastern Pacific Volcanic Regions"}},{"type":"Feature","id":211080,"geometry":{"type":"Point","coordinates":[14.399,39.284]},"properties":{"Volcano_Number":211080,"Volcano_Name":"Marsili","Country":"Italy","Primary_Volcano_Type":"Complex","Last_Eruption_Year":-1050,"Region":"European Volcanic Regions"}},{"type":"Feature","id":284305,"geometry":{"type":"Point","coordinates":[144.506,15.406]},"properties":{"Volcano_Number":284305,"Volcano_Name":"Mariana Back-Arc Segment at 15.5°N","Country":"United States","Primary_Volcano_Type":"Fissure vent","Last_Eruption_Year":2015,"Region":"Northwestern Pacific Volcanic Regions"}},{"type":"Feature","id":373082,"geometry":{"type":"Point","coordinates":[-16.817,65.583]},"properties":{"Volcano_Number":373082,"Volcano_Name":"Heidarspordar","Country":"Iceland","Primary_Volcano_Type":"Fissure vent","Last_Eruption_Year":-300,"Region":"Atlantic Ocean Volcanic Regions"}},{"type":"Feature","id":371022,"geometry":{"type":"Point","coordinates":[-23,63.733]},"properties":{"Volcano_Number":371022,"Volcano_Name":"Eldey","Country":"Iceland","Primary_Volcano_Type":"Fissure vent","Last_Eruption_Year":1926,"Region":"Atlantic Ocean Volcanic Regions"}},{"type":"Feature","id":373012,"geometry":{"type":"Point","coordinates":[-17.617,64.267]},"properties":{"Volcano_Number":373012,"Volcano_Name":"Thordarhyrna","Country":"Iceland","Primary_Volcano_Type":"Stratovolcano","Last_Eruption_Year":1904,"Region":"Atlantic Ocean Volcanic Regions"}},{"type":"Feature","id":221294,"geometry":{"type":"Point","coordinates":[37.97,6.76]},"properties":{"Volcano_Number":221294,"Volcano_Name":"Northern Lake Abaya Volcanic Field","Country":"Ethiopia","Primary_Volcano_Type":"Volcanic field","Last_Eruption_Year":null,"Region":"Eastern Africa Volcanic Regions"}},{"type":"Feature","id":221330,"geometry":{"type":"Point","coordinates":[38.213,3.971]},"properties":{"Volcano_Number":221330,"Volcano_Name":"Mega Volcanic Field","Country":"Ethiopia","Primary_Volcano_Type":"Volcanic field","Last_Eruption_Year":null,"Region":"Eastern Africa Volcanic Regions"}},{"type":"Feature","id":312055,"geometry":{"type":"Point","coordinates":[-160.017,55.917]},"properties":{"Volcano_Number":312055,"Volcano_Name":"Stepovak Bay Group","Country":"United States","Primary_Volcano_Type":"Volcanic field","Last_Eruption_Year":null,"Region":"North America Volcanic Regions"}},{"type":"Feature","id":244021,"geometry":{"type":"Point","coordinates":[-169.787,-14.601]},"properties":{"Volcano_Number":244021,"Volcano_Name":"Malumalu","Country":"United States","Primary_Volcano_Type":"Stratovolcano","Last_Eruption_Year":null,"Region":"Southern Pacific Volcanic Regions"}},{"type":"Feature","id":371032,"geometry":{"type":"Point","coordinates":[-22.258,63.895]},"properties":{"Volcano_Number":371032,"Volcano_Name":"Fagradalsfjall","Country":"Iceland","Primary_Volcano_Type":"Fissure vent","Last_Eruption_Year":2023,"Region":"Atlantic Ocean Volcanic Regions"}},{"type":"Feature","id":212042,"geometry":{"type":"Point","coordinates":[25.483,36.524]},"properties":{"Volcano_Number":212042,"Volcano_Name":"Kolumbo","Country":"Greece","Primary_Volcano_Type":"Complex","Last_Eruption_Year":1650,"Region":"European Volcanic Regions"}},{"type":"Feature","id":233040,"geometry":{"type":"Point","coordinates":[45.7075,-12.9121]},"properties":{"Volcano_Number":233040,"Volcano_Name":"Fani Maore","Country":"France","Primary_Volcano_Type":"Cone","Last_Eruption_Year":2019,"Region":"Somalian-Antarctic Volcanic Regions"}},{"type":"Feature","id":303015,"geometry":{"type":"Point","coordinates":[101.7982,46.6459]},"properties":{"Volcano_Number":303015,"Volcano_Name":"Khoid Naiman Nuur","Country":"Mongolia","Primary_Volcano_Type":"Pyroclastic cone","Last_Eruption_Year":null,"Region":"Eastern Asia Volcanic Regions"}},{"type":"Feature","id":223045,"geometry":{"type":"Point","coordinates":[29.48,-1.3687]},"properties":{"Volcano_Number":223045,"Volcano_Name":"Mugogo","Country":"DR Congo","Primary_Volcano_Type":"Cone","Last_Eruption_Year":1957,"Region":"Eastern Africa Volcanic Regions"}}],"totalFeatures":1214,"numberMatched":1214,"numberReturned":1214,"timeStamp":"2026-08-16T11:25:23.572Z","crs":{"type":"name","properties":{"name":"urn:ogc:def:crs:EPSG::4326"}}}